[0.000000] (-) TimerEvent: {}
[0.000351] (main) JobQueued: {'identifier': 'main', 'dependencies': OrderedDict()}
[0.000425] (multi_drone) JobQueued: {'identifier': 'multi_drone', 'dependencies': OrderedDict()}
[0.000675] (px4_msgs) JobQueued: {'identifier': 'px4_msgs', 'dependencies': OrderedDict()}
[0.001543] (main) JobStarted: {'identifier': 'main'}
[0.029089] (multi_drone) JobStarted: {'identifier': 'multi_drone'}
[0.039948] (px4_msgs) JobStarted: {'identifier': 'px4_msgs'}
[0.099315] (-) TimerEvent: {}
[0.199533] (-) TimerEvent: {}
[0.299755] (-) TimerEvent: {}
[0.384284] (px4_msgs) JobProgress: {'identifier': 'px4_msgs', 'progress': 'cmake'}
[0.384875] (px4_msgs) JobProgress: {'identifier': 'px4_msgs', 'progress': 'build'}
[0.385293] (px4_msgs) Command: {'cmd': ['/usr/bin/cmake', '--build', '/home/em/ros_workspace_2025/nav_ws/build/px4_msgs', '--', '-j20', '-l20'], 'cwd': '/home/em/ros_workspace_2025/nav_ws/build/px4_msgs', 'env': OrderedDict([('LESSOPEN', '| /usr/bin/lesspipe %s'), ('LANGUAGE', 'en_CA:en'), ('SIM_GZ_HOME_LON', '-76.4278688'), ('USER', 'em'), ('XDG_SESSION_TYPE', 'wayland'), ('SHLVL', '1'), ('LD_LIBRARY_PATH', '/home/em/ros_workspace_2025/nav_ws/install/px4_msgs/lib:/home/em/QADT2025/Nav2Workspace/install/px4_msgs/lib:/home/em/QADT2025/NavWorkspace/install/px4_ros_com/lib:/home/em/QADT2025/NavWorkspace/install/px4_msgs/lib:/opt/ros/humble/opt/rviz_ogre_vendor/lib:/opt/ros/humble/lib/x86_64-linux-gnu:/opt/ros/humble/lib'), ('HOME', '/home/em'), ('OLDPWD', '/home/em/ros_workspace_2025'), ('DESKTOP_SESSION', 'ubuntu'), ('ROS_PYTHON_VERSION', '3'), ('GNOME_SHELL_SESSION_MODE', 'ubuntu'), ('GTK_MODULES', 'gail:atk-bridge'), ('SYSTEMD_EXEC_PID', '3833'), ('DBUS_SESSION_BUS_ADDRESS', 'unix:path=/run/user/1000/bus'), ('COLORTERM', 'truecolor'), ('IM_CONFIG_PHASE', '1'), ('WAYLAND_DISPLAY', 'wayland-0'), ('COLCON_PREFIX_PATH', '/home/em/ros_workspace_2025/nav_ws/install:/home/em/QADT2025/Nav2Workspace/install:/home/em/QADT2025/NavWorkspace/install'), ('ROS_DISTRO', 'humble'), ('LOGNAME', 'em'), ('_', '/usr/bin/colcon'), ('ROS_VERSION', '2'), ('XDG_SESSION_CLASS', 'user'), ('USERNAME', 'em'), ('TERM', 'xterm-256color'), ('GNOME_DESKTOP_SESSION_ID', 'this-is-deprecated'), ('ROS_LOCALHOST_ONLY', '0'), ('PATH', '/opt/ros/humble/bin:/opt/gcc-arm-none-eabi-9-2020-q2-update/bin:/home/em/.local/bin:/usr/local/sbin:/usr/local/bin:/usr/sbin:/usr/bin:/sbin:/bin:/usr/games:/usr/local/games:/snap/bin:/snap/bin'), ('SESSION_MANAGER', 'local/qadt-dev:@/tmp/.ICE-unix/1890,unix/qadt-dev:/tmp/.ICE-unix/1890'), ('XDG_MENU_PREFIX', 'gnome-'), ('GNOME_TERMINAL_SCREEN', '/org/gnome/Terminal/screen/a6a4f2b2_58e8_4bc0_abbb_df388c400e97'), ('GNOME_SETUP_DISPLAY', ':1'), ('XDG_RUNTIME_DIR', '/run/user/1000'), ('DISPLAY', ':0'), ('LANG', 'en_US.UTF-8'), ('XDG_CURRENT_DESKTOP', 'ubuntu:GNOME'), ('XMODIFIERS', '@im=ibus'), ('XDG_SESSION_DESKTOP', 'ubuntu'), ('XAUTHORITY', '/run/user/1000/.mutter-Xwaylandauth.DSMC32'), ('LS_COLORS', 'rs=0:di=01;34:ln=01;36:mh=00:pi=40;33:so=01;35:do=01;35:bd=40;33;01:cd=40;33;01:or=40;31;01:mi=00:su=37;41:sg=30;43:ca=30;41:tw=30;42:ow=34;42:st=37;44:ex=01;32:*.tar=01;31:*.tgz=01;31:*.arc=01;31:*.arj=01;31:*.taz=01;31:*.lha=01;31:*.lz4=01;31:*.lzh=01;31:*.lzma=01;31:*.tlz=01;31:*.txz=01;31:*.tzo=01;31:*.t7z=01;31:*.zip=01;31:*.z=01;31:*.dz=01;31:*.gz=01;31:*.lrz=01;31:*.lz=01;31:*.lzo=01;31:*.xz=01;31:*.zst=01;31:*.tzst=01;31:*.bz2=01;31:*.bz=01;31:*.tbz=01;31:*.tbz2=01;31:*.tz=01;31:*.deb=01;31:*.rpm=01;31:*.jar=01;31:*.war=01;31:*.ear=01;31:*.sar=01;31:*.rar=01;31:*.alz=01;31:*.ace=01;31:*.zoo=01;31:*.cpio=01;31:*.7z=01;31:*.rz=01;31:*.cab=01;31:*.wim=01;31:*.swm=01;31:*.dwm=01;31:*.esd=01;31:*.jpg=01;35:*.jpeg=01;35:*.mjpg=01;35:*.mjpeg=01;35:*.gif=01;35:*.bmp=01;35:*.pbm=01;35:*.pgm=01;35:*.ppm=01;35:*.tga=01;35:*.xbm=01;35:*.xpm=01;35:*.tif=01;35:*.tiff=01;35:*.png=01;35:*.svg=01;35:*.svgz=01;35:*.mng=01;35:*.pcx=01;35:*.mov=01;35:*.mpg=01;35:*.mpeg=01;35:*.m2v=01;35:*.mkv=01;35:*.webm=01;35:*.webp=01;35:*.ogm=01;35:*.mp4=01;35:*.m4v=01;35:*.mp4v=01;35:*.vob=01;35:*.qt=01;35:*.nuv=01;35:*.wmv=01;35:*.asf=01;35:*.rm=01;35:*.rmvb=01;35:*.flc=01;35:*.avi=01;35:*.fli=01;35:*.flv=01;35:*.gl=01;35:*.dl=01;35:*.xcf=01;35:*.xwd=01;35:*.yuv=01;35:*.cgm=01;35:*.emf=01;35:*.ogv=01;35:*.ogx=01;35:*.aac=00;36:*.au=00;36:*.flac=00;36:*.m4a=00;36:*.mid=00;36:*.midi=00;36:*.mka=00;36:*.mp3=00;36:*.mpc=00;36:*.ogg=00;36:*.ra=00;36:*.wav=00;36:*.oga=00;36:*.opus=00;36:*.spx=00;36:*.xspf=00;36:'), ('GNOME_TERMINAL_SERVICE', ':1.101'), ('SSH_AGENT_LAUNCHER', 'gnome-keyring'), ('SSH_AUTH_SOCK', '/run/user/1000/keyring/ssh'), ('AMENT_PREFIX_PATH', '/home/em/ros_workspace_2025/nav_ws/install/px4_msgs:/home/em/ros_workspace_2025/nav_ws/install/multi_drone:/home/em/ros_workspace_2025/nav_ws/install/main:/home/em/QADT2025/Nav2Workspace/install/px4_msgs:/home/em/QADT2025/Nav2Workspace/install/TestWorkspace:/home/em/QADT2025/NavWorkspace/install/px4_ros_com:/home/em/QADT2025/NavWorkspace/install/px4_msgs:/opt/ros/humble'), ('SHELL', '/bin/bash'), ('QT_ACCESSIBILITY', '1'), ('GDMSESSION', 'ubuntu'), ('LESSCLOSE', '/usr/bin/lesspipe %s %s'), ('QT_IM_MODULE', 'ibus'), ('SIM_GZ_HOME_LAT', '44.2872947'), ('PWD', '/home/em/ros_workspace_2025/nav_ws/build/px4_msgs'), ('SIM_GZ_HOME_ALT', '0'), ('LC_ALL', 'en_US.UTF-8'), ('XDG_CONFIG_DIRS', '/etc/xdg/xdg-ubuntu:/etc/xdg'), ('XDG_DATA_DIRS', '/usr/share/ubuntu:/usr/local/share/:/usr/share/:/var/lib/snapd/desktop'), ('PYTHONPATH', '/home/em/ros_workspace_2025/nav_ws/install/px4_msgs/local/lib/python3.10/dist-packages:/home/em/ros_workspace_2025/nav_ws/install/multi_drone/lib/python3.10/site-packages:/home/em/ros_workspace_2025/nav_ws/install/main/lib/python3.10/site-packages:/home/em/QADT2025/Nav2Workspace/install/px4_msgs/local/lib/python3.10/dist-packages:/home/em/QADT2025/Nav2Workspace/install/TestWorkspace/lib/python3.10/site-packages:/home/em/QADT2025/NavWorkspace/install/px4_ros_com/local/lib/python3.10/dist-packages:/home/em/QADT2025/NavWorkspace/install/px4_msgs/local/lib/python3.10/dist-packages:/opt/ros/humble/lib/python3.10/site-packages:/opt/ros/humble/local/lib/python3.10/dist-packages'), ('COLCON', '1'), ('VTE_VERSION', '6800'), ('CMAKE_PREFIX_PATH', '/home/em/ros_workspace_2025/nav_ws/install/px4_msgs:/home/em/QADT2025/Nav2Workspace/install/px4_msgs:/home/em/QADT2025/NavWorkspace/install/px4_ros_com:/home/em/QADT2025/NavWorkspace/install/px4_msgs:/home/em/ros_workspace_2025/nav_ws/install/multi_drone:/home/em/ros_workspace_2025/nav_ws/install/main:/home/em/QADT2025/Nav2Workspace/install/TestWorkspace:/opt/ros/humble')]), 'shell': False}
[0.399868] (-) TimerEvent: {}
[0.500107] (-) TimerEvent: {}
[0.600319] (-) TimerEvent: {}
[0.700618] (-) TimerEvent: {}
[0.736068] (main) Command: {'cmd': ['/usr/bin/python3', '-W', 'ignore:setup.py install is deprecated', 'setup.py', 'egg_info', '--egg-base', '../../build/main', 'build', '--build-base', '/home/em/ros_workspace_2025/nav_ws/build/main/build', 'install', '--record', '/home/em/ros_workspace_2025/nav_ws/build/main/install.log', '--single-version-externally-managed', 'install_data'], 'cwd': '/home/em/ros_workspace_2025/nav_ws/src/main', 'env': {'LESSOPEN': '| /usr/bin/lesspipe %s', 'LANGUAGE': 'en_CA:en', 'SIM_GZ_HOME_LON': '-76.4278688', 'USER': 'em', 'XDG_SESSION_TYPE': 'wayland', 'SHLVL': '1', 'LD_LIBRARY_PATH': '/home/em/ros_workspace_2025/nav_ws/install/px4_msgs/lib:/home/em/QADT2025/Nav2Workspace/install/px4_msgs/lib:/home/em/QADT2025/NavWorkspace/install/px4_ros_com/lib:/home/em/QADT2025/NavWorkspace/install/px4_msgs/lib:/opt/ros/humble/opt/rviz_ogre_vendor/lib:/opt/ros/humble/lib/x86_64-linux-gnu:/opt/ros/humble/lib', 'HOME': '/home/em', 'OLDPWD': '/home/em/ros_workspace_2025', 'DESKTOP_SESSION': 'ubuntu', 'ROS_PYTHON_VERSION': '3', 'GNOME_SHELL_SESSION_MODE': 'ubuntu', 'GTK_MODULES': 'gail:atk-bridge', 'SYSTEMD_EXEC_PID': '3833', 'DBUS_SESSION_BUS_ADDRESS': 'unix:path=/run/user/1000/bus', 'COLORTERM': 'truecolor', 'IM_CONFIG_PHASE': '1', 'WAYLAND_DISPLAY': 'wayland-0', 'COLCON_PREFIX_PATH': '/home/em/ros_workspace_2025/nav_ws/install:/home/em/QADT2025/Nav2Workspace/install:/home/em/QADT2025/NavWorkspace/install', 'ROS_DISTRO': 'humble', 'LOGNAME': 'em', '_': '/usr/bin/colcon', 'ROS_VERSION': '2', 'XDG_SESSION_CLASS': 'user', 'USERNAME': 'em', 'TERM': 'xterm-256color', 'GNOME_DESKTOP_SESSION_ID': 'this-is-deprecated', 'ROS_LOCALHOST_ONLY': '0', 'PATH': '/opt/ros/humble/bin:/opt/gcc-arm-none-eabi-9-2020-q2-update/bin:/home/em/.local/bin:/usr/local/sbin:/usr/local/bin:/usr/sbin:/usr/bin:/sbin:/bin:/usr/games:/usr/local/games:/snap/bin:/snap/bin', 'SESSION_MANAGER': 'local/qadt-dev:@/tmp/.ICE-unix/1890,unix/qadt-dev:/tmp/.ICE-unix/1890', 'XDG_MENU_PREFIX': 'gnome-', 'GNOME_TERMINAL_SCREEN': '/org/gnome/Terminal/screen/a6a4f2b2_58e8_4bc0_abbb_df388c400e97', 'GNOME_SETUP_DISPLAY': ':1', 'XDG_RUNTIME_DIR': '/run/user/1000', 'DISPLAY': ':0', 'LANG': 'en_US.UTF-8', 'XDG_CURRENT_DESKTOP': 'ubuntu:GNOME', 'XMODIFIERS': '@im=ibus', 'XDG_SESSION_DESKTOP': 'ubuntu', 'XAUTHORITY': '/run/user/1000/.mutter-Xwaylandauth.DSMC32', 'LS_COLORS': 'rs=0:di=01;34:ln=01;36:mh=00:pi=40;33:so=01;35:do=01;35:bd=40;33;01:cd=40;33;01:or=40;31;01:mi=00:su=37;41:sg=30;43:ca=30;41:tw=30;42:ow=34;42:st=37;44:ex=01;32:*.tar=01;31:*.tgz=01;31:*.arc=01;31:*.arj=01;31:*.taz=01;31:*.lha=01;31:*.lz4=01;31:*.lzh=01;31:*.lzma=01;31:*.tlz=01;31:*.txz=01;31:*.tzo=01;31:*.t7z=01;31:*.zip=01;31:*.z=01;31:*.dz=01;31:*.gz=01;31:*.lrz=01;31:*.lz=01;31:*.lzo=01;31:*.xz=01;31:*.zst=01;31:*.tzst=01;31:*.bz2=01;31:*.bz=01;31:*.tbz=01;31:*.tbz2=01;31:*.tz=01;31:*.deb=01;31:*.rpm=01;31:*.jar=01;31:*.war=01;31:*.ear=01;31:*.sar=01;31:*.rar=01;31:*.alz=01;31:*.ace=01;31:*.zoo=01;31:*.cpio=01;31:*.7z=01;31:*.rz=01;31:*.cab=01;31:*.wim=01;31:*.swm=01;31:*.dwm=01;31:*.esd=01;31:*.jpg=01;35:*.jpeg=01;35:*.mjpg=01;35:*.mjpeg=01;35:*.gif=01;35:*.bmp=01;35:*.pbm=01;35:*.pgm=01;35:*.ppm=01;35:*.tga=01;35:*.xbm=01;35:*.xpm=01;35:*.tif=01;35:*.tiff=01;35:*.png=01;35:*.svg=01;35:*.svgz=01;35:*.mng=01;35:*.pcx=01;35:*.mov=01;35:*.mpg=01;35:*.mpeg=01;35:*.m2v=01;35:*.mkv=01;35:*.webm=01;35:*.webp=01;35:*.ogm=01;35:*.mp4=01;35:*.m4v=01;35:*.mp4v=01;35:*.vob=01;35:*.qt=01;35:*.nuv=01;35:*.wmv=01;35:*.asf=01;35:*.rm=01;35:*.rmvb=01;35:*.flc=01;35:*.avi=01;35:*.fli=01;35:*.flv=01;35:*.gl=01;35:*.dl=01;35:*.xcf=01;35:*.xwd=01;35:*.yuv=01;35:*.cgm=01;35:*.emf=01;35:*.ogv=01;35:*.ogx=01;35:*.aac=00;36:*.au=00;36:*.flac=00;36:*.m4a=00;36:*.mid=00;36:*.midi=00;36:*.mka=00;36:*.mp3=00;36:*.mpc=00;36:*.ogg=00;36:*.ra=00;36:*.wav=00;36:*.oga=00;36:*.opus=00;36:*.spx=00;36:*.xspf=00;36:', 'GNOME_TERMINAL_SERVICE': ':1.101', 'SSH_AGENT_LAUNCHER': 'gnome-keyring', 'SSH_AUTH_SOCK': '/run/user/1000/keyring/ssh', 'AMENT_PREFIX_PATH': '/home/em/ros_workspace_2025/nav_ws/install/px4_msgs:/home/em/ros_workspace_2025/nav_ws/install/multi_drone:/home/em/ros_workspace_2025/nav_ws/install/main:/home/em/QADT2025/Nav2Workspace/install/px4_msgs:/home/em/QADT2025/Nav2Workspace/install/TestWorkspace:/home/em/QADT2025/NavWorkspace/install/px4_ros_com:/home/em/QADT2025/NavWorkspace/install/px4_msgs:/opt/ros/humble', 'SHELL': '/bin/bash', 'QT_ACCESSIBILITY': '1', 'GDMSESSION': 'ubuntu', 'LESSCLOSE': '/usr/bin/lesspipe %s %s', 'QT_IM_MODULE': 'ibus', 'SIM_GZ_HOME_LAT': '44.2872947', 'PWD': '/home/em/ros_workspace_2025/nav_ws/build/main', 'SIM_GZ_HOME_ALT': '0', 'LC_ALL': 'en_US.UTF-8', 'XDG_CONFIG_DIRS': '/etc/xdg/xdg-ubuntu:/etc/xdg', 'XDG_DATA_DIRS': '/usr/share/ubuntu:/usr/local/share/:/usr/share/:/var/lib/snapd/desktop', 'PYTHONPATH': '/home/em/ros_workspace_2025/nav_ws/build/main/prefix_override:/usr/lib/python3/dist-packages/colcon_core/task/python/colcon_distutils_commands:/home/em/ros_workspace_2025/nav_ws/install/main/lib/python3.10/site-packages:/home/em/ros_workspace_2025/nav_ws/install/px4_msgs/local/lib/python3.10/dist-packages:/home/em/ros_workspace_2025/nav_ws/install/multi_drone/lib/python3.10/site-packages:/home/em/ros_workspace_2025/nav_ws/install/main/lib/python3.10/site-packages:/home/em/QADT2025/Nav2Workspace/install/px4_msgs/local/lib/python3.10/dist-packages:/home/em/QADT2025/Nav2Workspace/install/TestWorkspace/lib/python3.10/site-packages:/home/em/QADT2025/NavWorkspace/install/px4_ros_com/local/lib/python3.10/dist-packages:/home/em/QADT2025/NavWorkspace/install/px4_msgs/local/lib/python3.10/dist-packages:/opt/ros/humble/lib/python3.10/site-packages:/opt/ros/humble/local/lib/python3.10/dist-packages', 'COLCON': '1', 'VTE_VERSION': '6800', 'CMAKE_PREFIX_PATH': '/home/em/ros_workspace_2025/nav_ws/install/px4_msgs:/home/em/QADT2025/Nav2Workspace/install/px4_msgs:/home/em/QADT2025/NavWorkspace/install/px4_ros_com:/home/em/QADT2025/NavWorkspace/install/px4_msgs'}, 'shell': False}
[0.738761] (multi_drone) Command: {'cmd': ['/usr/bin/python3', '-W', 'ignore:setup.py install is deprecated', 'setup.py', 'egg_info', '--egg-base', '../../build/multi_drone', 'build', '--build-base', '/home/em/ros_workspace_2025/nav_ws/build/multi_drone/build', 'install', '--record', '/home/em/ros_workspace_2025/nav_ws/build/multi_drone/install.log', '--single-version-externally-managed', 'install_data'], 'cwd': '/home/em/ros_workspace_2025/nav_ws/src/multi_drone', 'env': {'LESSOPEN': '| /usr/bin/lesspipe %s', 'LANGUAGE': 'en_CA:en', 'SIM_GZ_HOME_LON': '-76.4278688', 'USER': 'em', 'XDG_SESSION_TYPE': 'wayland', 'SHLVL': '1', 'LD_LIBRARY_PATH': '/home/em/ros_workspace_2025/nav_ws/install/px4_msgs/lib:/home/em/QADT2025/Nav2Workspace/install/px4_msgs/lib:/home/em/QADT2025/NavWorkspace/install/px4_ros_com/lib:/home/em/QADT2025/NavWorkspace/install/px4_msgs/lib:/opt/ros/humble/opt/rviz_ogre_vendor/lib:/opt/ros/humble/lib/x86_64-linux-gnu:/opt/ros/humble/lib', 'HOME': '/home/em', 'OLDPWD': '/home/em/ros_workspace_2025', 'DESKTOP_SESSION': 'ubuntu', 'ROS_PYTHON_VERSION': '3', 'GNOME_SHELL_SESSION_MODE': 'ubuntu', 'GTK_MODULES': 'gail:atk-bridge', 'SYSTEMD_EXEC_PID': '3833', 'DBUS_SESSION_BUS_ADDRESS': 'unix:path=/run/user/1000/bus', 'COLORTERM': 'truecolor', 'IM_CONFIG_PHASE': '1', 'WAYLAND_DISPLAY': 'wayland-0', 'COLCON_PREFIX_PATH': '/home/em/ros_workspace_2025/nav_ws/install:/home/em/QADT2025/Nav2Workspace/install:/home/em/QADT2025/NavWorkspace/install', 'ROS_DISTRO': 'humble', 'LOGNAME': 'em', '_': '/usr/bin/colcon', 'ROS_VERSION': '2', 'XDG_SESSION_CLASS': 'user', 'USERNAME': 'em', 'TERM': 'xterm-256color', 'GNOME_DESKTOP_SESSION_ID': 'this-is-deprecated', 'ROS_LOCALHOST_ONLY': '0', 'PATH': '/opt/ros/humble/bin:/opt/gcc-arm-none-eabi-9-2020-q2-update/bin:/home/em/.local/bin:/usr/local/sbin:/usr/local/bin:/usr/sbin:/usr/bin:/sbin:/bin:/usr/games:/usr/local/games:/snap/bin:/snap/bin', 'SESSION_MANAGER': 'local/qadt-dev:@/tmp/.ICE-unix/1890,unix/qadt-dev:/tmp/.ICE-unix/1890', 'XDG_MENU_PREFIX': 'gnome-', 'GNOME_TERMINAL_SCREEN': '/org/gnome/Terminal/screen/a6a4f2b2_58e8_4bc0_abbb_df388c400e97', 'GNOME_SETUP_DISPLAY': ':1', 'XDG_RUNTIME_DIR': '/run/user/1000', 'DISPLAY': ':0', 'LANG': 'en_US.UTF-8', 'XDG_CURRENT_DESKTOP': 'ubuntu:GNOME', 'XMODIFIERS': '@im=ibus', 'XDG_SESSION_DESKTOP': 'ubuntu', 'XAUTHORITY': '/run/user/1000/.mutter-Xwaylandauth.DSMC32', 'LS_COLORS': 'rs=0:di=01;34:ln=01;36:mh=00:pi=40;33:so=01;35:do=01;35:bd=40;33;01:cd=40;33;01:or=40;31;01:mi=00:su=37;41:sg=30;43:ca=30;41:tw=30;42:ow=34;42:st=37;44:ex=01;32:*.tar=01;31:*.tgz=01;31:*.arc=01;31:*.arj=01;31:*.taz=01;31:*.lha=01;31:*.lz4=01;31:*.lzh=01;31:*.lzma=01;31:*.tlz=01;31:*.txz=01;31:*.tzo=01;31:*.t7z=01;31:*.zip=01;31:*.z=01;31:*.dz=01;31:*.gz=01;31:*.lrz=01;31:*.lz=01;31:*.lzo=01;31:*.xz=01;31:*.zst=01;31:*.tzst=01;31:*.bz2=01;31:*.bz=01;31:*.tbz=01;31:*.tbz2=01;31:*.tz=01;31:*.deb=01;31:*.rpm=01;31:*.jar=01;31:*.war=01;31:*.ear=01;31:*.sar=01;31:*.rar=01;31:*.alz=01;31:*.ace=01;31:*.zoo=01;31:*.cpio=01;31:*.7z=01;31:*.rz=01;31:*.cab=01;31:*.wim=01;31:*.swm=01;31:*.dwm=01;31:*.esd=01;31:*.jpg=01;35:*.jpeg=01;35:*.mjpg=01;35:*.mjpeg=01;35:*.gif=01;35:*.bmp=01;35:*.pbm=01;35:*.pgm=01;35:*.ppm=01;35:*.tga=01;35:*.xbm=01;35:*.xpm=01;35:*.tif=01;35:*.tiff=01;35:*.png=01;35:*.svg=01;35:*.svgz=01;35:*.mng=01;35:*.pcx=01;35:*.mov=01;35:*.mpg=01;35:*.mpeg=01;35:*.m2v=01;35:*.mkv=01;35:*.webm=01;35:*.webp=01;35:*.ogm=01;35:*.mp4=01;35:*.m4v=01;35:*.mp4v=01;35:*.vob=01;35:*.qt=01;35:*.nuv=01;35:*.wmv=01;35:*.asf=01;35:*.rm=01;35:*.rmvb=01;35:*.flc=01;35:*.avi=01;35:*.fli=01;35:*.flv=01;35:*.gl=01;35:*.dl=01;35:*.xcf=01;35:*.xwd=01;35:*.yuv=01;35:*.cgm=01;35:*.emf=01;35:*.ogv=01;35:*.ogx=01;35:*.aac=00;36:*.au=00;36:*.flac=00;36:*.m4a=00;36:*.mid=00;36:*.midi=00;36:*.mka=00;36:*.mp3=00;36:*.mpc=00;36:*.ogg=00;36:*.ra=00;36:*.wav=00;36:*.oga=00;36:*.opus=00;36:*.spx=00;36:*.xspf=00;36:', 'GNOME_TERMINAL_SERVICE': ':1.101', 'SSH_AGENT_LAUNCHER': 'gnome-keyring', 'SSH_AUTH_SOCK': '/run/user/1000/keyring/ssh', 'AMENT_PREFIX_PATH': '/home/em/ros_workspace_2025/nav_ws/install/px4_msgs:/home/em/ros_workspace_2025/nav_ws/install/multi_drone:/home/em/ros_workspace_2025/nav_ws/install/main:/home/em/QADT2025/Nav2Workspace/install/px4_msgs:/home/em/QADT2025/Nav2Workspace/install/TestWorkspace:/home/em/QADT2025/NavWorkspace/install/px4_ros_com:/home/em/QADT2025/NavWorkspace/install/px4_msgs:/opt/ros/humble', 'SHELL': '/bin/bash', 'QT_ACCESSIBILITY': '1', 'GDMSESSION': 'ubuntu', 'LESSCLOSE': '/usr/bin/lesspipe %s %s', 'QT_IM_MODULE': 'ibus', 'SIM_GZ_HOME_LAT': '44.2872947', 'PWD': '/home/em/ros_workspace_2025/nav_ws/build/multi_drone', 'SIM_GZ_HOME_ALT': '0', 'LC_ALL': 'en_US.UTF-8', 'XDG_CONFIG_DIRS': '/etc/xdg/xdg-ubuntu:/etc/xdg', 'XDG_DATA_DIRS': '/usr/share/ubuntu:/usr/local/share/:/usr/share/:/var/lib/snapd/desktop', 'PYTHONPATH': '/home/em/ros_workspace_2025/nav_ws/build/multi_drone/prefix_override:/usr/lib/python3/dist-packages/colcon_core/task/python/colcon_distutils_commands:/home/em/ros_workspace_2025/nav_ws/install/multi_drone/lib/python3.10/site-packages:/home/em/ros_workspace_2025/nav_ws/install/px4_msgs/local/lib/python3.10/dist-packages:/home/em/ros_workspace_2025/nav_ws/install/multi_drone/lib/python3.10/site-packages:/home/em/ros_workspace_2025/nav_ws/install/main/lib/python3.10/site-packages:/home/em/QADT2025/Nav2Workspace/install/px4_msgs/local/lib/python3.10/dist-packages:/home/em/QADT2025/Nav2Workspace/install/TestWorkspace/lib/python3.10/site-packages:/home/em/QADT2025/NavWorkspace/install/px4_ros_com/local/lib/python3.10/dist-packages:/home/em/QADT2025/NavWorkspace/install/px4_msgs/local/lib/python3.10/dist-packages:/opt/ros/humble/lib/python3.10/site-packages:/opt/ros/humble/local/lib/python3.10/dist-packages', 'COLCON': '1', 'VTE_VERSION': '6800', 'CMAKE_PREFIX_PATH': '/home/em/ros_workspace_2025/nav_ws/install/px4_msgs:/home/em/QADT2025/Nav2Workspace/install/px4_msgs:/home/em/QADT2025/NavWorkspace/install/px4_ros_com:/home/em/QADT2025/NavWorkspace/install/px4_msgs'}, 'shell': False}
[0.770495] (px4_msgs) StdoutLine: {'line': b'[  0%] Built target px4_msgs__cpp\n'}
[0.800823] (-) TimerEvent: {}
[0.803610] (px4_msgs) StdoutLine: {'line': b'[ 12%] Built target px4_msgs__rosidl_generator_c\n'}
[0.845931] (px4_msgs) StdoutLine: {'line': b'[ 24%] Built target px4_msgs__rosidl_typesupport_cpp\n'}
[0.849851] (px4_msgs) StdoutLine: {'line': b'[ 37%] Built target px4_msgs__rosidl_typesupport_c\n'}
[0.855758] (px4_msgs) StdoutLine: {'line': b'[ 37%] Built target ament_cmake_python_copy_px4_msgs\n'}
[0.859909] (px4_msgs) StdoutLine: {'line': b'[ 50%] Built target px4_msgs__rosidl_typesupport_introspection_cpp\n'}
[0.860174] (multi_drone) StderrLine: {'line': b"/home/em/.local/lib/python3.10/site-packages/setuptools/_distutils/dist.py:261: UserWarning: Unknown distribution option: 'tests_require'\n"}
[0.860277] (multi_drone) StderrLine: {'line': b'  warnings.warn(msg)\n'}
[0.864031] (px4_msgs) StdoutLine: {'line': b'[ 63%] Built target px4_msgs__rosidl_typesupport_introspection_c\n'}
[0.870795] (px4_msgs) StdoutLine: {'line': b'[ 75%] Built target px4_msgs__rosidl_typesupport_fastrtps_cpp\n'}
[0.900920] (-) TimerEvent: {}
[0.909787] (px4_msgs) StdoutLine: {'line': b'[ 88%] Built target px4_msgs__rosidl_typesupport_fastrtps_c\n'}
[0.912159] (multi_drone) StdoutLine: {'line': b'running egg_info\n'}
[0.919250] (main) StdoutLine: {'line': b'running egg_info\n'}
[0.920823] (multi_drone) StdoutLine: {'line': b'writing ../../build/multi_drone/multi_drone.egg-info/PKG-INFO\n'}
[0.921226] (multi_drone) StdoutLine: {'line': b'writing dependency_links to ../../build/multi_drone/multi_drone.egg-info/dependency_links.txt\n'}
[0.921414] (multi_drone) StdoutLine: {'line': b'writing entry points to ../../build/multi_drone/multi_drone.egg-info/entry_points.txt\n'}
[0.921614] (multi_drone) StdoutLine: {'line': b'writing requirements to ../../build/multi_drone/multi_drone.egg-info/requires.txt\n'}
[0.921684] (multi_drone) StdoutLine: {'line': b'writing top-level names to ../../build/multi_drone/multi_drone.egg-info/top_level.txt\n'}
[0.927786] (main) StdoutLine: {'line': b'writing ../../build/main/main.egg-info/PKG-INFO\n'}
[0.928302] (main) StdoutLine: {'line': b'writing dependency_links to ../../build/main/main.egg-info/dependency_links.txt\n'}
[0.928447] (main) StdoutLine: {'line': b'writing requirements to ../../build/main/main.egg-info/requires.txt\n'}
[0.928637] (main) StdoutLine: {'line': b'writing top-level names to ../../build/main/main.egg-info/top_level.txt\n'}
[0.930928] (px4_msgs) StdoutLine: {'line': b'[ 88%] Built target px4_msgs\n'}
[0.943540] (multi_drone) StdoutLine: {'line': b"reading manifest file '../../build/multi_drone/multi_drone.egg-info/SOURCES.txt'\n"}
[0.944438] (multi_drone) StdoutLine: {'line': b"writing manifest file '../../build/multi_drone/multi_drone.egg-info/SOURCES.txt'\n"}
[0.944531] (multi_drone) StdoutLine: {'line': b'running build\n'}
[0.944610] (multi_drone) StdoutLine: {'line': b'running build_py\n'}
[0.945120] (multi_drone) StdoutLine: {'line': b'copying multi_drone/__init__.py -> /home/em/ros_workspace_2025/nav_ws/build/multi_drone/build/lib/multi_drone\n'}
[0.945196] (multi_drone) StdoutLine: {'line': b'copying multi_drone/multi_takeoff_7.py -> /home/em/ros_workspace_2025/nav_ws/build/multi_drone/build/lib/multi_drone\n'}
[0.945363] (multi_drone) StdoutLine: {'line': b'copying multi_drone/multi_takeoff_1.py -> /home/em/ros_workspace_2025/nav_ws/build/multi_drone/build/lib/multi_drone\n'}
[0.945534] (multi_drone) StdoutLine: {'line': b'copying multi_drone/multi_takeoff_5.py -> /home/em/ros_workspace_2025/nav_ws/build/multi_drone/build/lib/multi_drone\n'}
[0.945687] (multi_drone) StdoutLine: {'line': b'copying multi_drone/multi_takeoff_8.py -> /home/em/ros_workspace_2025/nav_ws/build/multi_drone/build/lib/multi_drone\n'}
[0.945842] (multi_drone) StdoutLine: {'line': b'copying multi_drone/multi_takeoff_6.py -> /home/em/ros_workspace_2025/nav_ws/build/multi_drone/build/lib/multi_drone\n'}
[0.945993] (multi_drone) StdoutLine: {'line': b'copying multi_drone/multi_takeoff_2.py -> /home/em/ros_workspace_2025/nav_ws/build/multi_drone/build/lib/multi_drone\n'}
[0.946152] (multi_drone) StdoutLine: {'line': b'copying multi_drone/multi_takeoff_4.py -> /home/em/ros_workspace_2025/nav_ws/build/multi_drone/build/lib/multi_drone\n'}
[0.946263] (main) StdoutLine: {'line': b"reading manifest file '../../build/main/main.egg-info/SOURCES.txt'\n"}
[0.946306] (multi_drone) StdoutLine: {'line': b'copying multi_drone/multi_takeoff_3.py -> /home/em/ros_workspace_2025/nav_ws/build/multi_drone/build/lib/multi_drone\n'}
[0.946618] (multi_drone) StdoutLine: {'line': b'running install\n'}
[0.947271] (main) StdoutLine: {'line': b"writing manifest file '../../build/main/main.egg-info/SOURCES.txt'\n"}
[0.947392] (main) StdoutLine: {'line': b'running build\n'}
[0.947458] (main) StdoutLine: {'line': b'running build_py\n'}
[0.948186] (main) StdoutLine: {'line': b'copying main/__init__.py -> /home/em/ros_workspace_2025/nav_ws/build/main/build/lib/main\n'}
[0.948350] (main) StdoutLine: {'line': b'copying main/takeoff_land_offboard.py -> /home/em/ros_workspace_2025/nav_ws/build/main/build/lib/main\n'}
[0.948768] (main) StdoutLine: {'line': b'running install\n'}
[0.949737] (multi_drone) StdoutLine: {'line': b'running install_lib\n'}
[0.951584] (main) StdoutLine: {'line': b'running install_lib\n'}
[0.957225] (px4_msgs) StdoutLine: {'line': b'[ 88%] Built target px4_msgs__py\n'}
[0.958521] (multi_drone) StdoutLine: {'line': b'copying /home/em/ros_workspace_2025/nav_ws/build/multi_drone/build/lib/multi_drone/multi_takeoff_1.py -> /home/em/ros_workspace_2025/nav_ws/install/multi_drone/lib/python3.10/site-packages/multi_drone\n'}
[0.959582] (multi_drone) StdoutLine: {'line': b'byte-compiling /home/em/ros_workspace_2025/nav_ws/install/multi_drone/lib/python3.10/site-packages/multi_drone/multi_takeoff_1.py to multi_takeoff_1.cpython-310.pyc\n'}
[0.960652] (multi_drone) StdoutLine: {'line': b'running install_data\n'}
[0.960755] (main) StdoutLine: {'line': b'copying /home/em/ros_workspace_2025/nav_ws/build/main/build/lib/main/takeoff_land_offboard.py -> /home/em/ros_workspace_2025/nav_ws/install/main/lib/python3.10/site-packages/main\n'}
[0.961028] (multi_drone) StdoutLine: {'line': b'copying resource/multi_drone -> /home/em/ros_workspace_2025/nav_ws/install/multi_drone/share/ament_index/resource_index/packages\n'}
[0.961182] (multi_drone) StdoutLine: {'line': b'copying package.xml -> /home/em/ros_workspace_2025/nav_ws/install/multi_drone/share/multi_drone\n'}
[0.961252] (main) StdoutLine: {'line': b'byte-compiling /home/em/ros_workspace_2025/nav_ws/install/main/lib/python3.10/site-packages/main/takeoff_land_offboard.py to takeoff_land_offboard.cpython-310.pyc\n'}
[0.961277] (multi_drone) StdoutLine: {'line': b'running install_egg_info\n'}
[0.962058] (main) StdoutLine: {'line': b'running install_data\n'}
[0.962408] (main) StdoutLine: {'line': b'copying resource/main -> /home/em/ros_workspace_2025/nav_ws/install/main/share/ament_index/resource_index/packages\n'}
[0.962563] (main) StdoutLine: {'line': b'copying package.xml -> /home/em/ros_workspace_2025/nav_ws/install/main/share/main\n'}
[0.962625] (main) StdoutLine: {'line': b'running install_egg_info\n'}
[0.970166] (multi_drone) StdoutLine: {'line': b"removing '/home/em/ros_workspace_2025/nav_ws/install/multi_drone/lib/python3.10/site-packages/multi_drone-0.0.0-py3.10.egg-info' (and everything under it)\n"}
[0.970366] (multi_drone) StdoutLine: {'line': b'Copying ../../build/multi_drone/multi_drone.egg-info to /home/em/ros_workspace_2025/nav_ws/install/multi_drone/lib/python3.10/site-packages/multi_drone-0.0.0-py3.10.egg-info\n'}
[0.970870] (multi_drone) StdoutLine: {'line': b'running install_scripts\n'}
[0.972447] (main) StdoutLine: {'line': b"removing '/home/em/ros_workspace_2025/nav_ws/install/main/lib/python3.10/site-packages/main-0.0.0-py3.10.egg-info' (and everything under it)\n"}
[0.972589] (main) StdoutLine: {'line': b'Copying ../../build/main/main.egg-info to /home/em/ros_workspace_2025/nav_ws/install/main/lib/python3.10/site-packages/main-0.0.0-py3.10.egg-info\n'}
[0.973027] (main) StdoutLine: {'line': b'running install_scripts\n'}
[0.986924] (px4_msgs) StdoutLine: {'line': b'running egg_info\n'}
[0.995506] (px4_msgs) StdoutLine: {'line': b'writing px4_msgs.egg-info/PKG-INFO\n'}
[0.995917] (px4_msgs) StdoutLine: {'line': b'writing dependency_links to px4_msgs.egg-info/dependency_links.txt\n'}
[0.996085] (px4_msgs) StdoutLine: {'line': b'writing top-level names to px4_msgs.egg-info/top_level.txt\n'}
[1.001027] (-) TimerEvent: {}
[1.023883] (px4_msgs) StdoutLine: {'line': b"reading manifest file 'px4_msgs.egg-info/SOURCES.txt'\n"}
[1.027825] (px4_msgs) StdoutLine: {'line': b"writing manifest file 'px4_msgs.egg-info/SOURCES.txt'\n"}
[1.033980] (px4_msgs) StdoutLine: {'line': b'[100%] Built target px4_msgs__rosidl_generator_py\n'}
[1.042750] (main) StdoutLine: {'line': b"writing list of installed files to '/home/em/ros_workspace_2025/nav_ws/build/main/install.log'\n"}
[1.046353] (multi_drone) StdoutLine: {'line': b'Installing multi_takeoff_1 script to /home/em/ros_workspace_2025/nav_ws/install/multi_drone/lib/multi_drone\n'}
[1.046714] (multi_drone) StdoutLine: {'line': b'Installing multi_takeoff_2 script to /home/em/ros_workspace_2025/nav_ws/install/multi_drone/lib/multi_drone\n'}
[1.046870] (multi_drone) StdoutLine: {'line': b'Installing multi_takeoff_3 script to /home/em/ros_workspace_2025/nav_ws/install/multi_drone/lib/multi_drone\n'}
[1.047014] (multi_drone) StdoutLine: {'line': b'Installing multi_takeoff_4 script to /home/em/ros_workspace_2025/nav_ws/install/multi_drone/lib/multi_drone\n'}
[1.047124] (multi_drone) StdoutLine: {'line': b'Installing multi_takeoff_5 script to /home/em/ros_workspace_2025/nav_ws/install/multi_drone/lib/multi_drone\n'}
[1.047254] (multi_drone) StdoutLine: {'line': b'Installing multi_takeoff_6 script to /home/em/ros_workspace_2025/nav_ws/install/multi_drone/lib/multi_drone\n'}
[1.047399] (multi_drone) StdoutLine: {'line': b'Installing multi_takeoff_7 script to /home/em/ros_workspace_2025/nav_ws/install/multi_drone/lib/multi_drone\n'}
[1.047595] (multi_drone) StdoutLine: {'line': b'Installing multi_takeoff_8 script to /home/em/ros_workspace_2025/nav_ws/install/multi_drone/lib/multi_drone\n'}
[1.047929] (multi_drone) StdoutLine: {'line': b"writing list of installed files to '/home/em/ros_workspace_2025/nav_ws/build/multi_drone/install.log'\n"}
[1.049293] (px4_msgs) StdoutLine: {'line': b'[100%] Built target ament_cmake_python_build_px4_msgs_egg\n'}
[1.056578] (px4_msgs) StdoutLine: {'line': b'[100%] Built target px4_msgs__rosidl_typesupport_fastrtps_c__pyext\n'}
[1.059699] (px4_msgs) StdoutLine: {'line': b'[100%] Built target px4_msgs__rosidl_typesupport_c__pyext\n'}
[1.060318] (px4_msgs) StdoutLine: {'line': b'[100%] Built target px4_msgs__rosidl_typesupport_introspection_c__pyext\n'}
[1.066824] (main) CommandEnded: {'returncode': 0}
[1.076283] (main) JobEnded: {'identifier': 'main', 'rc': 0}
[1.077564] (px4_msgs) CommandEnded: {'returncode': 0}
[1.078100] (multi_drone) CommandEnded: {'returncode': 0}
[1.081554] (multi_drone) JobEnded: {'identifier': 'multi_drone', 'rc': 0}
[1.101140] (-) TimerEvent: {}
[1.201383] (-) TimerEvent: {}
[1.301732] (-) TimerEvent: {}
[1.402076] (-) TimerEvent: {}
[1.502479] (-) TimerEvent: {}
[1.603228] (-) TimerEvent: {}
[1.703853] (-) TimerEvent: {}
[1.804258] (-) TimerEvent: {}
[1.904699] (-) TimerEvent: {}
[2.005272] (-) TimerEvent: {}
[2.105757] (-) TimerEvent: {}
[2.206553] (-) TimerEvent: {}
[2.307095] (-) TimerEvent: {}
[2.407506] (-) TimerEvent: {}
[2.507947] (-) TimerEvent: {}
[2.608350] (-) TimerEvent: {}
[2.708740] (-) TimerEvent: {}
[2.809107] (-) TimerEvent: {}
[2.909799] (-) TimerEvent: {}
[3.010257] (-) TimerEvent: {}
[3.110856] (-) TimerEvent: {}
[3.211305] (-) TimerEvent: {}
[3.311818] (-) TimerEvent: {}
[3.412503] (-) TimerEvent: {}
[3.513135] (-) TimerEvent: {}
[3.613702] (-) TimerEvent: {}
[3.714225] (-) TimerEvent: {}
[3.814702] (-) TimerEvent: {}
[3.915098] (-) TimerEvent: {}
[4.015434] (-) TimerEvent: {}
[4.115718] (-) TimerEvent: {}
[4.216097] (-) TimerEvent: {}
[4.316678] (-) TimerEvent: {}
[4.417244] (-) TimerEvent: {}
[4.517635] (-) TimerEvent: {}
[4.618047] (-) TimerEvent: {}
[4.718452] (-) TimerEvent: {}
[4.819118] (-) TimerEvent: {}
[4.919552] (-) TimerEvent: {}
[5.020121] (-) TimerEvent: {}
[5.120546] (-) TimerEvent: {}
[5.221075] (-) TimerEvent: {}
[5.321585] (-) TimerEvent: {}
[5.422089] (-) TimerEvent: {}
[5.522607] (-) TimerEvent: {}
[5.623056] (-) TimerEvent: {}
[5.723456] (-) TimerEvent: {}
[5.823889] (-) TimerEvent: {}
[5.924329] (-) TimerEvent: {}
[6.025142] (-) TimerEvent: {}
[6.125483] (-) TimerEvent: {}
[6.226021] (-) TimerEvent: {}
[6.326561] (-) TimerEvent: {}
[6.426960] (-) TimerEvent: {}
[6.527379] (-) TimerEvent: {}
[6.628017] (-) TimerEvent: {}
[6.728420] (-) TimerEvent: {}
[6.829010] (-) TimerEvent: {}
[6.929562] (-) TimerEvent: {}
[7.030097] (-) TimerEvent: {}
[7.130525] (-) TimerEvent: {}
[7.230980] (-) TimerEvent: {}
[7.331317] (-) TimerEvent: {}
[7.431694] (-) TimerEvent: {}
[7.532058] (-) TimerEvent: {}
[7.632498] (-) TimerEvent: {}
[7.732980] (-) TimerEvent: {}
[7.833432] (-) TimerEvent: {}
[7.933690] (-) TimerEvent: {}
[8.033999] (-) TimerEvent: {}
[8.134525] (-) TimerEvent: {}
[8.235027] (-) TimerEvent: {}
[8.335324] (-) TimerEvent: {}
[8.435657] (-) TimerEvent: {}
[8.536117] (-) TimerEvent: {}
[8.636511] (-) TimerEvent: {}
[8.736763] (-) TimerEvent: {}
[8.837115] (-) TimerEvent: {}
[8.937486] (-) TimerEvent: {}
[9.038265] (-) TimerEvent: {}
[9.138646] (-) TimerEvent: {}
[9.212720] (px4_msgs) JobProgress: {'identifier': 'px4_msgs', 'progress': 'install'}
[9.226206] (px4_msgs) Command: {'cmd': ['/usr/bin/cmake', '--install', '/home/em/ros_workspace_2025/nav_ws/build/px4_msgs'], 'cwd': '/home/em/ros_workspace_2025/nav_ws/build/px4_msgs', 'env': OrderedDict([('LESSOPEN', '| /usr/bin/lesspipe %s'), ('LANGUAGE', 'en_CA:en'), ('SIM_GZ_HOME_LON', '-76.4278688'), ('USER', 'em'), ('XDG_SESSION_TYPE', 'wayland'), ('SHLVL', '1'), ('LD_LIBRARY_PATH', '/home/em/ros_workspace_2025/nav_ws/install/px4_msgs/lib:/home/em/QADT2025/Nav2Workspace/install/px4_msgs/lib:/home/em/QADT2025/NavWorkspace/install/px4_ros_com/lib:/home/em/QADT2025/NavWorkspace/install/px4_msgs/lib:/opt/ros/humble/opt/rviz_ogre_vendor/lib:/opt/ros/humble/lib/x86_64-linux-gnu:/opt/ros/humble/lib'), ('HOME', '/home/em'), ('OLDPWD', '/home/em/ros_workspace_2025'), ('DESKTOP_SESSION', 'ubuntu'), ('ROS_PYTHON_VERSION', '3'), ('GNOME_SHELL_SESSION_MODE', 'ubuntu'), ('GTK_MODULES', 'gail:atk-bridge'), ('SYSTEMD_EXEC_PID', '3833'), ('DBUS_SESSION_BUS_ADDRESS', 'unix:path=/run/user/1000/bus'), ('COLORTERM', 'truecolor'), ('IM_CONFIG_PHASE', '1'), ('WAYLAND_DISPLAY', 'wayland-0'), ('COLCON_PREFIX_PATH', '/home/em/ros_workspace_2025/nav_ws/install:/home/em/QADT2025/Nav2Workspace/install:/home/em/QADT2025/NavWorkspace/install'), ('ROS_DISTRO', 'humble'), ('LOGNAME', 'em'), ('_', '/usr/bin/colcon'), ('ROS_VERSION', '2'), ('XDG_SESSION_CLASS', 'user'), ('USERNAME', 'em'), ('TERM', 'xterm-256color'), ('GNOME_DESKTOP_SESSION_ID', 'this-is-deprecated'), ('ROS_LOCALHOST_ONLY', '0'), ('PATH', '/opt/ros/humble/bin:/opt/gcc-arm-none-eabi-9-2020-q2-update/bin:/home/em/.local/bin:/usr/local/sbin:/usr/local/bin:/usr/sbin:/usr/bin:/sbin:/bin:/usr/games:/usr/local/games:/snap/bin:/snap/bin'), ('SESSION_MANAGER', 'local/qadt-dev:@/tmp/.ICE-unix/1890,unix/qadt-dev:/tmp/.ICE-unix/1890'), ('XDG_MENU_PREFIX', 'gnome-'), ('GNOME_TERMINAL_SCREEN', '/org/gnome/Terminal/screen/a6a4f2b2_58e8_4bc0_abbb_df388c400e97'), ('GNOME_SETUP_DISPLAY', ':1'), ('XDG_RUNTIME_DIR', '/run/user/1000'), ('DISPLAY', ':0'), ('LANG', 'en_US.UTF-8'), ('XDG_CURRENT_DESKTOP', 'ubuntu:GNOME'), ('XMODIFIERS', '@im=ibus'), ('XDG_SESSION_DESKTOP', 'ubuntu'), ('XAUTHORITY', '/run/user/1000/.mutter-Xwaylandauth.DSMC32'), ('LS_COLORS', 'rs=0:di=01;34:ln=01;36:mh=00:pi=40;33:so=01;35:do=01;35:bd=40;33;01:cd=40;33;01:or=40;31;01:mi=00:su=37;41:sg=30;43:ca=30;41:tw=30;42:ow=34;42:st=37;44:ex=01;32:*.tar=01;31:*.tgz=01;31:*.arc=01;31:*.arj=01;31:*.taz=01;31:*.lha=01;31:*.lz4=01;31:*.lzh=01;31:*.lzma=01;31:*.tlz=01;31:*.txz=01;31:*.tzo=01;31:*.t7z=01;31:*.zip=01;31:*.z=01;31:*.dz=01;31:*.gz=01;31:*.lrz=01;31:*.lz=01;31:*.lzo=01;31:*.xz=01;31:*.zst=01;31:*.tzst=01;31:*.bz2=01;31:*.bz=01;31:*.tbz=01;31:*.tbz2=01;31:*.tz=01;31:*.deb=01;31:*.rpm=01;31:*.jar=01;31:*.war=01;31:*.ear=01;31:*.sar=01;31:*.rar=01;31:*.alz=01;31:*.ace=01;31:*.zoo=01;31:*.cpio=01;31:*.7z=01;31:*.rz=01;31:*.cab=01;31:*.wim=01;31:*.swm=01;31:*.dwm=01;31:*.esd=01;31:*.jpg=01;35:*.jpeg=01;35:*.mjpg=01;35:*.mjpeg=01;35:*.gif=01;35:*.bmp=01;35:*.pbm=01;35:*.pgm=01;35:*.ppm=01;35:*.tga=01;35:*.xbm=01;35:*.xpm=01;35:*.tif=01;35:*.tiff=01;35:*.png=01;35:*.svg=01;35:*.svgz=01;35:*.mng=01;35:*.pcx=01;35:*.mov=01;35:*.mpg=01;35:*.mpeg=01;35:*.m2v=01;35:*.mkv=01;35:*.webm=01;35:*.webp=01;35:*.ogm=01;35:*.mp4=01;35:*.m4v=01;35:*.mp4v=01;35:*.vob=01;35:*.qt=01;35:*.nuv=01;35:*.wmv=01;35:*.asf=01;35:*.rm=01;35:*.rmvb=01;35:*.flc=01;35:*.avi=01;35:*.fli=01;35:*.flv=01;35:*.gl=01;35:*.dl=01;35:*.xcf=01;35:*.xwd=01;35:*.yuv=01;35:*.cgm=01;35:*.emf=01;35:*.ogv=01;35:*.ogx=01;35:*.aac=00;36:*.au=00;36:*.flac=00;36:*.m4a=00;36:*.mid=00;36:*.midi=00;36:*.mka=00;36:*.mp3=00;36:*.mpc=00;36:*.ogg=00;36:*.ra=00;36:*.wav=00;36:*.oga=00;36:*.opus=00;36:*.spx=00;36:*.xspf=00;36:'), ('GNOME_TERMINAL_SERVICE', ':1.101'), ('SSH_AGENT_LAUNCHER', 'gnome-keyring'), ('SSH_AUTH_SOCK', '/run/user/1000/keyring/ssh'), ('AMENT_PREFIX_PATH', '/home/em/ros_workspace_2025/nav_ws/install/px4_msgs:/home/em/ros_workspace_2025/nav_ws/install/multi_drone:/home/em/ros_workspace_2025/nav_ws/install/main:/home/em/QADT2025/Nav2Workspace/install/px4_msgs:/home/em/QADT2025/Nav2Workspace/install/TestWorkspace:/home/em/QADT2025/NavWorkspace/install/px4_ros_com:/home/em/QADT2025/NavWorkspace/install/px4_msgs:/opt/ros/humble'), ('SHELL', '/bin/bash'), ('QT_ACCESSIBILITY', '1'), ('GDMSESSION', 'ubuntu'), ('LESSCLOSE', '/usr/bin/lesspipe %s %s'), ('QT_IM_MODULE', 'ibus'), ('SIM_GZ_HOME_LAT', '44.2872947'), ('PWD', '/home/em/ros_workspace_2025/nav_ws/build/px4_msgs'), ('SIM_GZ_HOME_ALT', '0'), ('LC_ALL', 'en_US.UTF-8'), ('XDG_CONFIG_DIRS', '/etc/xdg/xdg-ubuntu:/etc/xdg'), ('XDG_DATA_DIRS', '/usr/share/ubuntu:/usr/local/share/:/usr/share/:/var/lib/snapd/desktop'), ('PYTHONPATH', '/home/em/ros_workspace_2025/nav_ws/install/px4_msgs/local/lib/python3.10/dist-packages:/home/em/ros_workspace_2025/nav_ws/install/multi_drone/lib/python3.10/site-packages:/home/em/ros_workspace_2025/nav_ws/install/main/lib/python3.10/site-packages:/home/em/QADT2025/Nav2Workspace/install/px4_msgs/local/lib/python3.10/dist-packages:/home/em/QADT2025/Nav2Workspace/install/TestWorkspace/lib/python3.10/site-packages:/home/em/QADT2025/NavWorkspace/install/px4_ros_com/local/lib/python3.10/dist-packages:/home/em/QADT2025/NavWorkspace/install/px4_msgs/local/lib/python3.10/dist-packages:/opt/ros/humble/lib/python3.10/site-packages:/opt/ros/humble/local/lib/python3.10/dist-packages'), ('COLCON', '1'), ('VTE_VERSION', '6800'), ('CMAKE_PREFIX_PATH', '/home/em/ros_workspace_2025/nav_ws/install/px4_msgs:/home/em/QADT2025/Nav2Workspace/install/px4_msgs:/home/em/QADT2025/NavWorkspace/install/px4_ros_com:/home/em/QADT2025/NavWorkspace/install/px4_msgs:/home/em/ros_workspace_2025/nav_ws/install/multi_drone:/home/em/ros_workspace_2025/nav_ws/install/main:/home/em/QADT2025/Nav2Workspace/install/TestWorkspace:/opt/ros/humble')]), 'shell': False}
[9.238758] (-) TimerEvent: {}
[9.241134] (px4_msgs) StdoutLine: {'line': b'-- Install configuration: ""\n'}
[9.241646] (px4_msgs) StdoutLine: {'line': b'-- Up-to-date: /home/em/ros_workspace_2025/nav_ws/install/px4_msgs/share/ament_index/resource_index/rosidl_interfaces/px4_msgs\n'}
[9.241982] (px4_msgs) StdoutLine: {'line': b'-- Up-to-date: /home/em/ros_workspace_2025/nav_ws/install/px4_msgs/include/px4_msgs/px4_msgs\n'}
[9.242117] (px4_msgs) StdoutLine: {'line': b'-- Up-to-date: /home/em/ros_workspace_2025/nav_ws/install/px4_msgs/include/px4_msgs/px4_msgs/srv\n'}
[9.242250] (px4_msgs) StdoutLine: {'line': b'-- Up-to-date: /home/em/ros_workspace_2025/nav_ws/install/px4_msgs/include/px4_msgs/px4_msgs/srv/vehicle_command.h\n'}
[9.242313] (px4_msgs) StdoutLine: {'line': b'-- Up-to-date: /home/em/ros_workspace_2025/nav_ws/install/px4_msgs/include/px4_msgs/px4_msgs/srv/detail\n'}
[9.242412] (px4_msgs) StdoutLine: {'line': b'-- Up-to-date: /home/em/ros_workspace_2025/nav_ws/install/px4_msgs/include/px4_msgs/px4_msgs/srv/detail/vehicle_command__type_support.h\n'}
[9.242480] (px4_msgs) StdoutLine: {'line': b'-- Up-to-date: /home/em/ros_workspace_2025/nav_ws/install/px4_msgs/include/px4_msgs/px4_msgs/srv/detail/vehicle_command__functions.h\n'}
[9.242596] (px4_msgs) StdoutLine: {'line': b'-- Up-to-date: /home/em/ros_workspace_2025/nav_ws/install/px4_msgs/include/px4_msgs/px4_msgs/srv/detail/vehicle_command__functions.c\n'}
[9.242710] (px4_msgs) StdoutLine: {'line': b'-- Up-to-date: /home/em/ros_workspace_2025/nav_ws/install/px4_msgs/include/px4_msgs/px4_msgs/srv/detail/vehicle_command__struct.h\n'}
[9.242760] (px4_msgs) StdoutLine: {'line': b'-- Up-to-date: /home/em/ros_workspace_2025/nav_ws/install/px4_msgs/include/px4_msgs/px4_msgs/msg\n'}
[9.242821] (px4_msgs) StdoutLine: {'line': b'-- Up-to-date: /home/em/ros_workspace_2025/nav_ws/install/px4_msgs/include/px4_msgs/px4_msgs/msg/position_controller_status.h\n'}
[9.242885] (px4_msgs) StdoutLine: {'line': b'-- Up-to-date: /home/em/ros_workspace_2025/nav_ws/install/px4_msgs/include/px4_msgs/px4_msgs/msg/estimator_aid_source1d.h\n'}
[9.242974] (px4_msgs) StdoutLine: {'line': b'-- Up-to-date: /home/em/ros_workspace_2025/nav_ws/install/px4_msgs/include/px4_msgs/px4_msgs/msg/trajectory_setpoint.h\n'}
[9.243030] (px4_msgs) StdoutLine: {'line': b'-- Up-to-date: /home/em/ros_workspace_2025/nav_ws/install/px4_msgs/include/px4_msgs/px4_msgs/msg/vehicle_angular_acceleration_setpoint.h\n'}
[9.243070] (px4_msgs) StdoutLine: {'line': b'-- Up-to-date: /home/em/ros_workspace_2025/nav_ws/install/px4_msgs/include/px4_msgs/px4_msgs/msg/debug_value.h\n'}
[9.243237] (px4_msgs) StdoutLine: {'line': b'-- Up-to-date: /home/em/ros_workspace_2025/nav_ws/install/px4_msgs/include/px4_msgs/px4_msgs/msg/estimator_aid_source3d.h\n'}
[9.243282] (px4_msgs) StdoutLine: {'line': b'-- Up-to-date: /home/em/ros_workspace_2025/nav_ws/install/px4_msgs/include/px4_msgs/px4_msgs/msg/ulog_stream.h\n'}
[9.243322] (px4_msgs) StdoutLine: {'line': b'-- Up-to-date: /home/em/ros_workspace_2025/nav_ws/install/px4_msgs/include/px4_msgs/px4_msgs/msg/vehicle_local_position_setpoint.h\n'}
[9.243362] (px4_msgs) StdoutLine: {'line': b'-- Up-to-date: /home/em/ros_workspace_2025/nav_ws/install/px4_msgs/include/px4_msgs/px4_msgs/msg/vehicle_command.h\n'}
[9.243399] (px4_msgs) StdoutLine: {'line': b'-- Up-to-date: /home/em/ros_workspace_2025/nav_ws/install/px4_msgs/include/px4_msgs/px4_msgs/msg/offboard_control_mode.h\n'}
[9.243444] (px4_msgs) StdoutLine: {'line': b'-- Up-to-date: /home/em/ros_workspace_2025/nav_ws/install/px4_msgs/include/px4_msgs/px4_msgs/msg/collision_report.h\n'}
[9.243482] (px4_msgs) StdoutLine: {'line': b'-- Up-to-date: /home/em/ros_workspace_2025/nav_ws/install/px4_msgs/include/px4_msgs/px4_msgs/msg/estimator_aid_source2d.h\n'}
[9.243519] (px4_msgs) StdoutLine: {'line': b'-- Up-to-date: /home/em/ros_workspace_2025/nav_ws/install/px4_msgs/include/px4_msgs/px4_msgs/msg/autotune_attitude_control_status.h\n'}
[9.243558] (px4_msgs) StdoutLine: {'line': b'-- Up-to-date: /home/em/ros_workspace_2025/nav_ws/install/px4_msgs/include/px4_msgs/px4_msgs/msg/config_overrides.h\n'}
[9.243595] (px4_msgs) StdoutLine: {'line': b'-- Up-to-date: /home/em/ros_workspace_2025/nav_ws/install/px4_msgs/include/px4_msgs/px4_msgs/msg/hover_thrust_estimate.h\n'}
[9.243790] (px4_msgs) StdoutLine: {'line': b'-- Up-to-date: /home/em/ros_workspace_2025/nav_ws/install/px4_msgs/include/px4_msgs/px4_msgs/msg/mavlink_tunnel.h\n'}
[9.243825] (px4_msgs) StdoutLine: {'line': b'-- Up-to-date: /home/em/ros_workspace_2025/nav_ws/install/px4_msgs/include/px4_msgs/px4_msgs/msg/landing_gear_wheel.h\n'}
[9.243861] (px4_msgs) StdoutLine: {'line': b'-- Up-to-date: /home/em/ros_workspace_2025/nav_ws/install/px4_msgs/include/px4_msgs/px4_msgs/msg/uavcan_parameter_value.h\n'}
[9.243895] (px4_msgs) StdoutLine: {'line': b'-- Up-to-date: /home/em/ros_workspace_2025/nav_ws/install/px4_msgs/include/px4_msgs/px4_msgs/msg/satellite_info.h\n'}
[9.243931] (px4_msgs) StdoutLine: {'line': b'-- Up-to-date: /home/em/ros_workspace_2025/nav_ws/install/px4_msgs/include/px4_msgs/px4_msgs/msg/vehicle_control_mode.h\n'}
[9.243966] (px4_msgs) StdoutLine: {'line': b'-- Up-to-date: /home/em/ros_workspace_2025/nav_ws/install/px4_msgs/include/px4_msgs/px4_msgs/msg/vehicle_attitude_setpoint.h\n'}
[9.244001] (px4_msgs) StdoutLine: {'line': b'-- Up-to-date: /home/em/ros_workspace_2025/nav_ws/install/px4_msgs/include/px4_msgs/px4_msgs/msg/estimator_bias.h\n'}
[9.244037] (px4_msgs) StdoutLine: {'line': b'-- Up-to-date: /home/em/ros_workspace_2025/nav_ws/install/px4_msgs/include/px4_msgs/px4_msgs/msg/debug_array.h\n'}
[9.244071] (px4_msgs) StdoutLine: {'line': b'-- Up-to-date: /home/em/ros_workspace_2025/nav_ws/install/px4_msgs/include/px4_msgs/px4_msgs/msg/position_controller_landing_status.h\n'}
[9.244107] (px4_msgs) StdoutLine: {'line': b'-- Up-to-date: /home/em/ros_workspace_2025/nav_ws/install/px4_msgs/include/px4_msgs/px4_msgs/msg/velocity_limits.h\n'}
[9.244142] (px4_msgs) StdoutLine: {'line': b'-- Up-to-date: /home/em/ros_workspace_2025/nav_ws/install/px4_msgs/include/px4_msgs/px4_msgs/msg/event.h\n'}
[9.244177] (px4_msgs) StdoutLine: {'line': b'-- Up-to-date: /home/em/ros_workspace_2025/nav_ws/install/px4_msgs/include/px4_msgs/px4_msgs/msg/px4io_status.h\n'}
[9.244212] (px4_msgs) StdoutLine: {'line': b'-- Up-to-date: /home/em/ros_workspace_2025/nav_ws/install/px4_msgs/include/px4_msgs/px4_msgs/msg/failsafe_flags.h\n'}
[9.244247] (px4_msgs) StdoutLine: {'line': b'-- Up-to-date: /home/em/ros_workspace_2025/nav_ws/install/px4_msgs/include/px4_msgs/px4_msgs/msg/actuator_motors.h\n'}
[9.244284] (px4_msgs) StdoutLine: {'line': b'-- Up-to-date: /home/em/ros_workspace_2025/nav_ws/install/px4_msgs/include/px4_msgs/px4_msgs/msg/cpuload.h\n'}
[9.244319] (px4_msgs) StdoutLine: {'line': b'-- Up-to-date: /home/em/ros_workspace_2025/nav_ws/install/px4_msgs/include/px4_msgs/px4_msgs/msg/rover_differential_setpoint.h\n'}
[9.244354] (px4_msgs) StdoutLine: {'line': b'-- Up-to-date: /home/em/ros_workspace_2025/nav_ws/install/px4_msgs/include/px4_msgs/px4_msgs/msg/rosidl_generator_c__visibility_control.h\n'}
[9.244389] (px4_msgs) StdoutLine: {'line': b'-- Up-to-date: /home/em/ros_workspace_2025/nav_ws/install/px4_msgs/include/px4_msgs/px4_msgs/msg/ulog_stream_ack.h\n'}
[9.244433] (px4_msgs) StdoutLine: {'line': b'-- Up-to-date: /home/em/ros_workspace_2025/nav_ws/install/px4_msgs/include/px4_msgs/px4_msgs/msg/vehicle_odometry.h\n'}
[9.244469] (px4_msgs) StdoutLine: {'line': b'-- Up-to-date: /home/em/ros_workspace_2025/nav_ws/install/px4_msgs/include/px4_msgs/px4_msgs/msg/mission_result.h\n'}
[9.244506] (px4_msgs) StdoutLine: {'line': b'-- Up-to-date: /home/em/ros_workspace_2025/nav_ws/install/px4_msgs/include/px4_msgs/px4_msgs/msg/rover_ackermann_status.h\n'}
[9.244539] (px4_msgs) StdoutLine: {'line': b'-- Up-to-date: /home/em/ros_workspace_2025/nav_ws/install/px4_msgs/include/px4_msgs/px4_msgs/msg/landing_gear.h\n'}
[9.244573] (px4_msgs) StdoutLine: {'line': b'-- Up-to-date: /home/em/ros_workspace_2025/nav_ws/install/px4_msgs/include/px4_msgs/px4_msgs/msg/vehicle_angular_velocity.h\n'}
[9.244607] (px4_msgs) StdoutLine: {'line': b'-- Up-to-date: /home/em/ros_workspace_2025/nav_ws/install/px4_msgs/include/px4_msgs/px4_msgs/msg/open_drone_id_arm_status.h\n'}
[9.244639] (px4_msgs) StdoutLine: {'line': b'-- Up-to-date: /home/em/ros_workspace_2025/nav_ws/install/px4_msgs/include/px4_msgs/px4_msgs/msg/wind.h\n'}
[9.244673] (px4_msgs) StdoutLine: {'line': b'-- Up-to-date: /home/em/ros_workspace_2025/nav_ws/install/px4_msgs/include/px4_msgs/px4_msgs/msg/camera_capture.h\n'}
[9.244706] (px4_msgs) StdoutLine: {'line': b'-- Up-to-date: /home/em/ros_workspace_2025/nav_ws/install/px4_msgs/include/px4_msgs/px4_msgs/msg/sensor_hygrometer.h\n'}
[9.244740] (px4_msgs) StdoutLine: {'line': b'-- Up-to-date: /home/em/ros_workspace_2025/nav_ws/install/px4_msgs/include/px4_msgs/px4_msgs/msg/landing_target_pose.h\n'}
[9.244776] (px4_msgs) StdoutLine: {'line': b'-- Up-to-date: /home/em/ros_workspace_2025/nav_ws/install/px4_msgs/include/px4_msgs/px4_msgs/msg/logger_status.h\n'}
[9.244810] (px4_msgs) StdoutLine: {'line': b'-- Up-to-date: /home/em/ros_workspace_2025/nav_ws/install/px4_msgs/include/px4_msgs/px4_msgs/msg/sensor_accel_fifo.h\n'}
[9.244845] (px4_msgs) StdoutLine: {'line': b'-- Up-to-date: /home/em/ros_workspace_2025/nav_ws/install/px4_msgs/include/px4_msgs/px4_msgs/msg/mode_completed.h\n'}
[9.244879] (px4_msgs) StdoutLine: {'line': b'-- Up-to-date: /home/em/ros_workspace_2025/nav_ws/install/px4_msgs/include/px4_msgs/px4_msgs/msg/trajectory_waypoint.h\n'}
[9.244911] (px4_msgs) StdoutLine: {'line': b'-- Up-to-date: /home/em/ros_workspace_2025/nav_ws/install/px4_msgs/include/px4_msgs/px4_msgs/msg/vehicle_constraints.h\n'}
[9.244945] (px4_msgs) StdoutLine: {'line': b'-- Up-to-date: /home/em/ros_workspace_2025/nav_ws/install/px4_msgs/include/px4_msgs/px4_msgs/msg/sensor_gyro.h\n'}
[9.244978] (px4_msgs) StdoutLine: {'line': b'-- Up-to-date: /home/em/ros_workspace_2025/nav_ws/install/px4_msgs/include/px4_msgs/px4_msgs/msg/rover_mecanum_status.h\n'}
[9.245016] (px4_msgs) StdoutLine: {'line': b'-- Up-to-date: /home/em/ros_workspace_2025/nav_ws/install/px4_msgs/include/px4_msgs/px4_msgs/msg/vehicle_global_position.h\n'}
[9.245050] (px4_msgs) StdoutLine: {'line': b'-- Up-to-date: /home/em/ros_workspace_2025/nav_ws/install/px4_msgs/include/px4_msgs/px4_msgs/msg/rtl_time_estimate.h\n'}
[9.245082] (px4_msgs) StdoutLine: {'line': b'-- Up-to-date: /home/em/ros_workspace_2025/nav_ws/install/px4_msgs/include/px4_msgs/px4_msgs/msg/vehicle_local_position.h\n'}
[9.245115] (px4_msgs) StdoutLine: {'line': b'-- Up-to-date: /home/em/ros_workspace_2025/nav_ws/install/px4_msgs/include/px4_msgs/px4_msgs/msg/figure_eight_status.h\n'}
[9.245206] (px4_msgs) StdoutLine: {'line': b'-- Up-to-date: /home/em/ros_workspace_2025/nav_ws/install/px4_msgs/include/px4_msgs/px4_msgs/msg/mag_worker_data.h\n'}
[9.245246] (px4_msgs) StdoutLine: {'line': b'-- Up-to-date: /home/em/ros_workspace_2025/nav_ws/install/px4_msgs/include/px4_msgs/px4_msgs/msg/camera_status.h\n'}
[9.245281] (px4_msgs) StdoutLine: {'line': b'-- Up-to-date: /home/em/ros_workspace_2025/nav_ws/install/px4_msgs/include/px4_msgs/px4_msgs/msg/differential_pressure.h\n'}
[9.245315] (px4_msgs) StdoutLine: {'line': b'-- Up-to-date: /home/em/ros_workspace_2025/nav_ws/install/px4_msgs/include/px4_msgs/px4_msgs/msg/power_monitor.h\n'}
[9.245349] (px4_msgs) StdoutLine: {'line': b'-- Up-to-date: /home/em/ros_workspace_2025/nav_ws/install/px4_msgs/include/px4_msgs/px4_msgs/msg/vehicle_torque_setpoint.h\n'}
[9.245382] (px4_msgs) StdoutLine: {'line': b'-- Up-to-date: /home/em/ros_workspace_2025/nav_ws/install/px4_msgs/include/px4_msgs/px4_msgs/msg/gimbal_manager_set_attitude.h\n'}
[9.245426] (px4_msgs) StdoutLine: {'line': b'-- Up-to-date: /home/em/ros_workspace_2025/nav_ws/install/px4_msgs/include/px4_msgs/px4_msgs/msg/estimator_event_flags.h\n'}
[9.245466] (px4_msgs) StdoutLine: {'line': b'-- Up-to-date: /home/em/ros_workspace_2025/nav_ws/install/px4_msgs/include/px4_msgs/px4_msgs/msg/sensor_combined.h\n'}
[9.245630] (px4_msgs) StdoutLine: {'line': b'-- Up-to-date: /home/em/ros_workspace_2025/nav_ws/install/px4_msgs/include/px4_msgs/px4_msgs/msg/vehicle_imu_status.h\n'}
[9.245759] (px4_msgs) StdoutLine: {'line': b'-- Up-to-date: /home/em/ros_workspace_2025/nav_ws/install/px4_msgs/include/px4_msgs/px4_msgs/msg/battery_status.h\n'}
[9.245818] (px4_msgs) StdoutLine: {'line': b'-- Up-to-date: /home/em/ros_workspace_2025/nav_ws/install/px4_msgs/include/px4_msgs/px4_msgs/msg/unregister_ext_component.h\n'}
[9.245860] (px4_msgs) StdoutLine: {'line': b'-- Up-to-date: /home/em/ros_workspace_2025/nav_ws/install/px4_msgs/include/px4_msgs/px4_msgs/msg/can_interface_status.h\n'}
[9.245898] (px4_msgs) StdoutLine: {'line': b'-- Up-to-date: /home/em/ros_workspace_2025/nav_ws/install/px4_msgs/include/px4_msgs/px4_msgs/msg/vehicle_imu.h\n'}
[9.246050] (px4_msgs) StdoutLine: {'line': b'-- Up-to-date: /home/em/ros_workspace_2025/nav_ws/install/px4_msgs/include/px4_msgs/px4_msgs/msg/register_ext_component_reply.h\n'}
[9.246093] (px4_msgs) StdoutLine: {'line': b'-- Up-to-date: /home/em/ros_workspace_2025/nav_ws/install/px4_msgs/include/px4_msgs/px4_msgs/msg/sensor_selection.h\n'}
[9.246129] (px4_msgs) StdoutLine: {'line': b'-- Up-to-date: /home/em/ros_workspace_2025/nav_ws/install/px4_msgs/include/px4_msgs/px4_msgs/msg/vehicle_thrust_setpoint.h\n'}
[9.246164] (px4_msgs) StdoutLine: {'line': b'-- Up-to-date: /home/em/ros_workspace_2025/nav_ws/install/px4_msgs/include/px4_msgs/px4_msgs/msg/wheel_encoders.h\n'}
[9.246199] (px4_msgs) StdoutLine: {'line': b'-- Up-to-date: /home/em/ros_workspace_2025/nav_ws/install/px4_msgs/include/px4_msgs/px4_msgs/msg/geofence_status.h\n'}
[9.246232] (px4_msgs) StdoutLine: {'line': b'-- Up-to-date: /home/em/ros_workspace_2025/nav_ws/install/px4_msgs/include/px4_msgs/px4_msgs/msg/vehicle_status.h\n'}
[9.246261] (px4_msgs) StdoutLine: {'line': b'-- Up-to-date: /home/em/ros_workspace_2025/nav_ws/install/px4_msgs/include/px4_msgs/px4_msgs/msg/launch_detection_status.h\n'}
[9.246301] (px4_msgs) StdoutLine: {'line': b'-- Up-to-date: /home/em/ros_workspace_2025/nav_ws/install/px4_msgs/include/px4_msgs/px4_msgs/msg/rc_channels.h\n'}
[9.246330] (px4_msgs) StdoutLine: {'line': b'-- Up-to-date: /home/em/ros_workspace_2025/nav_ws/install/px4_msgs/include/px4_msgs/px4_msgs/msg/position_setpoint_triplet.h\n'}
[9.246358] (px4_msgs) StdoutLine: {'line': b'-- Up-to-date: /home/em/ros_workspace_2025/nav_ws/install/px4_msgs/include/px4_msgs/px4_msgs/msg/irlock_report.h\n'}
[9.246395] (px4_msgs) StdoutLine: {'line': b'-- Up-to-date: /home/em/ros_workspace_2025/nav_ws/install/px4_msgs/include/px4_msgs/px4_msgs/msg/open_drone_id_self_id.h\n'}
[9.246498] (px4_msgs) StdoutLine: {'line': b'-- Up-to-date: /home/em/ros_workspace_2025/nav_ws/install/px4_msgs/include/px4_msgs/px4_msgs/msg/mount_orientation.h\n'}
[9.246532] (px4_msgs) StdoutLine: {'line': b'-- Up-to-date: /home/em/ros_workspace_2025/nav_ws/install/px4_msgs/include/px4_msgs/px4_msgs/msg/npfg_status.h\n'}
[9.246562] (px4_msgs) StdoutLine: {'line': b'-- Up-to-date: /home/em/ros_workspace_2025/nav_ws/install/px4_msgs/include/px4_msgs/px4_msgs/msg/obstacle_distance.h\n'}
[9.246589] (px4_msgs) StdoutLine: {'line': b'-- Up-to-date: /home/em/ros_workspace_2025/nav_ws/install/px4_msgs/include/px4_msgs/px4_msgs/msg/cellular_status.h\n'}
[9.246622] (px4_msgs) StdoutLine: {'line': b'-- Up-to-date: /home/em/ros_workspace_2025/nav_ws/install/px4_msgs/include/px4_msgs/px4_msgs/msg/airspeed_wind.h\n'}
[9.246649] (px4_msgs) StdoutLine: {'line': b'-- Up-to-date: /home/em/ros_workspace_2025/nav_ws/install/px4_msgs/include/px4_msgs/px4_msgs/msg/fuel_tank_status.h\n'}
[9.246674] (px4_msgs) StdoutLine: {'line': b'-- Up-to-date: /home/em/ros_workspace_2025/nav_ws/install/px4_msgs/include/px4_msgs/px4_msgs/msg/rover_ackermann_guidance_status.h\n'}
[9.246703] (px4_msgs) StdoutLine: {'line': b'-- Up-to-date: /home/em/ros_workspace_2025/nav_ws/install/px4_msgs/include/px4_msgs/px4_msgs/msg/actuator_outputs.h\n'}
[9.246728] (px4_msgs) StdoutLine: {'line': b'-- Up-to-date: /home/em/ros_workspace_2025/nav_ws/install/px4_msgs/include/px4_msgs/px4_msgs/msg/health_report.h\n'}
[9.246753] (px4_msgs) StdoutLine: {'line': b'-- Up-to-date: /home/em/ros_workspace_2025/nav_ws/install/px4_msgs/include/px4_msgs/px4_msgs/msg/estimator_selector_status.h\n'}
[9.246778] (px4_msgs) StdoutLine: {'line': b'-- Up-to-date: /home/em/ros_workspace_2025/nav_ws/install/px4_msgs/include/px4_msgs/px4_msgs/msg/arming_check_reply.h\n'}
[9.246804] (px4_msgs) StdoutLine: {'line': b'-- Up-to-date: /home/em/ros_workspace_2025/nav_ws/install/px4_msgs/include/px4_msgs/px4_msgs/msg/sensor_preflight_mag.h\n'}
[9.246830] (px4_msgs) StdoutLine: {'line': b'-- Up-to-date: /home/em/ros_workspace_2025/nav_ws/install/px4_msgs/include/px4_msgs/px4_msgs/msg/follow_target_estimator.h\n'}
[9.246855] (px4_msgs) StdoutLine: {'line': b'-- Up-to-date: /home/em/ros_workspace_2025/nav_ws/install/px4_msgs/include/px4_msgs/px4_msgs/msg/actuator_servos.h\n'}
[9.246880] (px4_msgs) StdoutLine: {'line': b'-- Up-to-date: /home/em/ros_workspace_2025/nav_ws/install/px4_msgs/include/px4_msgs/px4_msgs/msg/actuator_test.h\n'}
[9.246905] (px4_msgs) StdoutLine: {'line': b'-- Up-to-date: /home/em/ros_workspace_2025/nav_ws/install/px4_msgs/include/px4_msgs/px4_msgs/msg/mission.h\n'}
[9.246931] (px4_msgs) StdoutLine: {'line': b'-- Up-to-date: /home/em/ros_workspace_2025/nav_ws/install/px4_msgs/include/px4_msgs/px4_msgs/msg/position_setpoint.h\n'}
[9.246958] (px4_msgs) StdoutLine: {'line': b'-- Up-to-date: /home/em/ros_workspace_2025/nav_ws/install/px4_msgs/include/px4_msgs/px4_msgs/msg/parameter_reset_request.h\n'}
[9.246986] (px4_msgs) StdoutLine: {'line': b'-- Up-to-date: /home/em/ros_workspace_2025/nav_ws/install/px4_msgs/include/px4_msgs/px4_msgs/msg/magnetometer_bias_estimate.h\n'}
[9.247013] (px4_msgs) StdoutLine: {'line': b'-- Up-to-date: /home/em/ros_workspace_2025/nav_ws/install/px4_msgs/include/px4_msgs/px4_msgs/msg/rover_differential_status.h\n'}
[9.247042] (px4_msgs) StdoutLine: {'line': b'-- Up-to-date: /home/em/ros_workspace_2025/nav_ws/install/px4_msgs/include/px4_msgs/px4_msgs/msg/gps_dump.h\n'}
[9.247077] (px4_msgs) StdoutLine: {'line': b'-- Up-to-date: /home/em/ros_workspace_2025/nav_ws/install/px4_msgs/include/px4_msgs/px4_msgs/msg/distance_sensor.h\n'}
[9.247117] (px4_msgs) StdoutLine: {'line': b'-- Up-to-date: /home/em/ros_workspace_2025/nav_ws/install/px4_msgs/include/px4_msgs/px4_msgs/msg/vehicle_trajectory_bezier.h\n'}
[9.247218] (px4_msgs) StdoutLine: {'line': b'-- Up-to-date: /home/em/ros_workspace_2025/nav_ws/install/px4_msgs/include/px4_msgs/px4_msgs/msg/gimbal_device_set_attitude.h\n'}
[9.247270] (px4_msgs) StdoutLine: {'line': b'-- Up-to-date: /home/em/ros_workspace_2025/nav_ws/install/px4_msgs/include/px4_msgs/px4_msgs/msg/vehicle_command_ack.h\n'}
[9.247350] (px4_msgs) StdoutLine: {'line': b'-- Up-to-date: /home/em/ros_workspace_2025/nav_ws/install/px4_msgs/include/px4_msgs/px4_msgs/msg/sensor_baro.h\n'}
[9.247509] (px4_msgs) StdoutLine: {'line': b'-- Up-to-date: /home/em/ros_workspace_2025/nav_ws/install/px4_msgs/include/px4_msgs/px4_msgs/msg/rc_parameter_map.h\n'}
[9.247582] (px4_msgs) StdoutLine: {'line': b'-- Up-to-date: /home/em/ros_workspace_2025/nav_ws/install/px4_msgs/include/px4_msgs/px4_msgs/msg/vehicle_rates_setpoint.h\n'}
[9.247625] (px4_msgs) StdoutLine: {'line': b'-- Up-to-date: /home/em/ros_workspace_2025/nav_ws/install/px4_msgs/include/px4_msgs/px4_msgs/msg/parameter_set_value_response.h\n'}
[9.247666] (px4_msgs) StdoutLine: {'line': b'-- Up-to-date: /home/em/ros_workspace_2025/nav_ws/install/px4_msgs/include/px4_msgs/px4_msgs/msg/parameter_set_used_request.h\n'}
[9.247761] (px4_msgs) StdoutLine: {'line': b'-- Up-to-date: /home/em/ros_workspace_2025/nav_ws/install/px4_msgs/include/px4_msgs/px4_msgs/msg/orb_test_large.h\n'}
[9.247911] (px4_msgs) StdoutLine: {'line': b'-- Up-to-date: /home/em/ros_workspace_2025/nav_ws/install/px4_msgs/include/px4_msgs/px4_msgs/msg/debug_vect.h\n'}
[9.247944] (px4_msgs) StdoutLine: {'line': b'-- Up-to-date: /home/em/ros_workspace_2025/nav_ws/install/px4_msgs/include/px4_msgs/px4_msgs/msg/led_control.h\n'}
[9.247992] (px4_msgs) StdoutLine: {'line': b'-- Up-to-date: /home/em/ros_workspace_2025/nav_ws/install/px4_msgs/include/px4_msgs/px4_msgs/msg/ekf2_timestamps.h\n'}
[9.248028] (px4_msgs) StdoutLine: {'line': b'-- Up-to-date: /home/em/ros_workspace_2025/nav_ws/install/px4_msgs/include/px4_msgs/px4_msgs/msg/generator_status.h\n'}
[9.248064] (px4_msgs) StdoutLine: {'line': b'-- Up-to-date: /home/em/ros_workspace_2025/nav_ws/install/px4_msgs/include/px4_msgs/px4_msgs/msg/estimator_innovations.h\n'}
[9.248097] (px4_msgs) StdoutLine: {'line': b'-- Up-to-date: /home/em/ros_workspace_2025/nav_ws/install/px4_msgs/include/px4_msgs/px4_msgs/msg/gimbal_manager_information.h\n'}
[9.248127] (px4_msgs) StdoutLine: {'line': b'-- Up-to-date: /home/em/ros_workspace_2025/nav_ws/install/px4_msgs/include/px4_msgs/px4_msgs/msg/sensor_accel.h\n'}
[9.248158] (px4_msgs) StdoutLine: {'line': b'-- Up-to-date: /home/em/ros_workspace_2025/nav_ws/install/px4_msgs/include/px4_msgs/px4_msgs/msg/onboard_computer_status.h\n'}
[9.248191] (px4_msgs) StdoutLine: {'line': b'-- Up-to-date: /home/em/ros_workspace_2025/nav_ws/install/px4_msgs/include/px4_msgs/px4_msgs/msg/yaw_estimator_status.h\n'}
[9.248224] (px4_msgs) StdoutLine: {'line': b'-- Up-to-date: /home/em/ros_workspace_2025/nav_ws/install/px4_msgs/include/px4_msgs/px4_msgs/msg/heater_status.h\n'}
[9.248352] (px4_msgs) StdoutLine: {'line': b'-- Up-to-date: /home/em/ros_workspace_2025/nav_ws/install/px4_msgs/include/px4_msgs/px4_msgs/msg/ping.h\n'}
[9.248391] (px4_msgs) StdoutLine: {'line': b'-- Up-to-date: /home/em/ros_workspace_2025/nav_ws/install/px4_msgs/include/px4_msgs/px4_msgs/msg/gpio_config.h\n'}
[9.248432] (px4_msgs) StdoutLine: {'line': b'-- Up-to-date: /home/em/ros_workspace_2025/nav_ws/install/px4_msgs/include/px4_msgs/px4_msgs/msg/rpm.h\n'}
[9.248464] (px4_msgs) StdoutLine: {'line': b'-- Up-to-date: /home/em/ros_workspace_2025/nav_ws/install/px4_msgs/include/px4_msgs/px4_msgs/msg/pwm_input.h\n'}
[9.248487] (px4_msgs) StdoutLine: {'line': b'-- Up-to-date: /home/em/ros_workspace_2025/nav_ws/install/px4_msgs/include/px4_msgs/px4_msgs/msg/sensors_status.h\n'}
[9.248510] (px4_msgs) StdoutLine: {'line': b'-- Up-to-date: /home/em/ros_workspace_2025/nav_ws/install/px4_msgs/include/px4_msgs/px4_msgs/msg/goto_setpoint.h\n'}
[9.248656] (px4_msgs) StdoutLine: {'line': b'-- Up-to-date: /home/em/ros_workspace_2025/nav_ws/install/px4_msgs/include/px4_msgs/px4_msgs/msg/sensor_airflow.h\n'}
[9.248746] (px4_msgs) StdoutLine: {'line': b'-- Up-to-date: /home/em/ros_workspace_2025/nav_ws/install/px4_msgs/include/px4_msgs/px4_msgs/msg/actuator_controls_status.h\n'}
[9.248784] (px4_msgs) StdoutLine: {'line': b'-- Up-to-date: /home/em/ros_workspace_2025/nav_ws/install/px4_msgs/include/px4_msgs/px4_msgs/msg/internal_combustion_engine_status.h\n'}
[9.248850] (px4_msgs) StdoutLine: {'line': b'-- Up-to-date: /home/em/ros_workspace_2025/nav_ws/install/px4_msgs/include/px4_msgs/px4_msgs/msg/gps_inject_data.h\n'}
[9.248878] (px4_msgs) StdoutLine: {'line': b'-- Up-to-date: /home/em/ros_workspace_2025/nav_ws/install/px4_msgs/include/px4_msgs/px4_msgs/msg/sensor_optical_flow.h\n'}
[9.248903] (px4_msgs) StdoutLine: {'line': b'-- Up-to-date: /home/em/ros_workspace_2025/nav_ws/install/px4_msgs/include/px4_msgs/px4_msgs/msg/open_drone_id_system.h\n'}
[9.248931] (px4_msgs) StdoutLine: {'line': b'-- Up-to-date: /home/em/ros_workspace_2025/nav_ws/install/px4_msgs/include/px4_msgs/px4_msgs/msg/mavlink_log.h\n'}
[9.248969] (px4_msgs) StdoutLine: {'line': b'-- Up-to-date: /home/em/ros_workspace_2025/nav_ws/install/px4_msgs/include/px4_msgs/px4_msgs/msg/estimator_sensor_bias.h\n'}
[9.249004] (px4_msgs) StdoutLine: {'line': b'-- Up-to-date: /home/em/ros_workspace_2025/nav_ws/install/px4_msgs/include/px4_msgs/px4_msgs/msg/button_event.h\n'}
[9.249039] (px4_msgs) StdoutLine: {'line': b'-- Up-to-date: /home/em/ros_workspace_2025/nav_ws/install/px4_msgs/include/px4_msgs/px4_msgs/msg/camera_trigger.h\n'}
[9.249087] (px4_msgs) StdoutLine: {'line': b'-- Up-to-date: /home/em/ros_workspace_2025/nav_ws/install/px4_msgs/include/px4_msgs/px4_msgs/msg/vehicle_acceleration.h\n'}
[9.249192] (px4_msgs) StdoutLine: {'line': b'-- Up-to-date: /home/em/ros_workspace_2025/nav_ws/install/px4_msgs/include/px4_msgs/px4_msgs/msg/log_message.h\n'}
[9.249226] (px4_msgs) StdoutLine: {'line': b'-- Up-to-date: /home/em/ros_workspace_2025/nav_ws/install/px4_msgs/include/px4_msgs/px4_msgs/msg/home_position.h\n'}
[9.249252] (px4_msgs) StdoutLine: {'line': b'-- Up-to-date: /home/em/ros_workspace_2025/nav_ws/install/px4_msgs/include/px4_msgs/px4_msgs/msg/gripper.h\n'}
[9.249277] (px4_msgs) StdoutLine: {'line': b'-- Up-to-date: /home/em/ros_workspace_2025/nav_ws/install/px4_msgs/include/px4_msgs/px4_msgs/msg/trajectory_bezier.h\n'}
[9.249301] (px4_msgs) StdoutLine: {'line': b'-- Up-to-date: /home/em/ros_workspace_2025/nav_ws/install/px4_msgs/include/px4_msgs/px4_msgs/msg/sensors_status_imu.h\n'}
[9.249327] (px4_msgs) StdoutLine: {'line': b'-- Up-to-date: /home/em/ros_workspace_2025/nav_ws/install/px4_msgs/include/px4_msgs/px4_msgs/msg/gpio_request.h\n'}
[9.249351] (px4_msgs) StdoutLine: {'line': b'-- Up-to-date: /home/em/ros_workspace_2025/nav_ws/install/px4_msgs/include/px4_msgs/px4_msgs/msg/action_request.h\n'}
[9.249375] (px4_msgs) StdoutLine: {'line': b'-- Up-to-date: /home/em/ros_workspace_2025/nav_ws/install/px4_msgs/include/px4_msgs/px4_msgs/msg/estimator_gps_status.h\n'}
[9.249399] (px4_msgs) StdoutLine: {'line': b'-- Up-to-date: /home/em/ros_workspace_2025/nav_ws/install/px4_msgs/include/px4_msgs/px4_msgs/msg/navigator_status.h\n'}
[9.249528] (px4_msgs) StdoutLine: {'line': b'-- Up-to-date: /home/em/ros_workspace_2025/nav_ws/install/px4_msgs/include/px4_msgs/px4_msgs/msg/rover_mecanum_guidance_status.h\n'}
[9.249560] (px4_msgs) StdoutLine: {'line': b'-- Up-to-date: /home/em/ros_workspace_2025/nav_ws/install/px4_msgs/include/px4_msgs/px4_msgs/msg/vehicle_air_data.h\n'}
[9.249588] (px4_msgs) StdoutLine: {'line': b'-- Up-to-date: /home/em/ros_workspace_2025/nav_ws/install/px4_msgs/include/px4_msgs/px4_msgs/msg/navigator_mission_item.h\n'}
[9.249613] (px4_msgs) StdoutLine: {'line': b'-- Up-to-date: /home/em/ros_workspace_2025/nav_ws/install/px4_msgs/include/px4_msgs/px4_msgs/msg/takeoff_status.h\n'}
[9.249639] (px4_msgs) StdoutLine: {'line': b'-- Up-to-date: /home/em/ros_workspace_2025/nav_ws/install/px4_msgs/include/px4_msgs/px4_msgs/msg/vehicle_attitude.h\n'}
[9.249672] (px4_msgs) StdoutLine: {'line': b'-- Up-to-date: /home/em/ros_workspace_2025/nav_ws/install/px4_msgs/include/px4_msgs/px4_msgs/msg/tecs_status.h\n'}
[9.249711] (px4_msgs) StdoutLine: {'line': b'-- Up-to-date: /home/em/ros_workspace_2025/nav_ws/install/px4_msgs/include/px4_msgs/px4_msgs/msg/telemetry_status.h\n'}
[9.249749] (px4_msgs) StdoutLine: {'line': b'-- Up-to-date: /home/em/ros_workspace_2025/nav_ws/install/px4_msgs/include/px4_msgs/px4_msgs/msg/estimator_status_flags.h\n'}
[9.249850] (px4_msgs) StdoutLine: {'line': b'-- Up-to-date: /home/em/ros_workspace_2025/nav_ws/install/px4_msgs/include/px4_msgs/px4_msgs/msg/pps_capture.h\n'}
[9.249884] (px4_msgs) StdoutLine: {'line': b'-- Up-to-date: /home/em/ros_workspace_2025/nav_ws/install/px4_msgs/include/px4_msgs/px4_msgs/msg/iridiumsbd_status.h\n'}
[9.249957] (px4_msgs) StdoutLine: {'line': b'-- Up-to-date: /home/em/ros_workspace_2025/nav_ws/install/px4_msgs/include/px4_msgs/px4_msgs/msg/message_format_response.h\n'}
[9.249987] (px4_msgs) StdoutLine: {'line': b'-- Up-to-date: /home/em/ros_workspace_2025/nav_ws/install/px4_msgs/include/px4_msgs/px4_msgs/msg/register_ext_component_request.h\n'}
[9.250017] (px4_msgs) StdoutLine: {'line': b'-- Up-to-date: /home/em/ros_workspace_2025/nav_ws/install/px4_msgs/include/px4_msgs/px4_msgs/msg/airspeed_validated.h\n'}
[9.250044] (px4_msgs) StdoutLine: {'line': b'-- Up-to-date: /home/em/ros_workspace_2025/nav_ws/install/px4_msgs/include/px4_msgs/px4_msgs/msg/parameter_update.h\n'}
[9.250072] (px4_msgs) StdoutLine: {'line': b'-- Up-to-date: /home/em/ros_workspace_2025/nav_ws/install/px4_msgs/include/px4_msgs/px4_msgs/msg/dataman_request.h\n'}
[9.250137] (px4_msgs) StdoutLine: {'line': b'-- Up-to-date: /home/em/ros_workspace_2025/nav_ws/install/px4_msgs/include/px4_msgs/px4_msgs/msg/rover_mecanum_setpoint.h\n'}
[9.250214] (px4_msgs) StdoutLine: {'line': b'-- Up-to-date: /home/em/ros_workspace_2025/nav_ws/install/px4_msgs/include/px4_msgs/px4_msgs/msg/follow_target.h\n'}
[9.250292] (px4_msgs) StdoutLine: {'line': b'-- Up-to-date: /home/em/ros_workspace_2025/nav_ws/install/px4_msgs/include/px4_msgs/px4_msgs/msg/timesync_status.h\n'}
[9.250362] (px4_msgs) StdoutLine: {'line': b'-- Up-to-date: /home/em/ros_workspace_2025/nav_ws/install/px4_msgs/include/px4_msgs/px4_msgs/msg/gpio_out.h\n'}
[9.250451] (px4_msgs) StdoutLine: {'line': b'-- Up-to-date: /home/em/ros_workspace_2025/nav_ws/install/px4_msgs/include/px4_msgs/px4_msgs/msg/esc_report.h\n'}
[9.250540] (px4_msgs) StdoutLine: {'line': b'-- Up-to-date: /home/em/ros_workspace_2025/nav_ws/install/px4_msgs/include/px4_msgs/px4_msgs/msg/estimator_status.h\n'}
[9.250618] (px4_msgs) StdoutLine: {'line': b'-- Up-to-date: /home/em/ros_workspace_2025/nav_ws/install/px4_msgs/include/px4_msgs/px4_msgs/msg/dataman_response.h\n'}
[9.250686] (px4_msgs) StdoutLine: {'line': b'-- Up-to-date: /home/em/ros_workspace_2025/nav_ws/install/px4_msgs/include/px4_msgs/px4_msgs/msg/sensor_uwb.h\n'}
[9.250756] (px4_msgs) StdoutLine: {'line': b'-- Up-to-date: /home/em/ros_workspace_2025/nav_ws/install/px4_msgs/include/px4_msgs/px4_msgs/msg/message_format_request.h\n'}
[9.250873] (px4_msgs) StdoutLine: {'line': b'-- Up-to-date: /home/em/ros_workspace_2025/nav_ws/install/px4_msgs/include/px4_msgs/px4_msgs/msg/vtol_vehicle_status.h\n'}
[9.250945] (px4_msgs) StdoutLine: {'line': b'-- Up-to-date: /home/em/ros_workspace_2025/nav_ws/install/px4_msgs/include/px4_msgs/px4_msgs/msg/vehicle_trajectory_waypoint.h\n'}
[9.251015] (px4_msgs) StdoutLine: {'line': b'-- Up-to-date: /home/em/ros_workspace_2025/nav_ws/install/px4_msgs/include/px4_msgs/px4_msgs/msg/tune_control.h\n'}
[9.251095] (px4_msgs) StdoutLine: {'line': b'-- Up-to-date: /home/em/ros_workspace_2025/nav_ws/install/px4_msgs/include/px4_msgs/px4_msgs/msg/vehicle_magnetometer.h\n'}
[9.251162] (px4_msgs) StdoutLine: {'line': b'-- Up-to-date: /home/em/ros_workspace_2025/nav_ws/install/px4_msgs/include/px4_msgs/px4_msgs/msg/rate_ctrl_status.h\n'}
[9.251229] (px4_msgs) StdoutLine: {'line': b'-- Up-to-date: /home/em/ros_workspace_2025/nav_ws/install/px4_msgs/include/px4_msgs/px4_msgs/msg/debug_key_value.h\n'}
[9.251315] (px4_msgs) StdoutLine: {'line': b'-- Up-to-date: /home/em/ros_workspace_2025/nav_ws/install/px4_msgs/include/px4_msgs/px4_msgs/msg/estimator_bias3d.h\n'}
[9.251419] (px4_msgs) StdoutLine: {'line': b'-- Up-to-date: /home/em/ros_workspace_2025/nav_ws/install/px4_msgs/include/px4_msgs/px4_msgs/msg/system_power.h\n'}
[9.251609] (px4_msgs) StdoutLine: {'line': b'-- Up-to-date: /home/em/ros_workspace_2025/nav_ws/install/px4_msgs/include/px4_msgs/px4_msgs/msg/sensor_gps.h\n'}
[9.251675] (px4_msgs) StdoutLine: {'line': b'-- Up-to-date: /home/em/ros_workspace_2025/nav_ws/install/px4_msgs/include/px4_msgs/px4_msgs/msg/distance_sensor_mode_change_request.h\n'}
[9.251743] (px4_msgs) StdoutLine: {'line': b'-- Up-to-date: /home/em/ros_workspace_2025/nav_ws/install/px4_msgs/include/px4_msgs/px4_msgs/msg/airspeed.h\n'}
[9.251810] (px4_msgs) StdoutLine: {'line': b'-- Up-to-date: /home/em/ros_workspace_2025/nav_ws/install/px4_msgs/include/px4_msgs/px4_msgs/msg/estimator_states.h\n'}
[9.251927] (px4_msgs) StdoutLine: {'line': b'-- Up-to-date: /home/em/ros_workspace_2025/nav_ws/install/px4_msgs/include/px4_msgs/px4_msgs/msg/manual_control_setpoint.h\n'}
[9.251955] (px4_msgs) StdoutLine: {'line': b'-- Up-to-date: /home/em/ros_workspace_2025/nav_ws/install/px4_msgs/include/px4_msgs/px4_msgs/msg/vehicle_optical_flow_vel.h\n'}
[9.251984] (px4_msgs) StdoutLine: {'line': b'-- Up-to-date: /home/em/ros_workspace_2025/nav_ws/install/px4_msgs/include/px4_msgs/px4_msgs/msg/sensor_correction.h\n'}
[9.252010] (px4_msgs) StdoutLine: {'line': b'-- Up-to-date: /home/em/ros_workspace_2025/nav_ws/install/px4_msgs/include/px4_msgs/px4_msgs/msg/buffer128.h\n'}
[9.252184] (px4_msgs) StdoutLine: {'line': b'-- Up-to-date: /home/em/ros_workspace_2025/nav_ws/install/px4_msgs/include/px4_msgs/px4_msgs/msg/esc_status.h\n'}
[9.252291] (px4_msgs) StdoutLine: {'line': b'-- Up-to-date: /home/em/ros_workspace_2025/nav_ws/install/px4_msgs/include/px4_msgs/px4_msgs/msg/flight_phase_estimation.h\n'}
[9.252375] (px4_msgs) StdoutLine: {'line': b'-- Up-to-date: /home/em/ros_workspace_2025/nav_ws/install/px4_msgs/include/px4_msgs/px4_msgs/msg/input_rc.h\n'}
[9.252532] (px4_msgs) StdoutLine: {'line': b'-- Up-to-date: /home/em/ros_workspace_2025/nav_ws/install/px4_msgs/include/px4_msgs/px4_msgs/msg/normalized_unsigned_setpoint.h\n'}
[9.252605] (px4_msgs) StdoutLine: {'line': b'-- Up-to-date: /home/em/ros_workspace_2025/nav_ws/install/px4_msgs/include/px4_msgs/px4_msgs/msg/gimbal_manager_set_manual_control.h\n'}
[9.252676] (px4_msgs) StdoutLine: {'line': b'-- Up-to-date: /home/em/ros_workspace_2025/nav_ws/install/px4_msgs/include/px4_msgs/px4_msgs/msg/uavcan_parameter_request.h\n'}
[9.252719] (px4_msgs) StdoutLine: {'line': b'-- Up-to-date: /home/em/ros_workspace_2025/nav_ws/install/px4_msgs/include/px4_msgs/px4_msgs/msg/gimbal_controls.h\n'}
[9.252757] (px4_msgs) StdoutLine: {'line': b'-- Up-to-date: /home/em/ros_workspace_2025/nav_ws/install/px4_msgs/include/px4_msgs/px4_msgs/msg/open_drone_id_operator_id.h\n'}
[9.252794] (px4_msgs) StdoutLine: {'line': b'-- Up-to-date: /home/em/ros_workspace_2025/nav_ws/install/px4_msgs/include/px4_msgs/px4_msgs/msg/collision_constraints.h\n'}
[9.252832] (px4_msgs) StdoutLine: {'line': b'-- Up-to-date: /home/em/ros_workspace_2025/nav_ws/install/px4_msgs/include/px4_msgs/px4_msgs/msg/rtl_status.h\n'}
[9.252993] (px4_msgs) StdoutLine: {'line': b'-- Up-to-date: /home/em/ros_workspace_2025/nav_ws/install/px4_msgs/include/px4_msgs/px4_msgs/msg/radio_status.h\n'}
[9.253120] (px4_msgs) StdoutLine: {'line': b'-- Up-to-date: /home/em/ros_workspace_2025/nav_ws/install/px4_msgs/include/px4_msgs/px4_msgs/msg/actuator_armed.h\n'}
[9.253267] (px4_msgs) StdoutLine: {'line': b'-- Up-to-date: /home/em/ros_workspace_2025/nav_ws/install/px4_msgs/include/px4_msgs/px4_msgs/msg/qshell_retval.h\n'}
[9.253400] (px4_msgs) StdoutLine: {'line': b'-- Up-to-date: /home/em/ros_workspace_2025/nav_ws/install/px4_msgs/include/px4_msgs/px4_msgs/msg/sensor_gnss_relative.h\n'}
[9.253528] (px4_msgs) StdoutLine: {'line': b'-- Up-to-date: /home/em/ros_workspace_2025/nav_ws/install/px4_msgs/include/px4_msgs/px4_msgs/msg/transponder_report.h\n'}
[9.253572] (px4_msgs) StdoutLine: {'line': b'-- Up-to-date: /home/em/ros_workspace_2025/nav_ws/install/px4_msgs/include/px4_msgs/px4_msgs/msg/rover_ackermann_setpoint.h\n'}
[9.253603] (px4_msgs) StdoutLine: {'line': b'-- Up-to-date: /home/em/ros_workspace_2025/nav_ws/install/px4_msgs/include/px4_msgs/px4_msgs/msg/orb_test_medium.h\n'}
[9.253640] (px4_msgs) StdoutLine: {'line': b'-- Up-to-date: /home/em/ros_workspace_2025/nav_ws/install/px4_msgs/include/px4_msgs/px4_msgs/msg/parameter_set_value_request.h\n'}
[9.253668] (px4_msgs) StdoutLine: {'line': b'-- Up-to-date: /home/em/ros_workspace_2025/nav_ws/install/px4_msgs/include/px4_msgs/px4_msgs/msg/adc_report.h\n'}
[9.253697] (px4_msgs) StdoutLine: {'line': b'-- Up-to-date: /home/em/ros_workspace_2025/nav_ws/install/px4_msgs/include/px4_msgs/px4_msgs/msg/control_allocator_status.h\n'}
[9.253725] (px4_msgs) StdoutLine: {'line': b'-- Up-to-date: /home/em/ros_workspace_2025/nav_ws/install/px4_msgs/include/px4_msgs/px4_msgs/msg/geofence_result.h\n'}
[9.253753] (px4_msgs) StdoutLine: {'line': b'-- Up-to-date: /home/em/ros_workspace_2025/nav_ws/install/px4_msgs/include/px4_msgs/px4_msgs/msg/gpio_in.h\n'}
[9.253785] (px4_msgs) StdoutLine: {'line': b'-- Up-to-date: /home/em/ros_workspace_2025/nav_ws/install/px4_msgs/include/px4_msgs/px4_msgs/msg/gimbal_manager_status.h\n'}
[9.253816] (px4_msgs) StdoutLine: {'line': b'-- Up-to-date: /home/em/ros_workspace_2025/nav_ws/install/px4_msgs/include/px4_msgs/px4_msgs/msg/vehicle_optical_flow.h\n'}
[9.253848] (px4_msgs) StdoutLine: {'line': b'-- Up-to-date: /home/em/ros_workspace_2025/nav_ws/install/px4_msgs/include/px4_msgs/px4_msgs/msg/orb_test.h\n'}
[9.253878] (px4_msgs) StdoutLine: {'line': b'-- Up-to-date: /home/em/ros_workspace_2025/nav_ws/install/px4_msgs/include/px4_msgs/px4_msgs/msg/actuator_servos_trim.h\n'}
[9.253910] (px4_msgs) StdoutLine: {'line': b'-- Up-to-date: /home/em/ros_workspace_2025/nav_ws/install/px4_msgs/include/px4_msgs/px4_msgs/msg/gimbal_device_attitude_status.h\n'}
[9.253941] (px4_msgs) StdoutLine: {'line': b'-- Up-to-date: /home/em/ros_workspace_2025/nav_ws/install/px4_msgs/include/px4_msgs/px4_msgs/msg/detail\n'}
[9.253973] (px4_msgs) StdoutLine: {'line': b'-- Up-to-date: /home/em/ros_workspace_2025/nav_ws/install/px4_msgs/include/px4_msgs/px4_msgs/msg/detail/flight_phase_estimation__functions.c\n'}
[9.254005] (px4_msgs) StdoutLine: {'line': b'-- Up-to-date: /home/em/ros_workspace_2025/nav_ws/install/px4_msgs/include/px4_msgs/px4_msgs/msg/detail/rover_mecanum_setpoint__type_support.h\n'}
[9.254035] (px4_msgs) StdoutLine: {'line': b'-- Up-to-date: /home/em/ros_workspace_2025/nav_ws/install/px4_msgs/include/px4_msgs/px4_msgs/msg/detail/actuator_motors__functions.h\n'}
[9.254065] (px4_msgs) StdoutLine: {'line': b'-- Up-to-date: /home/em/ros_workspace_2025/nav_ws/install/px4_msgs/include/px4_msgs/px4_msgs/msg/detail/sensor_gps__struct.h\n'}
[9.254094] (px4_msgs) StdoutLine: {'line': b'-- Up-to-date: /home/em/ros_workspace_2025/nav_ws/install/px4_msgs/include/px4_msgs/px4_msgs/msg/detail/tune_control__struct.h\n'}
[9.254124] (px4_msgs) StdoutLine: {'line': b'-- Up-to-date: /home/em/ros_workspace_2025/nav_ws/install/px4_msgs/include/px4_msgs/px4_msgs/msg/detail/manual_control_switches__functions.h\n'}
[9.254153] (px4_msgs) StdoutLine: {'line': b'-- Up-to-date: /home/em/ros_workspace_2025/nav_ws/install/px4_msgs/include/px4_msgs/px4_msgs/msg/detail/trajectory_bezier__struct.h\n'}
[9.254183] (px4_msgs) StdoutLine: {'line': b'-- Up-to-date: /home/em/ros_workspace_2025/nav_ws/install/px4_msgs/include/px4_msgs/px4_msgs/msg/detail/heater_status__functions.h\n'}
[9.254212] (px4_msgs) StdoutLine: {'line': b'-- Up-to-date: /home/em/ros_workspace_2025/nav_ws/install/px4_msgs/include/px4_msgs/px4_msgs/msg/detail/estimator_status__struct.h\n'}
[9.254241] (px4_msgs) StdoutLine: {'line': b'-- Up-to-date: /home/em/ros_workspace_2025/nav_ws/install/px4_msgs/include/px4_msgs/px4_msgs/msg/detail/estimator_states__functions.h\n'}
[9.254296] (px4_msgs) StdoutLine: {'line': b'-- Up-to-date: /home/em/ros_workspace_2025/nav_ws/install/px4_msgs/include/px4_msgs/px4_msgs/msg/detail/trajectory_waypoint__functions.c\n'}
[9.254327] (px4_msgs) StdoutLine: {'line': b'-- Up-to-date: /home/em/ros_workspace_2025/nav_ws/install/px4_msgs/include/px4_msgs/px4_msgs/msg/detail/parameter_set_used_request__type_support.h\n'}
[9.254441] (px4_msgs) StdoutLine: {'line': b'-- Up-to-date: /home/em/ros_workspace_2025/nav_ws/install/px4_msgs/include/px4_msgs/px4_msgs/msg/detail/mission_result__functions.h\n'}
[9.254477] (px4_msgs) StdoutLine: {'line': b'-- Up-to-date: /home/em/ros_workspace_2025/nav_ws/install/px4_msgs/include/px4_msgs/px4_msgs/msg/detail/debug_array__struct.h\n'}
[9.254511] (px4_msgs) StdoutLine: {'line': b'-- Up-to-date: /home/em/ros_workspace_2025/nav_ws/install/px4_msgs/include/px4_msgs/px4_msgs/msg/detail/vehicle_angular_acceleration_setpoint__struct.h\n'}
[9.254574] (px4_msgs) StdoutLine: {'line': b'-- Up-to-date: /home/em/ros_workspace_2025/nav_ws/install/px4_msgs/include/px4_msgs/px4_msgs/msg/detail/timesync_status__type_support.h\n'}
[9.254611] (px4_msgs) StdoutLine: {'line': b'-- Up-to-date: /home/em/ros_workspace_2025/nav_ws/install/px4_msgs/include/px4_msgs/px4_msgs/msg/detail/sensor_mag__functions.h\n'}
[9.254642] (px4_msgs) StdoutLine: {'line': b'-- Up-to-date: /home/em/ros_workspace_2025/nav_ws/install/px4_msgs/include/px4_msgs/px4_msgs/msg/detail/sensor_airflow__struct.h\n'}
[9.254673] (px4_msgs) StdoutLine: {'line': b'-- Up-to-date: /home/em/ros_workspace_2025/nav_ws/install/px4_msgs/include/px4_msgs/px4_msgs/msg/detail/gimbal_manager_status__functions.c\n'}
[9.254703] (px4_msgs) StdoutLine: {'line': b'-- Up-to-date: /home/em/ros_workspace_2025/nav_ws/install/px4_msgs/include/px4_msgs/px4_msgs/msg/detail/magnetometer_bias_estimate__type_support.h\n'}
[9.254733] (px4_msgs) StdoutLine: {'line': b'-- Up-to-date: /home/em/ros_workspace_2025/nav_ws/install/px4_msgs/include/px4_msgs/px4_msgs/msg/detail/sensor_combined__type_support.h\n'}
[9.254762] (px4_msgs) StdoutLine: {'line': b'-- Up-to-date: /home/em/ros_workspace_2025/nav_ws/install/px4_msgs/include/px4_msgs/px4_msgs/msg/detail/vehicle_imu_status__type_support.h\n'}
[9.254792] (px4_msgs) StdoutLine: {'line': b'-- Up-to-date: /home/em/ros_workspace_2025/nav_ws/install/px4_msgs/include/px4_msgs/px4_msgs/msg/detail/open_drone_id_arm_status__struct.h\n'}
[9.254821] (px4_msgs) StdoutLine: {'line': b'-- Up-to-date: /home/em/ros_workspace_2025/nav_ws/install/px4_msgs/include/px4_msgs/px4_msgs/msg/detail/rover_differential_status__type_support.h\n'}
[9.254851] (px4_msgs) StdoutLine: {'line': b'-- Up-to-date: /home/em/ros_workspace_2025/nav_ws/install/px4_msgs/include/px4_msgs/px4_msgs/msg/detail/vehicle_trajectory_bezier__functions.c\n'}
[9.254880] (px4_msgs) StdoutLine: {'line': b'-- Up-to-date: /home/em/ros_workspace_2025/nav_ws/install/px4_msgs/include/px4_msgs/px4_msgs/msg/detail/launch_detection_status__struct.h\n'}
[9.254910] (px4_msgs) StdoutLine: {'line': b'-- Up-to-date: /home/em/ros_workspace_2025/nav_ws/install/px4_msgs/include/px4_msgs/px4_msgs/msg/detail/event__functions.h\n'}
[9.254939] (px4_msgs) StdoutLine: {'line': b'-- Up-to-date: /home/em/ros_workspace_2025/nav_ws/install/px4_msgs/include/px4_msgs/px4_msgs/msg/detail/vehicle_constraints__type_support.h\n'}
[9.254969] (px4_msgs) StdoutLine: {'line': b'-- Up-to-date: /home/em/ros_workspace_2025/nav_ws/install/px4_msgs/include/px4_msgs/px4_msgs/msg/detail/pps_capture__struct.h\n'}
[9.254998] (px4_msgs) StdoutLine: {'line': b'-- Up-to-date: /home/em/ros_workspace_2025/nav_ws/install/px4_msgs/include/px4_msgs/px4_msgs/msg/detail/estimator_states__struct.h\n'}
[9.255027] (px4_msgs) StdoutLine: {'line': b'-- Up-to-date: /home/em/ros_workspace_2025/nav_ws/install/px4_msgs/include/px4_msgs/px4_msgs/msg/detail/open_drone_id_arm_status__type_support.h\n'}
[9.255057] (px4_msgs) StdoutLine: {'line': b'-- Up-to-date: /home/em/ros_workspace_2025/nav_ws/install/px4_msgs/include/px4_msgs/px4_msgs/msg/detail/failsafe_flags__functions.c\n'}
[9.255087] (px4_msgs) StdoutLine: {'line': b'-- Up-to-date: /home/em/ros_workspace_2025/nav_ws/install/px4_msgs/include/px4_msgs/px4_msgs/msg/detail/orb_test_medium__functions.c\n'}
[9.255117] (px4_msgs) StdoutLine: {'line': b'-- Up-to-date: /home/em/ros_workspace_2025/nav_ws/install/px4_msgs/include/px4_msgs/px4_msgs/msg/detail/adc_report__functions.h\n'}
[9.255159] (px4_msgs) StdoutLine: {'line': b'-- Up-to-date: /home/em/ros_workspace_2025/nav_ws/install/px4_msgs/include/px4_msgs/px4_msgs/msg/detail/parameter_set_value_response__struct.h\n'}
[9.255188] (px4_msgs) StdoutLine: {'line': b'-- Up-to-date: /home/em/ros_workspace_2025/nav_ws/install/px4_msgs/include/px4_msgs/px4_msgs/msg/detail/gpio_config__type_support.h\n'}
[9.255218] (px4_msgs) StdoutLine: {'line': b'-- Up-to-date: /home/em/ros_workspace_2025/nav_ws/install/px4_msgs/include/px4_msgs/px4_msgs/msg/detail/arming_check_reply__functions.h\n'}
[9.255248] (px4_msgs) StdoutLine: {'line': b'-- Up-to-date: /home/em/ros_workspace_2025/nav_ws/install/px4_msgs/include/px4_msgs/px4_msgs/msg/detail/trajectory_bezier__functions.h\n'}
[9.255277] (px4_msgs) StdoutLine: {'line': b'-- Up-to-date: /home/em/ros_workspace_2025/nav_ws/install/px4_msgs/include/px4_msgs/px4_msgs/msg/detail/vehicle_thrust_setpoint__functions.c\n'}
[9.255306] (px4_msgs) StdoutLine: {'line': b'-- Up-to-date: /home/em/ros_workspace_2025/nav_ws/install/px4_msgs/include/px4_msgs/px4_msgs/msg/detail/position_setpoint_triplet__functions.h\n'}
[9.255388] (px4_msgs) StdoutLine: {'line': b'-- Up-to-date: /home/em/ros_workspace_2025/nav_ws/install/px4_msgs/include/px4_msgs/px4_msgs/msg/detail/sensors_status__functions.h\n'}
[9.255598] (px4_msgs) StdoutLine: {'line': b'-- Up-to-date: /home/em/ros_workspace_2025/nav_ws/install/px4_msgs/include/px4_msgs/px4_msgs/msg/detail/action_request__struct.h\n'}
[9.255637] (px4_msgs) StdoutLine: {'line': b'-- Up-to-date: /home/em/ros_workspace_2025/nav_ws/install/px4_msgs/include/px4_msgs/px4_msgs/msg/detail/estimator_aid_source2d__functions.c\n'}
[9.255675] (px4_msgs) StdoutLine: {'line': b'-- Up-to-date: /home/em/ros_workspace_2025/nav_ws/install/px4_msgs/include/px4_msgs/px4_msgs/msg/detail/differential_pressure__functions.h\n'}
[9.255709] (px4_msgs) StdoutLine: {'line': b'-- Up-to-date: /home/em/ros_workspace_2025/nav_ws/install/px4_msgs/include/px4_msgs/px4_msgs/msg/detail/pps_capture__type_support.h\n'}
[9.255743] (px4_msgs) StdoutLine: {'line': b'-- Up-to-date: /home/em/ros_workspace_2025/nav_ws/install/px4_msgs/include/px4_msgs/px4_msgs/msg/detail/heater_status__functions.c\n'}
[9.255779] (px4_msgs) StdoutLine: {'line': b'-- Up-to-date: /home/em/ros_workspace_2025/nav_ws/install/px4_msgs/include/px4_msgs/px4_msgs/msg/detail/camera_capture__functions.h\n'}
[9.255812] (px4_msgs) StdoutLine: {'line': b'-- Up-to-date: /home/em/ros_workspace_2025/nav_ws/install/px4_msgs/include/px4_msgs/px4_msgs/msg/detail/event__functions.c\n'}
[9.255843] (px4_msgs) StdoutLine: {'line': b'-- Up-to-date: /home/em/ros_workspace_2025/nav_ws/install/px4_msgs/include/px4_msgs/px4_msgs/msg/detail/generator_status__type_support.h\n'}
[9.255878] (px4_msgs) StdoutLine: {'line': b'-- Up-to-date: /home/em/ros_workspace_2025/nav_ws/install/px4_msgs/include/px4_msgs/px4_msgs/msg/detail/vehicle_attitude__functions.c\n'}
[9.255913] (px4_msgs) StdoutLine: {'line': b'-- Up-to-date: /home/em/ros_workspace_2025/nav_ws/install/px4_msgs/include/px4_msgs/px4_msgs/msg/detail/gimbal_device_set_attitude__struct.h\n'}
[9.255948] (px4_msgs) StdoutLine: {'line': b'-- Up-to-date: /home/em/ros_workspace_2025/nav_ws/install/px4_msgs/include/px4_msgs/px4_msgs/msg/detail/actuator_outputs__struct.h\n'}
[9.255994] (px4_msgs) StdoutLine: {'line': b'-- Up-to-date: /home/em/ros_workspace_2025/nav_ws/install/px4_msgs/include/px4_msgs/px4_msgs/msg/detail/vehicle_trajectory_waypoint__struct.h\n'}
[9.256028] (px4_msgs) StdoutLine: {'line': b'-- Up-to-date: /home/em/ros_workspace_2025/nav_ws/install/px4_msgs/include/px4_msgs/px4_msgs/msg/detail/gimbal_manager_information__type_support.h\n'}
[9.256059] (px4_msgs) StdoutLine: {'line': b'-- Up-to-date: /home/em/ros_workspace_2025/nav_ws/install/px4_msgs/include/px4_msgs/px4_msgs/msg/detail/rover_differential_status__functions.h\n'}
[9.256091] (px4_msgs) StdoutLine: {'line': b'-- Up-to-date: /home/em/ros_workspace_2025/nav_ws/install/px4_msgs/include/px4_msgs/px4_msgs/msg/detail/vehicle_global_position__type_support.h\n'}
[9.256168] (px4_msgs) StdoutLine: {'line': b'-- Up-to-date: /home/em/ros_workspace_2025/nav_ws/install/px4_msgs/include/px4_msgs/px4_msgs/msg/detail/irlock_report__type_support.h\n'}
[9.256207] (px4_msgs) StdoutLine: {'line': b'-- Up-to-date: /home/em/ros_workspace_2025/nav_ws/install/px4_msgs/include/px4_msgs/px4_msgs/msg/detail/onboard_computer_status__functions.h\n'}
[9.256245] (px4_msgs) StdoutLine: {'line': b'-- Up-to-date: /home/em/ros_workspace_2025/nav_ws/install/px4_msgs/include/px4_msgs/px4_msgs/msg/detail/distance_sensor_mode_change_request__struct.h\n'}
[9.256276] (px4_msgs) StdoutLine: {'line': b'-- Up-to-date: /home/em/ros_workspace_2025/nav_ws/install/px4_msgs/include/px4_msgs/px4_msgs/msg/detail/velocity_limits__functions.h\n'}
[9.256307] (px4_msgs) StdoutLine: {'line': b'-- Up-to-date: /home/em/ros_workspace_2025/nav_ws/install/px4_msgs/include/px4_msgs/px4_msgs/msg/detail/yaw_estimator_status__functions.h\n'}
[9.256336] (px4_msgs) StdoutLine: {'line': b'-- Up-to-date: /home/em/ros_workspace_2025/nav_ws/install/px4_msgs/include/px4_msgs/px4_msgs/msg/detail/vehicle_constraints__struct.h\n'}
[9.256364] (px4_msgs) StdoutLine: {'line': b'-- Up-to-date: /home/em/ros_workspace_2025/nav_ws/install/px4_msgs/include/px4_msgs/px4_msgs/msg/detail/airspeed__functions.c\n'}
[9.256392] (px4_msgs) StdoutLine: {'line': b'-- Up-to-date: /home/em/ros_workspace_2025/nav_ws/install/px4_msgs/include/px4_msgs/px4_msgs/msg/detail/event__struct.h\n'}
[9.256428] (px4_msgs) StdoutLine: {'line': b'-- Up-to-date: /home/em/ros_workspace_2025/nav_ws/install/px4_msgs/include/px4_msgs/px4_msgs/msg/detail/telemetry_status__type_support.h\n'}
[9.256457] (px4_msgs) StdoutLine: {'line': b'-- Up-to-date: /home/em/ros_workspace_2025/nav_ws/install/px4_msgs/include/px4_msgs/px4_msgs/msg/detail/rate_ctrl_status__functions.h\n'}
[9.256485] (px4_msgs) StdoutLine: {'line': b'-- Up-to-date: /home/em/ros_workspace_2025/nav_ws/install/px4_msgs/include/px4_msgs/px4_msgs/msg/detail/debug_vect__functions.h\n'}
[9.256513] (px4_msgs) StdoutLine: {'line': b'-- Up-to-date: /home/em/ros_workspace_2025/nav_ws/install/px4_msgs/include/px4_msgs/px4_msgs/msg/detail/sensor_combined__functions.h\n'}
[9.256541] (px4_msgs) StdoutLine: {'line': b'-- Up-to-date: /home/em/ros_workspace_2025/nav_ws/install/px4_msgs/include/px4_msgs/px4_msgs/msg/detail/vehicle_thrust_setpoint__struct.h\n'}
[9.256569] (px4_msgs) StdoutLine: {'line': b'-- Up-to-date: /home/em/ros_workspace_2025/nav_ws/install/px4_msgs/include/px4_msgs/px4_msgs/msg/detail/open_drone_id_system__functions.c\n'}
[9.256655] (px4_msgs) StdoutLine: {'line': b'-- Up-to-date: /home/em/ros_workspace_2025/nav_ws/install/px4_msgs/include/px4_msgs/px4_msgs/msg/detail/control_allocator_status__functions.c\n'}
[9.256707] (px4_msgs) StdoutLine: {'line': b'-- Up-to-date: /home/em/ros_workspace_2025/nav_ws/install/px4_msgs/include/px4_msgs/px4_msgs/msg/detail/rover_mecanum_status__struct.h\n'}
[9.256737] (px4_msgs) StdoutLine: {'line': b'-- Up-to-date: /home/em/ros_workspace_2025/nav_ws/install/px4_msgs/include/px4_msgs/px4_msgs/msg/detail/power_button_state__struct.h\n'}
[9.256767] (px4_msgs) StdoutLine: {'line': b'-- Up-to-date: /home/em/ros_workspace_2025/nav_ws/install/px4_msgs/include/px4_msgs/px4_msgs/msg/detail/landing_gear_wheel__functions.c\n'}
[9.256797] (px4_msgs) StdoutLine: {'line': b'-- Up-to-date: /home/em/ros_workspace_2025/nav_ws/install/px4_msgs/include/px4_msgs/px4_msgs/msg/detail/geofence_result__struct.h\n'}
[9.256830] (px4_msgs) StdoutLine: {'line': b'-- Up-to-date: /home/em/ros_workspace_2025/nav_ws/install/px4_msgs/include/px4_msgs/px4_msgs/msg/detail/airspeed_validated__functions.h\n'}
[9.256880] (px4_msgs) StdoutLine: {'line': b'-- Up-to-date: /home/em/ros_workspace_2025/nav_ws/install/px4_msgs/include/px4_msgs/px4_msgs/msg/detail/vehicle_command__type_support.h\n'}
[9.256937] (px4_msgs) StdoutLine: {'line': b'-- Up-to-date: /home/em/ros_workspace_2025/nav_ws/install/px4_msgs/include/px4_msgs/px4_msgs/msg/detail/differential_pressure__struct.h\n'}
[9.257003] (px4_msgs) StdoutLine: {'line': b'-- Up-to-date: /home/em/ros_workspace_2025/nav_ws/install/px4_msgs/include/px4_msgs/px4_msgs/msg/detail/launch_detection_status__type_support.h\n'}
[9.257290] (px4_msgs) StdoutLine: {'line': b'-- Up-to-date: /home/em/ros_workspace_2025/nav_ws/install/px4_msgs/include/px4_msgs/px4_msgs/msg/detail/arming_check_request__functions.c\n'}
[9.257580] (px4_msgs) StdoutLine: {'line': b'-- Up-to-date: /home/em/ros_workspace_2025/nav_ws/install/px4_msgs/include/px4_msgs/px4_msgs/msg/detail/estimator_bias3d__functions.c\n'}
[9.257755] (px4_msgs) StdoutLine: {'line': b'-- Up-to-date: /home/em/ros_workspace_2025/nav_ws/install/px4_msgs/include/px4_msgs/px4_msgs/msg/detail/gpio_out__functions.c\n'}
[9.257839] (px4_msgs) StdoutLine: {'line': b'-- Up-to-date: /home/em/ros_workspace_2025/nav_ws/install/px4_msgs/include/px4_msgs/px4_msgs/msg/detail/led_control__functions.c\n'}
[9.257876] (px4_msgs) StdoutLine: {'line': b'-- Up-to-date: /home/em/ros_workspace_2025/nav_ws/install/px4_msgs/include/px4_msgs/px4_msgs/msg/detail/control_allocator_status__type_support.h\n'}
[9.257910] (px4_msgs) StdoutLine: {'line': b'-- Up-to-date: /home/em/ros_workspace_2025/nav_ws/install/px4_msgs/include/px4_msgs/px4_msgs/msg/detail/gripper__functions.h\n'}
[9.257943] (px4_msgs) StdoutLine: {'line': b'-- Up-to-date: /home/em/ros_workspace_2025/nav_ws/install/px4_msgs/include/px4_msgs/px4_msgs/msg/detail/parameter_set_value_request__functions.h\n'}
[9.257976] (px4_msgs) StdoutLine: {'line': b'-- Up-to-date: /home/em/ros_workspace_2025/nav_ws/install/px4_msgs/include/px4_msgs/px4_msgs/msg/detail/landing_gear_wheel__functions.h\n'}
[9.258012] (px4_msgs) StdoutLine: {'line': b'-- Up-to-date: /home/em/ros_workspace_2025/nav_ws/install/px4_msgs/include/px4_msgs/px4_msgs/msg/detail/follow_target_status__type_support.h\n'}
[9.258058] (px4_msgs) StdoutLine: {'line': b'-- Up-to-date: /home/em/ros_workspace_2025/nav_ws/install/px4_msgs/include/px4_msgs/px4_msgs/msg/detail/follow_target_status__struct.h\n'}
[9.258105] (px4_msgs) StdoutLine: {'line': b'-- Up-to-date: /home/em/ros_workspace_2025/nav_ws/install/px4_msgs/include/px4_msgs/px4_msgs/msg/detail/camera_trigger__functions.h\n'}
[9.258148] (px4_msgs) StdoutLine: {'line': b'-- Up-to-date: /home/em/ros_workspace_2025/nav_ws/install/px4_msgs/include/px4_msgs/px4_msgs/msg/detail/position_controller_status__functions.h\n'}
[9.258190] (px4_msgs) StdoutLine: {'line': b'-- Up-to-date: /home/em/ros_workspace_2025/nav_ws/install/px4_msgs/include/px4_msgs/px4_msgs/msg/detail/orb_test__functions.c\n'}
[9.258221] (px4_msgs) StdoutLine: {'line': b'-- Up-to-date: /home/em/ros_workspace_2025/nav_ws/install/px4_msgs/include/px4_msgs/px4_msgs/msg/detail/vehicle_imu__struct.h\n'}
[9.258251] (px4_msgs) StdoutLine: {'line': b'-- Up-to-date: /home/em/ros_workspace_2025/nav_ws/install/px4_msgs/include/px4_msgs/px4_msgs/msg/detail/position_controller_landing_status__functions.c\n'}
[9.258283] (px4_msgs) StdoutLine: {'line': b'-- Up-to-date: /home/em/ros_workspace_2025/nav_ws/install/px4_msgs/include/px4_msgs/px4_msgs/msg/detail/estimator_aid_source2d__type_support.h\n'}
[9.258312] (px4_msgs) StdoutLine: {'line': b'-- Up-to-date: /home/em/ros_workspace_2025/nav_ws/install/px4_msgs/include/px4_msgs/px4_msgs/msg/detail/parameter_set_value_response__functions.h\n'}
[9.258341] (px4_msgs) StdoutLine: {'line': b'-- Up-to-date: /home/em/ros_workspace_2025/nav_ws/install/px4_msgs/include/px4_msgs/px4_msgs/msg/detail/ping__struct.h\n'}
[9.258375] (px4_msgs) StdoutLine: {'line': b'-- Up-to-date: /home/em/ros_workspace_2025/nav_ws/install/px4_msgs/include/px4_msgs/px4_msgs/msg/detail/wind__type_support.h\n'}
[9.258412] (px4_msgs) StdoutLine: {'line': b'-- Up-to-date: /home/em/ros_workspace_2025/nav_ws/install/px4_msgs/include/px4_msgs/px4_msgs/msg/detail/debug_key_value__functions.h\n'}
[9.258557] (px4_msgs) StdoutLine: {'line': b'-- Up-to-date: /home/em/ros_workspace_2025/nav_ws/install/px4_msgs/include/px4_msgs/px4_msgs/msg/detail/sensor_mag__struct.h\n'}
[9.258604] (px4_msgs) StdoutLine: {'line': b'-- Up-to-date: /home/em/ros_workspace_2025/nav_ws/install/px4_msgs/include/px4_msgs/px4_msgs/msg/detail/pwm_input__functions.h\n'}
[9.258690] (px4_msgs) StdoutLine: {'line': b'-- Up-to-date: /home/em/ros_workspace_2025/nav_ws/install/px4_msgs/include/px4_msgs/px4_msgs/msg/detail/gps_inject_data__struct.h\n'}
[9.258722] (px4_msgs) StdoutLine: {'line': b'-- Up-to-date: /home/em/ros_workspace_2025/nav_ws/install/px4_msgs/include/px4_msgs/px4_msgs/msg/detail/ulog_stream_ack__type_support.h\n'}
[9.258752] (px4_msgs) StdoutLine: {'line': b'-- Up-to-date: /home/em/ros_workspace_2025/nav_ws/install/px4_msgs/include/px4_msgs/px4_msgs/msg/detail/landing_gear__functions.h\n'}
[9.258783] (px4_msgs) StdoutLine: {'line': b'-- Up-to-date: /home/em/ros_workspace_2025/nav_ws/install/px4_msgs/include/px4_msgs/px4_msgs/msg/detail/mavlink_tunnel__type_support.h\n'}
[9.258812] (px4_msgs) StdoutLine: {'line': b'-- Up-to-date: /home/em/ros_workspace_2025/nav_ws/install/px4_msgs/include/px4_msgs/px4_msgs/msg/detail/airspeed__functions.h\n'}
[9.258843] (px4_msgs) StdoutLine: {'line': b'-- Up-to-date: /home/em/ros_workspace_2025/nav_ws/install/px4_msgs/include/px4_msgs/px4_msgs/msg/detail/health_report__functions.h\n'}
[9.258881] (px4_msgs) StdoutLine: {'line': b'-- Up-to-date: /home/em/ros_workspace_2025/nav_ws/install/px4_msgs/include/px4_msgs/px4_msgs/msg/detail/estimator_aid_source3d__type_support.h\n'}
[9.258925] (px4_msgs) StdoutLine: {'line': b'-- Up-to-date: /home/em/ros_workspace_2025/nav_ws/install/px4_msgs/include/px4_msgs/px4_msgs/msg/detail/position_setpoint__type_support.h\n'}
[9.258968] (px4_msgs) StdoutLine: {'line': b'-- Up-to-date: /home/em/ros_workspace_2025/nav_ws/install/px4_msgs/include/px4_msgs/px4_msgs/msg/detail/px4io_status__type_support.h\n'}
[9.259013] (px4_msgs) StdoutLine: {'line': b'-- Up-to-date: /home/em/ros_workspace_2025/nav_ws/install/px4_msgs/include/px4_msgs/px4_msgs/msg/detail/vehicle_trajectory_waypoint__type_support.h\n'}
[9.259099] (px4_msgs) StdoutLine: {'line': b'-- Up-to-date: /home/em/ros_workspace_2025/nav_ws/install/px4_msgs/include/px4_msgs/px4_msgs/msg/detail/debug_vect__type_support.h\n'}
[9.259227] (px4_msgs) StdoutLine: {'line': b'-- Up-to-date: /home/em/ros_workspace_2025/nav_ws/install/px4_msgs/include/px4_msgs/px4_msgs/msg/detail/vehicle_imu_status__functions.c\n'}
[9.259315] (px4_msgs) StdoutLine: {'line': b'-- Up-to-date: /home/em/ros_workspace_2025/nav_ws/install/px4_msgs/include/px4_msgs/px4_msgs/msg/detail/rc_parameter_map__functions.h\n'}
[9.259399] (px4_msgs) StdoutLine: {'line': b'-- Up-to-date: /home/em/ros_workspace_2025/nav_ws/install/px4_msgs/include/px4_msgs/px4_msgs/msg/detail/follow_target__functions.h\n'}
[9.259533] (px4_msgs) StdoutLine: {'line': b'-- Up-to-date: /home/em/ros_workspace_2025/nav_ws/install/px4_msgs/include/px4_msgs/px4_msgs/msg/detail/sensor_hygrometer__struct.h\n'}
[9.259617] (px4_msgs) StdoutLine: {'line': b'-- Up-to-date: /home/em/ros_workspace_2025/nav_ws/install/px4_msgs/include/px4_msgs/px4_msgs/msg/detail/buffer128__functions.h\n'}
[9.259700] (px4_msgs) StdoutLine: {'line': b'-- Up-to-date: /home/em/ros_workspace_2025/nav_ws/install/px4_msgs/include/px4_msgs/px4_msgs/msg/detail/mavlink_log__functions.h\n'}
[9.259788] (px4_msgs) StdoutLine: {'line': b'-- Up-to-date: /home/em/ros_workspace_2025/nav_ws/install/px4_msgs/include/px4_msgs/px4_msgs/msg/detail/vehicle_constraints__functions.h\n'}
[9.259880] (px4_msgs) StdoutLine: {'line': b'-- Up-to-date: /home/em/ros_workspace_2025/nav_ws/install/px4_msgs/include/px4_msgs/px4_msgs/msg/detail/mag_worker_data__type_support.h\n'}
[9.259967] (px4_msgs) StdoutLine: {'line': b'-- Up-to-date: /home/em/ros_workspace_2025/nav_ws/install/px4_msgs/include/px4_msgs/px4_msgs/msg/detail/vehicle_control_mode__functions.h\n'}
[9.260056] (px4_msgs) StdoutLine: {'line': b'-- Up-to-date: /home/em/ros_workspace_2025/nav_ws/install/px4_msgs/include/px4_msgs/px4_msgs/msg/detail/dataman_request__type_support.h\n'}
[9.260156] (px4_msgs) StdoutLine: {'line': b'-- Up-to-date: /home/em/ros_workspace_2025/nav_ws/install/px4_msgs/include/px4_msgs/px4_msgs/msg/detail/vehicle_global_position__struct.h\n'}
[9.260385] (px4_msgs) StdoutLine: {'line': b'-- Up-to-date: /home/em/ros_workspace_2025/nav_ws/install/px4_msgs/include/px4_msgs/px4_msgs/msg/detail/landing_gear__struct.h\n'}
[9.261077] (px4_msgs) StdoutLine: {'line': b'-- Up-to-date: /home/em/ros_workspace_2025/nav_ws/install/px4_msgs/include/px4_msgs/px4_msgs/msg/detail/rover_differential_guidance_status__type_support.h\n'}
[9.261437] (px4_msgs) StdoutLine: {'line': b'-- Up-to-date: /home/em/ros_workspace_2025/nav_ws/install/px4_msgs/include/px4_msgs/px4_msgs/msg/detail/iridiumsbd_status__functions.h\n'}
[9.261850] (px4_msgs) StdoutLine: {'line': b'-- Up-to-date: /home/em/ros_workspace_2025/nav_ws/install/px4_msgs/include/px4_msgs/px4_msgs/msg/detail/estimator_sensor_bias__type_support.h\n'}
[9.262007] (px4_msgs) StdoutLine: {'line': b'-- Up-to-date: /home/em/ros_workspace_2025/nav_ws/install/px4_msgs/include/px4_msgs/px4_msgs/msg/detail/cellular_status__functions.h\n'}
[9.262173] (px4_msgs) StdoutLine: {'line': b'-- Up-to-date: /home/em/ros_workspace_2025/nav_ws/install/px4_msgs/include/px4_msgs/px4_msgs/msg/detail/actuator_servos_trim__functions.c\n'}
[9.262258] (px4_msgs) StdoutLine: {'line': b'-- Up-to-date: /home/em/ros_workspace_2025/nav_ws/install/px4_msgs/include/px4_msgs/px4_msgs/msg/detail/position_setpoint_triplet__type_support.h\n'}
[9.262346] (px4_msgs) StdoutLine: {'line': b'-- Up-to-date: /home/em/ros_workspace_2025/nav_ws/install/px4_msgs/include/px4_msgs/px4_msgs/msg/detail/sensor_gyro_fft__functions.h\n'}
[9.262632] (px4_msgs) StdoutLine: {'line': b'-- Up-to-date: /home/em/ros_workspace_2025/nav_ws/install/px4_msgs/include/px4_msgs/px4_msgs/msg/detail/vehicle_odometry__struct.h\n'}
[9.262787] (px4_msgs) StdoutLine: {'line': b'-- Up-to-date: /home/em/ros_workspace_2025/nav_ws/install/px4_msgs/include/px4_msgs/px4_msgs/msg/detail/sensors_status_imu__struct.h\n'}
[9.262875] (px4_msgs) StdoutLine: {'line': b'-- Up-to-date: /home/em/ros_workspace_2025/nav_ws/install/px4_msgs/include/px4_msgs/px4_msgs/msg/detail/gimbal_controls__struct.h\n'}
[9.262958] (px4_msgs) StdoutLine: {'line': b'-- Up-to-date: /home/em/ros_workspace_2025/nav_ws/install/px4_msgs/include/px4_msgs/px4_msgs/msg/detail/battery_status__struct.h\n'}
[9.263039] (px4_msgs) StdoutLine: {'line': b'-- Up-to-date: /home/em/ros_workspace_2025/nav_ws/install/px4_msgs/include/px4_msgs/px4_msgs/msg/detail/vehicle_local_position_setpoint__functions.c\n'}
[9.263121] (px4_msgs) StdoutLine: {'line': b'-- Up-to-date: /home/em/ros_workspace_2025/nav_ws/install/px4_msgs/include/px4_msgs/px4_msgs/msg/detail/vtol_vehicle_status__struct.h\n'}
[9.263203] (px4_msgs) StdoutLine: {'line': b'-- Up-to-date: /home/em/ros_workspace_2025/nav_ws/install/px4_msgs/include/px4_msgs/px4_msgs/msg/detail/open_drone_id_system__struct.h\n'}
[9.263291] (px4_msgs) StdoutLine: {'line': b'-- Up-to-date: /home/em/ros_workspace_2025/nav_ws/install/px4_msgs/include/px4_msgs/px4_msgs/msg/detail/estimator_aid_source3d__struct.h\n'}
[9.263378] (px4_msgs) StdoutLine: {'line': b'-- Up-to-date: /home/em/ros_workspace_2025/nav_ws/install/px4_msgs/include/px4_msgs/px4_msgs/msg/detail/mavlink_tunnel__struct.h\n'}
[9.263503] (px4_msgs) StdoutLine: {'line': b'-- Up-to-date: /home/em/ros_workspace_2025/nav_ws/install/px4_msgs/include/px4_msgs/px4_msgs/msg/detail/actuator_servos__type_support.h\n'}
[9.263691] (px4_msgs) StdoutLine: {'line': b'-- Up-to-date: /home/em/ros_workspace_2025/nav_ws/install/px4_msgs/include/px4_msgs/px4_msgs/msg/detail/internal_combustion_engine_status__type_support.h\n'}
[9.263782] (px4_msgs) StdoutLine: {'line': b'-- Up-to-date: /home/em/ros_workspace_2025/nav_ws/install/px4_msgs/include/px4_msgs/px4_msgs/msg/detail/register_ext_component_request__struct.h\n'}
[9.263871] (px4_msgs) StdoutLine: {'line': b'-- Up-to-date: /home/em/ros_workspace_2025/nav_ws/install/px4_msgs/include/px4_msgs/px4_msgs/msg/detail/system_power__type_support.h\n'}
[9.263960] (px4_msgs) StdoutLine: {'line': b'-- Up-to-date: /home/em/ros_workspace_2025/nav_ws/install/px4_msgs/include/px4_msgs/px4_msgs/msg/detail/sensor_airflow__type_support.h\n'}
[9.264115] (px4_msgs) StdoutLine: {'line': b'-- Up-to-date: /home/em/ros_workspace_2025/nav_ws/install/px4_msgs/include/px4_msgs/px4_msgs/msg/detail/uavcan_parameter_request__functions.h\n'}
[9.264205] (px4_msgs) StdoutLine: {'line': b'-- Up-to-date: /home/em/ros_workspace_2025/nav_ws/install/px4_msgs/include/px4_msgs/px4_msgs/msg/detail/sensor_gps__functions.c\n'}
[9.264294] (px4_msgs) StdoutLine: {'line': b'-- Up-to-date: /home/em/ros_workspace_2025/nav_ws/install/px4_msgs/include/px4_msgs/px4_msgs/msg/detail/unregister_ext_component__functions.h\n'}
[9.264382] (px4_msgs) StdoutLine: {'line': b'-- Up-to-date: /home/em/ros_workspace_2025/nav_ws/install/px4_msgs/include/px4_msgs/px4_msgs/msg/detail/hover_thrust_estimate__functions.c\n'}
[9.264581] (px4_msgs) StdoutLine: {'line': b'-- Up-to-date: /home/em/ros_workspace_2025/nav_ws/install/px4_msgs/include/px4_msgs/px4_msgs/msg/detail/generator_status__struct.h\n'}
[9.264851] (px4_msgs) StdoutLine: {'line': b'-- Up-to-date: /home/em/ros_workspace_2025/nav_ws/install/px4_msgs/include/px4_msgs/px4_msgs/msg/detail/actuator_servos__functions.c\n'}
[9.264942] (px4_msgs) StdoutLine: {'line': b'-- Up-to-date: /home/em/ros_workspace_2025/nav_ws/install/px4_msgs/include/px4_msgs/px4_msgs/msg/detail/ulog_stream_ack__functions.h\n'}
[9.265031] (px4_msgs) StdoutLine: {'line': b'-- Up-to-date: /home/em/ros_workspace_2025/nav_ws/install/px4_msgs/include/px4_msgs/px4_msgs/msg/detail/sensor_baro__functions.h\n'}
[9.265122] (px4_msgs) StdoutLine: {'line': b'-- Up-to-date: /home/em/ros_workspace_2025/nav_ws/install/px4_msgs/include/px4_msgs/px4_msgs/msg/detail/arming_check_request__type_support.h\n'}
[9.265230] (px4_msgs) StdoutLine: {'line': b'-- Up-to-date: /home/em/ros_workspace_2025/nav_ws/install/px4_msgs/include/px4_msgs/px4_msgs/msg/detail/task_stack_info__functions.c\n'}
[9.265342] (px4_msgs) StdoutLine: {'line': b'-- Up-to-date: /home/em/ros_workspace_2025/nav_ws/install/px4_msgs/include/px4_msgs/px4_msgs/msg/detail/trajectory_waypoint__struct.h\n'}
[9.265650] (px4_msgs) StdoutLine: {'line': b'-- Up-to-date: /home/em/ros_workspace_2025/nav_ws/install/px4_msgs/include/px4_msgs/px4_msgs/msg/detail/autotune_attitude_control_status__functions.c\n'}
[9.265823] (px4_msgs) StdoutLine: {'line': b'-- Up-to-date: /home/em/ros_workspace_2025/nav_ws/install/px4_msgs/include/px4_msgs/px4_msgs/msg/detail/geofence_result__type_support.h\n'}
[9.265937] (px4_msgs) StdoutLine: {'line': b'-- Up-to-date: /home/em/ros_workspace_2025/nav_ws/install/px4_msgs/include/px4_msgs/px4_msgs/msg/detail/gpio_config__functions.h\n'}
[9.266047] (px4_msgs) StdoutLine: {'line': b'-- Up-to-date: /home/em/ros_workspace_2025/nav_ws/install/px4_msgs/include/px4_msgs/px4_msgs/msg/detail/camera_trigger__type_support.h\n'}
[9.266156] (px4_msgs) StdoutLine: {'line': b'-- Up-to-date: /home/em/ros_workspace_2025/nav_ws/install/px4_msgs/include/px4_msgs/px4_msgs/msg/detail/sensor_accel_fifo__type_support.h\n'}
[9.266631] (px4_msgs) StdoutLine: {'line': b'-- Up-to-date: /home/em/ros_workspace_2025/nav_ws/install/px4_msgs/include/px4_msgs/px4_msgs/msg/detail/sensor_optical_flow__functions.c\n'}
[9.266950] (px4_msgs) StdoutLine: {'line': b'-- Up-to-date: /home/em/ros_workspace_2025/nav_ws/install/px4_msgs/include/px4_msgs/px4_msgs/msg/detail/offboard_control_mode__type_support.h\n'}
[9.267126] (px4_msgs) StdoutLine: {'line': b'-- Up-to-date: /home/em/ros_workspace_2025/nav_ws/install/px4_msgs/include/px4_msgs/px4_msgs/msg/detail/open_drone_id_arm_status__functions.c\n'}
[9.267242] (px4_msgs) StdoutLine: {'line': b'-- Up-to-date: /home/em/ros_workspace_2025/nav_ws/install/px4_msgs/include/px4_msgs/px4_msgs/msg/detail/vehicle_command_ack__functions.c\n'}
[9.267353] (px4_msgs) StdoutLine: {'line': b'-- Up-to-date: /home/em/ros_workspace_2025/nav_ws/install/px4_msgs/include/px4_msgs/px4_msgs/msg/detail/figure_eight_status__functions.h\n'}
[9.267547] (px4_msgs) StdoutLine: {'line': b'-- Up-to-date: /home/em/ros_workspace_2025/nav_ws/install/px4_msgs/include/px4_msgs/px4_msgs/msg/detail/estimator_event_flags__type_support.h\n'}
[9.267716] (px4_msgs) StdoutLine: {'line': b'-- Up-to-date: /home/em/ros_workspace_2025/nav_ws/install/px4_msgs/include/px4_msgs/px4_msgs/msg/detail/button_event__struct.h\n'}
[9.267848] (px4_msgs) StdoutLine: {'line': b'-- Up-to-date: /home/em/ros_workspace_2025/nav_ws/install/px4_msgs/include/px4_msgs/px4_msgs/msg/detail/collision_report__functions.c\n'}
[9.268010] (px4_msgs) StdoutLine: {'line': b'-- Up-to-date: /home/em/ros_workspace_2025/nav_ws/install/px4_msgs/include/px4_msgs/px4_msgs/msg/detail/ping__functions.c\n'}
[9.268073] (px4_msgs) StdoutLine: {'line': b'-- Up-to-date: /home/em/ros_workspace_2025/nav_ws/install/px4_msgs/include/px4_msgs/px4_msgs/msg/detail/vehicle_magnetometer__functions.h\n'}
[9.268135] (px4_msgs) StdoutLine: {'line': b'-- Up-to-date: /home/em/ros_workspace_2025/nav_ws/install/px4_msgs/include/px4_msgs/px4_msgs/msg/detail/actuator_controls_status__functions.h\n'}
[9.268194] (px4_msgs) StdoutLine: {'line': b'-- Up-to-date: /home/em/ros_workspace_2025/nav_ws/install/px4_msgs/include/px4_msgs/px4_msgs/msg/detail/sensors_status__type_support.h\n'}
[9.268252] (px4_msgs) StdoutLine: {'line': b'-- Up-to-date: /home/em/ros_workspace_2025/nav_ws/install/px4_msgs/include/px4_msgs/px4_msgs/msg/detail/vehicle_air_data__type_support.h\n'}
[9.268301] (px4_msgs) StdoutLine: {'line': b'-- Up-to-date: /home/em/ros_workspace_2025/nav_ws/install/px4_msgs/include/px4_msgs/px4_msgs/msg/detail/gimbal_device_attitude_status__type_support.h\n'}
[9.268343] (px4_msgs) StdoutLine: {'line': b'-- Up-to-date: /home/em/ros_workspace_2025/nav_ws/install/px4_msgs/include/px4_msgs/px4_msgs/msg/detail/landing_gear__functions.c\n'}
[9.268386] (px4_msgs) StdoutLine: {'line': b'-- Up-to-date: /home/em/ros_workspace_2025/nav_ws/install/px4_msgs/include/px4_msgs/px4_msgs/msg/detail/airspeed_wind__functions.h\n'}
[9.268454] (px4_msgs) StdoutLine: {'line': b'-- Up-to-date: /home/em/ros_workspace_2025/nav_ws/install/px4_msgs/include/px4_msgs/px4_msgs/msg/detail/open_drone_id_self_id__type_support.h\n'}
[9.268502] (px4_msgs) StdoutLine: {'line': b'-- Up-to-date: /home/em/ros_workspace_2025/nav_ws/install/px4_msgs/include/px4_msgs/px4_msgs/msg/detail/debug_key_value__functions.c\n'}
[9.268553] (px4_msgs) StdoutLine: {'line': b'-- Up-to-date: /home/em/ros_workspace_2025/nav_ws/install/px4_msgs/include/px4_msgs/px4_msgs/msg/detail/vehicle_attitude_setpoint__functions.h\n'}
[9.268600] (px4_msgs) StdoutLine: {'line': b'-- Up-to-date: /home/em/ros_workspace_2025/nav_ws/install/px4_msgs/include/px4_msgs/px4_msgs/msg/detail/battery_status__functions.h\n'}
[9.268641] (px4_msgs) StdoutLine: {'line': b'-- Up-to-date: /home/em/ros_workspace_2025/nav_ws/install/px4_msgs/include/px4_msgs/px4_msgs/msg/detail/wheel_encoders__functions.c\n'}
[9.268683] (px4_msgs) StdoutLine: {'line': b'-- Up-to-date: /home/em/ros_workspace_2025/nav_ws/install/px4_msgs/include/px4_msgs/px4_msgs/msg/detail/open_drone_id_self_id__functions.c\n'}
[9.268734] (px4_msgs) StdoutLine: {'line': b'-- Up-to-date: /home/em/ros_workspace_2025/nav_ws/install/px4_msgs/include/px4_msgs/px4_msgs/msg/detail/trajectory_setpoint__struct.h\n'}
[9.268836] (px4_msgs) StdoutLine: {'line': b'-- Up-to-date: /home/em/ros_workspace_2025/nav_ws/install/px4_msgs/include/px4_msgs/px4_msgs/msg/detail/gimbal_manager_set_attitude__functions.h\n'}
[9.268904] (px4_msgs) StdoutLine: {'line': b'-- Up-to-date: /home/em/ros_workspace_2025/nav_ws/install/px4_msgs/include/px4_msgs/px4_msgs/msg/detail/cellular_status__functions.c\n'}
[9.269002] (px4_msgs) StdoutLine: {'line': b'-- Up-to-date: /home/em/ros_workspace_2025/nav_ws/install/px4_msgs/include/px4_msgs/px4_msgs/msg/detail/navigator_status__type_support.h\n'}
[9.269124] (px4_msgs) StdoutLine: {'line': b'-- Up-to-date: /home/em/ros_workspace_2025/nav_ws/install/px4_msgs/include/px4_msgs/px4_msgs/msg/detail/sensor_combined__functions.c\n'}
[9.269299] (px4_msgs) StdoutLine: {'line': b'-- Up-to-date: /home/em/ros_workspace_2025/nav_ws/install/px4_msgs/include/px4_msgs/px4_msgs/msg/detail/rpm__type_support.h\n'}
[9.269841] (px4_msgs) StdoutLine: {'line': b'-- Up-to-date: /home/em/ros_workspace_2025/nav_ws/install/px4_msgs/include/px4_msgs/px4_msgs/msg/detail/sensor_accel__functions.h\n'}
[9.270088] (px4_msgs) StdoutLine: {'line': b'-- Up-to-date: /home/em/ros_workspace_2025/nav_ws/install/px4_msgs/include/px4_msgs/px4_msgs/msg/detail/sensor_preflight_mag__functions.c\n'}
[9.270376] (px4_msgs) StdoutLine: {'line': b'-- Up-to-date: /home/em/ros_workspace_2025/nav_ws/install/px4_msgs/include/px4_msgs/px4_msgs/msg/detail/timesync_status__struct.h\n'}
[9.270738] (px4_msgs) StdoutLine: {'line': b'-- Up-to-date: /home/em/ros_workspace_2025/nav_ws/install/px4_msgs/include/px4_msgs/px4_msgs/msg/detail/vehicle_command__functions.h\n'}
[9.270983] (px4_msgs) StdoutLine: {'line': b'-- Up-to-date: /home/em/ros_workspace_2025/nav_ws/install/px4_msgs/include/px4_msgs/px4_msgs/msg/detail/actuator_armed__functions.c\n'}
[9.271195] (px4_msgs) StdoutLine: {'line': b'-- Up-to-date: /home/em/ros_workspace_2025/nav_ws/install/px4_msgs/include/px4_msgs/px4_msgs/msg/detail/sensor_gyro_fft__struct.h\n'}
[9.271417] (px4_msgs) StdoutLine: {'line': b'-- Up-to-date: /home/em/ros_workspace_2025/nav_ws/install/px4_msgs/include/px4_msgs/px4_msgs/msg/detail/gps_inject_data__type_support.h\n'}
[9.271643] (px4_msgs) StdoutLine: {'line': b'-- Up-to-date: /home/em/ros_workspace_2025/nav_ws/install/px4_msgs/include/px4_msgs/px4_msgs/msg/detail/logger_status__functions.h\n'}
[9.271853] (px4_msgs) StdoutLine: {'line': b'-- Up-to-date: /home/em/ros_workspace_2025/nav_ws/install/px4_msgs/include/px4_msgs/px4_msgs/msg/detail/rover_ackermann_guidance_status__functions.c\n'}
[9.272065] (px4_msgs) StdoutLine: {'line': b'-- Up-to-date: /home/em/ros_workspace_2025/nav_ws/install/px4_msgs/include/px4_msgs/px4_msgs/msg/detail/gpio_out__functions.h\n'}
[9.272217] (px4_msgs) StdoutLine: {'line': b'-- Up-to-date: /home/em/ros_workspace_2025/nav_ws/install/px4_msgs/include/px4_msgs/px4_msgs/msg/detail/velocity_limits__type_support.h\n'}
[9.272375] (px4_msgs) StdoutLine: {'line': b'-- Up-to-date: /home/em/ros_workspace_2025/nav_ws/install/px4_msgs/include/px4_msgs/px4_msgs/msg/detail/gimbal_manager_set_attitude__type_support.h\n'}
[9.272492] (px4_msgs) StdoutLine: {'line': b'-- Up-to-date: /home/em/ros_workspace_2025/nav_ws/install/px4_msgs/include/px4_msgs/px4_msgs/msg/detail/rover_ackermann_setpoint__functions.c\n'}
[9.272616] (px4_msgs) StdoutLine: {'line': b'-- Up-to-date: /home/em/ros_workspace_2025/nav_ws/install/px4_msgs/include/px4_msgs/px4_msgs/msg/detail/vehicle_local_position_setpoint__type_support.h\n'}
[9.272787] (px4_msgs) StdoutLine: {'line': b'-- Up-to-date: /home/em/ros_workspace_2025/nav_ws/install/px4_msgs/include/px4_msgs/px4_msgs/msg/detail/trajectory_bezier__type_support.h\n'}
[9.272956] (px4_msgs) StdoutLine: {'line': b'-- Up-to-date: /home/em/ros_workspace_2025/nav_ws/install/px4_msgs/include/px4_msgs/px4_msgs/msg/detail/landing_gear_wheel__type_support.h\n'}
[9.273114] (px4_msgs) StdoutLine: {'line': b'-- Up-to-date: /home/em/ros_workspace_2025/nav_ws/install/px4_msgs/include/px4_msgs/px4_msgs/msg/detail/debug_array__functions.c\n'}
[9.273280] (px4_msgs) StdoutLine: {'line': b'-- Up-to-date: /home/em/ros_workspace_2025/nav_ws/install/px4_msgs/include/px4_msgs/px4_msgs/msg/detail/qshell_retval__functions.h\n'}
[9.273475] (px4_msgs) StdoutLine: {'line': b'-- Up-to-date: /home/em/ros_workspace_2025/nav_ws/install/px4_msgs/include/px4_msgs/px4_msgs/msg/detail/tiltrotor_extra_controls__type_support.h\n'}
[9.273651] (px4_msgs) StdoutLine: {'line': b'-- Up-to-date: /home/em/ros_workspace_2025/nav_ws/install/px4_msgs/include/px4_msgs/px4_msgs/msg/detail/mavlink_log__struct.h\n'}
[9.273808] (px4_msgs) StdoutLine: {'line': b'-- Up-to-date: /home/em/ros_workspace_2025/nav_ws/install/px4_msgs/include/px4_msgs/px4_msgs/msg/detail/orb_test_medium__struct.h\n'}
[9.273965] (px4_msgs) StdoutLine: {'line': b'-- Up-to-date: /home/em/ros_workspace_2025/nav_ws/install/px4_msgs/include/px4_msgs/px4_msgs/msg/detail/vehicle_land_detected__type_support.h\n'}
[9.274120] (px4_msgs) StdoutLine: {'line': b'-- Up-to-date: /home/em/ros_workspace_2025/nav_ws/install/px4_msgs/include/px4_msgs/px4_msgs/msg/detail/parameter_set_value_response__functions.c\n'}
[9.274287] (px4_msgs) StdoutLine: {'line': b'-- Up-to-date: /home/em/ros_workspace_2025/nav_ws/install/px4_msgs/include/px4_msgs/px4_msgs/msg/detail/offboard_control_mode__functions.h\n'}
[9.274472] (px4_msgs) StdoutLine: {'line': b'-- Up-to-date: /home/em/ros_workspace_2025/nav_ws/install/px4_msgs/include/px4_msgs/px4_msgs/msg/detail/rover_mecanum_guidance_status__type_support.h\n'}
[9.274617] (px4_msgs) StdoutLine: {'line': b'-- Up-to-date: /home/em/ros_workspace_2025/nav_ws/install/px4_msgs/include/px4_msgs/px4_msgs/msg/detail/gps_dump__functions.c\n'}
[9.274779] (px4_msgs) StdoutLine: {'line': b'-- Up-to-date: /home/em/ros_workspace_2025/nav_ws/install/px4_msgs/include/px4_msgs/px4_msgs/msg/detail/follow_target_estimator__struct.h\n'}
[9.274945] (px4_msgs) StdoutLine: {'line': b'-- Up-to-date: /home/em/ros_workspace_2025/nav_ws/install/px4_msgs/include/px4_msgs/px4_msgs/msg/detail/rtl_time_estimate__functions.c\n'}
[9.275099] (px4_msgs) StdoutLine: {'line': b'-- Up-to-date: /home/em/ros_workspace_2025/nav_ws/install/px4_msgs/include/px4_msgs/px4_msgs/msg/detail/vehicle_acceleration__functions.h\n'}
[9.275254] (px4_msgs) StdoutLine: {'line': b'-- Up-to-date: /home/em/ros_workspace_2025/nav_ws/install/px4_msgs/include/px4_msgs/px4_msgs/msg/detail/landing_gear_wheel__struct.h\n'}
[9.275401] (px4_msgs) StdoutLine: {'line': b'-- Up-to-date: /home/em/ros_workspace_2025/nav_ws/install/px4_msgs/include/px4_msgs/px4_msgs/msg/detail/heater_status__type_support.h\n'}
[9.275572] (px4_msgs) StdoutLine: {'line': b'-- Up-to-date: /home/em/ros_workspace_2025/nav_ws/install/px4_msgs/include/px4_msgs/px4_msgs/msg/detail/vehicle_optical_flow__struct.h\n'}
[9.275639] (px4_msgs) StdoutLine: {'line': b'-- Up-to-date: /home/em/ros_workspace_2025/nav_ws/install/px4_msgs/include/px4_msgs/px4_msgs/msg/detail/airspeed_validated__type_support.h\n'}
[9.275676] (px4_msgs) StdoutLine: {'line': b'-- Up-to-date: /home/em/ros_workspace_2025/nav_ws/install/px4_msgs/include/px4_msgs/px4_msgs/msg/detail/rover_mecanum_setpoint__struct.h\n'}
[9.275712] (px4_msgs) StdoutLine: {'line': b'-- Up-to-date: /home/em/ros_workspace_2025/nav_ws/install/px4_msgs/include/px4_msgs/px4_msgs/msg/detail/normalized_unsigned_setpoint__type_support.h\n'}
[9.275747] (px4_msgs) StdoutLine: {'line': b'-- Up-to-date: /home/em/ros_workspace_2025/nav_ws/install/px4_msgs/include/px4_msgs/px4_msgs/msg/detail/cellular_status__struct.h\n'}
[9.275781] (px4_msgs) StdoutLine: {'line': b'-- Up-to-date: /home/em/ros_workspace_2025/nav_ws/install/px4_msgs/include/px4_msgs/px4_msgs/msg/detail/can_interface_status__type_support.h\n'}
[9.275816] (px4_msgs) StdoutLine: {'line': b'-- Up-to-date: /home/em/ros_workspace_2025/nav_ws/install/px4_msgs/include/px4_msgs/px4_msgs/msg/detail/actuator_test__struct.h\n'}
[9.275852] (px4_msgs) StdoutLine: {'line': b'-- Up-to-date: /home/em/ros_workspace_2025/nav_ws/install/px4_msgs/include/px4_msgs/px4_msgs/msg/detail/transponder_report__type_support.h\n'}
[9.275888] (px4_msgs) StdoutLine: {'line': b'-- Up-to-date: /home/em/ros_workspace_2025/nav_ws/install/px4_msgs/include/px4_msgs/px4_msgs/msg/detail/wind__functions.c\n'}
[9.275923] (px4_msgs) StdoutLine: {'line': b'-- Up-to-date: /home/em/ros_workspace_2025/nav_ws/install/px4_msgs/include/px4_msgs/px4_msgs/msg/detail/estimator_bias3d__struct.h\n'}
[9.275956] (px4_msgs) StdoutLine: {'line': b'-- Up-to-date: /home/em/ros_workspace_2025/nav_ws/install/px4_msgs/include/px4_msgs/px4_msgs/msg/detail/sensor_optical_flow__struct.h\n'}
[9.275989] (px4_msgs) StdoutLine: {'line': b'-- Up-to-date: /home/em/ros_workspace_2025/nav_ws/install/px4_msgs/include/px4_msgs/px4_msgs/msg/detail/parameter_set_used_request__struct.h\n'}
[9.276023] (px4_msgs) StdoutLine: {'line': b'-- Up-to-date: /home/em/ros_workspace_2025/nav_ws/install/px4_msgs/include/px4_msgs/px4_msgs/msg/detail/camera_status__type_support.h\n'}
[9.276058] (px4_msgs) StdoutLine: {'line': b'-- Up-to-date: /home/em/ros_workspace_2025/nav_ws/install/px4_msgs/include/px4_msgs/px4_msgs/msg/detail/estimator_aid_source3d__functions.c\n'}
[9.276105] (px4_msgs) StdoutLine: {'line': b'-- Up-to-date: /home/em/ros_workspace_2025/nav_ws/install/px4_msgs/include/px4_msgs/px4_msgs/msg/detail/estimator_selector_status__functions.c\n'}
[9.276142] (px4_msgs) StdoutLine: {'line': b'-- Up-to-date: /home/em/ros_workspace_2025/nav_ws/install/px4_msgs/include/px4_msgs/px4_msgs/msg/detail/parameter_set_value_request__struct.h\n'}
[9.276178] (px4_msgs) StdoutLine: {'line': b'-- Up-to-date: /home/em/ros_workspace_2025/nav_ws/install/px4_msgs/include/px4_msgs/px4_msgs/msg/detail/manual_control_setpoint__struct.h\n'}
[9.276223] (px4_msgs) StdoutLine: {'line': b'-- Up-to-date: /home/em/ros_workspace_2025/nav_ws/install/px4_msgs/include/px4_msgs/px4_msgs/msg/detail/task_stack_info__type_support.h\n'}
[9.276260] (px4_msgs) StdoutLine: {'line': b'-- Up-to-date: /home/em/ros_workspace_2025/nav_ws/install/px4_msgs/include/px4_msgs/px4_msgs/msg/detail/normalized_unsigned_setpoint__functions.h\n'}
[9.276321] (px4_msgs) StdoutLine: {'line': b'-- Up-to-date: /home/em/ros_workspace_2025/nav_ws/install/px4_msgs/include/px4_msgs/px4_msgs/msg/detail/input_rc__struct.h\n'}
[9.276510] (px4_msgs) StdoutLine: {'line': b'-- Up-to-date: /home/em/ros_workspace_2025/nav_ws/install/px4_msgs/include/px4_msgs/px4_msgs/msg/detail/arming_check_request__struct.h\n'}
[9.276561] (px4_msgs) StdoutLine: {'line': b'-- Up-to-date: /home/em/ros_workspace_2025/nav_ws/install/px4_msgs/include/px4_msgs/px4_msgs/msg/detail/gpio_config__functions.c\n'}
[9.276599] (px4_msgs) StdoutLine: {'line': b'-- Up-to-date: /home/em/ros_workspace_2025/nav_ws/install/px4_msgs/include/px4_msgs/px4_msgs/msg/detail/px4io_status__functions.c\n'}
[9.276715] (px4_msgs) StdoutLine: {'line': b'-- Up-to-date: /home/em/ros_workspace_2025/nav_ws/install/px4_msgs/include/px4_msgs/px4_msgs/msg/detail/esc_status__struct.h\n'}
[9.276756] (px4_msgs) StdoutLine: {'line': b'-- Up-to-date: /home/em/ros_workspace_2025/nav_ws/install/px4_msgs/include/px4_msgs/px4_msgs/msg/detail/uavcan_parameter_value__struct.h\n'}
[9.276785] (px4_msgs) StdoutLine: {'line': b'-- Up-to-date: /home/em/ros_workspace_2025/nav_ws/install/px4_msgs/include/px4_msgs/px4_msgs/msg/detail/gps_inject_data__functions.h\n'}
[9.276812] (px4_msgs) StdoutLine: {'line': b'-- Up-to-date: /home/em/ros_workspace_2025/nav_ws/install/px4_msgs/include/px4_msgs/px4_msgs/msg/detail/led_control__functions.h\n'}
[9.276843] (px4_msgs) StdoutLine: {'line': b'-- Up-to-date: /home/em/ros_workspace_2025/nav_ws/install/px4_msgs/include/px4_msgs/px4_msgs/msg/detail/gpio_out__type_support.h\n'}
[9.276883] (px4_msgs) StdoutLine: {'line': b'-- Up-to-date: /home/em/ros_workspace_2025/nav_ws/install/px4_msgs/include/px4_msgs/px4_msgs/msg/detail/sensor_gyro_fft__type_support.h\n'}
[9.276915] (px4_msgs) StdoutLine: {'line': b'-- Up-to-date: /home/em/ros_workspace_2025/nav_ws/install/px4_msgs/include/px4_msgs/px4_msgs/msg/detail/obstacle_distance__functions.h\n'}
[9.276945] (px4_msgs) StdoutLine: {'line': b'-- Up-to-date: /home/em/ros_workspace_2025/nav_ws/install/px4_msgs/include/px4_msgs/px4_msgs/msg/detail/autotune_attitude_control_status__type_support.h\n'}
[9.277010] (px4_msgs) StdoutLine: {'line': b'-- Up-to-date: /home/em/ros_workspace_2025/nav_ws/install/px4_msgs/include/px4_msgs/px4_msgs/msg/detail/rc_channels__struct.h\n'}
[9.277048] (px4_msgs) StdoutLine: {'line': b'-- Up-to-date: /home/em/ros_workspace_2025/nav_ws/install/px4_msgs/include/px4_msgs/px4_msgs/msg/detail/task_stack_info__struct.h\n'}
[9.277208] (px4_msgs) StdoutLine: {'line': b'-- Up-to-date: /home/em/ros_workspace_2025/nav_ws/install/px4_msgs/include/px4_msgs/px4_msgs/msg/detail/gimbal_device_set_attitude__type_support.h\n'}
[9.277252] (px4_msgs) StdoutLine: {'line': b'-- Up-to-date: /home/em/ros_workspace_2025/nav_ws/install/px4_msgs/include/px4_msgs/px4_msgs/msg/detail/failure_detector_status__struct.h\n'}
[9.277296] (px4_msgs) StdoutLine: {'line': b'-- Up-to-date: /home/em/ros_workspace_2025/nav_ws/install/px4_msgs/include/px4_msgs/px4_msgs/msg/detail/wheel_encoders__type_support.h\n'}
[9.277337] (px4_msgs) StdoutLine: {'line': b'-- Up-to-date: /home/em/ros_workspace_2025/nav_ws/install/px4_msgs/include/px4_msgs/px4_msgs/msg/detail/sensor_gyro__type_support.h\n'}
[9.277374] (px4_msgs) StdoutLine: {'line': b'-- Up-to-date: /home/em/ros_workspace_2025/nav_ws/install/px4_msgs/include/px4_msgs/px4_msgs/msg/detail/estimator_status__functions.c\n'}
[9.277422] (px4_msgs) StdoutLine: {'line': b'-- Up-to-date: /home/em/ros_workspace_2025/nav_ws/install/px4_msgs/include/px4_msgs/px4_msgs/msg/detail/mission__struct.h\n'}
[9.277499] (px4_msgs) StdoutLine: {'line': b'-- Up-to-date: /home/em/ros_workspace_2025/nav_ws/install/px4_msgs/include/px4_msgs/px4_msgs/msg/detail/sensor_baro__functions.c\n'}
[9.277540] (px4_msgs) StdoutLine: {'line': b'-- Up-to-date: /home/em/ros_workspace_2025/nav_ws/install/px4_msgs/include/px4_msgs/px4_msgs/msg/detail/figure_eight_status__functions.c\n'}
[9.277570] (px4_msgs) StdoutLine: {'line': b'-- Up-to-date: /home/em/ros_workspace_2025/nav_ws/install/px4_msgs/include/px4_msgs/px4_msgs/msg/detail/open_drone_id_operator_id__struct.h\n'}
[9.277604] (px4_msgs) StdoutLine: {'line': b'-- Up-to-date: /home/em/ros_workspace_2025/nav_ws/install/px4_msgs/include/px4_msgs/px4_msgs/msg/detail/position_controller_landing_status__functions.h\n'}
[9.277634] (px4_msgs) StdoutLine: {'line': b'-- Up-to-date: /home/em/ros_workspace_2025/nav_ws/install/px4_msgs/include/px4_msgs/px4_msgs/msg/detail/rate_ctrl_status__functions.c\n'}
[9.277662] (px4_msgs) StdoutLine: {'line': b'-- Up-to-date: /home/em/ros_workspace_2025/nav_ws/install/px4_msgs/include/px4_msgs/px4_msgs/msg/detail/sensor_correction__struct.h\n'}
[9.277790] (px4_msgs) StdoutLine: {'line': b'-- Up-to-date: /home/em/ros_workspace_2025/nav_ws/install/px4_msgs/include/px4_msgs/px4_msgs/msg/detail/qshell_retval__type_support.h\n'}
[9.277845] (px4_msgs) StdoutLine: {'line': b'-- Up-to-date: /home/em/ros_workspace_2025/nav_ws/install/px4_msgs/include/px4_msgs/px4_msgs/msg/detail/vehicle_torque_setpoint__struct.h\n'}
[9.277885] (px4_msgs) StdoutLine: {'line': b'-- Up-to-date: /home/em/ros_workspace_2025/nav_ws/install/px4_msgs/include/px4_msgs/px4_msgs/msg/detail/position_controller_status__functions.c\n'}
[9.277921] (px4_msgs) StdoutLine: {'line': b'-- Up-to-date: /home/em/ros_workspace_2025/nav_ws/install/px4_msgs/include/px4_msgs/px4_msgs/msg/detail/register_ext_component_request__functions.c\n'}
[9.277964] (px4_msgs) StdoutLine: {'line': b'-- Up-to-date: /home/em/ros_workspace_2025/nav_ws/install/px4_msgs/include/px4_msgs/px4_msgs/msg/detail/rtl_status__functions.c\n'}
[9.278001] (px4_msgs) StdoutLine: {'line': b'-- Up-to-date: /home/em/ros_workspace_2025/nav_ws/install/px4_msgs/include/px4_msgs/px4_msgs/msg/detail/rover_mecanum_guidance_status__functions.c\n'}
[9.278037] (px4_msgs) StdoutLine: {'line': b'-- Up-to-date: /home/em/ros_workspace_2025/nav_ws/install/px4_msgs/include/px4_msgs/px4_msgs/msg/detail/sensors_status_imu__functions.h\n'}
[9.278081] (px4_msgs) StdoutLine: {'line': b'-- Up-to-date: /home/em/ros_workspace_2025/nav_ws/install/px4_msgs/include/px4_msgs/px4_msgs/msg/detail/rover_differential_setpoint__functions.c\n'}
[9.278118] (px4_msgs) StdoutLine: {'line': b'-- Up-to-date: /home/em/ros_workspace_2025/nav_ws/install/px4_msgs/include/px4_msgs/px4_msgs/msg/detail/position_controller_landing_status__type_support.h\n'}
[9.278155] (px4_msgs) StdoutLine: {'line': b'-- Up-to-date: /home/em/ros_workspace_2025/nav_ws/install/px4_msgs/include/px4_msgs/px4_msgs/msg/detail/register_ext_component_reply__struct.h\n'}
[9.278196] (px4_msgs) StdoutLine: {'line': b'-- Up-to-date: /home/em/ros_workspace_2025/nav_ws/install/px4_msgs/include/px4_msgs/px4_msgs/msg/detail/gimbal_device_information__type_support.h\n'}
[9.278229] (px4_msgs) StdoutLine: {'line': b'-- Up-to-date: /home/em/ros_workspace_2025/nav_ws/install/px4_msgs/include/px4_msgs/px4_msgs/msg/detail/vehicle_control_mode__type_support.h\n'}
[9.278261] (px4_msgs) StdoutLine: {'line': b'-- Up-to-date: /home/em/ros_workspace_2025/nav_ws/install/px4_msgs/include/px4_msgs/px4_msgs/msg/detail/message_format_request__struct.h\n'}
[9.278328] (px4_msgs) StdoutLine: {'line': b'-- Up-to-date: /home/em/ros_workspace_2025/nav_ws/install/px4_msgs/include/px4_msgs/px4_msgs/msg/detail/ulog_stream_ack__struct.h\n'}
[9.278366] (px4_msgs) StdoutLine: {'line': b'-- Up-to-date: /home/em/ros_workspace_2025/nav_ws/install/px4_msgs/include/px4_msgs/px4_msgs/msg/detail/vehicle_command_ack__type_support.h\n'}
[9.278406] (px4_msgs) StdoutLine: {'line': b'-- Up-to-date: /home/em/ros_workspace_2025/nav_ws/install/px4_msgs/include/px4_msgs/px4_msgs/msg/detail/vehicle_status__struct.h\n'}
[9.278819] (px4_msgs) StdoutLine: {'line': b'-- Up-to-date: /home/em/ros_workspace_2025/nav_ws/install/px4_msgs/include/px4_msgs/px4_msgs/msg/detail/iridiumsbd_status__functions.c\n'}
[9.278903] (px4_msgs) StdoutLine: {'line': b'-- Up-to-date: /home/em/ros_workspace_2025/nav_ws/install/px4_msgs/include/px4_msgs/px4_msgs/msg/detail/vehicle_roi__functions.c\n'}
[9.278977] (px4_msgs) StdoutLine: {'line': b'-- Up-to-date: /home/em/ros_workspace_2025/nav_ws/install/px4_msgs/include/px4_msgs/px4_msgs/msg/detail/rtl_time_estimate__functions.h\n'}
[9.279054] (px4_msgs) StdoutLine: {'line': b'-- Up-to-date: /home/em/ros_workspace_2025/nav_ws/install/px4_msgs/include/px4_msgs/px4_msgs/msg/detail/rpm__functions.c\n'}
[9.279129] (px4_msgs) StdoutLine: {'line': b'-- Up-to-date: /home/em/ros_workspace_2025/nav_ws/install/px4_msgs/include/px4_msgs/px4_msgs/msg/detail/parameter_set_used_request__functions.h\n'}
[9.279208] (px4_msgs) StdoutLine: {'line': b'-- Up-to-date: /home/em/ros_workspace_2025/nav_ws/install/px4_msgs/include/px4_msgs/px4_msgs/msg/detail/parameter_reset_request__struct.h\n'}
[9.279290] (px4_msgs) StdoutLine: {'line': b'-- Up-to-date: /home/em/ros_workspace_2025/nav_ws/install/px4_msgs/include/px4_msgs/px4_msgs/msg/detail/rover_mecanum_setpoint__functions.h\n'}
[9.279366] (px4_msgs) StdoutLine: {'line': b'-- Up-to-date: /home/em/ros_workspace_2025/nav_ws/install/px4_msgs/include/px4_msgs/px4_msgs/msg/detail/ekf2_timestamps__type_support.h\n'}
[9.279650] (px4_msgs) StdoutLine: {'line': b'-- Up-to-date: /home/em/ros_workspace_2025/nav_ws/install/px4_msgs/include/px4_msgs/px4_msgs/msg/detail/camera_capture__struct.h\n'}
[9.279877] (px4_msgs) StdoutLine: {'line': b'-- Up-to-date: /home/em/ros_workspace_2025/nav_ws/install/px4_msgs/include/px4_msgs/px4_msgs/msg/detail/vehicle_torque_setpoint__type_support.h\n'}
[9.279950] (px4_msgs) StdoutLine: {'line': b'-- Up-to-date: /home/em/ros_workspace_2025/nav_ws/install/px4_msgs/include/px4_msgs/px4_msgs/msg/detail/vehicle_land_detected__functions.h\n'}
[9.280020] (px4_msgs) StdoutLine: {'line': b'-- Up-to-date: /home/em/ros_workspace_2025/nav_ws/install/px4_msgs/include/px4_msgs/px4_msgs/msg/detail/vehicle_angular_acceleration_setpoint__type_support.h\n'}
[9.280091] (px4_msgs) StdoutLine: {'line': b'-- Up-to-date: /home/em/ros_workspace_2025/nav_ws/install/px4_msgs/include/px4_msgs/px4_msgs/msg/detail/tiltrotor_extra_controls__struct.h\n'}
[9.280159] (px4_msgs) StdoutLine: {'line': b'-- Up-to-date: /home/em/ros_workspace_2025/nav_ws/install/px4_msgs/include/px4_msgs/px4_msgs/msg/detail/mavlink_tunnel__functions.c\n'}
[9.280227] (px4_msgs) StdoutLine: {'line': b'-- Up-to-date: /home/em/ros_workspace_2025/nav_ws/install/px4_msgs/include/px4_msgs/px4_msgs/msg/detail/vehicle_command__functions.c\n'}
[9.280294] (px4_msgs) StdoutLine: {'line': b'-- Up-to-date: /home/em/ros_workspace_2025/nav_ws/install/px4_msgs/include/px4_msgs/px4_msgs/msg/detail/rover_ackermann_status__functions.h\n'}
[9.280447] (px4_msgs) StdoutLine: {'line': b'-- Up-to-date: /home/em/ros_workspace_2025/nav_ws/install/px4_msgs/include/px4_msgs/px4_msgs/msg/detail/message_format_response__struct.h\n'}
[9.280659] (px4_msgs) StdoutLine: {'line': b'-- Up-to-date: /home/em/ros_workspace_2025/nav_ws/install/px4_msgs/include/px4_msgs/px4_msgs/msg/detail/gps_dump__functions.h\n'}
[9.280726] (px4_msgs) StdoutLine: {'line': b'-- Up-to-date: /home/em/ros_workspace_2025/nav_ws/install/px4_msgs/include/px4_msgs/px4_msgs/msg/detail/actuator_outputs__type_support.h\n'}
[9.280852] (px4_msgs) StdoutLine: {'line': b'-- Up-to-date: /home/em/ros_workspace_2025/nav_ws/install/px4_msgs/include/px4_msgs/px4_msgs/msg/detail/position_controller_status__type_support.h\n'}
[9.280918] (px4_msgs) StdoutLine: {'line': b'-- Up-to-date: /home/em/ros_workspace_2025/nav_ws/install/px4_msgs/include/px4_msgs/px4_msgs/msg/detail/orb_test_medium__type_support.h\n'}
[9.280984] (px4_msgs) StdoutLine: {'line': b'-- Up-to-date: /home/em/ros_workspace_2025/nav_ws/install/px4_msgs/include/px4_msgs/px4_msgs/msg/detail/estimator_status__type_support.h\n'}
[9.281049] (px4_msgs) StdoutLine: {'line': b'-- Up-to-date: /home/em/ros_workspace_2025/nav_ws/install/px4_msgs/include/px4_msgs/px4_msgs/msg/detail/collision_constraints__type_support.h\n'}
[9.281114] (px4_msgs) StdoutLine: {'line': b'-- Up-to-date: /home/em/ros_workspace_2025/nav_ws/install/px4_msgs/include/px4_msgs/px4_msgs/msg/detail/config_overrides__functions.h\n'}
[9.281178] (px4_msgs) StdoutLine: {'line': b'-- Up-to-date: /home/em/ros_workspace_2025/nav_ws/install/px4_msgs/include/px4_msgs/px4_msgs/msg/detail/vehicle_control_mode__functions.c\n'}
[9.281243] (px4_msgs) StdoutLine: {'line': b'-- Up-to-date: /home/em/ros_workspace_2025/nav_ws/install/px4_msgs/include/px4_msgs/px4_msgs/msg/detail/vehicle_thrust_setpoint__type_support.h\n'}
[9.281307] (px4_msgs) StdoutLine: {'line': b'-- Up-to-date: /home/em/ros_workspace_2025/nav_ws/install/px4_msgs/include/px4_msgs/px4_msgs/msg/detail/vehicle_optical_flow_vel__struct.h\n'}
[9.281371] (px4_msgs) StdoutLine: {'line': b'-- Up-to-date: /home/em/ros_workspace_2025/nav_ws/install/px4_msgs/include/px4_msgs/px4_msgs/msg/detail/actuator_test__functions.h\n'}
[9.281460] (px4_msgs) StdoutLine: {'line': b'-- Up-to-date: /home/em/ros_workspace_2025/nav_ws/install/px4_msgs/include/px4_msgs/px4_msgs/msg/detail/gimbal_device_information__struct.h\n'}
[9.281705] (px4_msgs) StdoutLine: {'line': b'-- Up-to-date: /home/em/ros_workspace_2025/nav_ws/install/px4_msgs/include/px4_msgs/px4_msgs/msg/detail/navigator_status__functions.h\n'}
[9.281898] (px4_msgs) StdoutLine: {'line': b'-- Up-to-date: /home/em/ros_workspace_2025/nav_ws/install/px4_msgs/include/px4_msgs/px4_msgs/msg/detail/vehicle_magnetometer__functions.c\n'}
[9.281980] (px4_msgs) StdoutLine: {'line': b'-- Up-to-date: /home/em/ros_workspace_2025/nav_ws/install/px4_msgs/include/px4_msgs/px4_msgs/msg/detail/normalized_unsigned_setpoint__struct.h\n'}
[9.282061] (px4_msgs) StdoutLine: {'line': b'-- Up-to-date: /home/em/ros_workspace_2025/nav_ws/install/px4_msgs/include/px4_msgs/px4_msgs/msg/detail/buffer128__type_support.h\n'}
[9.282141] (px4_msgs) StdoutLine: {'line': b'-- Up-to-date: /home/em/ros_workspace_2025/nav_ws/install/px4_msgs/include/px4_msgs/px4_msgs/msg/detail/esc_status__type_support.h\n'}
[9.282221] (px4_msgs) StdoutLine: {'line': b'-- Up-to-date: /home/em/ros_workspace_2025/nav_ws/install/px4_msgs/include/px4_msgs/px4_msgs/msg/detail/vehicle_roi__functions.h\n'}
[9.282300] (px4_msgs) StdoutLine: {'line': b'-- Up-to-date: /home/em/ros_workspace_2025/nav_ws/install/px4_msgs/include/px4_msgs/px4_msgs/msg/detail/orb_test_large__functions.h\n'}
[9.282380] (px4_msgs) StdoutLine: {'line': b'-- Up-to-date: /home/em/ros_workspace_2025/nav_ws/install/px4_msgs/include/px4_msgs/px4_msgs/msg/detail/mavlink_log__functions.c\n'}
[9.282499] (px4_msgs) StdoutLine: {'line': b'-- Up-to-date: /home/em/ros_workspace_2025/nav_ws/install/px4_msgs/include/px4_msgs/px4_msgs/msg/detail/tiltrotor_extra_controls__functions.c\n'}
[9.282585] (px4_msgs) StdoutLine: {'line': b'-- Up-to-date: /home/em/ros_workspace_2025/nav_ws/install/px4_msgs/include/px4_msgs/px4_msgs/msg/detail/mode_completed__functions.h\n'}
[9.282665] (px4_msgs) StdoutLine: {'line': b'-- Up-to-date: /home/em/ros_workspace_2025/nav_ws/install/px4_msgs/include/px4_msgs/px4_msgs/msg/detail/airspeed__type_support.h\n'}
[9.282747] (px4_msgs) StdoutLine: {'line': b'-- Up-to-date: /home/em/ros_workspace_2025/nav_ws/install/px4_msgs/include/px4_msgs/px4_msgs/msg/detail/vehicle_local_position_setpoint__functions.h\n'}
[9.283060] (px4_msgs) StdoutLine: {'line': b'-- Up-to-date: /home/em/ros_workspace_2025/nav_ws/install/px4_msgs/include/px4_msgs/px4_msgs/msg/detail/camera_capture__type_support.h\n'}
[9.283166] (px4_msgs) StdoutLine: {'line': b'-- Up-to-date: /home/em/ros_workspace_2025/nav_ws/install/px4_msgs/include/px4_msgs/px4_msgs/msg/detail/debug_vect__functions.c\n'}
[9.283261] (px4_msgs) StdoutLine: {'line': b'-- Up-to-date: /home/em/ros_workspace_2025/nav_ws/install/px4_msgs/include/px4_msgs/px4_msgs/msg/detail/vehicle_imu_status__functions.h\n'}
[9.283438] (px4_msgs) StdoutLine: {'line': b'-- Up-to-date: /home/em/ros_workspace_2025/nav_ws/install/px4_msgs/include/px4_msgs/px4_msgs/msg/detail/px4io_status__struct.h\n'}
[9.283821] (px4_msgs) StdoutLine: {'line': b'-- Up-to-date: /home/em/ros_workspace_2025/nav_ws/install/px4_msgs/include/px4_msgs/px4_msgs/msg/detail/collision_report__type_support.h\n'}
[9.283911] (px4_msgs) StdoutLine: {'line': b'-- Up-to-date: /home/em/ros_workspace_2025/nav_ws/install/px4_msgs/include/px4_msgs/px4_msgs/msg/detail/wind__functions.h\n'}
[9.283999] (px4_msgs) StdoutLine: {'line': b'-- Up-to-date: /home/em/ros_workspace_2025/nav_ws/install/px4_msgs/include/px4_msgs/px4_msgs/msg/detail/mode_completed__type_support.h\n'}
[9.284083] (px4_msgs) StdoutLine: {'line': b'-- Up-to-date: /home/em/ros_workspace_2025/nav_ws/install/px4_msgs/include/px4_msgs/px4_msgs/msg/detail/button_event__functions.h\n'}
[9.284168] (px4_msgs) StdoutLine: {'line': b'-- Up-to-date: /home/em/ros_workspace_2025/nav_ws/install/px4_msgs/include/px4_msgs/px4_msgs/msg/detail/control_allocator_status__struct.h\n'}
[9.284256] (px4_msgs) StdoutLine: {'line': b'-- Up-to-date: /home/em/ros_workspace_2025/nav_ws/install/px4_msgs/include/px4_msgs/px4_msgs/msg/detail/sensor_uwb__type_support.h\n'}
[9.284341] (px4_msgs) StdoutLine: {'line': b'-- Up-to-date: /home/em/ros_workspace_2025/nav_ws/install/px4_msgs/include/px4_msgs/px4_msgs/msg/detail/sensor_correction__type_support.h\n'}
[9.284442] (px4_msgs) StdoutLine: {'line': b'-- Up-to-date: /home/em/ros_workspace_2025/nav_ws/install/px4_msgs/include/px4_msgs/px4_msgs/msg/detail/autotune_attitude_control_status__functions.h\n'}
[9.284767] (px4_msgs) StdoutLine: {'line': b'-- Up-to-date: /home/em/ros_workspace_2025/nav_ws/install/px4_msgs/include/px4_msgs/px4_msgs/msg/detail/actuator_servos_trim__type_support.h\n'}
[9.284834] (px4_msgs) StdoutLine: {'line': b'-- Up-to-date: /home/em/ros_workspace_2025/nav_ws/install/px4_msgs/include/px4_msgs/px4_msgs/msg/detail/actuator_test__functions.c\n'}
[9.284890] (px4_msgs) StdoutLine: {'line': b'-- Up-to-date: /home/em/ros_workspace_2025/nav_ws/install/px4_msgs/include/px4_msgs/px4_msgs/msg/detail/debug_value__type_support.h\n'}
[9.284946] (px4_msgs) StdoutLine: {'line': b'-- Up-to-date: /home/em/ros_workspace_2025/nav_ws/install/px4_msgs/include/px4_msgs/px4_msgs/msg/detail/esc_status__functions.c\n'}
[9.285001] (px4_msgs) StdoutLine: {'line': b'-- Up-to-date: /home/em/ros_workspace_2025/nav_ws/install/px4_msgs/include/px4_msgs/px4_msgs/msg/detail/vehicle_command_ack__functions.h\n'}
[9.285056] (px4_msgs) StdoutLine: {'line': b'-- Up-to-date: /home/em/ros_workspace_2025/nav_ws/install/px4_msgs/include/px4_msgs/px4_msgs/msg/detail/follow_target__struct.h\n'}
[9.285111] (px4_msgs) StdoutLine: {'line': b'-- Up-to-date: /home/em/ros_workspace_2025/nav_ws/install/px4_msgs/include/px4_msgs/px4_msgs/msg/detail/ulog_stream__functions.h\n'}
[9.285166] (px4_msgs) StdoutLine: {'line': b'-- Up-to-date: /home/em/ros_workspace_2025/nav_ws/install/px4_msgs/include/px4_msgs/px4_msgs/msg/detail/qshell_req__functions.h\n'}
[9.285292] (px4_msgs) StdoutLine: {'line': b'-- Up-to-date: /home/em/ros_workspace_2025/nav_ws/install/px4_msgs/include/px4_msgs/px4_msgs/msg/detail/estimator_gps_status__struct.h\n'}
[9.285349] (px4_msgs) StdoutLine: {'line': b'-- Up-to-date: /home/em/ros_workspace_2025/nav_ws/install/px4_msgs/include/px4_msgs/px4_msgs/msg/detail/manual_control_setpoint__functions.c\n'}
[9.285558] (px4_msgs) StdoutLine: {'line': b'-- Up-to-date: /home/em/ros_workspace_2025/nav_ws/install/px4_msgs/include/px4_msgs/px4_msgs/msg/detail/onboard_computer_status__type_support.h\n'}
[9.285641] (px4_msgs) StdoutLine: {'line': b'-- Up-to-date: /home/em/ros_workspace_2025/nav_ws/install/px4_msgs/include/px4_msgs/px4_msgs/msg/detail/autotune_attitude_control_status__struct.h\n'}
[9.285699] (px4_msgs) StdoutLine: {'line': b'-- Up-to-date: /home/em/ros_workspace_2025/nav_ws/install/px4_msgs/include/px4_msgs/px4_msgs/msg/detail/sensor_accel__struct.h\n'}
[9.285755] (px4_msgs) StdoutLine: {'line': b'-- Up-to-date: /home/em/ros_workspace_2025/nav_ws/install/px4_msgs/include/px4_msgs/px4_msgs/msg/detail/esc_report__functions.h\n'}
[9.285809] (px4_msgs) StdoutLine: {'line': b'-- Up-to-date: /home/em/ros_workspace_2025/nav_ws/install/px4_msgs/include/px4_msgs/px4_msgs/msg/detail/sensor_selection__type_support.h\n'}
[9.285863] (px4_msgs) StdoutLine: {'line': b'-- Up-to-date: /home/em/ros_workspace_2025/nav_ws/install/px4_msgs/include/px4_msgs/px4_msgs/msg/detail/actuator_controls_status__functions.c\n'}
[9.285922] (px4_msgs) StdoutLine: {'line': b'-- Up-to-date: /home/em/ros_workspace_2025/nav_ws/install/px4_msgs/include/px4_msgs/px4_msgs/msg/detail/rc_channels__functions.c\n'}
[9.285978] (px4_msgs) StdoutLine: {'line': b'-- Up-to-date: /home/em/ros_workspace_2025/nav_ws/install/px4_msgs/include/px4_msgs/px4_msgs/msg/detail/rc_channels__type_support.h\n'}
[9.286038] (px4_msgs) StdoutLine: {'line': b'-- Up-to-date: /home/em/ros_workspace_2025/nav_ws/install/px4_msgs/include/px4_msgs/px4_msgs/msg/detail/sensor_optical_flow__functions.h\n'}
[9.286132] (px4_msgs) StdoutLine: {'line': b'-- Up-to-date: /home/em/ros_workspace_2025/nav_ws/install/px4_msgs/include/px4_msgs/px4_msgs/msg/detail/parameter_reset_request__functions.h\n'}
[9.286210] (px4_msgs) StdoutLine: {'line': b'-- Up-to-date: /home/em/ros_workspace_2025/nav_ws/install/px4_msgs/include/px4_msgs/px4_msgs/msg/detail/sensor_gyro__functions.c\n'}
[9.286267] (px4_msgs) StdoutLine: {'line': b'-- Up-to-date: /home/em/ros_workspace_2025/nav_ws/install/px4_msgs/include/px4_msgs/px4_msgs/msg/detail/battery_status__type_support.h\n'}
[9.286324] (px4_msgs) StdoutLine: {'line': b'-- Up-to-date: /home/em/ros_workspace_2025/nav_ws/install/px4_msgs/include/px4_msgs/px4_msgs/msg/detail/npfg_status__struct.h\n'}
[9.286378] (px4_msgs) StdoutLine: {'line': b'-- Up-to-date: /home/em/ros_workspace_2025/nav_ws/install/px4_msgs/include/px4_msgs/px4_msgs/msg/detail/actuator_outputs__functions.h\n'}
[9.286556] (px4_msgs) StdoutLine: {'line': b'-- Up-to-date: /home/em/ros_workspace_2025/nav_ws/install/px4_msgs/include/px4_msgs/px4_msgs/msg/detail/fuel_tank_status__functions.h\n'}
[9.286683] (px4_msgs) StdoutLine: {'line': b'-- Up-to-date: /home/em/ros_workspace_2025/nav_ws/install/px4_msgs/include/px4_msgs/px4_msgs/msg/detail/vehicle_odometry__type_support.h\n'}
[9.286740] (px4_msgs) StdoutLine: {'line': b'-- Up-to-date: /home/em/ros_workspace_2025/nav_ws/install/px4_msgs/include/px4_msgs/px4_msgs/msg/detail/heater_status__struct.h\n'}
[9.286798] (px4_msgs) StdoutLine: {'line': b'-- Up-to-date: /home/em/ros_workspace_2025/nav_ws/install/px4_msgs/include/px4_msgs/px4_msgs/msg/detail/landing_target_pose__functions.h\n'}
[9.286854] (px4_msgs) StdoutLine: {'line': b'-- Up-to-date: /home/em/ros_workspace_2025/nav_ws/install/px4_msgs/include/px4_msgs/px4_msgs/msg/detail/sensor_gnss_relative__type_support.h\n'}
[9.286911] (px4_msgs) StdoutLine: {'line': b'-- Up-to-date: /home/em/ros_workspace_2025/nav_ws/install/px4_msgs/include/px4_msgs/px4_msgs/msg/detail/airspeed_wind__functions.c\n'}
[9.286965] (px4_msgs) StdoutLine: {'line': b'-- Up-to-date: /home/em/ros_workspace_2025/nav_ws/install/px4_msgs/include/px4_msgs/px4_msgs/msg/detail/gimbal_controls__functions.h\n'}
[9.287019] (px4_msgs) StdoutLine: {'line': b'-- Up-to-date: /home/em/ros_workspace_2025/nav_ws/install/px4_msgs/include/px4_msgs/px4_msgs/msg/detail/radio_status__functions.h\n'}
[9.287078] (px4_msgs) StdoutLine: {'line': b'-- Up-to-date: /home/em/ros_workspace_2025/nav_ws/install/px4_msgs/include/px4_msgs/px4_msgs/msg/detail/yaw_estimator_status__type_support.h\n'}
[9.287306] (px4_msgs) StdoutLine: {'line': b'-- Up-to-date: /home/em/ros_workspace_2025/nav_ws/install/px4_msgs/include/px4_msgs/px4_msgs/msg/detail/logger_status__functions.c\n'}
[9.287354] (px4_msgs) StdoutLine: {'line': b'-- Up-to-date: /home/em/ros_workspace_2025/nav_ws/install/px4_msgs/include/px4_msgs/px4_msgs/msg/detail/rover_differential_setpoint__type_support.h\n'}
[9.287392] (px4_msgs) StdoutLine: {'line': b'-- Up-to-date: /home/em/ros_workspace_2025/nav_ws/install/px4_msgs/include/px4_msgs/px4_msgs/msg/detail/rover_ackermann_setpoint__type_support.h\n'}
[9.287433] (px4_msgs) StdoutLine: {'line': b'-- Up-to-date: /home/em/ros_workspace_2025/nav_ws/install/px4_msgs/include/px4_msgs/px4_msgs/msg/detail/magnetometer_bias_estimate__struct.h\n'}
[9.287461] (px4_msgs) StdoutLine: {'line': b'-- Up-to-date: /home/em/ros_workspace_2025/nav_ws/install/px4_msgs/include/px4_msgs/px4_msgs/msg/detail/airspeed__struct.h\n'}
[9.287549] (px4_msgs) StdoutLine: {'line': b'-- Up-to-date: /home/em/ros_workspace_2025/nav_ws/install/px4_msgs/include/px4_msgs/px4_msgs/msg/detail/satellite_info__functions.c\n'}
[9.287579] (px4_msgs) StdoutLine: {'line': b'-- Up-to-date: /home/em/ros_workspace_2025/nav_ws/install/px4_msgs/include/px4_msgs/px4_msgs/msg/detail/vehicle_roi__type_support.h\n'}
[9.287615] (px4_msgs) StdoutLine: {'line': b'-- Up-to-date: /home/em/ros_workspace_2025/nav_ws/install/px4_msgs/include/px4_msgs/px4_msgs/msg/detail/follow_target__functions.c\n'}
[9.287648] (px4_msgs) StdoutLine: {'line': b'-- Up-to-date: /home/em/ros_workspace_2025/nav_ws/install/px4_msgs/include/px4_msgs/px4_msgs/msg/detail/rpm__functions.h\n'}
[9.287681] (px4_msgs) StdoutLine: {'line': b'-- Up-to-date: /home/em/ros_workspace_2025/nav_ws/install/px4_msgs/include/px4_msgs/px4_msgs/msg/detail/sensor_baro__struct.h\n'}
[9.287712] (px4_msgs) StdoutLine: {'line': b'-- Up-to-date: /home/em/ros_workspace_2025/nav_ws/install/px4_msgs/include/px4_msgs/px4_msgs/msg/detail/estimator_bias3d__functions.h\n'}
[9.287742] (px4_msgs) StdoutLine: {'line': b'-- Up-to-date: /home/em/ros_workspace_2025/nav_ws/install/px4_msgs/include/px4_msgs/px4_msgs/msg/detail/health_report__functions.c\n'}
[9.287771] (px4_msgs) StdoutLine: {'line': b'-- Up-to-date: /home/em/ros_workspace_2025/nav_ws/install/px4_msgs/include/px4_msgs/px4_msgs/msg/detail/home_position__functions.h\n'}
[9.287804] (px4_msgs) StdoutLine: {'line': b'-- Up-to-date: /home/em/ros_workspace_2025/nav_ws/install/px4_msgs/include/px4_msgs/px4_msgs/msg/detail/vehicle_air_data__functions.h\n'}
[9.287834] (px4_msgs) StdoutLine: {'line': b'-- Up-to-date: /home/em/ros_workspace_2025/nav_ws/install/px4_msgs/include/px4_msgs/px4_msgs/msg/detail/action_request__functions.h\n'}
[9.287863] (px4_msgs) StdoutLine: {'line': b'-- Up-to-date: /home/em/ros_workspace_2025/nav_ws/install/px4_msgs/include/px4_msgs/px4_msgs/msg/detail/vehicle_trajectory_bezier__type_support.h\n'}
[9.287935] (px4_msgs) StdoutLine: {'line': b'-- Up-to-date: /home/em/ros_workspace_2025/nav_ws/install/px4_msgs/include/px4_msgs/px4_msgs/msg/detail/manual_control_setpoint__type_support.h\n'}
[9.287971] (px4_msgs) StdoutLine: {'line': b'-- Up-to-date: /home/em/ros_workspace_2025/nav_ws/install/px4_msgs/include/px4_msgs/px4_msgs/msg/detail/flight_phase_estimation__type_support.h\n'}
[9.288004] (px4_msgs) StdoutLine: {'line': b'-- Up-to-date: /home/em/ros_workspace_2025/nav_ws/install/px4_msgs/include/px4_msgs/px4_msgs/msg/detail/figure_eight_status__type_support.h\n'}
[9.288035] (px4_msgs) StdoutLine: {'line': b'-- Up-to-date: /home/em/ros_workspace_2025/nav_ws/install/px4_msgs/include/px4_msgs/px4_msgs/msg/detail/sensor_combined__struct.h\n'}
[9.288066] (px4_msgs) StdoutLine: {'line': b'-- Up-to-date: /home/em/ros_workspace_2025/nav_ws/install/px4_msgs/include/px4_msgs/px4_msgs/msg/detail/position_setpoint__functions.h\n'}
[9.288095] (px4_msgs) StdoutLine: {'line': b'-- Up-to-date: /home/em/ros_workspace_2025/nav_ws/install/px4_msgs/include/px4_msgs/px4_msgs/msg/detail/geofence_status__type_support.h\n'}
[9.288182] (px4_msgs) StdoutLine: {'line': b'-- Up-to-date: /home/em/ros_workspace_2025/nav_ws/install/px4_msgs/include/px4_msgs/px4_msgs/msg/detail/debug_key_value__struct.h\n'}
[9.288221] (px4_msgs) StdoutLine: {'line': b'-- Up-to-date: /home/em/ros_workspace_2025/nav_ws/install/px4_msgs/include/px4_msgs/px4_msgs/msg/detail/can_interface_status__functions.c\n'}
[9.288251] (px4_msgs) StdoutLine: {'line': b'-- Up-to-date: /home/em/ros_workspace_2025/nav_ws/install/px4_msgs/include/px4_msgs/px4_msgs/msg/detail/register_ext_component_reply__functions.c\n'}
[9.288287] (px4_msgs) StdoutLine: {'line': b'-- Up-to-date: /home/em/ros_workspace_2025/nav_ws/install/px4_msgs/include/px4_msgs/px4_msgs/msg/detail/follow_target_status__functions.c\n'}
[9.288321] (px4_msgs) StdoutLine: {'line': b'-- Up-to-date: /home/em/ros_workspace_2025/nav_ws/install/px4_msgs/include/px4_msgs/px4_msgs/msg/detail/uavcan_parameter_value__functions.c\n'}
[9.288354] (px4_msgs) StdoutLine: {'line': b'-- Up-to-date: /home/em/ros_workspace_2025/nav_ws/install/px4_msgs/include/px4_msgs/px4_msgs/msg/detail/gpio_request__functions.h\n'}
[9.288386] (px4_msgs) StdoutLine: {'line': b'-- Up-to-date: /home/em/ros_workspace_2025/nav_ws/install/px4_msgs/include/px4_msgs/px4_msgs/msg/detail/gps_dump__struct.h\n'}
[9.288561] (px4_msgs) StdoutLine: {'line': b'-- Up-to-date: /home/em/ros_workspace_2025/nav_ws/install/px4_msgs/include/px4_msgs/px4_msgs/msg/detail/parameter_set_value_request__functions.c\n'}
[9.288602] (px4_msgs) StdoutLine: {'line': b'-- Up-to-date: /home/em/ros_workspace_2025/nav_ws/install/px4_msgs/include/px4_msgs/px4_msgs/msg/detail/estimator_status_flags__struct.h\n'}
[9.288631] (px4_msgs) StdoutLine: {'line': b'-- Up-to-date: /home/em/ros_workspace_2025/nav_ws/install/px4_msgs/include/px4_msgs/px4_msgs/msg/detail/sensor_correction__functions.c\n'}
[9.288659] (px4_msgs) StdoutLine: {'line': b'-- Up-to-date: /home/em/ros_workspace_2025/nav_ws/install/px4_msgs/include/px4_msgs/px4_msgs/msg/detail/rtl_time_estimate__type_support.h\n'}
[9.288689] (px4_msgs) StdoutLine: {'line': b'-- Up-to-date: /home/em/ros_workspace_2025/nav_ws/install/px4_msgs/include/px4_msgs/px4_msgs/msg/detail/button_event__type_support.h\n'}
[9.288715] (px4_msgs) StdoutLine: {'line': b'-- Up-to-date: /home/em/ros_workspace_2025/nav_ws/install/px4_msgs/include/px4_msgs/px4_msgs/msg/detail/distance_sensor__type_support.h\n'}
[9.288751] (px4_msgs) StdoutLine: {'line': b'-- Up-to-date: /home/em/ros_workspace_2025/nav_ws/install/px4_msgs/include/px4_msgs/px4_msgs/msg/detail/vehicle_constraints__functions.c\n'}
[9.288783] (px4_msgs) StdoutLine: {'line': b'-- Up-to-date: /home/em/ros_workspace_2025/nav_ws/install/px4_msgs/include/px4_msgs/px4_msgs/msg/detail/gimbal_manager_set_manual_control__functions.c\n'}
[9.288859] (px4_msgs) StdoutLine: {'line': b'-- Up-to-date: /home/em/ros_workspace_2025/nav_ws/install/px4_msgs/include/px4_msgs/px4_msgs/msg/detail/tecs_status__functions.c\n'}
[9.288938] (px4_msgs) StdoutLine: {'line': b'-- Up-to-date: /home/em/ros_workspace_2025/nav_ws/install/px4_msgs/include/px4_msgs/px4_msgs/msg/detail/estimator_event_flags__struct.h\n'}
[9.289039] (px4_msgs) StdoutLine: {'line': b'-- Up-to-date: /home/em/ros_workspace_2025/nav_ws/install/px4_msgs/include/px4_msgs/px4_msgs/msg/detail/radio_status__struct.h\n'}
[9.289134] (px4_msgs) StdoutLine: {'line': b'-- Up-to-date: /home/em/ros_workspace_2025/nav_ws/install/px4_msgs/include/px4_msgs/px4_msgs/msg/detail/npfg_status__functions.c\n'}
[9.289223] (px4_msgs) StdoutLine: {'line': b'-- Up-to-date: /home/em/ros_workspace_2025/nav_ws/install/px4_msgs/include/px4_msgs/px4_msgs/msg/detail/uavcan_parameter_request__struct.h\n'}
[9.289321] (px4_msgs) StdoutLine: {'line': b'-- Up-to-date: /home/em/ros_workspace_2025/nav_ws/install/px4_msgs/include/px4_msgs/px4_msgs/msg/detail/ulog_stream__type_support.h\n'}
[9.289423] (px4_msgs) StdoutLine: {'line': b'-- Up-to-date: /home/em/ros_workspace_2025/nav_ws/install/px4_msgs/include/px4_msgs/px4_msgs/msg/detail/rover_mecanum_status__type_support.h\n'}
[9.289589] (px4_msgs) StdoutLine: {'line': b'-- Up-to-date: /home/em/ros_workspace_2025/nav_ws/install/px4_msgs/include/px4_msgs/px4_msgs/msg/detail/magnetometer_bias_estimate__functions.h\n'}
[9.289678] (px4_msgs) StdoutLine: {'line': b'-- Up-to-date: /home/em/ros_workspace_2025/nav_ws/install/px4_msgs/include/px4_msgs/px4_msgs/msg/detail/arming_check_reply__struct.h\n'}
[9.289766] (px4_msgs) StdoutLine: {'line': b'-- Up-to-date: /home/em/ros_workspace_2025/nav_ws/install/px4_msgs/include/px4_msgs/px4_msgs/msg/detail/hover_thrust_estimate__type_support.h\n'}
[9.289850] (px4_msgs) StdoutLine: {'line': b'-- Up-to-date: /home/em/ros_workspace_2025/nav_ws/install/px4_msgs/include/px4_msgs/px4_msgs/msg/detail/generator_status__functions.h\n'}
[9.289933] (px4_msgs) StdoutLine: {'line': b'-- Up-to-date: /home/em/ros_workspace_2025/nav_ws/install/px4_msgs/include/px4_msgs/px4_msgs/msg/detail/gpio_out__struct.h\n'}
[9.290014] (px4_msgs) StdoutLine: {'line': b'-- Up-to-date: /home/em/ros_workspace_2025/nav_ws/install/px4_msgs/include/px4_msgs/px4_msgs/msg/detail/actuator_armed__type_support.h\n'}
[9.290103] (px4_msgs) StdoutLine: {'line': b'-- Up-to-date: /home/em/ros_workspace_2025/nav_ws/install/px4_msgs/include/px4_msgs/px4_msgs/msg/detail/message_format_request__functions.c\n'}
[9.290192] (px4_msgs) StdoutLine: {'line': b'-- Up-to-date: /home/em/ros_workspace_2025/nav_ws/install/px4_msgs/include/px4_msgs/px4_msgs/msg/detail/arming_check_reply__functions.c\n'}
[9.290274] (px4_msgs) StdoutLine: {'line': b'-- Up-to-date: /home/em/ros_workspace_2025/nav_ws/install/px4_msgs/include/px4_msgs/px4_msgs/msg/detail/vehicle_local_position__functions.c\n'}
[9.290354] (px4_msgs) StdoutLine: {'line': b'-- Up-to-date: /home/em/ros_workspace_2025/nav_ws/install/px4_msgs/include/px4_msgs/px4_msgs/msg/detail/qshell_retval__functions.c\n'}
[9.290471] (px4_msgs) StdoutLine: {'line': b'-- Up-to-date: /home/em/ros_workspace_2025/nav_ws/install/px4_msgs/include/px4_msgs/px4_msgs/msg/detail/sensor_selection__functions.h\n'}
[9.290562] (px4_msgs) StdoutLine: {'line': b'-- Up-to-date: /home/em/ros_workspace_2025/nav_ws/install/px4_msgs/include/px4_msgs/px4_msgs/msg/detail/hover_thrust_estimate__struct.h\n'}
[9.290644] (px4_msgs) StdoutLine: {'line': b'-- Up-to-date: /home/em/ros_workspace_2025/nav_ws/install/px4_msgs/include/px4_msgs/px4_msgs/msg/detail/pps_capture__functions.c\n'}
[9.290726] (px4_msgs) StdoutLine: {'line': b'-- Up-to-date: /home/em/ros_workspace_2025/nav_ws/install/px4_msgs/include/px4_msgs/px4_msgs/msg/detail/rover_ackermann_status__functions.c\n'}
[9.290807] (px4_msgs) StdoutLine: {'line': b'-- Up-to-date: /home/em/ros_workspace_2025/nav_ws/install/px4_msgs/include/px4_msgs/px4_msgs/msg/detail/parameter_set_value_response__type_support.h\n'}
[9.290891] (px4_msgs) StdoutLine: {'line': b'-- Up-to-date: /home/em/ros_workspace_2025/nav_ws/install/px4_msgs/include/px4_msgs/px4_msgs/msg/detail/open_drone_id_operator_id__functions.h\n'}
[9.290972] (px4_msgs) StdoutLine: {'line': b'-- Up-to-date: /home/em/ros_workspace_2025/nav_ws/install/px4_msgs/include/px4_msgs/px4_msgs/msg/detail/goto_setpoint__type_support.h\n'}
[9.291053] (px4_msgs) StdoutLine: {'line': b'-- Up-to-date: /home/em/ros_workspace_2025/nav_ws/install/px4_msgs/include/px4_msgs/px4_msgs/msg/detail/landing_target_pose__functions.c\n'}
[9.291133] (px4_msgs) StdoutLine: {'line': b'-- Up-to-date: /home/em/ros_workspace_2025/nav_ws/install/px4_msgs/include/px4_msgs/px4_msgs/msg/detail/dataman_response__struct.h\n'}
[9.291213] (px4_msgs) StdoutLine: {'line': b'-- Up-to-date: /home/em/ros_workspace_2025/nav_ws/install/px4_msgs/include/px4_msgs/px4_msgs/msg/detail/rc_parameter_map__type_support.h\n'}
[9.291297] (px4_msgs) StdoutLine: {'line': b'-- Up-to-date: /home/em/ros_workspace_2025/nav_ws/install/px4_msgs/include/px4_msgs/px4_msgs/msg/detail/dataman_request__struct.h\n'}
[9.291367] (px4_msgs) StdoutLine: {'line': b'-- Up-to-date: /home/em/ros_workspace_2025/nav_ws/install/px4_msgs/include/px4_msgs/px4_msgs/msg/detail/estimator_status_flags__functions.h\n'}
[9.291451] (px4_msgs) StdoutLine: {'line': b'-- Up-to-date: /home/em/ros_workspace_2025/nav_ws/install/px4_msgs/include/px4_msgs/px4_msgs/msg/detail/unregister_ext_component__type_support.h\n'}
[9.291484] (px4_msgs) StdoutLine: {'line': b'-- Up-to-date: /home/em/ros_workspace_2025/nav_ws/install/px4_msgs/include/px4_msgs/px4_msgs/msg/detail/health_report__type_support.h\n'}
[9.291514] (px4_msgs) StdoutLine: {'line': b'-- Up-to-date: /home/em/ros_workspace_2025/nav_ws/install/px4_msgs/include/px4_msgs/px4_msgs/msg/detail/radio_status__functions.c\n'}
[9.291542] (px4_msgs) StdoutLine: {'line': b'-- Up-to-date: /home/em/ros_workspace_2025/nav_ws/install/px4_msgs/include/px4_msgs/px4_msgs/msg/detail/vehicle_optical_flow_vel__functions.c\n'}
[9.291572] (px4_msgs) StdoutLine: {'line': b'-- Up-to-date: /home/em/ros_workspace_2025/nav_ws/install/px4_msgs/include/px4_msgs/px4_msgs/msg/detail/power_monitor__type_support.h\n'}
[9.291601] (px4_msgs) StdoutLine: {'line': b'-- Up-to-date: /home/em/ros_workspace_2025/nav_ws/install/px4_msgs/include/px4_msgs/px4_msgs/msg/detail/gimbal_device_attitude_status__functions.h\n'}
[9.291645] (px4_msgs) StdoutLine: {'line': b'-- Up-to-date: /home/em/ros_workspace_2025/nav_ws/install/px4_msgs/include/px4_msgs/px4_msgs/msg/detail/ekf2_timestamps__struct.h\n'}
[9.291678] (px4_msgs) StdoutLine: {'line': b'-- Up-to-date: /home/em/ros_workspace_2025/nav_ws/install/px4_msgs/include/px4_msgs/px4_msgs/msg/detail/parameter_update__struct.h\n'}
[9.291707] (px4_msgs) StdoutLine: {'line': b'-- Up-to-date: /home/em/ros_workspace_2025/nav_ws/install/px4_msgs/include/px4_msgs/px4_msgs/msg/detail/vehicle_angular_velocity__struct.h\n'}
[9.291736] (px4_msgs) StdoutLine: {'line': b'-- Up-to-date: /home/em/ros_workspace_2025/nav_ws/install/px4_msgs/include/px4_msgs/px4_msgs/msg/detail/estimator_states__type_support.h\n'}
[9.291767] (px4_msgs) StdoutLine: {'line': b'-- Up-to-date: /home/em/ros_workspace_2025/nav_ws/install/px4_msgs/include/px4_msgs/px4_msgs/msg/detail/camera_trigger__struct.h\n'}
[9.291796] (px4_msgs) StdoutLine: {'line': b'-- Up-to-date: /home/em/ros_workspace_2025/nav_ws/install/px4_msgs/include/px4_msgs/px4_msgs/msg/detail/system_power__functions.c\n'}
[9.291824] (px4_msgs) StdoutLine: {'line': b'-- Up-to-date: /home/em/ros_workspace_2025/nav_ws/install/px4_msgs/include/px4_msgs/px4_msgs/msg/detail/dataman_response__type_support.h\n'}
[9.291852] (px4_msgs) StdoutLine: {'line': b'-- Up-to-date: /home/em/ros_workspace_2025/nav_ws/install/px4_msgs/include/px4_msgs/px4_msgs/msg/detail/parameter_set_value_request__type_support.h\n'}
[9.291880] (px4_msgs) StdoutLine: {'line': b'-- Up-to-date: /home/em/ros_workspace_2025/nav_ws/install/px4_msgs/include/px4_msgs/px4_msgs/msg/detail/gimbal_manager_status__type_support.h\n'}
[9.291908] (px4_msgs) StdoutLine: {'line': b'-- Up-to-date: /home/em/ros_workspace_2025/nav_ws/install/px4_msgs/include/px4_msgs/px4_msgs/msg/detail/onboard_computer_status__functions.c\n'}
[9.291936] (px4_msgs) StdoutLine: {'line': b'-- Up-to-date: /home/em/ros_workspace_2025/nav_ws/install/px4_msgs/include/px4_msgs/px4_msgs/msg/detail/takeoff_status__functions.c\n'}
[9.291964] (px4_msgs) StdoutLine: {'line': b'-- Up-to-date: /home/em/ros_workspace_2025/nav_ws/install/px4_msgs/include/px4_msgs/px4_msgs/msg/detail/input_rc__type_support.h\n'}
[9.291991] (px4_msgs) StdoutLine: {'line': b'-- Up-to-date: /home/em/ros_workspace_2025/nav_ws/install/px4_msgs/include/px4_msgs/px4_msgs/msg/detail/open_drone_id_self_id__struct.h\n'}
[9.292019] (px4_msgs) StdoutLine: {'line': b'-- Up-to-date: /home/em/ros_workspace_2025/nav_ws/install/px4_msgs/include/px4_msgs/px4_msgs/msg/detail/power_monitor__struct.h\n'}
[9.292047] (px4_msgs) StdoutLine: {'line': b'-- Up-to-date: /home/em/ros_workspace_2025/nav_ws/install/px4_msgs/include/px4_msgs/px4_msgs/msg/detail/orb_test_medium__functions.h\n'}
[9.292079] (px4_msgs) StdoutLine: {'line': b'-- Up-to-date: /home/em/ros_workspace_2025/nav_ws/install/px4_msgs/include/px4_msgs/px4_msgs/msg/detail/radio_status__type_support.h\n'}
[9.292141] (px4_msgs) StdoutLine: {'line': b'-- Up-to-date: /home/em/ros_workspace_2025/nav_ws/install/px4_msgs/include/px4_msgs/px4_msgs/msg/detail/transponder_report__struct.h\n'}
[9.292170] (px4_msgs) StdoutLine: {'line': b'-- Up-to-date: /home/em/ros_workspace_2025/nav_ws/install/px4_msgs/include/px4_msgs/px4_msgs/msg/detail/gimbal_manager_status__functions.h\n'}
[9.292199] (px4_msgs) StdoutLine: {'line': b'-- Up-to-date: /home/em/ros_workspace_2025/nav_ws/install/px4_msgs/include/px4_msgs/px4_msgs/msg/detail/estimator_sensor_bias__functions.c\n'}
[9.292226] (px4_msgs) StdoutLine: {'line': b'-- Up-to-date: /home/em/ros_workspace_2025/nav_ws/install/px4_msgs/include/px4_msgs/px4_msgs/msg/detail/follow_target_status__functions.h\n'}
[9.292254] (px4_msgs) StdoutLine: {'line': b'-- Up-to-date: /home/em/ros_workspace_2025/nav_ws/install/px4_msgs/include/px4_msgs/px4_msgs/msg/detail/collision_constraints__functions.h\n'}
[9.292282] (px4_msgs) StdoutLine: {'line': b'-- Up-to-date: /home/em/ros_workspace_2025/nav_ws/install/px4_msgs/include/px4_msgs/px4_msgs/msg/detail/estimator_status_flags__functions.c\n'}
[9.292310] (px4_msgs) StdoutLine: {'line': b'-- Up-to-date: /home/em/ros_workspace_2025/nav_ws/install/px4_msgs/include/px4_msgs/px4_msgs/msg/detail/airspeed_wind__type_support.h\n'}
[9.292409] (px4_msgs) StdoutLine: {'line': b'-- Up-to-date: /home/em/ros_workspace_2025/nav_ws/install/px4_msgs/include/px4_msgs/px4_msgs/msg/detail/parameter_update__functions.c\n'}
[9.292467] (px4_msgs) StdoutLine: {'line': b'-- Up-to-date: /home/em/ros_workspace_2025/nav_ws/install/px4_msgs/include/px4_msgs/px4_msgs/msg/detail/sensor_selection__functions.c\n'}
[9.292497] (px4_msgs) StdoutLine: {'line': b'-- Up-to-date: /home/em/ros_workspace_2025/nav_ws/install/px4_msgs/include/px4_msgs/px4_msgs/msg/detail/esc_report__functions.c\n'}
[9.292527] (px4_msgs) StdoutLine: {'line': b'-- Up-to-date: /home/em/ros_workspace_2025/nav_ws/install/px4_msgs/include/px4_msgs/px4_msgs/msg/detail/cpuload__type_support.h\n'}
[9.292555] (px4_msgs) StdoutLine: {'line': b'-- Up-to-date: /home/em/ros_workspace_2025/nav_ws/install/px4_msgs/include/px4_msgs/px4_msgs/msg/detail/sensor_hygrometer__functions.c\n'}
[9.292592] (px4_msgs) StdoutLine: {'line': b'-- Up-to-date: /home/em/ros_workspace_2025/nav_ws/install/px4_msgs/include/px4_msgs/px4_msgs/msg/detail/manual_control_setpoint__functions.h\n'}
[9.292622] (px4_msgs) StdoutLine: {'line': b'-- Up-to-date: /home/em/ros_workspace_2025/nav_ws/install/px4_msgs/include/px4_msgs/px4_msgs/msg/detail/adc_report__type_support.h\n'}
[9.292650] (px4_msgs) StdoutLine: {'line': b'-- Up-to-date: /home/em/ros_workspace_2025/nav_ws/install/px4_msgs/include/px4_msgs/px4_msgs/msg/detail/message_format_response__functions.c\n'}
[9.292679] (px4_msgs) StdoutLine: {'line': b'-- Up-to-date: /home/em/ros_workspace_2025/nav_ws/install/px4_msgs/include/px4_msgs/px4_msgs/msg/detail/sensor_gyro__functions.h\n'}
[9.292707] (px4_msgs) StdoutLine: {'line': b'-- Up-to-date: /home/em/ros_workspace_2025/nav_ws/install/px4_msgs/include/px4_msgs/px4_msgs/msg/detail/velocity_limits__functions.c\n'}
[9.292735] (px4_msgs) StdoutLine: {'line': b'-- Up-to-date: /home/em/ros_workspace_2025/nav_ws/install/px4_msgs/include/px4_msgs/px4_msgs/msg/detail/vtol_vehicle_status__functions.h\n'}
[9.292766] (px4_msgs) StdoutLine: {'line': b'-- Up-to-date: /home/em/ros_workspace_2025/nav_ws/install/px4_msgs/include/px4_msgs/px4_msgs/msg/detail/rover_ackermann_guidance_status__functions.h\n'}
[9.292794] (px4_msgs) StdoutLine: {'line': b'-- Up-to-date: /home/em/ros_workspace_2025/nav_ws/install/px4_msgs/include/px4_msgs/px4_msgs/msg/detail/rover_ackermann_guidance_status__type_support.h\n'}
[9.292823] (px4_msgs) StdoutLine: {'line': b'-- Up-to-date: /home/em/ros_workspace_2025/nav_ws/install/px4_msgs/include/px4_msgs/px4_msgs/msg/detail/vehicle_imu__functions.c\n'}
[9.292851] (px4_msgs) StdoutLine: {'line': b'-- Up-to-date: /home/em/ros_workspace_2025/nav_ws/install/px4_msgs/include/px4_msgs/px4_msgs/msg/detail/uavcan_parameter_request__functions.c\n'}
[9.292878] (px4_msgs) StdoutLine: {'line': b'-- Up-to-date: /home/em/ros_workspace_2025/nav_ws/install/px4_msgs/include/px4_msgs/px4_msgs/msg/detail/actuator_motors__struct.h\n'}
[9.292931] (px4_msgs) StdoutLine: {'line': b'-- Up-to-date: /home/em/ros_workspace_2025/nav_ws/install/px4_msgs/include/px4_msgs/px4_msgs/msg/detail/collision_report__functions.h\n'}
[9.292960] (px4_msgs) StdoutLine: {'line': b'-- Up-to-date: /home/em/ros_workspace_2025/nav_ws/install/px4_msgs/include/px4_msgs/px4_msgs/msg/detail/sensors_status_imu__type_support.h\n'}
[9.292988] (px4_msgs) StdoutLine: {'line': b'-- Up-to-date: /home/em/ros_workspace_2025/nav_ws/install/px4_msgs/include/px4_msgs/px4_msgs/msg/detail/estimator_innovations__functions.c\n'}
[9.293015] (px4_msgs) StdoutLine: {'line': b'-- Up-to-date: /home/em/ros_workspace_2025/nav_ws/install/px4_msgs/include/px4_msgs/px4_msgs/msg/detail/vehicle_attitude__type_support.h\n'}
[9.293043] (px4_msgs) StdoutLine: {'line': b'-- Up-to-date: /home/em/ros_workspace_2025/nav_ws/install/px4_msgs/include/px4_msgs/px4_msgs/msg/detail/vehicle_magnetometer__type_support.h\n'}
[9.293073] (px4_msgs) StdoutLine: {'line': b'-- Up-to-date: /home/em/ros_workspace_2025/nav_ws/install/px4_msgs/include/px4_msgs/px4_msgs/msg/detail/gripper__functions.c\n'}
[9.293101] (px4_msgs) StdoutLine: {'line': b'-- Up-to-date: /home/em/ros_workspace_2025/nav_ws/install/px4_msgs/include/px4_msgs/px4_msgs/msg/detail/dataman_response__functions.c\n'}
[9.293129] (px4_msgs) StdoutLine: {'line': b'-- Up-to-date: /home/em/ros_workspace_2025/nav_ws/install/px4_msgs/include/px4_msgs/px4_msgs/msg/detail/sensor_gyro_fifo__functions.h\n'}
[9.293157] (px4_msgs) StdoutLine: {'line': b'-- Up-to-date: /home/em/ros_workspace_2025/nav_ws/install/px4_msgs/include/px4_msgs/px4_msgs/msg/detail/navigator_status__functions.c\n'}
[9.293185] (px4_msgs) StdoutLine: {'line': b'-- Up-to-date: /home/em/ros_workspace_2025/nav_ws/install/px4_msgs/include/px4_msgs/px4_msgs/msg/detail/dataman_request__functions.h\n'}
[9.293212] (px4_msgs) StdoutLine: {'line': b'-- Up-to-date: /home/em/ros_workspace_2025/nav_ws/install/px4_msgs/include/px4_msgs/px4_msgs/msg/detail/estimator_bias__type_support.h\n'}
[9.293240] (px4_msgs) StdoutLine: {'line': b'-- Up-to-date: /home/em/ros_workspace_2025/nav_ws/install/px4_msgs/include/px4_msgs/px4_msgs/msg/detail/register_ext_component_reply__functions.h\n'}
[9.293269] (px4_msgs) StdoutLine: {'line': b'-- Up-to-date: /home/em/ros_workspace_2025/nav_ws/install/px4_msgs/include/px4_msgs/px4_msgs/msg/detail/parameter_update__functions.h\n'}
[9.293296] (px4_msgs) StdoutLine: {'line': b'-- Up-to-date: /home/em/ros_workspace_2025/nav_ws/install/px4_msgs/include/px4_msgs/px4_msgs/msg/detail/differential_pressure__functions.c\n'}
[9.293324] (px4_msgs) StdoutLine: {'line': b'-- Up-to-date: /home/em/ros_workspace_2025/nav_ws/install/px4_msgs/include/px4_msgs/px4_msgs/msg/detail/vehicle_local_position__struct.h\n'}
[9.293416] (px4_msgs) StdoutLine: {'line': b'-- Up-to-date: /home/em/ros_workspace_2025/nav_ws/install/px4_msgs/include/px4_msgs/px4_msgs/msg/detail/position_controller_landing_status__struct.h\n'}
[9.293451] (px4_msgs) StdoutLine: {'line': b'-- Up-to-date: /home/em/ros_workspace_2025/nav_ws/install/px4_msgs/include/px4_msgs/px4_msgs/msg/detail/battery_status__functions.c\n'}
[9.293494] (px4_msgs) StdoutLine: {'line': b'-- Up-to-date: /home/em/ros_workspace_2025/nav_ws/install/px4_msgs/include/px4_msgs/px4_msgs/msg/detail/trajectory_setpoint__functions.c\n'}
[9.293518] (px4_msgs) StdoutLine: {'line': b'-- Up-to-date: /home/em/ros_workspace_2025/nav_ws/install/px4_msgs/include/px4_msgs/px4_msgs/msg/detail/position_setpoint_triplet__functions.c\n'}
[9.293540] (px4_msgs) StdoutLine: {'line': b'-- Up-to-date: /home/em/ros_workspace_2025/nav_ws/install/px4_msgs/include/px4_msgs/px4_msgs/msg/detail/ulog_stream_ack__functions.c\n'}
[9.293561] (px4_msgs) StdoutLine: {'line': b'-- Up-to-date: /home/em/ros_workspace_2025/nav_ws/install/px4_msgs/include/px4_msgs/px4_msgs/msg/detail/actuator_controls_status__struct.h\n'}
[9.293582] (px4_msgs) StdoutLine: {'line': b'-- Up-to-date: /home/em/ros_workspace_2025/nav_ws/install/px4_msgs/include/px4_msgs/px4_msgs/msg/detail/gimbal_manager_set_attitude__functions.c\n'}
[9.293603] (px4_msgs) StdoutLine: {'line': b'-- Up-to-date: /home/em/ros_workspace_2025/nav_ws/install/px4_msgs/include/px4_msgs/px4_msgs/msg/detail/tecs_status__type_support.h\n'}
[9.293624] (px4_msgs) StdoutLine: {'line': b'-- Up-to-date: /home/em/ros_workspace_2025/nav_ws/install/px4_msgs/include/px4_msgs/px4_msgs/msg/detail/sensor_gps__type_support.h\n'}
[9.293644] (px4_msgs) StdoutLine: {'line': b'-- Up-to-date: /home/em/ros_workspace_2025/nav_ws/install/px4_msgs/include/px4_msgs/px4_msgs/msg/detail/cpuload__functions.c\n'}
[9.293665] (px4_msgs) StdoutLine: {'line': b'-- Up-to-date: /home/em/ros_workspace_2025/nav_ws/install/px4_msgs/include/px4_msgs/px4_msgs/msg/detail/telemetry_status__functions.c\n'}
[9.293685] (px4_msgs) StdoutLine: {'line': b'-- Up-to-date: /home/em/ros_workspace_2025/nav_ws/install/px4_msgs/include/px4_msgs/px4_msgs/msg/detail/estimator_innovations__type_support.h\n'}
[9.293705] (px4_msgs) StdoutLine: {'line': b'-- Up-to-date: /home/em/ros_workspace_2025/nav_ws/install/px4_msgs/include/px4_msgs/px4_msgs/msg/detail/sensor_selection__struct.h\n'}
[9.293727] (px4_msgs) StdoutLine: {'line': b'-- Up-to-date: /home/em/ros_workspace_2025/nav_ws/install/px4_msgs/include/px4_msgs/px4_msgs/msg/detail/rover_mecanum_status__functions.h\n'}
[9.293747] (px4_msgs) StdoutLine: {'line': b'-- Up-to-date: /home/em/ros_workspace_2025/nav_ws/install/px4_msgs/include/px4_msgs/px4_msgs/msg/detail/register_ext_component_request__type_support.h\n'}
[9.293775] (px4_msgs) StdoutLine: {'line': b'-- Up-to-date: /home/em/ros_workspace_2025/nav_ws/install/px4_msgs/include/px4_msgs/px4_msgs/msg/detail/input_rc__functions.h\n'}
[9.293802] (px4_msgs) StdoutLine: {'line': b'-- Up-to-date: /home/em/ros_workspace_2025/nav_ws/install/px4_msgs/include/px4_msgs/px4_msgs/msg/detail/vehicle_magnetometer__struct.h\n'}
[9.293829] (px4_msgs) StdoutLine: {'line': b'-- Up-to-date: /home/em/ros_workspace_2025/nav_ws/install/px4_msgs/include/px4_msgs/px4_msgs/msg/detail/debug_array__functions.h\n'}
[9.293855] (px4_msgs) StdoutLine: {'line': b'-- Up-to-date: /home/em/ros_workspace_2025/nav_ws/install/px4_msgs/include/px4_msgs/px4_msgs/msg/detail/vehicle_trajectory_bezier__functions.h\n'}
[9.293882] (px4_msgs) StdoutLine: {'line': b'-- Up-to-date: /home/em/ros_workspace_2025/nav_ws/install/px4_msgs/include/px4_msgs/px4_msgs/msg/detail/fuel_tank_status__functions.c\n'}
[9.293909] (px4_msgs) StdoutLine: {'line': b'-- Up-to-date: /home/em/ros_workspace_2025/nav_ws/install/px4_msgs/include/px4_msgs/px4_msgs/msg/detail/parameter_reset_request__functions.c\n'}
[9.293935] (px4_msgs) StdoutLine: {'line': b'-- Up-to-date: /home/em/ros_workspace_2025/nav_ws/install/px4_msgs/include/px4_msgs/px4_msgs/msg/detail/figure_eight_status__struct.h\n'}
[9.293962] (px4_msgs) StdoutLine: {'line': b'-- Up-to-date: /home/em/ros_workspace_2025/nav_ws/install/px4_msgs/include/px4_msgs/px4_msgs/msg/detail/takeoff_status__functions.h\n'}
[9.293988] (px4_msgs) StdoutLine: {'line': b'-- Up-to-date: /home/em/ros_workspace_2025/nav_ws/install/px4_msgs/include/px4_msgs/px4_msgs/msg/detail/rover_ackermann_setpoint__struct.h\n'}
[9.294015] (px4_msgs) StdoutLine: {'line': b'-- Up-to-date: /home/em/ros_workspace_2025/nav_ws/install/px4_msgs/include/px4_msgs/px4_msgs/msg/detail/estimator_bias__struct.h\n'}
[9.294041] (px4_msgs) StdoutLine: {'line': b'-- Up-to-date: /home/em/ros_workspace_2025/nav_ws/install/px4_msgs/include/px4_msgs/px4_msgs/msg/detail/config_overrides__struct.h\n'}
[9.294068] (px4_msgs) StdoutLine: {'line': b'-- Up-to-date: /home/em/ros_workspace_2025/nav_ws/install/px4_msgs/include/px4_msgs/px4_msgs/msg/detail/goto_setpoint__functions.h\n'}
[9.294095] (px4_msgs) StdoutLine: {'line': b'-- Up-to-date: /home/em/ros_workspace_2025/nav_ws/install/px4_msgs/include/px4_msgs/px4_msgs/msg/detail/sensor_mag__type_support.h\n'}
[9.294121] (px4_msgs) StdoutLine: {'line': b'-- Up-to-date: /home/em/ros_workspace_2025/nav_ws/install/px4_msgs/include/px4_msgs/px4_msgs/msg/detail/open_drone_id_system__functions.h\n'}
[9.294158] (px4_msgs) StdoutLine: {'line': b'-- Up-to-date: /home/em/ros_workspace_2025/nav_ws/install/px4_msgs/include/px4_msgs/px4_msgs/msg/detail/collision_report__struct.h\n'}
[9.294201] (px4_msgs) StdoutLine: {'line': b'-- Up-to-date: /home/em/ros_workspace_2025/nav_ws/install/px4_msgs/include/px4_msgs/px4_msgs/msg/detail/cellular_status__type_support.h\n'}
[9.294249] (px4_msgs) StdoutLine: {'line': b'-- Up-to-date: /home/em/ros_workspace_2025/nav_ws/install/px4_msgs/include/px4_msgs/px4_msgs/msg/detail/trajectory_setpoint__type_support.h\n'}
[9.294280] (px4_msgs) StdoutLine: {'line': b'-- Up-to-date: /home/em/ros_workspace_2025/nav_ws/install/px4_msgs/include/px4_msgs/px4_msgs/msg/detail/camera_trigger__functions.c\n'}
[9.294308] (px4_msgs) StdoutLine: {'line': b'-- Up-to-date: /home/em/ros_workspace_2025/nav_ws/install/px4_msgs/include/px4_msgs/px4_msgs/msg/detail/mission__type_support.h\n'}
[9.294336] (px4_msgs) StdoutLine: {'line': b'-- Up-to-date: /home/em/ros_workspace_2025/nav_ws/install/px4_msgs/include/px4_msgs/px4_msgs/msg/detail/vehicle_angular_velocity__functions.h\n'}
[9.294371] (px4_msgs) StdoutLine: {'line': b'-- Up-to-date: /home/em/ros_workspace_2025/nav_ws/install/px4_msgs/include/px4_msgs/px4_msgs/msg/detail/landing_gear__type_support.h\n'}
[9.294400] (px4_msgs) StdoutLine: {'line': b'-- Up-to-date: /home/em/ros_workspace_2025/nav_ws/install/px4_msgs/include/px4_msgs/px4_msgs/msg/detail/geofence_result__functions.c\n'}
[9.294433] (px4_msgs) StdoutLine: {'line': b'-- Up-to-date: /home/em/ros_workspace_2025/nav_ws/install/px4_msgs/include/px4_msgs/px4_msgs/msg/detail/goto_setpoint__struct.h\n'}
[9.294462] (px4_msgs) StdoutLine: {'line': b'-- Up-to-date: /home/em/ros_workspace_2025/nav_ws/install/px4_msgs/include/px4_msgs/px4_msgs/msg/detail/debug_value__functions.h\n'}
[9.294491] (px4_msgs) StdoutLine: {'line': b'-- Up-to-date: /home/em/ros_workspace_2025/nav_ws/install/px4_msgs/include/px4_msgs/px4_msgs/msg/detail/power_button_state__type_support.h\n'}
[9.294519] (px4_msgs) StdoutLine: {'line': b'-- Up-to-date: /home/em/ros_workspace_2025/nav_ws/install/px4_msgs/include/px4_msgs/px4_msgs/msg/detail/buffer128__struct.h\n'}
[9.294547] (px4_msgs) StdoutLine: {'line': b'-- Up-to-date: /home/em/ros_workspace_2025/nav_ws/install/px4_msgs/include/px4_msgs/px4_msgs/msg/detail/navigator_mission_item__functions.c\n'}
[9.294574] (px4_msgs) StdoutLine: {'line': b'-- Up-to-date: /home/em/ros_workspace_2025/nav_ws/install/px4_msgs/include/px4_msgs/px4_msgs/msg/detail/estimator_gps_status__functions.h\n'}
[9.294603] (px4_msgs) StdoutLine: {'line': b'-- Up-to-date: /home/em/ros_workspace_2025/nav_ws/install/px4_msgs/include/px4_msgs/px4_msgs/msg/detail/vehicle_command_ack__struct.h\n'}
[9.294630] (px4_msgs) StdoutLine: {'line': b'-- Up-to-date: /home/em/ros_workspace_2025/nav_ws/install/px4_msgs/include/px4_msgs/px4_msgs/msg/detail/satellite_info__struct.h\n'}
[9.294658] (px4_msgs) StdoutLine: {'line': b'-- Up-to-date: /home/em/ros_workspace_2025/nav_ws/install/px4_msgs/include/px4_msgs/px4_msgs/msg/detail/unregister_ext_component__struct.h\n'}
[9.294686] (px4_msgs) StdoutLine: {'line': b'-- Up-to-date: /home/em/ros_workspace_2025/nav_ws/install/px4_msgs/include/px4_msgs/px4_msgs/msg/detail/vehicle_torque_setpoint__functions.c\n'}
[9.294714] (px4_msgs) StdoutLine: {'line': b'-- Up-to-date: /home/em/ros_workspace_2025/nav_ws/install/px4_msgs/include/px4_msgs/px4_msgs/msg/detail/orb_test_large__type_support.h\n'}
[9.294742] (px4_msgs) StdoutLine: {'line': b'-- Up-to-date: /home/em/ros_workspace_2025/nav_ws/install/px4_msgs/include/px4_msgs/px4_msgs/msg/detail/rover_differential_setpoint__functions.h\n'}
[9.294771] (px4_msgs) StdoutLine: {'line': b'-- Up-to-date: /home/em/ros_workspace_2025/nav_ws/install/px4_msgs/include/px4_msgs/px4_msgs/msg/detail/navigator_mission_item__functions.h\n'}
[9.294799] (px4_msgs) StdoutLine: {'line': b'-- Up-to-date: /home/em/ros_workspace_2025/nav_ws/install/px4_msgs/include/px4_msgs/px4_msgs/msg/detail/gimbal_device_information__functions.c\n'}
[9.294838] (px4_msgs) StdoutLine: {'line': b'-- Up-to-date: /home/em/ros_workspace_2025/nav_ws/install/px4_msgs/include/px4_msgs/px4_msgs/msg/detail/gpio_in__type_support.h\n'}
[9.294867] (px4_msgs) StdoutLine: {'line': b'-- Up-to-date: /home/em/ros_workspace_2025/nav_ws/install/px4_msgs/include/px4_msgs/px4_msgs/msg/detail/telemetry_status__struct.h\n'}
[9.294896] (px4_msgs) StdoutLine: {'line': b'-- Up-to-date: /home/em/ros_workspace_2025/nav_ws/install/px4_msgs/include/px4_msgs/px4_msgs/msg/detail/estimator_aid_source3d__functions.h\n'}
[9.294924] (px4_msgs) StdoutLine: {'line': b'-- Up-to-date: /home/em/ros_workspace_2025/nav_ws/install/px4_msgs/include/px4_msgs/px4_msgs/msg/detail/actuator_servos_trim__functions.h\n'}
[9.294952] (px4_msgs) StdoutLine: {'line': b'-- Up-to-date: /home/em/ros_workspace_2025/nav_ws/install/px4_msgs/include/px4_msgs/px4_msgs/msg/detail/sensor_gyro_fft__functions.c\n'}
[9.294980] (px4_msgs) StdoutLine: {'line': b'-- Up-to-date: /home/em/ros_workspace_2025/nav_ws/install/px4_msgs/include/px4_msgs/px4_msgs/msg/detail/gpio_in__functions.c\n'}
[9.295008] (px4_msgs) StdoutLine: {'line': b'-- Up-to-date: /home/em/ros_workspace_2025/nav_ws/install/px4_msgs/include/px4_msgs/px4_msgs/msg/detail/unregister_ext_component__functions.c\n'}
[9.295036] (px4_msgs) StdoutLine: {'line': b'-- Up-to-date: /home/em/ros_workspace_2025/nav_ws/install/px4_msgs/include/px4_msgs/px4_msgs/msg/detail/sensor_gnss_relative__struct.h\n'}
[9.295099] (px4_msgs) StdoutLine: {'line': b'-- Up-to-date: /home/em/ros_workspace_2025/nav_ws/install/px4_msgs/include/px4_msgs/px4_msgs/msg/detail/logger_status__type_support.h\n'}
[9.295164] (px4_msgs) StdoutLine: {'line': b'-- Up-to-date: /home/em/ros_workspace_2025/nav_ws/install/px4_msgs/include/px4_msgs/px4_msgs/msg/detail/vehicle_local_position__functions.h\n'}
[9.295195] (px4_msgs) StdoutLine: {'line': b'-- Up-to-date: /home/em/ros_workspace_2025/nav_ws/install/px4_msgs/include/px4_msgs/px4_msgs/msg/detail/rover_ackermann_status__type_support.h\n'}
[9.295223] (px4_msgs) StdoutLine: {'line': b'-- Up-to-date: /home/em/ros_workspace_2025/nav_ws/install/px4_msgs/include/px4_msgs/px4_msgs/msg/detail/rc_channels__functions.h\n'}
[9.295251] (px4_msgs) StdoutLine: {'line': b'-- Up-to-date: /home/em/ros_workspace_2025/nav_ws/install/px4_msgs/include/px4_msgs/px4_msgs/msg/detail/estimator_aid_source1d__type_support.h\n'}
[9.295278] (px4_msgs) StdoutLine: {'line': b'-- Up-to-date: /home/em/ros_workspace_2025/nav_ws/install/px4_msgs/include/px4_msgs/px4_msgs/msg/detail/parameter_update__type_support.h\n'}
[9.295306] (px4_msgs) StdoutLine: {'line': b'-- Up-to-date: /home/em/ros_workspace_2025/nav_ws/install/px4_msgs/include/px4_msgs/px4_msgs/msg/detail/rtl_status__functions.h\n'}
[9.295334] (px4_msgs) StdoutLine: {'line': b'-- Up-to-date: /home/em/ros_workspace_2025/nav_ws/install/px4_msgs/include/px4_msgs/px4_msgs/msg/detail/home_position__struct.h\n'}
[9.295360] (px4_msgs) StdoutLine: {'line': b'-- Up-to-date: /home/em/ros_workspace_2025/nav_ws/install/px4_msgs/include/px4_msgs/px4_msgs/msg/detail/timesync_status__functions.h\n'}
[9.295387] (px4_msgs) StdoutLine: {'line': b'-- Up-to-date: /home/em/ros_workspace_2025/nav_ws/install/px4_msgs/include/px4_msgs/px4_msgs/msg/detail/flight_phase_estimation__struct.h\n'}
[9.295416] (px4_msgs) StdoutLine: {'line': b'-- Up-to-date: /home/em/ros_workspace_2025/nav_ws/install/px4_msgs/include/px4_msgs/px4_msgs/msg/detail/gripper__struct.h\n'}
[9.295445] (px4_msgs) StdoutLine: {'line': b'-- Up-to-date: /home/em/ros_workspace_2025/nav_ws/install/px4_msgs/include/px4_msgs/px4_msgs/msg/detail/ekf2_timestamps__functions.c\n'}
[9.295479] (px4_msgs) StdoutLine: {'line': b'-- Up-to-date: /home/em/ros_workspace_2025/nav_ws/install/px4_msgs/include/px4_msgs/px4_msgs/msg/detail/sensor_gyro__struct.h\n'}
[9.295507] (px4_msgs) StdoutLine: {'line': b'-- Up-to-date: /home/em/ros_workspace_2025/nav_ws/install/px4_msgs/include/px4_msgs/px4_msgs/msg/detail/collision_constraints__functions.c\n'}
[9.295587] (px4_msgs) StdoutLine: {'line': b'-- Up-to-date: /home/em/ros_workspace_2025/nav_ws/install/px4_msgs/include/px4_msgs/px4_msgs/msg/detail/esc_report__type_support.h\n'}
[9.295620] (px4_msgs) StdoutLine: {'line': b'-- Up-to-date: /home/em/ros_workspace_2025/nav_ws/install/px4_msgs/include/px4_msgs/px4_msgs/msg/detail/npfg_status__functions.h\n'}
[9.295651] (px4_msgs) StdoutLine: {'line': b'-- Up-to-date: /home/em/ros_workspace_2025/nav_ws/install/px4_msgs/include/px4_msgs/px4_msgs/msg/detail/cpuload__functions.h\n'}
[9.295683] (px4_msgs) StdoutLine: {'line': b'-- Up-to-date: /home/em/ros_workspace_2025/nav_ws/install/px4_msgs/include/px4_msgs/px4_msgs/msg/detail/wind__struct.h\n'}
[9.295713] (px4_msgs) StdoutLine: {'line': b'-- Up-to-date: /home/em/ros_workspace_2025/nav_ws/install/px4_msgs/include/px4_msgs/px4_msgs/msg/detail/rover_differential_setpoint__struct.h\n'}
[9.295743] (px4_msgs) StdoutLine: {'line': b'-- Up-to-date: /home/em/ros_workspace_2025/nav_ws/install/px4_msgs/include/px4_msgs/px4_msgs/msg/detail/mount_orientation__type_support.h\n'}
[9.295775] (px4_msgs) StdoutLine: {'line': b'-- Up-to-date: /home/em/ros_workspace_2025/nav_ws/install/px4_msgs/include/px4_msgs/px4_msgs/msg/detail/log_message__struct.h\n'}
[9.295807] (px4_msgs) StdoutLine: {'line': b'-- Up-to-date: /home/em/ros_workspace_2025/nav_ws/install/px4_msgs/include/px4_msgs/px4_msgs/msg/detail/esc_status__functions.h\n'}
[9.295915] (px4_msgs) StdoutLine: {'line': b'-- Up-to-date: /home/em/ros_workspace_2025/nav_ws/install/px4_msgs/include/px4_msgs/px4_msgs/msg/detail/estimator_gps_status__type_support.h\n'}
[9.295949] (px4_msgs) StdoutLine: {'line': b'-- Up-to-date: /home/em/ros_workspace_2025/nav_ws/install/px4_msgs/include/px4_msgs/px4_msgs/msg/detail/sensor_uwb__struct.h\n'}
[9.295978] (px4_msgs) StdoutLine: {'line': b'-- Up-to-date: /home/em/ros_workspace_2025/nav_ws/install/px4_msgs/include/px4_msgs/px4_msgs/msg/detail/vehicle_air_data__functions.c\n'}
[9.296006] (px4_msgs) StdoutLine: {'line': b'-- Up-to-date: /home/em/ros_workspace_2025/nav_ws/install/px4_msgs/include/px4_msgs/px4_msgs/msg/detail/sensor_airflow__functions.h\n'}
[9.296035] (px4_msgs) StdoutLine: {'line': b'-- Up-to-date: /home/em/ros_workspace_2025/nav_ws/install/px4_msgs/include/px4_msgs/px4_msgs/msg/detail/adc_report__functions.c\n'}
[9.296064] (px4_msgs) StdoutLine: {'line': b'-- Up-to-date: /home/em/ros_workspace_2025/nav_ws/install/px4_msgs/include/px4_msgs/px4_msgs/msg/detail/px4io_status__functions.h\n'}
[9.296099] (px4_msgs) StdoutLine: {'line': b'-- Up-to-date: /home/em/ros_workspace_2025/nav_ws/install/px4_msgs/include/px4_msgs/px4_msgs/msg/detail/offboard_control_mode__struct.h\n'}
[9.296209] (px4_msgs) StdoutLine: {'line': b'-- Up-to-date: /home/em/ros_workspace_2025/nav_ws/install/px4_msgs/include/px4_msgs/px4_msgs/msg/detail/distance_sensor__struct.h\n'}
[9.296245] (px4_msgs) StdoutLine: {'line': b'-- Up-to-date: /home/em/ros_workspace_2025/nav_ws/install/px4_msgs/include/px4_msgs/px4_msgs/msg/detail/vehicle_angular_velocity__functions.c\n'}
[9.296269] (px4_msgs) StdoutLine: {'line': b'-- Up-to-date: /home/em/ros_workspace_2025/nav_ws/install/px4_msgs/include/px4_msgs/px4_msgs/msg/detail/health_report__struct.h\n'}
[9.296313] (px4_msgs) StdoutLine: {'line': b'-- Up-to-date: /home/em/ros_workspace_2025/nav_ws/install/px4_msgs/include/px4_msgs/px4_msgs/msg/detail/system_power__struct.h\n'}
[9.296381] (px4_msgs) StdoutLine: {'line': b'-- Up-to-date: /home/em/ros_workspace_2025/nav_ws/install/px4_msgs/include/px4_msgs/px4_msgs/msg/detail/sensor_gyro_fifo__struct.h\n'}
[9.296426] (px4_msgs) StdoutLine: {'line': b'-- Up-to-date: /home/em/ros_workspace_2025/nav_ws/install/px4_msgs/include/px4_msgs/px4_msgs/msg/detail/orb_test_large__struct.h\n'}
[9.296460] (px4_msgs) StdoutLine: {'line': b'-- Up-to-date: /home/em/ros_workspace_2025/nav_ws/install/px4_msgs/include/px4_msgs/px4_msgs/msg/detail/sensor_correction__functions.h\n'}
[9.296493] (px4_msgs) StdoutLine: {'line': b'-- Up-to-date: /home/em/ros_workspace_2025/nav_ws/install/px4_msgs/include/px4_msgs/px4_msgs/msg/detail/orb_test_large__functions.c\n'}
[9.296528] (px4_msgs) StdoutLine: {'line': b'-- Up-to-date: /home/em/ros_workspace_2025/nav_ws/install/px4_msgs/include/px4_msgs/px4_msgs/msg/detail/launch_detection_status__functions.h\n'}
[9.296555] (px4_msgs) StdoutLine: {'line': b'-- Up-to-date: /home/em/ros_workspace_2025/nav_ws/install/px4_msgs/include/px4_msgs/px4_msgs/msg/detail/estimator_selector_status__type_support.h\n'}
[9.296578] (px4_msgs) StdoutLine: {'line': b'-- Up-to-date: /home/em/ros_workspace_2025/nav_ws/install/px4_msgs/include/px4_msgs/px4_msgs/msg/detail/position_controller_status__struct.h\n'}
[9.296643] (px4_msgs) StdoutLine: {'line': b'-- Up-to-date: /home/em/ros_workspace_2025/nav_ws/install/px4_msgs/include/px4_msgs/px4_msgs/msg/detail/internal_combustion_engine_status__functions.h\n'}
[9.296680] (px4_msgs) StdoutLine: {'line': b'-- Up-to-date: /home/em/ros_workspace_2025/nav_ws/install/px4_msgs/include/px4_msgs/px4_msgs/msg/detail/airspeed_validated__functions.c\n'}
[9.296713] (px4_msgs) StdoutLine: {'line': b'-- Up-to-date: /home/em/ros_workspace_2025/nav_ws/install/px4_msgs/include/px4_msgs/px4_msgs/msg/detail/sensor_gnss_relative__functions.c\n'}
[9.296752] (px4_msgs) StdoutLine: {'line': b'-- Up-to-date: /home/em/ros_workspace_2025/nav_ws/install/px4_msgs/include/px4_msgs/px4_msgs/msg/detail/event__type_support.h\n'}
[9.296791] (px4_msgs) StdoutLine: {'line': b'-- Up-to-date: /home/em/ros_workspace_2025/nav_ws/install/px4_msgs/include/px4_msgs/px4_msgs/msg/detail/vehicle_rates_setpoint__struct.h\n'}
[9.296823] (px4_msgs) StdoutLine: {'line': b'-- Up-to-date: /home/em/ros_workspace_2025/nav_ws/install/px4_msgs/include/px4_msgs/px4_msgs/msg/detail/mission_result__struct.h\n'}
[9.296865] (px4_msgs) StdoutLine: {'line': b'-- Up-to-date: /home/em/ros_workspace_2025/nav_ws/install/px4_msgs/include/px4_msgs/px4_msgs/msg/detail/vehicle_attitude_setpoint__type_support.h\n'}
[9.296901] (px4_msgs) StdoutLine: {'line': b'-- Up-to-date: /home/em/ros_workspace_2025/nav_ws/install/px4_msgs/include/px4_msgs/px4_msgs/msg/detail/uavcan_parameter_value__type_support.h\n'}
[9.296933] (px4_msgs) StdoutLine: {'line': b'-- Up-to-date: /home/em/ros_workspace_2025/nav_ws/install/px4_msgs/include/px4_msgs/px4_msgs/msg/detail/vehicle_local_position__type_support.h\n'}
[9.296968] (px4_msgs) StdoutLine: {'line': b'-- Up-to-date: /home/em/ros_workspace_2025/nav_ws/install/px4_msgs/include/px4_msgs/px4_msgs/msg/detail/log_message__functions.h\n'}
[9.297147] (px4_msgs) StdoutLine: {'line': b'-- Up-to-date: /home/em/ros_workspace_2025/nav_ws/install/px4_msgs/include/px4_msgs/px4_msgs/msg/detail/power_button_state__functions.h\n'}
[9.297186] (px4_msgs) StdoutLine: {'line': b'-- Up-to-date: /home/em/ros_workspace_2025/nav_ws/install/px4_msgs/include/px4_msgs/px4_msgs/msg/detail/vehicle_global_position__functions.c\n'}
[9.297223] (px4_msgs) StdoutLine: {'line': b'-- Up-to-date: /home/em/ros_workspace_2025/nav_ws/install/px4_msgs/include/px4_msgs/px4_msgs/msg/detail/sensor_hygrometer__functions.h\n'}
[9.297260] (px4_msgs) StdoutLine: {'line': b'-- Up-to-date: /home/em/ros_workspace_2025/nav_ws/install/px4_msgs/include/px4_msgs/px4_msgs/msg/detail/mount_orientation__struct.h\n'}
[9.297295] (px4_msgs) StdoutLine: {'line': b'-- Up-to-date: /home/em/ros_workspace_2025/nav_ws/install/px4_msgs/include/px4_msgs/px4_msgs/msg/detail/vehicle_attitude_setpoint__struct.h\n'}
[9.297330] (px4_msgs) StdoutLine: {'line': b'-- Up-to-date: /home/em/ros_workspace_2025/nav_ws/install/px4_msgs/include/px4_msgs/px4_msgs/msg/detail/rover_ackermann_setpoint__functions.h\n'}
[9.297365] (px4_msgs) StdoutLine: {'line': b'-- Up-to-date: /home/em/ros_workspace_2025/nav_ws/install/px4_msgs/include/px4_msgs/px4_msgs/msg/detail/sensor_baro__type_support.h\n'}
[9.297455] (px4_msgs) StdoutLine: {'line': b'-- Up-to-date: /home/em/ros_workspace_2025/nav_ws/install/px4_msgs/include/px4_msgs/px4_msgs/msg/detail/rc_parameter_map__struct.h\n'}
[9.297536] (px4_msgs) StdoutLine: {'line': b'-- Up-to-date: /home/em/ros_workspace_2025/nav_ws/install/px4_msgs/include/px4_msgs/px4_msgs/msg/detail/normalized_unsigned_setpoint__functions.c\n'}
[9.297582] (px4_msgs) StdoutLine: {'line': b'-- Up-to-date: /home/em/ros_workspace_2025/nav_ws/install/px4_msgs/include/px4_msgs/px4_msgs/msg/detail/sensor_accel__functions.c\n'}
[9.297608] (px4_msgs) StdoutLine: {'line': b'-- Up-to-date: /home/em/ros_workspace_2025/nav_ws/install/px4_msgs/include/px4_msgs/px4_msgs/msg/detail/sensor_gps__functions.h\n'}
[9.297633] (px4_msgs) StdoutLine: {'line': b'-- Up-to-date: /home/em/ros_workspace_2025/nav_ws/install/px4_msgs/include/px4_msgs/px4_msgs/msg/detail/vehicle_imu__functions.h\n'}
[9.297679] (px4_msgs) StdoutLine: {'line': b'-- Up-to-date: /home/em/ros_workspace_2025/nav_ws/install/px4_msgs/include/px4_msgs/px4_msgs/msg/detail/open_drone_id_arm_status__functions.h\n'}
[9.297702] (px4_msgs) StdoutLine: {'line': b'-- Up-to-date: /home/em/ros_workspace_2025/nav_ws/install/px4_msgs/include/px4_msgs/px4_msgs/msg/detail/message_format_request__type_support.h\n'}
[9.297724] (px4_msgs) StdoutLine: {'line': b'-- Up-to-date: /home/em/ros_workspace_2025/nav_ws/install/px4_msgs/include/px4_msgs/px4_msgs/msg/detail/vehicle_status__functions.h\n'}
[9.297746] (px4_msgs) StdoutLine: {'line': b'-- Up-to-date: /home/em/ros_workspace_2025/nav_ws/install/px4_msgs/include/px4_msgs/px4_msgs/msg/detail/power_monitor__functions.c\n'}
[9.297769] (px4_msgs) StdoutLine: {'line': b'-- Up-to-date: /home/em/ros_workspace_2025/nav_ws/install/px4_msgs/include/px4_msgs/px4_msgs/msg/detail/rover_mecanum_setpoint__functions.c\n'}
[9.297790] (px4_msgs) StdoutLine: {'line': b'-- Up-to-date: /home/em/ros_workspace_2025/nav_ws/install/px4_msgs/include/px4_msgs/px4_msgs/msg/detail/landing_target_pose__type_support.h\n'}
[9.297811] (px4_msgs) StdoutLine: {'line': b'-- Up-to-date: /home/em/ros_workspace_2025/nav_ws/install/px4_msgs/include/px4_msgs/px4_msgs/msg/detail/rover_mecanum_guidance_status__functions.h\n'}
[9.297834] (px4_msgs) StdoutLine: {'line': b'-- Up-to-date: /home/em/ros_workspace_2025/nav_ws/install/px4_msgs/include/px4_msgs/px4_msgs/msg/detail/rover_ackermann_guidance_status__struct.h\n'}
[9.297856] (px4_msgs) StdoutLine: {'line': b'-- Up-to-date: /home/em/ros_workspace_2025/nav_ws/install/px4_msgs/include/px4_msgs/px4_msgs/msg/detail/satellite_info__functions.h\n'}
[9.297878] (px4_msgs) StdoutLine: {'line': b'-- Up-to-date: /home/em/ros_workspace_2025/nav_ws/install/px4_msgs/include/px4_msgs/px4_msgs/msg/detail/mission__functions.h\n'}
[9.297901] (px4_msgs) StdoutLine: {'line': b'-- Up-to-date: /home/em/ros_workspace_2025/nav_ws/install/px4_msgs/include/px4_msgs/px4_msgs/msg/detail/camera_status__struct.h\n'}
[9.297924] (px4_msgs) StdoutLine: {'line': b'-- Up-to-date: /home/em/ros_workspace_2025/nav_ws/install/px4_msgs/include/px4_msgs/px4_msgs/msg/detail/transponder_report__functions.h\n'}
[9.297947] (px4_msgs) StdoutLine: {'line': b'-- Up-to-date: /home/em/ros_workspace_2025/nav_ws/install/px4_msgs/include/px4_msgs/px4_msgs/msg/detail/velocity_limits__struct.h\n'}
[9.297969] (px4_msgs) StdoutLine: {'line': b'-- Up-to-date: /home/em/ros_workspace_2025/nav_ws/install/px4_msgs/include/px4_msgs/px4_msgs/msg/detail/ping__type_support.h\n'}
[9.297991] (px4_msgs) StdoutLine: {'line': b'-- Up-to-date: /home/em/ros_workspace_2025/nav_ws/install/px4_msgs/include/px4_msgs/px4_msgs/msg/detail/actuator_test__type_support.h\n'}
[9.298013] (px4_msgs) StdoutLine: {'line': b'-- Up-to-date: /home/em/ros_workspace_2025/nav_ws/install/px4_msgs/include/px4_msgs/px4_msgs/msg/detail/geofence_result__functions.h\n'}
[9.298034] (px4_msgs) StdoutLine: {'line': b'-- Up-to-date: /home/em/ros_workspace_2025/nav_ws/install/px4_msgs/include/px4_msgs/px4_msgs/msg/detail/system_power__functions.h\n'}
[9.298057] (px4_msgs) StdoutLine: {'line': b'-- Up-to-date: /home/em/ros_workspace_2025/nav_ws/install/px4_msgs/include/px4_msgs/px4_msgs/msg/detail/estimator_bias__functions.c\n'}
[9.298079] (px4_msgs) StdoutLine: {'line': b'-- Up-to-date: /home/em/ros_workspace_2025/nav_ws/install/px4_msgs/include/px4_msgs/px4_msgs/msg/detail/actuator_servos__functions.h\n'}
[9.298121] (px4_msgs) StdoutLine: {'line': b'-- Up-to-date: /home/em/ros_workspace_2025/nav_ws/install/px4_msgs/include/px4_msgs/px4_msgs/msg/detail/gpio_request__struct.h\n'}
[9.298143] (px4_msgs) StdoutLine: {'line': b'-- Up-to-date: /home/em/ros_workspace_2025/nav_ws/install/px4_msgs/include/px4_msgs/px4_msgs/msg/detail/camera_status__functions.c\n'}
[9.298167] (px4_msgs) StdoutLine: {'line': b'-- Up-to-date: /home/em/ros_workspace_2025/nav_ws/install/px4_msgs/include/px4_msgs/px4_msgs/msg/detail/task_stack_info__functions.h\n'}
[9.298189] (px4_msgs) StdoutLine: {'line': b'-- Up-to-date: /home/em/ros_workspace_2025/nav_ws/install/px4_msgs/include/px4_msgs/px4_msgs/msg/detail/rover_ackermann_status__struct.h\n'}
[9.298212] (px4_msgs) StdoutLine: {'line': b'-- Up-to-date: /home/em/ros_workspace_2025/nav_ws/install/px4_msgs/include/px4_msgs/px4_msgs/msg/detail/follow_target__type_support.h\n'}
[9.298267] (px4_msgs) StdoutLine: {'line': b'-- Up-to-date: /home/em/ros_workspace_2025/nav_ws/install/px4_msgs/include/px4_msgs/px4_msgs/msg/detail/gimbal_device_attitude_status__functions.c\n'}
[9.298290] (px4_msgs) StdoutLine: {'line': b'-- Up-to-date: /home/em/ros_workspace_2025/nav_ws/install/px4_msgs/include/px4_msgs/px4_msgs/msg/detail/gpio_config__struct.h\n'}
[9.298313] (px4_msgs) StdoutLine: {'line': b'-- Up-to-date: /home/em/ros_workspace_2025/nav_ws/install/px4_msgs/include/px4_msgs/px4_msgs/msg/detail/gpio_request__functions.c\n'}
[9.298336] (px4_msgs) StdoutLine: {'line': b'-- Up-to-date: /home/em/ros_workspace_2025/nav_ws/install/px4_msgs/include/px4_msgs/px4_msgs/msg/detail/action_request__type_support.h\n'}
[9.298357] (px4_msgs) StdoutLine: {'line': b'-- Up-to-date: /home/em/ros_workspace_2025/nav_ws/install/px4_msgs/include/px4_msgs/px4_msgs/msg/detail/vehicle_status__type_support.h\n'}
[9.298380] (px4_msgs) StdoutLine: {'line': b'-- Up-to-date: /home/em/ros_workspace_2025/nav_ws/install/px4_msgs/include/px4_msgs/px4_msgs/msg/detail/failsafe_flags__type_support.h\n'}
[9.298407] (px4_msgs) StdoutLine: {'line': b'-- Up-to-date: /home/em/ros_workspace_2025/nav_ws/install/px4_msgs/include/px4_msgs/px4_msgs/msg/detail/estimator_sensor_bias__functions.h\n'}
[9.298944] (px4_msgs) StdoutLine: {'line': b'-- Up-to-date: /home/em/ros_workspace_2025/nav_ws/install/px4_msgs/include/px4_msgs/px4_msgs/msg/detail/trajectory_setpoint__functions.h\n'}
[9.298973] (px4_msgs) StdoutLine: {'line': b'-- Up-to-date: /home/em/ros_workspace_2025/nav_ws/install/px4_msgs/include/px4_msgs/px4_msgs/msg/detail/distance_sensor__functions.h\n'}
[9.298997] (px4_msgs) StdoutLine: {'line': b'-- Up-to-date: /home/em/ros_workspace_2025/nav_ws/install/px4_msgs/include/px4_msgs/px4_msgs/msg/detail/gimbal_device_information__functions.h\n'}
[9.299021] (px4_msgs) StdoutLine: {'line': b'-- Up-to-date: /home/em/ros_workspace_2025/nav_ws/install/px4_msgs/include/px4_msgs/px4_msgs/msg/detail/follow_target_estimator__functions.c\n'}
[9.299044] (px4_msgs) StdoutLine: {'line': b'-- Up-to-date: /home/em/ros_workspace_2025/nav_ws/install/px4_msgs/include/px4_msgs/px4_msgs/msg/detail/uavcan_parameter_value__functions.h\n'}
[9.299067] (px4_msgs) StdoutLine: {'line': b'-- Up-to-date: /home/em/ros_workspace_2025/nav_ws/install/px4_msgs/include/px4_msgs/px4_msgs/msg/detail/ekf2_timestamps__functions.h\n'}
[9.299090] (px4_msgs) StdoutLine: {'line': b'-- Up-to-date: /home/em/ros_workspace_2025/nav_ws/install/px4_msgs/include/px4_msgs/px4_msgs/msg/detail/rc_parameter_map__functions.c\n'}
[9.299112] (px4_msgs) StdoutLine: {'line': b'-- Up-to-date: /home/em/ros_workspace_2025/nav_ws/install/px4_msgs/include/px4_msgs/px4_msgs/msg/detail/position_setpoint_triplet__struct.h\n'}
[9.299134] (px4_msgs) StdoutLine: {'line': b'-- Up-to-date: /home/em/ros_workspace_2025/nav_ws/install/px4_msgs/include/px4_msgs/px4_msgs/msg/detail/estimator_bias__functions.h\n'}
[9.299154] (px4_msgs) StdoutLine: {'line': b'-- Up-to-date: /home/em/ros_workspace_2025/nav_ws/install/px4_msgs/include/px4_msgs/px4_msgs/msg/detail/gimbal_manager_information__functions.c\n'}
[9.299177] (px4_msgs) StdoutLine: {'line': b'-- Up-to-date: /home/em/ros_workspace_2025/nav_ws/install/px4_msgs/include/px4_msgs/px4_msgs/msg/detail/tune_control__functions.h\n'}
[9.299210] (px4_msgs) StdoutLine: {'line': b'-- Up-to-date: /home/em/ros_workspace_2025/nav_ws/install/px4_msgs/include/px4_msgs/px4_msgs/msg/detail/rover_mecanum_status__functions.c\n'}
[9.299232] (px4_msgs) StdoutLine: {'line': b'-- Up-to-date: /home/em/ros_workspace_2025/nav_ws/install/px4_msgs/include/px4_msgs/px4_msgs/msg/detail/landing_target_innovations__functions.c\n'}
[9.299255] (px4_msgs) StdoutLine: {'line': b'-- Up-to-date: /home/em/ros_workspace_2025/nav_ws/install/px4_msgs/include/px4_msgs/px4_msgs/msg/detail/airspeed_wind__struct.h\n'}
[9.299278] (px4_msgs) StdoutLine: {'line': b'-- Up-to-date: /home/em/ros_workspace_2025/nav_ws/install/px4_msgs/include/px4_msgs/px4_msgs/msg/detail/fuel_tank_status__struct.h\n'}
[9.299300] (px4_msgs) StdoutLine: {'line': b'-- Up-to-date: /home/em/ros_workspace_2025/nav_ws/install/px4_msgs/include/px4_msgs/px4_msgs/msg/detail/register_ext_component_request__functions.h\n'}
[9.299325] (px4_msgs) StdoutLine: {'line': b'-- Up-to-date: /home/em/ros_workspace_2025/nav_ws/install/px4_msgs/include/px4_msgs/px4_msgs/msg/detail/gps_dump__type_support.h\n'}
[9.299350] (px4_msgs) StdoutLine: {'line': b'-- Up-to-date: /home/em/ros_workspace_2025/nav_ws/install/px4_msgs/include/px4_msgs/px4_msgs/msg/detail/rover_differential_guidance_status__functions.c\n'}
[9.299380] (px4_msgs) StdoutLine: {'line': b'-- Up-to-date: /home/em/ros_workspace_2025/nav_ws/install/px4_msgs/include/px4_msgs/px4_msgs/msg/detail/vehicle_attitude__struct.h\n'}
[9.299407] (px4_msgs) StdoutLine: {'line': b'-- Up-to-date: /home/em/ros_workspace_2025/nav_ws/install/px4_msgs/include/px4_msgs/px4_msgs/msg/detail/vehicle_status__functions.c\n'}
[9.299477] (px4_msgs) StdoutLine: {'line': b'-- Up-to-date: /home/em/ros_workspace_2025/nav_ws/install/px4_msgs/include/px4_msgs/px4_msgs/msg/detail/cpuload__struct.h\n'}
[9.299502] (px4_msgs) StdoutLine: {'line': b'-- Up-to-date: /home/em/ros_workspace_2025/nav_ws/install/px4_msgs/include/px4_msgs/px4_msgs/msg/detail/mission_result__type_support.h\n'}
[9.299525] (px4_msgs) StdoutLine: {'line': b'-- Up-to-date: /home/em/ros_workspace_2025/nav_ws/install/px4_msgs/include/px4_msgs/px4_msgs/msg/detail/arming_check_reply__type_support.h\n'}
[9.299545] (px4_msgs) StdoutLine: {'line': b'-- Up-to-date: /home/em/ros_workspace_2025/nav_ws/install/px4_msgs/include/px4_msgs/px4_msgs/msg/detail/tecs_status__struct.h\n'}
[9.299566] (px4_msgs) StdoutLine: {'line': b'-- Up-to-date: /home/em/ros_workspace_2025/nav_ws/install/px4_msgs/include/px4_msgs/px4_msgs/msg/detail/uavcan_parameter_request__type_support.h\n'}
[9.299588] (px4_msgs) StdoutLine: {'line': b'-- Up-to-date: /home/em/ros_workspace_2025/nav_ws/install/px4_msgs/include/px4_msgs/px4_msgs/msg/detail/trajectory_waypoint__type_support.h\n'}
[9.299609] (px4_msgs) StdoutLine: {'line': b'-- Up-to-date: /home/em/ros_workspace_2025/nav_ws/install/px4_msgs/include/px4_msgs/px4_msgs/msg/detail/estimator_aid_source1d__functions.c\n'}
[9.299630] (px4_msgs) StdoutLine: {'line': b'-- Up-to-date: /home/em/ros_workspace_2025/nav_ws/install/px4_msgs/include/px4_msgs/px4_msgs/msg/detail/launch_detection_status__functions.c\n'}
[9.299650] (px4_msgs) StdoutLine: {'line': b'-- Up-to-date: /home/em/ros_workspace_2025/nav_ws/install/px4_msgs/include/px4_msgs/px4_msgs/msg/detail/debug_value__functions.c\n'}
[9.299670] (px4_msgs) StdoutLine: {'line': b'-- Up-to-date: /home/em/ros_workspace_2025/nav_ws/install/px4_msgs/include/px4_msgs/px4_msgs/msg/detail/sensor_preflight_mag__functions.h\n'}
[9.299692] (px4_msgs) StdoutLine: {'line': b'-- Up-to-date: /home/em/ros_workspace_2025/nav_ws/install/px4_msgs/include/px4_msgs/px4_msgs/msg/detail/camera_capture__functions.c\n'}
[9.299712] (px4_msgs) StdoutLine: {'line': b'-- Up-to-date: /home/em/ros_workspace_2025/nav_ws/install/px4_msgs/include/px4_msgs/px4_msgs/msg/detail/gimbal_manager_set_manual_control__functions.h\n'}
[9.299732] (px4_msgs) StdoutLine: {'line': b'-- Up-to-date: /home/em/ros_workspace_2025/nav_ws/install/px4_msgs/include/px4_msgs/px4_msgs/msg/detail/rate_ctrl_status__type_support.h\n'}
[9.299754] (px4_msgs) StdoutLine: {'line': b'-- Up-to-date: /home/em/ros_workspace_2025/nav_ws/install/px4_msgs/include/px4_msgs/px4_msgs/msg/detail/gimbal_manager_information__functions.h\n'}
[9.299774] (px4_msgs) StdoutLine: {'line': b'-- Up-to-date: /home/em/ros_workspace_2025/nav_ws/install/px4_msgs/include/px4_msgs/px4_msgs/msg/detail/arming_check_request__functions.h\n'}
[9.299793] (px4_msgs) StdoutLine: {'line': b'-- Up-to-date: /home/em/ros_workspace_2025/nav_ws/install/px4_msgs/include/px4_msgs/px4_msgs/msg/detail/internal_combustion_engine_status__functions.c\n'}
[9.299812] (px4_msgs) StdoutLine: {'line': b'-- Up-to-date: /home/em/ros_workspace_2025/nav_ws/install/px4_msgs/include/px4_msgs/px4_msgs/msg/detail/goto_setpoint__functions.c\n'}
[9.299831] (px4_msgs) StdoutLine: {'line': b'-- Up-to-date: /home/em/ros_workspace_2025/nav_ws/install/px4_msgs/include/px4_msgs/px4_msgs/msg/detail/mount_orientation__functions.c\n'}
[9.299851] (px4_msgs) StdoutLine: {'line': b'-- Up-to-date: /home/em/ros_workspace_2025/nav_ws/install/px4_msgs/include/px4_msgs/px4_msgs/msg/detail/parameter_reset_request__type_support.h\n'}
[9.299874] (px4_msgs) StdoutLine: {'line': b'-- Up-to-date: /home/em/ros_workspace_2025/nav_ws/install/px4_msgs/include/px4_msgs/px4_msgs/msg/detail/debug_value__struct.h\n'}
[9.299895] (px4_msgs) StdoutLine: {'line': b'-- Up-to-date: /home/em/ros_workspace_2025/nav_ws/install/px4_msgs/include/px4_msgs/px4_msgs/msg/detail/gimbal_manager_set_manual_control__struct.h\n'}
[9.299923] (px4_msgs) StdoutLine: {'line': b'-- Up-to-date: /home/em/ros_workspace_2025/nav_ws/install/px4_msgs/include/px4_msgs/px4_msgs/msg/detail/vehicle_imu_status__struct.h\n'}
[9.299970] (px4_msgs) StdoutLine: {'line': b'-- Up-to-date: /home/em/ros_workspace_2025/nav_ws/install/px4_msgs/include/px4_msgs/px4_msgs/msg/detail/failure_detector_status__functions.c\n'}
[9.299992] (px4_msgs) StdoutLine: {'line': b'-- Up-to-date: /home/em/ros_workspace_2025/nav_ws/install/px4_msgs/include/px4_msgs/px4_msgs/msg/detail/magnetometer_bias_estimate__functions.c\n'}
[9.300014] (px4_msgs) StdoutLine: {'line': b'-- Up-to-date: /home/em/ros_workspace_2025/nav_ws/install/px4_msgs/include/px4_msgs/px4_msgs/msg/detail/estimator_event_flags__functions.h\n'}
[9.300035] (px4_msgs) StdoutLine: {'line': b'-- Up-to-date: /home/em/ros_workspace_2025/nav_ws/install/px4_msgs/include/px4_msgs/px4_msgs/msg/detail/sensor_accel_fifo__struct.h\n'}
[9.300055] (px4_msgs) StdoutLine: {'line': b'-- Up-to-date: /home/em/ros_workspace_2025/nav_ws/install/px4_msgs/include/px4_msgs/px4_msgs/msg/detail/message_format_response__functions.h\n'}
[9.300074] (px4_msgs) StdoutLine: {'line': b'-- Up-to-date: /home/em/ros_workspace_2025/nav_ws/install/px4_msgs/include/px4_msgs/px4_msgs/msg/detail/vehicle_local_position_setpoint__struct.h\n'}
[9.300095] (px4_msgs) StdoutLine: {'line': b'-- Up-to-date: /home/em/ros_workspace_2025/nav_ws/install/px4_msgs/include/px4_msgs/px4_msgs/msg/detail/landing_target_pose__struct.h\n'}
[9.300133] (px4_msgs) StdoutLine: {'line': b'-- Up-to-date: /home/em/ros_workspace_2025/nav_ws/install/px4_msgs/include/px4_msgs/px4_msgs/msg/detail/failure_detector_status__functions.h\n'}
[9.300177] (px4_msgs) StdoutLine: {'line': b'-- Up-to-date: /home/em/ros_workspace_2025/nav_ws/install/px4_msgs/include/px4_msgs/px4_msgs/msg/detail/generator_status__functions.c\n'}
[9.300211] (px4_msgs) StdoutLine: {'line': b'-- Up-to-date: /home/em/ros_workspace_2025/nav_ws/install/px4_msgs/include/px4_msgs/px4_msgs/msg/detail/gimbal_controls__functions.c\n'}
[9.300235] (px4_msgs) StdoutLine: {'line': b'-- Up-to-date: /home/em/ros_workspace_2025/nav_ws/install/px4_msgs/include/px4_msgs/px4_msgs/msg/detail/log_message__type_support.h\n'}
[9.300255] (px4_msgs) StdoutLine: {'line': b'-- Up-to-date: /home/em/ros_workspace_2025/nav_ws/install/px4_msgs/include/px4_msgs/px4_msgs/msg/detail/internal_combustion_engine_status__struct.h\n'}
[9.300277] (px4_msgs) StdoutLine: {'line': b'-- Up-to-date: /home/em/ros_workspace_2025/nav_ws/install/px4_msgs/include/px4_msgs/px4_msgs/msg/detail/logger_status__struct.h\n'}
[9.300300] (px4_msgs) StdoutLine: {'line': b'-- Up-to-date: /home/em/ros_workspace_2025/nav_ws/install/px4_msgs/include/px4_msgs/px4_msgs/msg/detail/sensor_airflow__functions.c\n'}
[9.300321] (px4_msgs) StdoutLine: {'line': b'-- Up-to-date: /home/em/ros_workspace_2025/nav_ws/install/px4_msgs/include/px4_msgs/px4_msgs/msg/detail/gpio_request__type_support.h\n'}
[9.300341] (px4_msgs) StdoutLine: {'line': b'-- Up-to-date: /home/em/ros_workspace_2025/nav_ws/install/px4_msgs/include/px4_msgs/px4_msgs/msg/detail/sensor_accel__type_support.h\n'}
[9.300360] (px4_msgs) StdoutLine: {'line': b'-- Up-to-date: /home/em/ros_workspace_2025/nav_ws/install/px4_msgs/include/px4_msgs/px4_msgs/msg/detail/flight_phase_estimation__functions.h\n'}
[9.300383] (px4_msgs) StdoutLine: {'line': b'-- Up-to-date: /home/em/ros_workspace_2025/nav_ws/install/px4_msgs/include/px4_msgs/px4_msgs/msg/detail/vehicle_acceleration__struct.h\n'}
[9.300402] (px4_msgs) StdoutLine: {'line': b'-- Up-to-date: /home/em/ros_workspace_2025/nav_ws/install/px4_msgs/include/px4_msgs/px4_msgs/msg/detail/actuator_servos_trim__struct.h\n'}
[9.300431] (px4_msgs) StdoutLine: {'line': b'-- Up-to-date: /home/em/ros_workspace_2025/nav_ws/install/px4_msgs/include/px4_msgs/px4_msgs/msg/detail/vehicle_air_data__struct.h\n'}
[9.300452] (px4_msgs) StdoutLine: {'line': b'-- Up-to-date: /home/em/ros_workspace_2025/nav_ws/install/px4_msgs/include/px4_msgs/px4_msgs/msg/detail/vehicle_attitude__functions.h\n'}
[9.300481] (px4_msgs) StdoutLine: {'line': b'-- Up-to-date: /home/em/ros_workspace_2025/nav_ws/install/px4_msgs/include/px4_msgs/px4_msgs/msg/detail/button_event__functions.c\n'}
[9.300503] (px4_msgs) StdoutLine: {'line': b'-- Up-to-date: /home/em/ros_workspace_2025/nav_ws/install/px4_msgs/include/px4_msgs/px4_msgs/msg/detail/obstacle_distance__functions.c\n'}
[9.300524] (px4_msgs) StdoutLine: {'line': b'-- Up-to-date: /home/em/ros_workspace_2025/nav_ws/install/px4_msgs/include/px4_msgs/px4_msgs/msg/detail/power_button_state__functions.c\n'}
[9.300545] (px4_msgs) StdoutLine: {'line': b'-- Up-to-date: /home/em/ros_workspace_2025/nav_ws/install/px4_msgs/include/px4_msgs/px4_msgs/msg/detail/gpio_in__functions.h\n'}
[9.300565] (px4_msgs) StdoutLine: {'line': b'-- Up-to-date: /home/em/ros_workspace_2025/nav_ws/install/px4_msgs/include/px4_msgs/px4_msgs/msg/detail/takeoff_status__struct.h\n'}
[9.300586] (px4_msgs) StdoutLine: {'line': b'-- Up-to-date: /home/em/ros_workspace_2025/nav_ws/install/px4_msgs/include/px4_msgs/px4_msgs/msg/detail/vehicle_trajectory_bezier__struct.h\n'}
[9.300606] (px4_msgs) StdoutLine: {'line': b'-- Up-to-date: /home/em/ros_workspace_2025/nav_ws/install/px4_msgs/include/px4_msgs/px4_msgs/msg/detail/sensor_uwb__functions.h\n'}
[9.300627] (px4_msgs) StdoutLine: {'line': b'-- Up-to-date: /home/em/ros_workspace_2025/nav_ws/install/px4_msgs/include/px4_msgs/px4_msgs/msg/detail/estimator_status_flags__type_support.h\n'}
[9.300648] (px4_msgs) StdoutLine: {'line': b'-- Up-to-date: /home/em/ros_workspace_2025/nav_ws/install/px4_msgs/include/px4_msgs/px4_msgs/msg/detail/orbit_status__functions.h\n'}
[9.300669] (px4_msgs) StdoutLine: {'line': b'-- Up-to-date: /home/em/ros_workspace_2025/nav_ws/install/px4_msgs/include/px4_msgs/px4_msgs/msg/detail/qshell_retval__struct.h\n'}
[9.300689] (px4_msgs) StdoutLine: {'line': b'-- Up-to-date: /home/em/ros_workspace_2025/nav_ws/install/px4_msgs/include/px4_msgs/px4_msgs/msg/detail/npfg_status__type_support.h\n'}
[9.300711] (px4_msgs) StdoutLine: {'line': b'-- Up-to-date: /home/em/ros_workspace_2025/nav_ws/install/px4_msgs/include/px4_msgs/px4_msgs/msg/detail/qshell_req__type_support.h\n'}
[9.300733] (px4_msgs) StdoutLine: {'line': b'-- Up-to-date: /home/em/ros_workspace_2025/nav_ws/install/px4_msgs/include/px4_msgs/px4_msgs/msg/detail/open_drone_id_system__type_support.h\n'}
[9.300753] (px4_msgs) StdoutLine: {'line': b'-- Up-to-date: /home/em/ros_workspace_2025/nav_ws/install/px4_msgs/include/px4_msgs/px4_msgs/msg/detail/rover_differential_status__struct.h\n'}
[9.300795] (px4_msgs) StdoutLine: {'line': b'-- Up-to-date: /home/em/ros_workspace_2025/nav_ws/install/px4_msgs/include/px4_msgs/px4_msgs/msg/detail/manual_control_switches__type_support.h\n'}
[9.300830] (px4_msgs) StdoutLine: {'line': b'-- Up-to-date: /home/em/ros_workspace_2025/nav_ws/install/px4_msgs/include/px4_msgs/px4_msgs/msg/detail/estimator_aid_source1d__struct.h\n'}
[9.300850] (px4_msgs) StdoutLine: {'line': b'-- Up-to-date: /home/em/ros_workspace_2025/nav_ws/install/px4_msgs/include/px4_msgs/px4_msgs/msg/detail/led_control__struct.h\n'}
[9.300870] (px4_msgs) StdoutLine: {'line': b'-- Up-to-date: /home/em/ros_workspace_2025/nav_ws/install/px4_msgs/include/px4_msgs/px4_msgs/msg/detail/open_drone_id_operator_id__type_support.h\n'}
[9.300890] (px4_msgs) StdoutLine: {'line': b'-- Up-to-date: /home/em/ros_workspace_2025/nav_ws/install/px4_msgs/include/px4_msgs/px4_msgs/msg/detail/actuator_armed__functions.h\n'}
[9.300910] (px4_msgs) StdoutLine: {'line': b'-- Up-to-date: /home/em/ros_workspace_2025/nav_ws/install/px4_msgs/include/px4_msgs/px4_msgs/msg/detail/sensor_mag__functions.c\n'}
[9.300930] (px4_msgs) StdoutLine: {'line': b'-- Up-to-date: /home/em/ros_workspace_2025/nav_ws/install/px4_msgs/include/px4_msgs/px4_msgs/msg/detail/dataman_request__functions.c\n'}
[9.300951] (px4_msgs) StdoutLine: {'line': b'-- Up-to-date: /home/em/ros_workspace_2025/nav_ws/install/px4_msgs/include/px4_msgs/px4_msgs/msg/detail/vehicle_angular_acceleration_setpoint__functions.h\n'}
[9.300973] (px4_msgs) StdoutLine: {'line': b'-- Up-to-date: /home/em/ros_workspace_2025/nav_ws/install/px4_msgs/include/px4_msgs/px4_msgs/msg/detail/config_overrides__functions.c\n'}
[9.300994] (px4_msgs) StdoutLine: {'line': b'-- Up-to-date: /home/em/ros_workspace_2025/nav_ws/install/px4_msgs/include/px4_msgs/px4_msgs/msg/detail/rover_differential_status__functions.c\n'}
[9.301016] (px4_msgs) StdoutLine: {'line': b'-- Up-to-date: /home/em/ros_workspace_2025/nav_ws/install/px4_msgs/include/px4_msgs/px4_msgs/msg/detail/control_allocator_status__functions.h\n'}
[9.301037] (px4_msgs) StdoutLine: {'line': b'-- Up-to-date: /home/em/ros_workspace_2025/nav_ws/install/px4_msgs/include/px4_msgs/px4_msgs/msg/detail/wheel_encoders__struct.h\n'}
[9.301058] (px4_msgs) StdoutLine: {'line': b'-- Up-to-date: /home/em/ros_workspace_2025/nav_ws/install/px4_msgs/include/px4_msgs/px4_msgs/msg/detail/vehicle_global_position__functions.h\n'}
[9.301116] (px4_msgs) StdoutLine: {'line': b'-- Up-to-date: /home/em/ros_workspace_2025/nav_ws/install/px4_msgs/include/px4_msgs/px4_msgs/msg/detail/mission_result__functions.c\n'}
[9.301137] (px4_msgs) StdoutLine: {'line': b'-- Up-to-date: /home/em/ros_workspace_2025/nav_ws/install/px4_msgs/include/px4_msgs/px4_msgs/msg/detail/geofence_status__struct.h\n'}
[9.301158] (px4_msgs) StdoutLine: {'line': b'-- Up-to-date: /home/em/ros_workspace_2025/nav_ws/install/px4_msgs/include/px4_msgs/px4_msgs/msg/detail/esc_report__struct.h\n'}
[9.301180] (px4_msgs) StdoutLine: {'line': b'-- Up-to-date: /home/em/ros_workspace_2025/nav_ws/install/px4_msgs/include/px4_msgs/px4_msgs/msg/detail/iridiumsbd_status__struct.h\n'}
[9.301201] (px4_msgs) StdoutLine: {'line': b'-- Up-to-date: /home/em/ros_workspace_2025/nav_ws/install/px4_msgs/include/px4_msgs/px4_msgs/msg/detail/landing_target_innovations__functions.h\n'}
[9.301223] (px4_msgs) StdoutLine: {'line': b'-- Up-to-date: /home/em/ros_workspace_2025/nav_ws/install/px4_msgs/include/px4_msgs/px4_msgs/msg/detail/mount_orientation__functions.h\n'}
[9.301244] (px4_msgs) StdoutLine: {'line': b'-- Up-to-date: /home/em/ros_workspace_2025/nav_ws/install/px4_msgs/include/px4_msgs/px4_msgs/msg/detail/navigator_mission_item__struct.h\n'}
[9.301265] (px4_msgs) StdoutLine: {'line': b'-- Up-to-date: /home/em/ros_workspace_2025/nav_ws/install/px4_msgs/include/px4_msgs/px4_msgs/msg/detail/vehicle_trajectory_waypoint__functions.h\n'}
[9.301286] (px4_msgs) StdoutLine: {'line': b'-- Up-to-date: /home/em/ros_workspace_2025/nav_ws/install/px4_msgs/include/px4_msgs/px4_msgs/msg/detail/sensors_status_imu__functions.c\n'}
[9.301308] (px4_msgs) StdoutLine: {'line': b'-- Up-to-date: /home/em/ros_workspace_2025/nav_ws/install/px4_msgs/include/px4_msgs/px4_msgs/msg/detail/pps_capture__functions.h\n'}
[9.301330] (px4_msgs) StdoutLine: {'line': b'-- Up-to-date: /home/em/ros_workspace_2025/nav_ws/install/px4_msgs/include/px4_msgs/px4_msgs/msg/detail/debug_vect__struct.h\n'}
[9.301352] (px4_msgs) StdoutLine: {'line': b'-- Up-to-date: /home/em/ros_workspace_2025/nav_ws/install/px4_msgs/include/px4_msgs/px4_msgs/msg/detail/sensor_accel_fifo__functions.h\n'}
[9.301373] (px4_msgs) StdoutLine: {'line': b'-- Up-to-date: /home/em/ros_workspace_2025/nav_ws/install/px4_msgs/include/px4_msgs/px4_msgs/msg/detail/yaw_estimator_status__struct.h\n'}
[9.301395] (px4_msgs) StdoutLine: {'line': b'-- Up-to-date: /home/em/ros_workspace_2025/nav_ws/install/px4_msgs/include/px4_msgs/px4_msgs/msg/detail/debug_array__type_support.h\n'}
[9.301422] (px4_msgs) StdoutLine: {'line': b'-- Up-to-date: /home/em/ros_workspace_2025/nav_ws/install/px4_msgs/include/px4_msgs/px4_msgs/msg/detail/vehicle_odometry__functions.c\n'}
[9.301444] (px4_msgs) StdoutLine: {'line': b'-- Up-to-date: /home/em/ros_workspace_2025/nav_ws/install/px4_msgs/include/px4_msgs/px4_msgs/msg/detail/vehicle_optical_flow__functions.c\n'}
[9.301467] (px4_msgs) StdoutLine: {'line': b'-- Up-to-date: /home/em/ros_workspace_2025/nav_ws/install/px4_msgs/include/px4_msgs/px4_msgs/msg/detail/geofence_status__functions.h\n'}
[9.301488] (px4_msgs) StdoutLine: {'line': b'-- Up-to-date: /home/em/ros_workspace_2025/nav_ws/install/px4_msgs/include/px4_msgs/px4_msgs/msg/detail/vehicle_optical_flow_vel__type_support.h\n'}
[9.301509] (px4_msgs) StdoutLine: {'line': b'-- Up-to-date: /home/em/ros_workspace_2025/nav_ws/install/px4_msgs/include/px4_msgs/px4_msgs/msg/detail/vehicle_rates_setpoint__type_support.h\n'}
[9.301530] (px4_msgs) StdoutLine: {'line': b'-- Up-to-date: /home/em/ros_workspace_2025/nav_ws/install/px4_msgs/include/px4_msgs/px4_msgs/msg/detail/ping__functions.h\n'}
[9.301553] (px4_msgs) StdoutLine: {'line': b'-- Up-to-date: /home/em/ros_workspace_2025/nav_ws/install/px4_msgs/include/px4_msgs/px4_msgs/msg/detail/tune_control__type_support.h\n'}
[9.301574] (px4_msgs) StdoutLine: {'line': b'-- Up-to-date: /home/em/ros_workspace_2025/nav_ws/install/px4_msgs/include/px4_msgs/px4_msgs/msg/detail/sensor_gnss_relative__functions.h\n'}
[9.301595] (px4_msgs) StdoutLine: {'line': b'-- Up-to-date: /home/em/ros_workspace_2025/nav_ws/install/px4_msgs/include/px4_msgs/px4_msgs/msg/detail/failsafe_flags__functions.h\n'}
[9.301617] (px4_msgs) StdoutLine: {'line': b'-- Up-to-date: /home/em/ros_workspace_2025/nav_ws/install/px4_msgs/include/px4_msgs/px4_msgs/msg/detail/vehicle_angular_velocity__type_support.h\n'}
[9.301639] (px4_msgs) StdoutLine: {'line': b'-- Up-to-date: /home/em/ros_workspace_2025/nav_ws/install/px4_msgs/include/px4_msgs/px4_msgs/msg/detail/estimator_sensor_bias__struct.h\n'}
[9.301660] (px4_msgs) StdoutLine: {'line': b'-- Up-to-date: /home/em/ros_workspace_2025/nav_ws/install/px4_msgs/include/px4_msgs/px4_msgs/msg/detail/vtol_vehicle_status__type_support.h\n'}
[9.301681] (px4_msgs) StdoutLine: {'line': b'-- Up-to-date: /home/em/ros_workspace_2025/nav_ws/install/px4_msgs/include/px4_msgs/px4_msgs/msg/detail/navigator_mission_item__type_support.h\n'}
[9.301703] (px4_msgs) StdoutLine: {'line': b'-- Up-to-date: /home/em/ros_workspace_2025/nav_ws/install/px4_msgs/include/px4_msgs/px4_msgs/msg/detail/config_overrides__type_support.h\n'}
[9.301726] (px4_msgs) StdoutLine: {'line': b'-- Up-to-date: /home/em/ros_workspace_2025/nav_ws/install/px4_msgs/include/px4_msgs/px4_msgs/msg/detail/rate_ctrl_status__struct.h\n'}
[9.301747] (px4_msgs) StdoutLine: {'line': b'-- Up-to-date: /home/em/ros_workspace_2025/nav_ws/install/px4_msgs/include/px4_msgs/px4_msgs/msg/detail/telemetry_status__functions.h\n'}
[9.301781] (px4_msgs) StdoutLine: {'line': b'-- Up-to-date: /home/em/ros_workspace_2025/nav_ws/install/px4_msgs/include/px4_msgs/px4_msgs/msg/detail/vehicle_command__struct.h\n'}
[9.301897] (px4_msgs) StdoutLine: {'line': b'-- Up-to-date: /home/em/ros_workspace_2025/nav_ws/install/px4_msgs/include/px4_msgs/px4_msgs/msg/detail/navigator_status__struct.h\n'}
[9.301919] (px4_msgs) StdoutLine: {'line': b'-- Up-to-date: /home/em/ros_workspace_2025/nav_ws/install/px4_msgs/include/px4_msgs/px4_msgs/msg/detail/vehicle_acceleration__type_support.h\n'}
[9.301942] (px4_msgs) StdoutLine: {'line': b'-- Up-to-date: /home/em/ros_workspace_2025/nav_ws/install/px4_msgs/include/px4_msgs/px4_msgs/msg/detail/manual_control_switches__functions.c\n'}
[9.301963] (px4_msgs) StdoutLine: {'line': b'-- Up-to-date: /home/em/ros_workspace_2025/nav_ws/install/px4_msgs/include/px4_msgs/px4_msgs/msg/detail/mag_worker_data__functions.h\n'}
[9.301987] (px4_msgs) StdoutLine: {'line': b'-- Up-to-date: /home/em/ros_workspace_2025/nav_ws/install/px4_msgs/include/px4_msgs/px4_msgs/msg/detail/tecs_status__functions.h\n'}
[9.302009] (px4_msgs) StdoutLine: {'line': b'-- Up-to-date: /home/em/ros_workspace_2025/nav_ws/install/px4_msgs/include/px4_msgs/px4_msgs/msg/detail/gimbal_controls__type_support.h\n'}
[9.302031] (px4_msgs) StdoutLine: {'line': b'-- Up-to-date: /home/em/ros_workspace_2025/nav_ws/install/px4_msgs/include/px4_msgs/px4_msgs/msg/detail/irlock_report__functions.h\n'}
[9.302052] (px4_msgs) StdoutLine: {'line': b'-- Up-to-date: /home/em/ros_workspace_2025/nav_ws/install/px4_msgs/include/px4_msgs/px4_msgs/msg/detail/sensor_optical_flow__type_support.h\n'}
[9.302073] (px4_msgs) StdoutLine: {'line': b'-- Up-to-date: /home/em/ros_workspace_2025/nav_ws/install/px4_msgs/include/px4_msgs/px4_msgs/msg/detail/vehicle_imu__type_support.h\n'}
[9.302097] (px4_msgs) StdoutLine: {'line': b'-- Up-to-date: /home/em/ros_workspace_2025/nav_ws/install/px4_msgs/include/px4_msgs/px4_msgs/msg/detail/rover_differential_guidance_status__functions.h\n'}
[9.302118] (px4_msgs) StdoutLine: {'line': b'-- Up-to-date: /home/em/ros_workspace_2025/nav_ws/install/px4_msgs/include/px4_msgs/px4_msgs/msg/detail/can_interface_status__struct.h\n'}
[9.302138] (px4_msgs) StdoutLine: {'line': b'-- Up-to-date: /home/em/ros_workspace_2025/nav_ws/install/px4_msgs/include/px4_msgs/px4_msgs/msg/detail/obstacle_distance__type_support.h\n'}
[9.302159] (px4_msgs) StdoutLine: {'line': b'-- Up-to-date: /home/em/ros_workspace_2025/nav_ws/install/px4_msgs/include/px4_msgs/px4_msgs/msg/detail/offboard_control_mode__functions.c\n'}
[9.302179] (px4_msgs) StdoutLine: {'line': b'-- Up-to-date: /home/em/ros_workspace_2025/nav_ws/install/px4_msgs/include/px4_msgs/px4_msgs/msg/detail/manual_control_switches__struct.h\n'}
[9.302200] (px4_msgs) StdoutLine: {'line': b'-- Up-to-date: /home/em/ros_workspace_2025/nav_ws/install/px4_msgs/include/px4_msgs/px4_msgs/msg/detail/actuator_controls_status__type_support.h\n'}
[9.302221] (px4_msgs) StdoutLine: {'line': b'-- Up-to-date: /home/em/ros_workspace_2025/nav_ws/install/px4_msgs/include/px4_msgs/px4_msgs/msg/detail/debug_key_value__type_support.h\n'}
[9.302242] (px4_msgs) StdoutLine: {'line': b'-- Up-to-date: /home/em/ros_workspace_2025/nav_ws/install/px4_msgs/include/px4_msgs/px4_msgs/msg/detail/mag_worker_data__functions.c\n'}
[9.302262] (px4_msgs) StdoutLine: {'line': b'-- Up-to-date: /home/em/ros_workspace_2025/nav_ws/install/px4_msgs/include/px4_msgs/px4_msgs/msg/detail/vehicle_land_detected__functions.c\n'}
[9.302283] (px4_msgs) StdoutLine: {'line': b'-- Up-to-date: /home/em/ros_workspace_2025/nav_ws/install/px4_msgs/include/px4_msgs/px4_msgs/msg/detail/differential_pressure__type_support.h\n'}
[9.302304] (px4_msgs) StdoutLine: {'line': b'-- Up-to-date: /home/em/ros_workspace_2025/nav_ws/install/px4_msgs/include/px4_msgs/px4_msgs/msg/detail/transponder_report__functions.c\n'}
[9.302324] (px4_msgs) StdoutLine: {'line': b'-- Up-to-date: /home/em/ros_workspace_2025/nav_ws/install/px4_msgs/include/px4_msgs/px4_msgs/msg/detail/estimator_bias3d__type_support.h\n'}
[9.302345] (px4_msgs) StdoutLine: {'line': b'-- Up-to-date: /home/em/ros_workspace_2025/nav_ws/install/px4_msgs/include/px4_msgs/px4_msgs/msg/detail/mag_worker_data__struct.h\n'}
[9.302367] (px4_msgs) StdoutLine: {'line': b'-- Up-to-date: /home/em/ros_workspace_2025/nav_ws/install/px4_msgs/include/px4_msgs/px4_msgs/msg/detail/gps_inject_data__functions.c\n'}
[9.302386] (px4_msgs) StdoutLine: {'line': b'-- Up-to-date: /home/em/ros_workspace_2025/nav_ws/install/px4_msgs/include/px4_msgs/px4_msgs/msg/detail/mission__functions.c\n'}
[9.302410] (px4_msgs) StdoutLine: {'line': b'-- Up-to-date: /home/em/ros_workspace_2025/nav_ws/install/px4_msgs/include/px4_msgs/px4_msgs/msg/detail/estimator_gps_status__functions.c\n'}
[9.302433] (px4_msgs) StdoutLine: {'line': b'-- Up-to-date: /home/em/ros_workspace_2025/nav_ws/install/px4_msgs/include/px4_msgs/px4_msgs/msg/detail/timesync_status__functions.c\n'}
[9.302453] (px4_msgs) StdoutLine: {'line': b'-- Up-to-date: /home/em/ros_workspace_2025/nav_ws/install/px4_msgs/include/px4_msgs/px4_msgs/msg/detail/actuator_motors__functions.c\n'}
[9.302714] (px4_msgs) StdoutLine: {'line': b'-- Up-to-date: /home/em/ros_workspace_2025/nav_ws/install/px4_msgs/include/px4_msgs/px4_msgs/msg/detail/sensors_status__functions.c\n'}
[9.302884] (px4_msgs) StdoutLine: {'line': b'-- Up-to-date: /home/em/ros_workspace_2025/nav_ws/install/px4_msgs/include/px4_msgs/px4_msgs/msg/detail/rtl_status__type_support.h\n'}
[9.302973] (px4_msgs) StdoutLine: {'line': b'-- Up-to-date: /home/em/ros_workspace_2025/nav_ws/install/px4_msgs/include/px4_msgs/px4_msgs/msg/detail/vehicle_optical_flow__type_support.h\n'}
[9.303031] (px4_msgs) StdoutLine: {'line': b'-- Up-to-date: /home/em/ros_workspace_2025/nav_ws/install/px4_msgs/include/px4_msgs/px4_msgs/msg/detail/sensor_accel_fifo__functions.c\n'}
[9.303086] (px4_msgs) StdoutLine: {'line': b'-- Up-to-date: /home/em/ros_workspace_2025/nav_ws/install/px4_msgs/include/px4_msgs/px4_msgs/msg/detail/distance_sensor_mode_change_request__functions.c\n'}
[9.303140] (px4_msgs) StdoutLine: {'line': b'-- Up-to-date: /home/em/ros_workspace_2025/nav_ws/install/px4_msgs/include/px4_msgs/px4_msgs/msg/detail/vehicle_control_mode__struct.h\n'}
[9.303193] (px4_msgs) StdoutLine: {'line': b'-- Up-to-date: /home/em/ros_workspace_2025/nav_ws/install/px4_msgs/include/px4_msgs/px4_msgs/msg/detail/follow_target_estimator__functions.h\n'}
[9.303247] (px4_msgs) StdoutLine: {'line': b'-- Up-to-date: /home/em/ros_workspace_2025/nav_ws/install/px4_msgs/include/px4_msgs/px4_msgs/msg/detail/collision_constraints__struct.h\n'}
[9.303300] (px4_msgs) StdoutLine: {'line': b'-- Up-to-date: /home/em/ros_workspace_2025/nav_ws/install/px4_msgs/include/px4_msgs/px4_msgs/msg/detail/buffer128__functions.c\n'}
[9.303353] (px4_msgs) StdoutLine: {'line': b'-- Up-to-date: /home/em/ros_workspace_2025/nav_ws/install/px4_msgs/include/px4_msgs/px4_msgs/msg/detail/gimbal_device_set_attitude__functions.h\n'}
[9.303412] (px4_msgs) StdoutLine: {'line': b'-- Up-to-date: /home/em/ros_workspace_2025/nav_ws/install/px4_msgs/include/px4_msgs/px4_msgs/msg/detail/home_position__functions.c\n'}
[9.303556] (px4_msgs) StdoutLine: {'line': b'-- Up-to-date: /home/em/ros_workspace_2025/nav_ws/install/px4_msgs/include/px4_msgs/px4_msgs/msg/detail/rpm__struct.h\n'}
[9.303626] (px4_msgs) StdoutLine: {'line': b'-- Up-to-date: /home/em/ros_workspace_2025/nav_ws/install/px4_msgs/include/px4_msgs/px4_msgs/msg/detail/orb_test__functions.h\n'}
[9.303681] (px4_msgs) StdoutLine: {'line': b'-- Up-to-date: /home/em/ros_workspace_2025/nav_ws/install/px4_msgs/include/px4_msgs/px4_msgs/msg/detail/gimbal_device_set_attitude__functions.c\n'}
[9.303787] (px4_msgs) StdoutLine: {'line': b'-- Up-to-date: /home/em/ros_workspace_2025/nav_ws/install/px4_msgs/include/px4_msgs/px4_msgs/msg/detail/position_setpoint__struct.h\n'}
[9.303868] (px4_msgs) StdoutLine: {'line': b'-- Up-to-date: /home/em/ros_workspace_2025/nav_ws/install/px4_msgs/include/px4_msgs/px4_msgs/msg/detail/sensor_preflight_mag__struct.h\n'}
[9.303924] (px4_msgs) StdoutLine: {'line': b'-- Up-to-date: /home/em/ros_workspace_2025/nav_ws/install/px4_msgs/include/px4_msgs/px4_msgs/msg/detail/distance_sensor_mode_change_request__type_support.h\n'}
[9.303979] (px4_msgs) StdoutLine: {'line': b'-- Up-to-date: /home/em/ros_workspace_2025/nav_ws/install/px4_msgs/include/px4_msgs/px4_msgs/msg/detail/sensor_hygrometer__type_support.h\n'}
[9.304085] (px4_msgs) StdoutLine: {'line': b'-- Up-to-date: /home/em/ros_workspace_2025/nav_ws/install/px4_msgs/include/px4_msgs/px4_msgs/msg/detail/mavlink_log__type_support.h\n'}
[9.304140] (px4_msgs) StdoutLine: {'line': b'-- Up-to-date: /home/em/ros_workspace_2025/nav_ws/install/px4_msgs/include/px4_msgs/px4_msgs/msg/detail/mavlink_tunnel__functions.h\n'}
[9.304195] (px4_msgs) StdoutLine: {'line': b'-- Up-to-date: /home/em/ros_workspace_2025/nav_ws/install/px4_msgs/include/px4_msgs/px4_msgs/msg/detail/fuel_tank_status__type_support.h\n'}
[9.304249] (px4_msgs) StdoutLine: {'line': b'-- Up-to-date: /home/em/ros_workspace_2025/nav_ws/install/px4_msgs/include/px4_msgs/px4_msgs/msg/detail/vehicle_optical_flow__functions.h\n'}
[9.304306] (px4_msgs) StdoutLine: {'line': b'-- Up-to-date: /home/em/ros_workspace_2025/nav_ws/install/px4_msgs/include/px4_msgs/px4_msgs/msg/detail/hover_thrust_estimate__functions.h\n'}
[9.304413] (px4_msgs) StdoutLine: {'line': b'-- Up-to-date: /home/em/ros_workspace_2025/nav_ws/install/px4_msgs/include/px4_msgs/px4_msgs/msg/detail/vehicle_odometry__functions.h\n'}
[9.304449] (px4_msgs) StdoutLine: {'line': b'-- Up-to-date: /home/em/ros_workspace_2025/nav_ws/install/px4_msgs/include/px4_msgs/px4_msgs/msg/detail/orbit_status__type_support.h\n'}
[9.304475] (px4_msgs) StdoutLine: {'line': b'-- Up-to-date: /home/em/ros_workspace_2025/nav_ws/install/px4_msgs/include/px4_msgs/px4_msgs/msg/detail/estimator_states__functions.c\n'}
[9.304500] (px4_msgs) StdoutLine: {'line': b'-- Up-to-date: /home/em/ros_workspace_2025/nav_ws/install/px4_msgs/include/px4_msgs/px4_msgs/msg/detail/sensors_status__struct.h\n'}
[9.304524] (px4_msgs) StdoutLine: {'line': b'-- Up-to-date: /home/em/ros_workspace_2025/nav_ws/install/px4_msgs/include/px4_msgs/px4_msgs/msg/detail/estimator_innovations__functions.h\n'}
[9.304547] (px4_msgs) StdoutLine: {'line': b'-- Up-to-date: /home/em/ros_workspace_2025/nav_ws/install/px4_msgs/include/px4_msgs/px4_msgs/msg/detail/vehicle_acceleration__functions.c\n'}
[9.304570] (px4_msgs) StdoutLine: {'line': b'-- Up-to-date: /home/em/ros_workspace_2025/nav_ws/install/px4_msgs/include/px4_msgs/px4_msgs/msg/detail/action_request__functions.c\n'}
[9.304593] (px4_msgs) StdoutLine: {'line': b'-- Up-to-date: /home/em/ros_workspace_2025/nav_ws/install/px4_msgs/include/px4_msgs/px4_msgs/msg/detail/vehicle_angular_acceleration_setpoint__functions.c\n'}
[9.304615] (px4_msgs) StdoutLine: {'line': b'-- Up-to-date: /home/em/ros_workspace_2025/nav_ws/install/px4_msgs/include/px4_msgs/px4_msgs/msg/detail/irlock_report__functions.c\n'}
[9.304643] (px4_msgs) StdoutLine: {'line': b'-- Up-to-date: /home/em/ros_workspace_2025/nav_ws/install/px4_msgs/include/px4_msgs/px4_msgs/msg/detail/register_ext_component_reply__type_support.h\n'}
[9.304665] (px4_msgs) StdoutLine: {'line': b'-- Up-to-date: /home/em/ros_workspace_2025/nav_ws/install/px4_msgs/include/px4_msgs/px4_msgs/msg/detail/vehicle_attitude_setpoint__functions.c\n'}
[9.304689] (px4_msgs) StdoutLine: {'line': b'-- Up-to-date: /home/em/ros_workspace_2025/nav_ws/install/px4_msgs/include/px4_msgs/px4_msgs/msg/detail/takeoff_status__type_support.h\n'}
[9.304713] (px4_msgs) StdoutLine: {'line': b'-- Up-to-date: /home/em/ros_workspace_2025/nav_ws/install/px4_msgs/include/px4_msgs/px4_msgs/msg/detail/estimator_aid_source1d__functions.h\n'}
[9.304735] (px4_msgs) StdoutLine: {'line': b'-- Up-to-date: /home/em/ros_workspace_2025/nav_ws/install/px4_msgs/include/px4_msgs/px4_msgs/msg/detail/rtl_time_estimate__struct.h\n'}
[9.304760] (px4_msgs) StdoutLine: {'line': b'-- Up-to-date: /home/em/ros_workspace_2025/nav_ws/install/px4_msgs/include/px4_msgs/px4_msgs/msg/detail/actuator_motors__type_support.h\n'}
[9.304783] (px4_msgs) StdoutLine: {'line': b'-- Up-to-date: /home/em/ros_workspace_2025/nav_ws/install/px4_msgs/include/px4_msgs/px4_msgs/msg/detail/estimator_event_flags__functions.c\n'}
[9.304805] (px4_msgs) StdoutLine: {'line': b'-- Up-to-date: /home/em/ros_workspace_2025/nav_ws/install/px4_msgs/include/px4_msgs/px4_msgs/msg/detail/orb_test__struct.h\n'}
[9.304828] (px4_msgs) StdoutLine: {'line': b'-- Up-to-date: /home/em/ros_workspace_2025/nav_ws/install/px4_msgs/include/px4_msgs/px4_msgs/msg/detail/vehicle_optical_flow_vel__functions.h\n'}
[9.304848] (px4_msgs) StdoutLine: {'line': b'-- Up-to-date: /home/em/ros_workspace_2025/nav_ws/install/px4_msgs/include/px4_msgs/px4_msgs/msg/detail/power_monitor__functions.h\n'}
[9.304870] (px4_msgs) StdoutLine: {'line': b'-- Up-to-date: /home/em/ros_workspace_2025/nav_ws/install/px4_msgs/include/px4_msgs/px4_msgs/msg/detail/sensor_uwb__functions.c\n'}
[9.304891] (px4_msgs) StdoutLine: {'line': b'-- Up-to-date: /home/em/ros_workspace_2025/nav_ws/install/px4_msgs/include/px4_msgs/px4_msgs/msg/detail/distance_sensor__functions.c\n'}
[9.304914] (px4_msgs) StdoutLine: {'line': b'-- Up-to-date: /home/em/ros_workspace_2025/nav_ws/install/px4_msgs/include/px4_msgs/px4_msgs/msg/detail/pwm_input__type_support.h\n'}
[9.304936] (px4_msgs) StdoutLine: {'line': b'-- Up-to-date: /home/em/ros_workspace_2025/nav_ws/install/px4_msgs/include/px4_msgs/px4_msgs/msg/detail/ulog_stream__struct.h\n'}
[9.304958] (px4_msgs) StdoutLine: {'line': b'-- Up-to-date: /home/em/ros_workspace_2025/nav_ws/install/px4_msgs/include/px4_msgs/px4_msgs/msg/detail/sensor_gyro_fifo__functions.c\n'}
[9.304980] (px4_msgs) StdoutLine: {'line': b'-- Up-to-date: /home/em/ros_workspace_2025/nav_ws/install/px4_msgs/include/px4_msgs/px4_msgs/msg/detail/mode_completed__struct.h\n'}
[9.305003] (px4_msgs) StdoutLine: {'line': b'-- Up-to-date: /home/em/ros_workspace_2025/nav_ws/install/px4_msgs/include/px4_msgs/px4_msgs/msg/detail/tune_control__functions.c\n'}
[9.305025] (px4_msgs) StdoutLine: {'line': b'-- Up-to-date: /home/em/ros_workspace_2025/nav_ws/install/px4_msgs/include/px4_msgs/px4_msgs/msg/detail/irlock_report__struct.h\n'}
[9.305046] (px4_msgs) StdoutLine: {'line': b'-- Up-to-date: /home/em/ros_workspace_2025/nav_ws/install/px4_msgs/include/px4_msgs/px4_msgs/msg/detail/vehicle_thrust_setpoint__functions.h\n'}
[9.305067] (px4_msgs) StdoutLine: {'line': b'-- Up-to-date: /home/em/ros_workspace_2025/nav_ws/install/px4_msgs/include/px4_msgs/px4_msgs/msg/detail/wheel_encoders__functions.h\n'}
[9.305089] (px4_msgs) StdoutLine: {'line': b'-- Up-to-date: /home/em/ros_workspace_2025/nav_ws/install/px4_msgs/include/px4_msgs/px4_msgs/msg/detail/estimator_aid_source2d__functions.h\n'}
[9.305110] (px4_msgs) StdoutLine: {'line': b'-- Up-to-date: /home/em/ros_workspace_2025/nav_ws/install/px4_msgs/include/px4_msgs/px4_msgs/msg/detail/rover_differential_guidance_status__struct.h\n'}
[9.305134] (px4_msgs) StdoutLine: {'line': b'-- Up-to-date: /home/em/ros_workspace_2025/nav_ws/install/px4_msgs/include/px4_msgs/px4_msgs/msg/detail/follow_target_estimator__type_support.h\n'}
[9.305156] (px4_msgs) StdoutLine: {'line': b'-- Up-to-date: /home/em/ros_workspace_2025/nav_ws/install/px4_msgs/include/px4_msgs/px4_msgs/msg/detail/rtl_status__struct.h\n'}
[9.305179] (px4_msgs) StdoutLine: {'line': b'-- Up-to-date: /home/em/ros_workspace_2025/nav_ws/install/px4_msgs/include/px4_msgs/px4_msgs/msg/detail/landing_target_innovations__type_support.h\n'}
[9.305206] (px4_msgs) StdoutLine: {'line': b'-- Up-to-date: /home/em/ros_workspace_2025/nav_ws/install/px4_msgs/include/px4_msgs/px4_msgs/msg/detail/home_position__type_support.h\n'}
[9.305230] (px4_msgs) StdoutLine: {'line': b'-- Up-to-date: /home/em/ros_workspace_2025/nav_ws/install/px4_msgs/include/px4_msgs/px4_msgs/msg/detail/estimator_status__functions.h\n'}
[9.305252] (px4_msgs) StdoutLine: {'line': b'-- Up-to-date: /home/em/ros_workspace_2025/nav_ws/install/px4_msgs/include/px4_msgs/px4_msgs/msg/detail/message_format_request__functions.h\n'}
[9.305273] (px4_msgs) StdoutLine: {'line': b'-- Up-to-date: /home/em/ros_workspace_2025/nav_ws/install/px4_msgs/include/px4_msgs/px4_msgs/msg/detail/failsafe_flags__struct.h\n'}
[9.305294] (px4_msgs) StdoutLine: {'line': b'-- Up-to-date: /home/em/ros_workspace_2025/nav_ws/install/px4_msgs/include/px4_msgs/px4_msgs/msg/detail/open_drone_id_operator_id__functions.c\n'}
[9.313946] (px4_msgs) StdoutLine: {'line': b'-- Up-to-date: /home/em/ros_workspace_2025/nav_ws/install/px4_msgs/include/px4_msgs/px4_msgs/msg/detail/sensor_gyro_fifo__type_support.h\n'}
[9.314100] (px4_msgs) StdoutLine: {'line': b'-- Up-to-date: /home/em/ros_workspace_2025/nav_ws/install/px4_msgs/include/px4_msgs/px4_msgs/msg/detail/satellite_info__type_support.h\n'}
[9.314149] (px4_msgs) StdoutLine: {'line': b'-- Up-to-date: /home/em/ros_workspace_2025/nav_ws/install/px4_msgs/include/px4_msgs/px4_msgs/msg/detail/actuator_servos__struct.h\n'}
[9.314193] (px4_msgs) StdoutLine: {'line': b'-- Up-to-date: /home/em/ros_workspace_2025/nav_ws/install/px4_msgs/include/px4_msgs/px4_msgs/msg/detail/mode_completed__functions.c\n'}
[9.314231] (px4_msgs) StdoutLine: {'line': b'-- Up-to-date: /home/em/ros_workspace_2025/nav_ws/install/px4_msgs/include/px4_msgs/px4_msgs/msg/detail/sensor_preflight_mag__type_support.h\n'}
[9.314269] (px4_msgs) StdoutLine: {'line': b'-- Up-to-date: /home/em/ros_workspace_2025/nav_ws/install/px4_msgs/include/px4_msgs/px4_msgs/msg/detail/gimbal_device_attitude_status__struct.h\n'}
[9.314303] (px4_msgs) StdoutLine: {'line': b'-- Up-to-date: /home/em/ros_workspace_2025/nav_ws/install/px4_msgs/include/px4_msgs/px4_msgs/msg/detail/ulog_stream__functions.c\n'}
[9.314343] (px4_msgs) StdoutLine: {'line': b'-- Up-to-date: /home/em/ros_workspace_2025/nav_ws/install/px4_msgs/include/px4_msgs/px4_msgs/msg/detail/message_format_response__type_support.h\n'}
[9.314367] (px4_msgs) StdoutLine: {'line': b'-- Up-to-date: /home/em/ros_workspace_2025/nav_ws/install/px4_msgs/include/px4_msgs/px4_msgs/msg/detail/landing_target_innovations__struct.h\n'}
[9.314459] (px4_msgs) StdoutLine: {'line': b'-- Up-to-date: /home/em/ros_workspace_2025/nav_ws/install/px4_msgs/include/px4_msgs/px4_msgs/msg/detail/orbit_status__functions.c\n'}
[9.314529] (px4_msgs) StdoutLine: {'line': b'-- Up-to-date: /home/em/ros_workspace_2025/nav_ws/install/px4_msgs/include/px4_msgs/px4_msgs/msg/detail/vehicle_torque_setpoint__functions.h\n'}
[9.314555] (px4_msgs) StdoutLine: {'line': b'-- Up-to-date: /home/em/ros_workspace_2025/nav_ws/install/px4_msgs/include/px4_msgs/px4_msgs/msg/detail/tiltrotor_extra_controls__functions.h\n'}
[9.314578] (px4_msgs) StdoutLine: {'line': b'-- Up-to-date: /home/em/ros_workspace_2025/nav_ws/install/px4_msgs/include/px4_msgs/px4_msgs/msg/detail/input_rc__functions.c\n'}
[9.314602] (px4_msgs) StdoutLine: {'line': b'-- Up-to-date: /home/em/ros_workspace_2025/nav_ws/install/px4_msgs/include/px4_msgs/px4_msgs/msg/detail/open_drone_id_self_id__functions.h\n'}
[9.314625] (px4_msgs) StdoutLine: {'line': b'-- Up-to-date: /home/em/ros_workspace_2025/nav_ws/install/px4_msgs/include/px4_msgs/px4_msgs/msg/detail/can_interface_status__functions.h\n'}
[9.314649] (px4_msgs) StdoutLine: {'line': b'-- Up-to-date: /home/em/ros_workspace_2025/nav_ws/install/px4_msgs/include/px4_msgs/px4_msgs/msg/detail/parameter_set_used_request__functions.c\n'}
[9.314672] (px4_msgs) StdoutLine: {'line': b'-- Up-to-date: /home/em/ros_workspace_2025/nav_ws/install/px4_msgs/include/px4_msgs/px4_msgs/msg/detail/trajectory_bezier__functions.c\n'}
[9.314695] (px4_msgs) StdoutLine: {'line': b'-- Up-to-date: /home/em/ros_workspace_2025/nav_ws/install/px4_msgs/include/px4_msgs/px4_msgs/msg/detail/led_control__type_support.h\n'}
[9.314717] (px4_msgs) StdoutLine: {'line': b'-- Up-to-date: /home/em/ros_workspace_2025/nav_ws/install/px4_msgs/include/px4_msgs/px4_msgs/msg/detail/vehicle_roi__struct.h\n'}
[9.314738] (px4_msgs) StdoutLine: {'line': b'-- Up-to-date: /home/em/ros_workspace_2025/nav_ws/install/px4_msgs/include/px4_msgs/px4_msgs/msg/detail/log_message__functions.c\n'}
[9.314760] (px4_msgs) StdoutLine: {'line': b'-- Up-to-date: /home/em/ros_workspace_2025/nav_ws/install/px4_msgs/include/px4_msgs/px4_msgs/msg/detail/rover_mecanum_guidance_status__struct.h\n'}
[9.314783] (px4_msgs) StdoutLine: {'line': b'-- Up-to-date: /home/em/ros_workspace_2025/nav_ws/install/px4_msgs/include/px4_msgs/px4_msgs/msg/detail/gripper__type_support.h\n'}
[9.314817] (px4_msgs) StdoutLine: {'line': b'-- Up-to-date: /home/em/ros_workspace_2025/nav_ws/install/px4_msgs/include/px4_msgs/px4_msgs/msg/detail/failure_detector_status__type_support.h\n'}
[9.314839] (px4_msgs) StdoutLine: {'line': b'-- Up-to-date: /home/em/ros_workspace_2025/nav_ws/install/px4_msgs/include/px4_msgs/px4_msgs/msg/detail/actuator_outputs__functions.c\n'}
[9.314861] (px4_msgs) StdoutLine: {'line': b'-- Up-to-date: /home/em/ros_workspace_2025/nav_ws/install/px4_msgs/include/px4_msgs/px4_msgs/msg/detail/dataman_response__functions.h\n'}
[9.314883] (px4_msgs) StdoutLine: {'line': b'-- Up-to-date: /home/em/ros_workspace_2025/nav_ws/install/px4_msgs/include/px4_msgs/px4_msgs/msg/detail/vehicle_land_detected__struct.h\n'}
[9.314905] (px4_msgs) StdoutLine: {'line': b'-- Up-to-date: /home/em/ros_workspace_2025/nav_ws/install/px4_msgs/include/px4_msgs/px4_msgs/msg/detail/orbit_status__struct.h\n'}
[9.314937] (px4_msgs) StdoutLine: {'line': b'-- Up-to-date: /home/em/ros_workspace_2025/nav_ws/install/px4_msgs/include/px4_msgs/px4_msgs/msg/detail/pwm_input__functions.c\n'}
[9.314967] (px4_msgs) StdoutLine: {'line': b'-- Up-to-date: /home/em/ros_workspace_2025/nav_ws/install/px4_msgs/include/px4_msgs/px4_msgs/msg/detail/estimator_selector_status__functions.h\n'}
[9.314989] (px4_msgs) StdoutLine: {'line': b'-- Up-to-date: /home/em/ros_workspace_2025/nav_ws/install/px4_msgs/include/px4_msgs/px4_msgs/msg/detail/trajectory_waypoint__functions.h\n'}
[9.315075] (px4_msgs) StdoutLine: {'line': b'-- Up-to-date: /home/em/ros_workspace_2025/nav_ws/install/px4_msgs/include/px4_msgs/px4_msgs/msg/detail/gimbal_manager_set_manual_control__type_support.h\n'}
[9.315098] (px4_msgs) StdoutLine: {'line': b'-- Up-to-date: /home/em/ros_workspace_2025/nav_ws/install/px4_msgs/include/px4_msgs/px4_msgs/msg/detail/airspeed_validated__struct.h\n'}
[9.315123] (px4_msgs) StdoutLine: {'line': b'-- Up-to-date: /home/em/ros_workspace_2025/nav_ws/install/px4_msgs/include/px4_msgs/px4_msgs/msg/detail/geofence_status__functions.c\n'}
[9.315146] (px4_msgs) StdoutLine: {'line': b'-- Up-to-date: /home/em/ros_workspace_2025/nav_ws/install/px4_msgs/include/px4_msgs/px4_msgs/msg/detail/estimator_innovations__struct.h\n'}
[9.315169] (px4_msgs) StdoutLine: {'line': b'-- Up-to-date: /home/em/ros_workspace_2025/nav_ws/install/px4_msgs/include/px4_msgs/px4_msgs/msg/detail/iridiumsbd_status__type_support.h\n'}
[9.315192] (px4_msgs) StdoutLine: {'line': b'-- Up-to-date: /home/em/ros_workspace_2025/nav_ws/install/px4_msgs/include/px4_msgs/px4_msgs/msg/detail/estimator_selector_status__struct.h\n'}
[9.315214] (px4_msgs) StdoutLine: {'line': b'-- Up-to-date: /home/em/ros_workspace_2025/nav_ws/install/px4_msgs/include/px4_msgs/px4_msgs/msg/detail/estimator_aid_source2d__struct.h\n'}
[9.315245] (px4_msgs) StdoutLine: {'line': b'-- Up-to-date: /home/em/ros_workspace_2025/nav_ws/install/px4_msgs/include/px4_msgs/px4_msgs/msg/detail/gimbal_manager_set_attitude__struct.h\n'}
[9.315269] (px4_msgs) StdoutLine: {'line': b'-- Up-to-date: /home/em/ros_workspace_2025/nav_ws/install/px4_msgs/include/px4_msgs/px4_msgs/msg/detail/vehicle_rates_setpoint__functions.h\n'}
[9.315293] (px4_msgs) StdoutLine: {'line': b'-- Up-to-date: /home/em/ros_workspace_2025/nav_ws/install/px4_msgs/include/px4_msgs/px4_msgs/msg/detail/orb_test__type_support.h\n'}
[9.315316] (px4_msgs) StdoutLine: {'line': b'-- Up-to-date: /home/em/ros_workspace_2025/nav_ws/install/px4_msgs/include/px4_msgs/px4_msgs/msg/detail/adc_report__struct.h\n'}
[9.315339] (px4_msgs) StdoutLine: {'line': b'-- Up-to-date: /home/em/ros_workspace_2025/nav_ws/install/px4_msgs/include/px4_msgs/px4_msgs/msg/detail/gpio_in__struct.h\n'}
[9.315361] (px4_msgs) StdoutLine: {'line': b'-- Up-to-date: /home/em/ros_workspace_2025/nav_ws/install/px4_msgs/include/px4_msgs/px4_msgs/msg/detail/qshell_req__functions.c\n'}
[9.315387] (px4_msgs) StdoutLine: {'line': b'-- Up-to-date: /home/em/ros_workspace_2025/nav_ws/install/px4_msgs/include/px4_msgs/px4_msgs/msg/detail/obstacle_distance__struct.h\n'}
[9.315442] (px4_msgs) StdoutLine: {'line': b'-- Up-to-date: /home/em/ros_workspace_2025/nav_ws/install/px4_msgs/include/px4_msgs/px4_msgs/msg/detail/vtol_vehicle_status__functions.c\n'}
[9.315466] (px4_msgs) StdoutLine: {'line': b'-- Up-to-date: /home/em/ros_workspace_2025/nav_ws/install/px4_msgs/include/px4_msgs/px4_msgs/msg/detail/camera_status__functions.h\n'}
[9.315488] (px4_msgs) StdoutLine: {'line': b'-- Up-to-date: /home/em/ros_workspace_2025/nav_ws/install/px4_msgs/include/px4_msgs/px4_msgs/msg/detail/yaw_estimator_status__functions.c\n'}
[9.315511] (px4_msgs) StdoutLine: {'line': b'-- Up-to-date: /home/em/ros_workspace_2025/nav_ws/install/px4_msgs/include/px4_msgs/px4_msgs/msg/detail/position_setpoint__functions.c\n'}
[9.315533] (px4_msgs) StdoutLine: {'line': b'-- Up-to-date: /home/em/ros_workspace_2025/nav_ws/install/px4_msgs/include/px4_msgs/px4_msgs/msg/detail/distance_sensor_mode_change_request__functions.h\n'}
[9.315555] (px4_msgs) StdoutLine: {'line': b'-- Up-to-date: /home/em/ros_workspace_2025/nav_ws/install/px4_msgs/include/px4_msgs/px4_msgs/msg/detail/onboard_computer_status__struct.h\n'}
[9.315577] (px4_msgs) StdoutLine: {'line': b'-- Up-to-date: /home/em/ros_workspace_2025/nav_ws/install/px4_msgs/include/px4_msgs/px4_msgs/msg/detail/gimbal_manager_information__struct.h\n'}
[9.315598] (px4_msgs) StdoutLine: {'line': b'-- Up-to-date: /home/em/ros_workspace_2025/nav_ws/install/px4_msgs/include/px4_msgs/px4_msgs/msg/detail/vehicle_rates_setpoint__functions.c\n'}
[9.315620] (px4_msgs) StdoutLine: {'line': b'-- Up-to-date: /home/em/ros_workspace_2025/nav_ws/install/px4_msgs/include/px4_msgs/px4_msgs/msg/detail/actuator_armed__struct.h\n'}
[9.315641] (px4_msgs) StdoutLine: {'line': b'-- Up-to-date: /home/em/ros_workspace_2025/nav_ws/install/px4_msgs/include/px4_msgs/px4_msgs/msg/detail/vehicle_trajectory_waypoint__functions.c\n'}
[9.315671] (px4_msgs) StdoutLine: {'line': b'-- Up-to-date: /home/em/ros_workspace_2025/nav_ws/install/px4_msgs/include/px4_msgs/px4_msgs/msg/detail/qshell_req__struct.h\n'}
[9.315706] (px4_msgs) StdoutLine: {'line': b'-- Up-to-date: /home/em/ros_workspace_2025/nav_ws/install/px4_msgs/include/px4_msgs/px4_msgs/msg/detail/gimbal_manager_status__struct.h\n'}
[9.315741] (px4_msgs) StdoutLine: {'line': b'-- Up-to-date: /home/em/ros_workspace_2025/nav_ws/install/px4_msgs/include/px4_msgs/px4_msgs/msg/detail/pwm_input__struct.h\n'}
[9.315776] (px4_msgs) StdoutLine: {'line': b'-- Up-to-date: /home/em/ros_workspace_2025/nav_ws/install/px4_msgs/include/px4_msgs/px4_msgs/msg/vehicle_land_detected.h\n'}
[9.315810] (px4_msgs) StdoutLine: {'line': b'-- Up-to-date: /home/em/ros_workspace_2025/nav_ws/install/px4_msgs/include/px4_msgs/px4_msgs/msg/sensor_mag.h\n'}
[9.315846] (px4_msgs) StdoutLine: {'line': b'-- Up-to-date: /home/em/ros_workspace_2025/nav_ws/install/px4_msgs/include/px4_msgs/px4_msgs/msg/follow_target_status.h\n'}
[9.315881] (px4_msgs) StdoutLine: {'line': b'-- Up-to-date: /home/em/ros_workspace_2025/nav_ws/install/px4_msgs/include/px4_msgs/px4_msgs/msg/power_button_state.h\n'}
[9.315999] (px4_msgs) StdoutLine: {'line': b'-- Up-to-date: /home/em/ros_workspace_2025/nav_ws/install/px4_msgs/include/px4_msgs/px4_msgs/msg/orbit_status.h\n'}
[9.316034] (px4_msgs) StdoutLine: {'line': b'-- Up-to-date: /home/em/ros_workspace_2025/nav_ws/install/px4_msgs/include/px4_msgs/px4_msgs/msg/landing_target_innovations.h\n'}
[9.316070] (px4_msgs) StdoutLine: {'line': b'-- Up-to-date: /home/em/ros_workspace_2025/nav_ws/install/px4_msgs/include/px4_msgs/px4_msgs/msg/tiltrotor_extra_controls.h\n'}
[9.316110] (px4_msgs) StdoutLine: {'line': b'-- Up-to-date: /home/em/ros_workspace_2025/nav_ws/install/px4_msgs/include/px4_msgs/px4_msgs/msg/vehicle_roi.h\n'}
[9.316239] (px4_msgs) StdoutLine: {'line': b'-- Up-to-date: /home/em/ros_workspace_2025/nav_ws/install/px4_msgs/include/px4_msgs/px4_msgs/msg/sensor_gyro_fifo.h\n'}
[9.316399] (px4_msgs) StdoutLine: {'line': b'-- Up-to-date: /home/em/ros_workspace_2025/nav_ws/install/px4_msgs/include/px4_msgs/px4_msgs/msg/task_stack_info.h\n'}
[9.316468] (px4_msgs) StdoutLine: {'line': b'-- Up-to-date: /home/em/ros_workspace_2025/nav_ws/install/px4_msgs/include/px4_msgs/px4_msgs/msg/arming_check_request.h\n'}
[9.316495] (px4_msgs) StdoutLine: {'line': b'-- Up-to-date: /home/em/ros_workspace_2025/nav_ws/install/px4_msgs/include/px4_msgs/px4_msgs/msg/manual_control_switches.h\n'}
[9.316520] (px4_msgs) StdoutLine: {'line': b'-- Up-to-date: /home/em/ros_workspace_2025/nav_ws/install/px4_msgs/include/px4_msgs/px4_msgs/msg/failure_detector_status.h\n'}
[9.316543] (px4_msgs) StdoutLine: {'line': b'-- Up-to-date: /home/em/ros_workspace_2025/nav_ws/install/px4_msgs/include/px4_msgs/px4_msgs/msg/qshell_req.h\n'}
[9.316567] (px4_msgs) StdoutLine: {'line': b'-- Up-to-date: /home/em/ros_workspace_2025/nav_ws/install/px4_msgs/include/px4_msgs/px4_msgs/msg/sensor_gyro_fft.h\n'}
[9.316600] (px4_msgs) StdoutLine: {'line': b'-- Up-to-date: /home/em/ros_workspace_2025/nav_ws/install/px4_msgs/include/px4_msgs/px4_msgs/msg/gimbal_device_information.h\n'}
[9.316626] (px4_msgs) StdoutLine: {'line': b'-- Up-to-date: /home/em/ros_workspace_2025/nav_ws/install/px4_msgs/include/px4_msgs/px4_msgs/msg/rover_differential_guidance_status.h\n'}
[9.316649] (px4_msgs) StdoutLine: {'line': b'-- Up-to-date: /home/em/ros_workspace_2025/nav_ws/install/px4_msgs/share/px4_msgs/environment/library_path.sh\n'}
[9.316673] (px4_msgs) StdoutLine: {'line': b'-- Up-to-date: /home/em/ros_workspace_2025/nav_ws/install/px4_msgs/share/px4_msgs/environment/library_path.dsv\n'}
[9.316695] (px4_msgs) StdoutLine: {'line': b'-- Up-to-date: /home/em/ros_workspace_2025/nav_ws/install/px4_msgs/lib/libpx4_msgs__rosidl_generator_c.so\n'}
[9.316718] (px4_msgs) StdoutLine: {'line': b'-- Up-to-date: /home/em/ros_workspace_2025/nav_ws/install/px4_msgs/include/px4_msgs/px4_msgs\n'}
[9.316794] (px4_msgs) StdoutLine: {'line': b'-- Up-to-date: /home/em/ros_workspace_2025/nav_ws/install/px4_msgs/include/px4_msgs/px4_msgs/srv\n'}
[9.316878] (px4_msgs) StdoutLine: {'line': b'-- Up-to-date: /home/em/ros_workspace_2025/nav_ws/install/px4_msgs/include/px4_msgs/px4_msgs/srv/detail\n'}
[9.316937] (px4_msgs) StdoutLine: {'line': b'-- Up-to-date: /home/em/ros_workspace_2025/nav_ws/install/px4_msgs/include/px4_msgs/px4_msgs/srv/detail/vehicle_command__rosidl_typesupport_fastrtps_c.h\n'}
[9.316997] (px4_msgs) StdoutLine: {'line': b'-- Up-to-date: /home/em/ros_workspace_2025/nav_ws/install/px4_msgs/include/px4_msgs/px4_msgs/msg\n'}
[9.317050] (px4_msgs) StdoutLine: {'line': b'-- Up-to-date: /home/em/ros_workspace_2025/nav_ws/install/px4_msgs/include/px4_msgs/px4_msgs/msg/rosidl_typesupport_fastrtps_c__visibility_control.h\n'}
[9.317104] (px4_msgs) StdoutLine: {'line': b'-- Up-to-date: /home/em/ros_workspace_2025/nav_ws/install/px4_msgs/include/px4_msgs/px4_msgs/msg/detail\n'}
[9.317159] (px4_msgs) StdoutLine: {'line': b'-- Up-to-date: /home/em/ros_workspace_2025/nav_ws/install/px4_msgs/include/px4_msgs/px4_msgs/msg/detail/estimator_selector_status__rosidl_typesupport_fastrtps_c.h\n'}
[9.317214] (px4_msgs) StdoutLine: {'line': b'-- Up-to-date: /home/em/ros_workspace_2025/nav_ws/install/px4_msgs/include/px4_msgs/px4_msgs/msg/detail/actuator_motors__rosidl_typesupport_fastrtps_c.h\n'}
[9.317378] (px4_msgs) StdoutLine: {'line': b'-- Up-to-date: /home/em/ros_workspace_2025/nav_ws/install/px4_msgs/include/px4_msgs/px4_msgs/msg/detail/position_setpoint__rosidl_typesupport_fastrtps_c.h\n'}
[9.317486] (px4_msgs) StdoutLine: {'line': b'-- Up-to-date: /home/em/ros_workspace_2025/nav_ws/install/px4_msgs/include/px4_msgs/px4_msgs/msg/detail/actuator_test__rosidl_typesupport_fastrtps_c.h\n'}
[9.317781] (px4_msgs) StdoutLine: {'line': b'-- Up-to-date: /home/em/ros_workspace_2025/nav_ws/install/px4_msgs/include/px4_msgs/px4_msgs/msg/detail/estimator_gps_status__rosidl_typesupport_fastrtps_c.h\n'}
[9.317819] (px4_msgs) StdoutLine: {'line': b'-- Up-to-date: /home/em/ros_workspace_2025/nav_ws/install/px4_msgs/include/px4_msgs/px4_msgs/msg/detail/follow_target_estimator__rosidl_typesupport_fastrtps_c.h\n'}
[9.317848] (px4_msgs) StdoutLine: {'line': b'-- Up-to-date: /home/em/ros_workspace_2025/nav_ws/install/px4_msgs/include/px4_msgs/px4_msgs/msg/detail/vehicle_trajectory_waypoint__rosidl_typesupport_fastrtps_c.h\n'}
[9.317899] (px4_msgs) StdoutLine: {'line': b'-- Up-to-date: /home/em/ros_workspace_2025/nav_ws/install/px4_msgs/include/px4_msgs/px4_msgs/msg/detail/vehicle_local_position__rosidl_typesupport_fastrtps_c.h\n'}
[9.318030] (px4_msgs) StdoutLine: {'line': b'-- Up-to-date: /home/em/ros_workspace_2025/nav_ws/install/px4_msgs/include/px4_msgs/px4_msgs/msg/detail/parameter_reset_request__rosidl_typesupport_fastrtps_c.h\n'}
[9.318059] (px4_msgs) StdoutLine: {'line': b'-- Up-to-date: /home/em/ros_workspace_2025/nav_ws/install/px4_msgs/include/px4_msgs/px4_msgs/msg/detail/geofence_result__rosidl_typesupport_fastrtps_c.h\n'}
[9.318083] (px4_msgs) StdoutLine: {'line': b'-- Up-to-date: /home/em/ros_workspace_2025/nav_ws/install/px4_msgs/include/px4_msgs/px4_msgs/msg/detail/onboard_computer_status__rosidl_typesupport_fastrtps_c.h\n'}
[9.318141] (px4_msgs) StdoutLine: {'line': b'-- Up-to-date: /home/em/ros_workspace_2025/nav_ws/install/px4_msgs/include/px4_msgs/px4_msgs/msg/detail/rover_mecanum_status__rosidl_typesupport_fastrtps_c.h\n'}
[9.318168] (px4_msgs) StdoutLine: {'line': b'-- Up-to-date: /home/em/ros_workspace_2025/nav_ws/install/px4_msgs/include/px4_msgs/px4_msgs/msg/detail/message_format_response__rosidl_typesupport_fastrtps_c.h\n'}
[9.318202] (px4_msgs) StdoutLine: {'line': b'-- Up-to-date: /home/em/ros_workspace_2025/nav_ws/install/px4_msgs/include/px4_msgs/px4_msgs/msg/detail/gimbal_device_information__rosidl_typesupport_fastrtps_c.h\n'}
[9.318226] (px4_msgs) StdoutLine: {'line': b'-- Up-to-date: /home/em/ros_workspace_2025/nav_ws/install/px4_msgs/include/px4_msgs/px4_msgs/msg/detail/gps_inject_data__rosidl_typesupport_fastrtps_c.h\n'}
[9.318250] (px4_msgs) StdoutLine: {'line': b'-- Up-to-date: /home/em/ros_workspace_2025/nav_ws/install/px4_msgs/include/px4_msgs/px4_msgs/msg/detail/led_control__rosidl_typesupport_fastrtps_c.h\n'}
[9.318273] (px4_msgs) StdoutLine: {'line': b'-- Up-to-date: /home/em/ros_workspace_2025/nav_ws/install/px4_msgs/include/px4_msgs/px4_msgs/msg/detail/velocity_limits__rosidl_typesupport_fastrtps_c.h\n'}
[9.318295] (px4_msgs) StdoutLine: {'line': b'-- Up-to-date: /home/em/ros_workspace_2025/nav_ws/install/px4_msgs/include/px4_msgs/px4_msgs/msg/detail/sensor_hygrometer__rosidl_typesupport_fastrtps_c.h\n'}
[9.318318] (px4_msgs) StdoutLine: {'line': b'-- Up-to-date: /home/em/ros_workspace_2025/nav_ws/install/px4_msgs/include/px4_msgs/px4_msgs/msg/detail/gimbal_device_attitude_status__rosidl_typesupport_fastrtps_c.h\n'}
[9.318341] (px4_msgs) StdoutLine: {'line': b'-- Up-to-date: /home/em/ros_workspace_2025/nav_ws/install/px4_msgs/include/px4_msgs/px4_msgs/msg/detail/debug_vect__rosidl_typesupport_fastrtps_c.h\n'}
[9.318363] (px4_msgs) StdoutLine: {'line': b'-- Up-to-date: /home/em/ros_workspace_2025/nav_ws/install/px4_msgs/include/px4_msgs/px4_msgs/msg/detail/open_drone_id_operator_id__rosidl_typesupport_fastrtps_c.h\n'}
[9.318387] (px4_msgs) StdoutLine: {'line': b'-- Up-to-date: /home/em/ros_workspace_2025/nav_ws/install/px4_msgs/include/px4_msgs/px4_msgs/msg/detail/tune_control__rosidl_typesupport_fastrtps_c.h\n'}
[9.318479] (px4_msgs) StdoutLine: {'line': b'-- Up-to-date: /home/em/ros_workspace_2025/nav_ws/install/px4_msgs/include/px4_msgs/px4_msgs/msg/detail/rtl_status__rosidl_typesupport_fastrtps_c.h\n'}
[9.318517] (px4_msgs) StdoutLine: {'line': b'-- Up-to-date: /home/em/ros_workspace_2025/nav_ws/install/px4_msgs/include/px4_msgs/px4_msgs/msg/detail/tiltrotor_extra_controls__rosidl_typesupport_fastrtps_c.h\n'}
[9.318548] (px4_msgs) StdoutLine: {'line': b'-- Up-to-date: /home/em/ros_workspace_2025/nav_ws/install/px4_msgs/include/px4_msgs/px4_msgs/msg/detail/vehicle_angular_velocity__rosidl_typesupport_fastrtps_c.h\n'}
[9.318579] (px4_msgs) StdoutLine: {'line': b'-- Up-to-date: /home/em/ros_workspace_2025/nav_ws/install/px4_msgs/include/px4_msgs/px4_msgs/msg/detail/vtol_vehicle_status__rosidl_typesupport_fastrtps_c.h\n'}
[9.318611] (px4_msgs) StdoutLine: {'line': b'-- Up-to-date: /home/em/ros_workspace_2025/nav_ws/install/px4_msgs/include/px4_msgs/px4_msgs/msg/detail/buffer128__rosidl_typesupport_fastrtps_c.h\n'}
[9.318691] (px4_msgs) StdoutLine: {'line': b'-- Up-to-date: /home/em/ros_workspace_2025/nav_ws/install/px4_msgs/include/px4_msgs/px4_msgs/msg/detail/actuator_outputs__rosidl_typesupport_fastrtps_c.h\n'}
[9.318745] (px4_msgs) StdoutLine: {'line': b'-- Up-to-date: /home/em/ros_workspace_2025/nav_ws/install/px4_msgs/include/px4_msgs/px4_msgs/msg/detail/landing_target_innovations__rosidl_typesupport_fastrtps_c.h\n'}
[9.318781] (px4_msgs) StdoutLine: {'line': b'-- Up-to-date: /home/em/ros_workspace_2025/nav_ws/install/px4_msgs/include/px4_msgs/px4_msgs/msg/detail/manual_control_switches__rosidl_typesupport_fastrtps_c.h\n'}
[9.318811] (px4_msgs) StdoutLine: {'line': b'-- Up-to-date: /home/em/ros_workspace_2025/nav_ws/install/px4_msgs/include/px4_msgs/px4_msgs/msg/detail/goto_setpoint__rosidl_typesupport_fastrtps_c.h\n'}
[9.318841] (px4_msgs) StdoutLine: {'line': b'-- Up-to-date: /home/em/ros_workspace_2025/nav_ws/install/px4_msgs/include/px4_msgs/px4_msgs/msg/detail/tecs_status__rosidl_typesupport_fastrtps_c.h\n'}
[9.318870] (px4_msgs) StdoutLine: {'line': b'-- Up-to-date: /home/em/ros_workspace_2025/nav_ws/install/px4_msgs/include/px4_msgs/px4_msgs/msg/detail/follow_target_status__rosidl_typesupport_fastrtps_c.h\n'}
[9.318901] (px4_msgs) StdoutLine: {'line': b'-- Up-to-date: /home/em/ros_workspace_2025/nav_ws/install/px4_msgs/include/px4_msgs/px4_msgs/msg/detail/vehicle_status__rosidl_typesupport_fastrtps_c.h\n'}
[9.318933] (px4_msgs) StdoutLine: {'line': b'-- Up-to-date: /home/em/ros_workspace_2025/nav_ws/install/px4_msgs/include/px4_msgs/px4_msgs/msg/detail/rover_ackermann_setpoint__rosidl_typesupport_fastrtps_c.h\n'}
[9.319016] (px4_msgs) StdoutLine: {'line': b'-- Up-to-date: /home/em/ros_workspace_2025/nav_ws/install/px4_msgs/include/px4_msgs/px4_msgs/msg/detail/esc_report__rosidl_typesupport_fastrtps_c.h\n'}
[9.319045] (px4_msgs) StdoutLine: {'line': b'-- Up-to-date: /home/em/ros_workspace_2025/nav_ws/install/px4_msgs/include/px4_msgs/px4_msgs/msg/detail/failsafe_flags__rosidl_typesupport_fastrtps_c.h\n'}
[9.319071] (px4_msgs) StdoutLine: {'line': b'-- Up-to-date: /home/em/ros_workspace_2025/nav_ws/install/px4_msgs/include/px4_msgs/px4_msgs/msg/detail/vehicle_optical_flow_vel__rosidl_typesupport_fastrtps_c.h\n'}
[9.319095] (px4_msgs) StdoutLine: {'line': b'-- Up-to-date: /home/em/ros_workspace_2025/nav_ws/install/px4_msgs/include/px4_msgs/px4_msgs/msg/detail/gps_dump__rosidl_typesupport_fastrtps_c.h\n'}
[9.319120] (px4_msgs) StdoutLine: {'line': b'-- Up-to-date: /home/em/ros_workspace_2025/nav_ws/install/px4_msgs/include/px4_msgs/px4_msgs/msg/detail/home_position__rosidl_typesupport_fastrtps_c.h\n'}
[9.319143] (px4_msgs) StdoutLine: {'line': b'-- Up-to-date: /home/em/ros_workspace_2025/nav_ws/install/px4_msgs/include/px4_msgs/px4_msgs/msg/detail/sensor_accel__rosidl_typesupport_fastrtps_c.h\n'}
[9.319164] (px4_msgs) StdoutLine: {'line': b'-- Up-to-date: /home/em/ros_workspace_2025/nav_ws/install/px4_msgs/include/px4_msgs/px4_msgs/msg/detail/camera_trigger__rosidl_typesupport_fastrtps_c.h\n'}
[9.319185] (px4_msgs) StdoutLine: {'line': b'-- Up-to-date: /home/em/ros_workspace_2025/nav_ws/install/px4_msgs/include/px4_msgs/px4_msgs/msg/detail/npfg_status__rosidl_typesupport_fastrtps_c.h\n'}
[9.319207] (px4_msgs) StdoutLine: {'line': b'-- Up-to-date: /home/em/ros_workspace_2025/nav_ws/install/px4_msgs/include/px4_msgs/px4_msgs/msg/detail/gpio_request__rosidl_typesupport_fastrtps_c.h\n'}
[9.319228] (px4_msgs) StdoutLine: {'line': b'-- Up-to-date: /home/em/ros_workspace_2025/nav_ws/install/px4_msgs/include/px4_msgs/px4_msgs/msg/detail/vehicle_thrust_setpoint__rosidl_typesupport_fastrtps_c.h\n'}
[9.319249] (px4_msgs) StdoutLine: {'line': b'-- Up-to-date: /home/em/ros_workspace_2025/nav_ws/install/px4_msgs/include/px4_msgs/px4_msgs/msg/detail/sensors_status__rosidl_typesupport_fastrtps_c.h\n'}
[9.319270] (px4_msgs) StdoutLine: {'line': b'-- Up-to-date: /home/em/ros_workspace_2025/nav_ws/install/px4_msgs/include/px4_msgs/px4_msgs/msg/detail/vehicle_attitude__rosidl_typesupport_fastrtps_c.h\n'}
[9.319295] (px4_msgs) StdoutLine: {'line': b'-- Up-to-date: /home/em/ros_workspace_2025/nav_ws/install/px4_msgs/include/px4_msgs/px4_msgs/msg/detail/landing_target_pose__rosidl_typesupport_fastrtps_c.h\n'}
[9.319317] (px4_msgs) StdoutLine: {'line': b'-- Up-to-date: /home/em/ros_workspace_2025/nav_ws/install/px4_msgs/include/px4_msgs/px4_msgs/msg/detail/rate_ctrl_status__rosidl_typesupport_fastrtps_c.h\n'}
[9.319339] (px4_msgs) StdoutLine: {'line': b'-- Up-to-date: /home/em/ros_workspace_2025/nav_ws/install/px4_msgs/include/px4_msgs/px4_msgs/msg/detail/position_controller_status__rosidl_typesupport_fastrtps_c.h\n'}
[9.319360] (px4_msgs) StdoutLine: {'line': b'-- Up-to-date: /home/em/ros_workspace_2025/nav_ws/install/px4_msgs/include/px4_msgs/px4_msgs/msg/detail/register_ext_component_request__rosidl_typesupport_fastrtps_c.h\n'}
[9.319381] (px4_msgs) StdoutLine: {'line': b'-- Up-to-date: /home/em/ros_workspace_2025/nav_ws/install/px4_msgs/include/px4_msgs/px4_msgs/msg/detail/input_rc__rosidl_typesupport_fastrtps_c.h\n'}
[9.319408] (px4_msgs) StdoutLine: {'line': b'-- Up-to-date: /home/em/ros_workspace_2025/nav_ws/install/px4_msgs/include/px4_msgs/px4_msgs/msg/detail/position_controller_landing_status__rosidl_typesupport_fastrtps_c.h\n'}
[9.319439] (px4_msgs) StdoutLine: {'line': b'-- Up-to-date: /home/em/ros_workspace_2025/nav_ws/install/px4_msgs/include/px4_msgs/px4_msgs/msg/detail/config_overrides__rosidl_typesupport_fastrtps_c.h\n'}
[9.319465] (px4_msgs) StdoutLine: {'line': b'-- Up-to-date: /home/em/ros_workspace_2025/nav_ws/install/px4_msgs/include/px4_msgs/px4_msgs/msg/detail/vehicle_control_mode__rosidl_typesupport_fastrtps_c.h\n'}
[9.319486] (px4_msgs) StdoutLine: {'line': b'-- Up-to-date: /home/em/ros_workspace_2025/nav_ws/install/px4_msgs/include/px4_msgs/px4_msgs/msg/detail/adc_report__rosidl_typesupport_fastrtps_c.h\n'}
[9.319507] (px4_msgs) StdoutLine: {'line': b'-- Up-to-date: /home/em/ros_workspace_2025/nav_ws/install/px4_msgs/include/px4_msgs/px4_msgs/msg/detail/sensor_gyro__rosidl_typesupport_fastrtps_c.h\n'}
[9.319527] (px4_msgs) StdoutLine: {'line': b'-- Up-to-date: /home/em/ros_workspace_2025/nav_ws/install/px4_msgs/include/px4_msgs/px4_msgs/msg/detail/health_report__rosidl_typesupport_fastrtps_c.h\n'}
[9.319548] (px4_msgs) StdoutLine: {'line': b'-- Up-to-date: /home/em/ros_workspace_2025/nav_ws/install/px4_msgs/include/px4_msgs/px4_msgs/msg/detail/esc_status__rosidl_typesupport_fastrtps_c.h\n'}
[9.319569] (px4_msgs) StdoutLine: {'line': b'-- Up-to-date: /home/em/ros_workspace_2025/nav_ws/install/px4_msgs/include/px4_msgs/px4_msgs/msg/detail/irlock_report__rosidl_typesupport_fastrtps_c.h\n'}
[9.319590] (px4_msgs) StdoutLine: {'line': b'-- Up-to-date: /home/em/ros_workspace_2025/nav_ws/install/px4_msgs/include/px4_msgs/px4_msgs/msg/detail/dataman_request__rosidl_typesupport_fastrtps_c.h\n'}
[9.319611] (px4_msgs) StdoutLine: {'line': b'-- Up-to-date: /home/em/ros_workspace_2025/nav_ws/install/px4_msgs/include/px4_msgs/px4_msgs/msg/detail/yaw_estimator_status__rosidl_typesupport_fastrtps_c.h\n'}
[9.319635] (px4_msgs) StdoutLine: {'line': b'-- Up-to-date: /home/em/ros_workspace_2025/nav_ws/install/px4_msgs/include/px4_msgs/px4_msgs/msg/detail/vehicle_command_ack__rosidl_typesupport_fastrtps_c.h\n'}
[9.319655] (px4_msgs) StdoutLine: {'line': b'-- Up-to-date: /home/em/ros_workspace_2025/nav_ws/install/px4_msgs/include/px4_msgs/px4_msgs/msg/detail/actuator_controls_status__rosidl_typesupport_fastrtps_c.h\n'}
[9.319676] (px4_msgs) StdoutLine: {'line': b'-- Up-to-date: /home/em/ros_workspace_2025/nav_ws/install/px4_msgs/include/px4_msgs/px4_msgs/msg/detail/vehicle_local_position_setpoint__rosidl_typesupport_fastrtps_c.h\n'}
[9.319696] (px4_msgs) StdoutLine: {'line': b'-- Up-to-date: /home/em/ros_workspace_2025/nav_ws/install/px4_msgs/include/px4_msgs/px4_msgs/msg/detail/sensor_selection__rosidl_typesupport_fastrtps_c.h\n'}
[9.319717] (px4_msgs) StdoutLine: {'line': b'-- Up-to-date: /home/em/ros_workspace_2025/nav_ws/install/px4_msgs/include/px4_msgs/px4_msgs/msg/detail/event__rosidl_typesupport_fastrtps_c.h\n'}
[9.319743] (px4_msgs) StdoutLine: {'line': b'-- Up-to-date: /home/em/ros_workspace_2025/nav_ws/install/px4_msgs/include/px4_msgs/px4_msgs/msg/detail/wheel_encoders__rosidl_typesupport_fastrtps_c.h\n'}
[9.319769] (px4_msgs) StdoutLine: {'line': b'-- Up-to-date: /home/em/ros_workspace_2025/nav_ws/install/px4_msgs/include/px4_msgs/px4_msgs/msg/detail/vehicle_global_position__rosidl_typesupport_fastrtps_c.h\n'}
[9.319789] (px4_msgs) StdoutLine: {'line': b'-- Up-to-date: /home/em/ros_workspace_2025/nav_ws/install/px4_msgs/include/px4_msgs/px4_msgs/msg/detail/cellular_status__rosidl_typesupport_fastrtps_c.h\n'}
[9.319810] (px4_msgs) StdoutLine: {'line': b'-- Up-to-date: /home/em/ros_workspace_2025/nav_ws/install/px4_msgs/include/px4_msgs/px4_msgs/msg/detail/launch_detection_status__rosidl_typesupport_fastrtps_c.h\n'}
[9.319829] (px4_msgs) StdoutLine: {'line': b'-- Up-to-date: /home/em/ros_workspace_2025/nav_ws/install/px4_msgs/include/px4_msgs/px4_msgs/msg/detail/message_format_request__rosidl_typesupport_fastrtps_c.h\n'}
[9.319850] (px4_msgs) StdoutLine: {'line': b'-- Up-to-date: /home/em/ros_workspace_2025/nav_ws/install/px4_msgs/include/px4_msgs/px4_msgs/msg/detail/mavlink_tunnel__rosidl_typesupport_fastrtps_c.h\n'}
[9.319870] (px4_msgs) StdoutLine: {'line': b'-- Up-to-date: /home/em/ros_workspace_2025/nav_ws/install/px4_msgs/include/px4_msgs/px4_msgs/msg/detail/parameter_update__rosidl_typesupport_fastrtps_c.h\n'}
[9.319890] (px4_msgs) StdoutLine: {'line': b'-- Up-to-date: /home/em/ros_workspace_2025/nav_ws/install/px4_msgs/include/px4_msgs/px4_msgs/msg/detail/estimator_states__rosidl_typesupport_fastrtps_c.h\n'}
[9.319911] (px4_msgs) StdoutLine: {'line': b'-- Up-to-date: /home/em/ros_workspace_2025/nav_ws/install/px4_msgs/include/px4_msgs/px4_msgs/msg/detail/gpio_config__rosidl_typesupport_fastrtps_c.h\n'}
[9.319932] (px4_msgs) StdoutLine: {'line': b'-- Up-to-date: /home/em/ros_workspace_2025/nav_ws/install/px4_msgs/include/px4_msgs/px4_msgs/msg/detail/figure_eight_status__rosidl_typesupport_fastrtps_c.h\n'}
[9.319953] (px4_msgs) StdoutLine: {'line': b'-- Up-to-date: /home/em/ros_workspace_2025/nav_ws/install/px4_msgs/include/px4_msgs/px4_msgs/msg/detail/mode_completed__rosidl_typesupport_fastrtps_c.h\n'}
[9.319975] (px4_msgs) StdoutLine: {'line': b'-- Up-to-date: /home/em/ros_workspace_2025/nav_ws/install/px4_msgs/include/px4_msgs/px4_msgs/msg/detail/ulog_stream_ack__rosidl_typesupport_fastrtps_c.h\n'}
[9.319995] (px4_msgs) StdoutLine: {'line': b'-- Up-to-date: /home/em/ros_workspace_2025/nav_ws/install/px4_msgs/include/px4_msgs/px4_msgs/msg/detail/navigator_mission_item__rosidl_typesupport_fastrtps_c.h\n'}
[9.320015] (px4_msgs) StdoutLine: {'line': b'-- Up-to-date: /home/em/ros_workspace_2025/nav_ws/install/px4_msgs/include/px4_msgs/px4_msgs/msg/detail/orb_test_large__rosidl_typesupport_fastrtps_c.h\n'}
[9.320036] (px4_msgs) StdoutLine: {'line': b'-- Up-to-date: /home/em/ros_workspace_2025/nav_ws/install/px4_msgs/include/px4_msgs/px4_msgs/msg/detail/vehicle_optical_flow__rosidl_typesupport_fastrtps_c.h\n'}
[9.320061] (px4_msgs) StdoutLine: {'line': b'-- Up-to-date: /home/em/ros_workspace_2025/nav_ws/install/px4_msgs/include/px4_msgs/px4_msgs/msg/detail/iridiumsbd_status__rosidl_typesupport_fastrtps_c.h\n'}
[9.320080] (px4_msgs) StdoutLine: {'line': b'-- Up-to-date: /home/em/ros_workspace_2025/nav_ws/install/px4_msgs/include/px4_msgs/px4_msgs/msg/detail/sensor_airflow__rosidl_typesupport_fastrtps_c.h\n'}
[9.320101] (px4_msgs) StdoutLine: {'line': b'-- Up-to-date: /home/em/ros_workspace_2025/nav_ws/install/px4_msgs/include/px4_msgs/px4_msgs/msg/detail/vehicle_attitude_setpoint__rosidl_typesupport_fastrtps_c.h\n'}
[9.320121] (px4_msgs) StdoutLine: {'line': b'-- Up-to-date: /home/em/ros_workspace_2025/nav_ws/install/px4_msgs/include/px4_msgs/px4_msgs/msg/detail/debug_key_value__rosidl_typesupport_fastrtps_c.h\n'}
[9.320143] (px4_msgs) StdoutLine: {'line': b'-- Up-to-date: /home/em/ros_workspace_2025/nav_ws/install/px4_msgs/include/px4_msgs/px4_msgs/msg/detail/qshell_req__rosidl_typesupport_fastrtps_c.h\n'}
[9.320165] (px4_msgs) StdoutLine: {'line': b'-- Up-to-date: /home/em/ros_workspace_2025/nav_ws/install/px4_msgs/include/px4_msgs/px4_msgs/msg/detail/vehicle_rates_setpoint__rosidl_typesupport_fastrtps_c.h\n'}
[9.320188] (px4_msgs) StdoutLine: {'line': b'-- Up-to-date: /home/em/ros_workspace_2025/nav_ws/install/px4_msgs/include/px4_msgs/px4_msgs/msg/detail/orbit_status__rosidl_typesupport_fastrtps_c.h\n'}
[9.320212] (px4_msgs) StdoutLine: {'line': b'-- Up-to-date: /home/em/ros_workspace_2025/nav_ws/install/px4_msgs/include/px4_msgs/px4_msgs/msg/detail/generator_status__rosidl_typesupport_fastrtps_c.h\n'}
[9.320233] (px4_msgs) StdoutLine: {'line': b'-- Up-to-date: /home/em/ros_workspace_2025/nav_ws/install/px4_msgs/include/px4_msgs/px4_msgs/msg/detail/navigator_status__rosidl_typesupport_fastrtps_c.h\n'}
[9.320254] (px4_msgs) StdoutLine: {'line': b'-- Up-to-date: /home/em/ros_workspace_2025/nav_ws/install/px4_msgs/include/px4_msgs/px4_msgs/msg/detail/vehicle_torque_setpoint__rosidl_typesupport_fastrtps_c.h\n'}
[9.320276] (px4_msgs) StdoutLine: {'line': b'-- Up-to-date: /home/em/ros_workspace_2025/nav_ws/install/px4_msgs/include/px4_msgs/px4_msgs/msg/detail/rtl_time_estimate__rosidl_typesupport_fastrtps_c.h\n'}
[9.320311] (px4_msgs) StdoutLine: {'line': b'-- Up-to-date: /home/em/ros_workspace_2025/nav_ws/install/px4_msgs/include/px4_msgs/px4_msgs/msg/detail/vehicle_trajectory_bezier__rosidl_typesupport_fastrtps_c.h\n'}
[9.320344] (px4_msgs) StdoutLine: {'line': b'-- Up-to-date: /home/em/ros_workspace_2025/nav_ws/install/px4_msgs/include/px4_msgs/px4_msgs/msg/detail/mag_worker_data__rosidl_typesupport_fastrtps_c.h\n'}
[9.320369] (px4_msgs) StdoutLine: {'line': b'-- Up-to-date: /home/em/ros_workspace_2025/nav_ws/install/px4_msgs/include/px4_msgs/px4_msgs/msg/detail/estimator_aid_source1d__rosidl_typesupport_fastrtps_c.h\n'}
[9.320393] (px4_msgs) StdoutLine: {'line': b'-- Up-to-date: /home/em/ros_workspace_2025/nav_ws/install/px4_msgs/include/px4_msgs/px4_msgs/msg/detail/arming_check_request__rosidl_typesupport_fastrtps_c.h\n'}
[9.320425] (px4_msgs) StdoutLine: {'line': b'-- Up-to-date: /home/em/ros_workspace_2025/nav_ws/install/px4_msgs/include/px4_msgs/px4_msgs/msg/detail/mission__rosidl_typesupport_fastrtps_c.h\n'}
[9.320448] (px4_msgs) StdoutLine: {'line': b'-- Up-to-date: /home/em/ros_workspace_2025/nav_ws/install/px4_msgs/include/px4_msgs/px4_msgs/msg/detail/battery_status__rosidl_typesupport_fastrtps_c.h\n'}
[9.320469] (px4_msgs) StdoutLine: {'line': b'-- Up-to-date: /home/em/ros_workspace_2025/nav_ws/install/px4_msgs/include/px4_msgs/px4_msgs/msg/detail/vehicle_imu_status__rosidl_typesupport_fastrtps_c.h\n'}
[9.320490] (px4_msgs) StdoutLine: {'line': b'-- Up-to-date: /home/em/ros_workspace_2025/nav_ws/install/px4_msgs/include/px4_msgs/px4_msgs/msg/detail/gimbal_device_set_attitude__rosidl_typesupport_fastrtps_c.h\n'}
[9.320511] (px4_msgs) StdoutLine: {'line': b'-- Up-to-date: /home/em/ros_workspace_2025/nav_ws/install/px4_msgs/include/px4_msgs/px4_msgs/msg/detail/unregister_ext_component__rosidl_typesupport_fastrtps_c.h\n'}
[9.320531] (px4_msgs) StdoutLine: {'line': b'-- Up-to-date: /home/em/ros_workspace_2025/nav_ws/install/px4_msgs/include/px4_msgs/px4_msgs/msg/detail/gimbal_manager_status__rosidl_typesupport_fastrtps_c.h\n'}
[9.320552] (px4_msgs) StdoutLine: {'line': b'-- Up-to-date: /home/em/ros_workspace_2025/nav_ws/install/px4_msgs/include/px4_msgs/px4_msgs/msg/detail/gimbal_manager_set_manual_control__rosidl_typesupport_fastrtps_c.h\n'}
[9.320572] (px4_msgs) StdoutLine: {'line': b'-- Up-to-date: /home/em/ros_workspace_2025/nav_ws/install/px4_msgs/include/px4_msgs/px4_msgs/msg/detail/pwm_input__rosidl_typesupport_fastrtps_c.h\n'}
[9.320592] (px4_msgs) StdoutLine: {'line': b'-- Up-to-date: /home/em/ros_workspace_2025/nav_ws/install/px4_msgs/include/px4_msgs/px4_msgs/msg/detail/rc_parameter_map__rosidl_typesupport_fastrtps_c.h\n'}
[9.320612] (px4_msgs) StdoutLine: {'line': b'-- Up-to-date: /home/em/ros_workspace_2025/nav_ws/install/px4_msgs/include/px4_msgs/px4_msgs/msg/detail/mavlink_log__rosidl_typesupport_fastrtps_c.h\n'}
[9.320635] (px4_msgs) StdoutLine: {'line': b'-- Up-to-date: /home/em/ros_workspace_2025/nav_ws/install/px4_msgs/include/px4_msgs/px4_msgs/msg/detail/mission_result__rosidl_typesupport_fastrtps_c.h\n'}
[9.320654] (px4_msgs) StdoutLine: {'line': b'-- Up-to-date: /home/em/ros_workspace_2025/nav_ws/install/px4_msgs/include/px4_msgs/px4_msgs/msg/detail/vehicle_angular_acceleration_setpoint__rosidl_typesupport_fastrtps_c.h\n'}
[9.320673] (px4_msgs) StdoutLine: {'line': b'-- Up-to-date: /home/em/ros_workspace_2025/nav_ws/install/px4_msgs/include/px4_msgs/px4_msgs/msg/detail/sensor_baro__rosidl_typesupport_fastrtps_c.h\n'}
[9.320693] (px4_msgs) StdoutLine: {'line': b'-- Up-to-date: /home/em/ros_workspace_2025/nav_ws/install/px4_msgs/include/px4_msgs/px4_msgs/msg/detail/open_drone_id_self_id__rosidl_typesupport_fastrtps_c.h\n'}
[9.320714] (px4_msgs) StdoutLine: {'line': b'-- Up-to-date: /home/em/ros_workspace_2025/nav_ws/install/px4_msgs/include/px4_msgs/px4_msgs/msg/detail/flight_phase_estimation__rosidl_typesupport_fastrtps_c.h\n'}
[9.320733] (px4_msgs) StdoutLine: {'line': b'-- Up-to-date: /home/em/ros_workspace_2025/nav_ws/install/px4_msgs/include/px4_msgs/px4_msgs/msg/detail/sensor_uwb__rosidl_typesupport_fastrtps_c.h\n'}
[9.320752] (px4_msgs) StdoutLine: {'line': b'-- Up-to-date: /home/em/ros_workspace_2025/nav_ws/install/px4_msgs/include/px4_msgs/px4_msgs/msg/detail/wind__rosidl_typesupport_fastrtps_c.h\n'}
[9.320772] (px4_msgs) StdoutLine: {'line': b'-- Up-to-date: /home/em/ros_workspace_2025/nav_ws/install/px4_msgs/include/px4_msgs/px4_msgs/msg/detail/debug_value__rosidl_typesupport_fastrtps_c.h\n'}
[9.320793] (px4_msgs) StdoutLine: {'line': b'-- Up-to-date: /home/em/ros_workspace_2025/nav_ws/install/px4_msgs/include/px4_msgs/px4_msgs/msg/detail/timesync_status__rosidl_typesupport_fastrtps_c.h\n'}
[9.320812] (px4_msgs) StdoutLine: {'line': b'-- Up-to-date: /home/em/ros_workspace_2025/nav_ws/install/px4_msgs/include/px4_msgs/px4_msgs/msg/detail/parameter_set_used_request__rosidl_typesupport_fastrtps_c.h\n'}
[9.320830] (px4_msgs) StdoutLine: {'line': b'-- Up-to-date: /home/em/ros_workspace_2025/nav_ws/install/px4_msgs/include/px4_msgs/px4_msgs/msg/detail/control_allocator_status__rosidl_typesupport_fastrtps_c.h\n'}
[9.320850] (px4_msgs) StdoutLine: {'line': b'-- Up-to-date: /home/em/ros_workspace_2025/nav_ws/install/px4_msgs/include/px4_msgs/px4_msgs/msg/detail/task_stack_info__rosidl_typesupport_fastrtps_c.h\n'}
[9.320869] (px4_msgs) StdoutLine: {'line': b'-- Up-to-date: /home/em/ros_workspace_2025/nav_ws/install/px4_msgs/include/px4_msgs/px4_msgs/msg/detail/vehicle_roi__rosidl_typesupport_fastrtps_c.h\n'}
[9.320887] (px4_msgs) StdoutLine: {'line': b'-- Up-to-date: /home/em/ros_workspace_2025/nav_ws/install/px4_msgs/include/px4_msgs/px4_msgs/msg/detail/estimator_aid_source2d__rosidl_typesupport_fastrtps_c.h\n'}
[9.320906] (px4_msgs) StdoutLine: {'line': b'-- Up-to-date: /home/em/ros_workspace_2025/nav_ws/install/px4_msgs/include/px4_msgs/px4_msgs/msg/detail/log_message__rosidl_typesupport_fastrtps_c.h\n'}
[9.320925] (px4_msgs) StdoutLine: {'line': b'-- Up-to-date: /home/em/ros_workspace_2025/nav_ws/install/px4_msgs/include/px4_msgs/px4_msgs/msg/detail/estimator_aid_source3d__rosidl_typesupport_fastrtps_c.h\n'}
[9.320944] (px4_msgs) StdoutLine: {'line': b'-- Up-to-date: /home/em/ros_workspace_2025/nav_ws/install/px4_msgs/include/px4_msgs/px4_msgs/msg/detail/sensor_combined__rosidl_typesupport_fastrtps_c.h\n'}
[9.320963] (px4_msgs) StdoutLine: {'line': b'-- Up-to-date: /home/em/ros_workspace_2025/nav_ws/install/px4_msgs/include/px4_msgs/px4_msgs/msg/detail/follow_target__rosidl_typesupport_fastrtps_c.h\n'}
[9.320982] (px4_msgs) StdoutLine: {'line': b'-- Up-to-date: /home/em/ros_workspace_2025/nav_ws/install/px4_msgs/include/px4_msgs/px4_msgs/msg/detail/vehicle_imu__rosidl_typesupport_fastrtps_c.h\n'}
[9.321000] (px4_msgs) StdoutLine: {'line': b'-- Up-to-date: /home/em/ros_workspace_2025/nav_ws/install/px4_msgs/include/px4_msgs/px4_msgs/msg/detail/orb_test_medium__rosidl_typesupport_fastrtps_c.h\n'}
[9.321021] (px4_msgs) StdoutLine: {'line': b'-- Up-to-date: /home/em/ros_workspace_2025/nav_ws/install/px4_msgs/include/px4_msgs/px4_msgs/msg/detail/sensor_mag__rosidl_typesupport_fastrtps_c.h\n'}
[9.321039] (px4_msgs) StdoutLine: {'line': b'-- Up-to-date: /home/em/ros_workspace_2025/nav_ws/install/px4_msgs/include/px4_msgs/px4_msgs/msg/detail/landing_gear_wheel__rosidl_typesupport_fastrtps_c.h\n'}
[9.321057] (px4_msgs) StdoutLine: {'line': b'-- Up-to-date: /home/em/ros_workspace_2025/nav_ws/install/px4_msgs/include/px4_msgs/px4_msgs/msg/detail/satellite_info__rosidl_typesupport_fastrtps_c.h\n'}
[9.321076] (px4_msgs) StdoutLine: {'line': b'-- Up-to-date: /home/em/ros_workspace_2025/nav_ws/install/px4_msgs/include/px4_msgs/px4_msgs/msg/detail/airspeed__rosidl_typesupport_fastrtps_c.h\n'}
[9.321095] (px4_msgs) StdoutLine: {'line': b'-- Up-to-date: /home/em/ros_workspace_2025/nav_ws/install/px4_msgs/include/px4_msgs/px4_msgs/msg/detail/parameter_set_value_response__rosidl_typesupport_fastrtps_c.h\n'}
[9.321114] (px4_msgs) StdoutLine: {'line': b'-- Up-to-date: /home/em/ros_workspace_2025/nav_ws/install/px4_msgs/include/px4_msgs/px4_msgs/msg/detail/rover_differential_status__rosidl_typesupport_fastrtps_c.h\n'}
[9.321133] (px4_msgs) StdoutLine: {'line': b'-- Up-to-date: /home/em/ros_workspace_2025/nav_ws/install/px4_msgs/include/px4_msgs/px4_msgs/msg/detail/estimator_status_flags__rosidl_typesupport_fastrtps_c.h\n'}
[9.321152] (px4_msgs) StdoutLine: {'line': b'-- Up-to-date: /home/em/ros_workspace_2025/nav_ws/install/px4_msgs/include/px4_msgs/px4_msgs/msg/detail/manual_control_setpoint__rosidl_typesupport_fastrtps_c.h\n'}
[9.321170] (px4_msgs) StdoutLine: {'line': b'-- Up-to-date: /home/em/ros_workspace_2025/nav_ws/install/px4_msgs/include/px4_msgs/px4_msgs/msg/detail/collision_report__rosidl_typesupport_fastrtps_c.h\n'}
[9.321190] (px4_msgs) StdoutLine: {'line': b'-- Up-to-date: /home/em/ros_workspace_2025/nav_ws/install/px4_msgs/include/px4_msgs/px4_msgs/msg/detail/ping__rosidl_typesupport_fastrtps_c.h\n'}
[9.321209] (px4_msgs) StdoutLine: {'line': b'-- Up-to-date: /home/em/ros_workspace_2025/nav_ws/install/px4_msgs/include/px4_msgs/px4_msgs/msg/detail/hover_thrust_estimate__rosidl_typesupport_fastrtps_c.h\n'}
[9.321227] (px4_msgs) StdoutLine: {'line': b'-- Up-to-date: /home/em/ros_workspace_2025/nav_ws/install/px4_msgs/include/px4_msgs/px4_msgs/msg/detail/logger_status__rosidl_typesupport_fastrtps_c.h\n'}
[9.321245] (px4_msgs) StdoutLine: {'line': b'-- Up-to-date: /home/em/ros_workspace_2025/nav_ws/install/px4_msgs/include/px4_msgs/px4_msgs/msg/detail/px4io_status__rosidl_typesupport_fastrtps_c.h\n'}
[9.321264] (px4_msgs) StdoutLine: {'line': b'-- Up-to-date: /home/em/ros_workspace_2025/nav_ws/install/px4_msgs/include/px4_msgs/px4_msgs/msg/detail/pps_capture__rosidl_typesupport_fastrtps_c.h\n'}
[9.321285] (px4_msgs) StdoutLine: {'line': b'-- Up-to-date: /home/em/ros_workspace_2025/nav_ws/install/px4_msgs/include/px4_msgs/px4_msgs/msg/detail/vehicle_land_detected__rosidl_typesupport_fastrtps_c.h\n'}
[9.321304] (px4_msgs) StdoutLine: {'line': b'-- Up-to-date: /home/em/ros_workspace_2025/nav_ws/install/px4_msgs/include/px4_msgs/px4_msgs/msg/detail/vehicle_constraints__rosidl_typesupport_fastrtps_c.h\n'}
[9.321323] (px4_msgs) StdoutLine: {'line': b'-- Up-to-date: /home/em/ros_workspace_2025/nav_ws/install/px4_msgs/include/px4_msgs/px4_msgs/msg/detail/gimbal_manager_set_attitude__rosidl_typesupport_fastrtps_c.h\n'}
[9.321341] (px4_msgs) StdoutLine: {'line': b'-- Up-to-date: /home/em/ros_workspace_2025/nav_ws/install/px4_msgs/include/px4_msgs/px4_msgs/msg/detail/position_setpoint_triplet__rosidl_typesupport_fastrtps_c.h\n'}
[9.321360] (px4_msgs) StdoutLine: {'line': b'-- Up-to-date: /home/em/ros_workspace_2025/nav_ws/install/px4_msgs/include/px4_msgs/px4_msgs/msg/detail/sensors_status_imu__rosidl_typesupport_fastrtps_c.h\n'}
[9.321378] (px4_msgs) StdoutLine: {'line': b'-- Up-to-date: /home/em/ros_workspace_2025/nav_ws/install/px4_msgs/include/px4_msgs/px4_msgs/msg/detail/landing_gear__rosidl_typesupport_fastrtps_c.h\n'}
[9.321398] (px4_msgs) StdoutLine: {'line': b'-- Up-to-date: /home/em/ros_workspace_2025/nav_ws/install/px4_msgs/include/px4_msgs/px4_msgs/msg/detail/action_request__rosidl_typesupport_fastrtps_c.h\n'}
[9.321422] (px4_msgs) StdoutLine: {'line': b'-- Up-to-date: /home/em/ros_workspace_2025/nav_ws/install/px4_msgs/include/px4_msgs/px4_msgs/msg/detail/rc_channels__rosidl_typesupport_fastrtps_c.h\n'}
[9.321441] (px4_msgs) StdoutLine: {'line': b'-- Up-to-date: /home/em/ros_workspace_2025/nav_ws/install/px4_msgs/include/px4_msgs/px4_msgs/msg/detail/actuator_armed__rosidl_typesupport_fastrtps_c.h\n'}
[9.321461] (px4_msgs) StdoutLine: {'line': b'-- Up-to-date: /home/em/ros_workspace_2025/nav_ws/install/px4_msgs/include/px4_msgs/px4_msgs/msg/detail/sensor_accel_fifo__rosidl_typesupport_fastrtps_c.h\n'}
[9.321481] (px4_msgs) StdoutLine: {'line': b'-- Up-to-date: /home/em/ros_workspace_2025/nav_ws/install/px4_msgs/include/px4_msgs/px4_msgs/msg/detail/vehicle_acceleration__rosidl_typesupport_fastrtps_c.h\n'}
[9.321500] (px4_msgs) StdoutLine: {'line': b'-- Up-to-date: /home/em/ros_workspace_2025/nav_ws/install/px4_msgs/include/px4_msgs/px4_msgs/msg/detail/power_button_state__rosidl_typesupport_fastrtps_c.h\n'}
[9.321520] (px4_msgs) StdoutLine: {'line': b'-- Up-to-date: /home/em/ros_workspace_2025/nav_ws/install/px4_msgs/include/px4_msgs/px4_msgs/msg/detail/fuel_tank_status__rosidl_typesupport_fastrtps_c.h\n'}
[9.321539] (px4_msgs) StdoutLine: {'line': b'-- Up-to-date: /home/em/ros_workspace_2025/nav_ws/install/px4_msgs/include/px4_msgs/px4_msgs/msg/detail/estimator_bias3d__rosidl_typesupport_fastrtps_c.h\n'}
[9.321559] (px4_msgs) StdoutLine: {'line': b'-- Up-to-date: /home/em/ros_workspace_2025/nav_ws/install/px4_msgs/include/px4_msgs/px4_msgs/msg/detail/gimbal_controls__rosidl_typesupport_fastrtps_c.h\n'}
[9.321580] (px4_msgs) StdoutLine: {'line': b'-- Up-to-date: /home/em/ros_workspace_2025/nav_ws/install/px4_msgs/include/px4_msgs/px4_msgs/msg/detail/orb_test__rosidl_typesupport_fastrtps_c.h\n'}
[9.321601] (px4_msgs) StdoutLine: {'line': b'-- Up-to-date: /home/em/ros_workspace_2025/nav_ws/install/px4_msgs/include/px4_msgs/px4_msgs/msg/detail/debug_array__rosidl_typesupport_fastrtps_c.h\n'}
[9.321621] (px4_msgs) StdoutLine: {'line': b'-- Up-to-date: /home/em/ros_workspace_2025/nav_ws/install/px4_msgs/include/px4_msgs/px4_msgs/msg/detail/sensor_optical_flow__rosidl_typesupport_fastrtps_c.h\n'}
[9.321641] (px4_msgs) StdoutLine: {'line': b'-- Up-to-date: /home/em/ros_workspace_2025/nav_ws/install/px4_msgs/include/px4_msgs/px4_msgs/msg/detail/cpuload__rosidl_typesupport_fastrtps_c.h\n'}
[9.321660] (px4_msgs) StdoutLine: {'line': b'-- Up-to-date: /home/em/ros_workspace_2025/nav_ws/install/px4_msgs/include/px4_msgs/px4_msgs/msg/detail/telemetry_status__rosidl_typesupport_fastrtps_c.h\n'}
[9.321679] (px4_msgs) StdoutLine: {'line': b'-- Up-to-date: /home/em/ros_workspace_2025/nav_ws/install/px4_msgs/include/px4_msgs/px4_msgs/msg/detail/open_drone_id_arm_status__rosidl_typesupport_fastrtps_c.h\n'}
[9.321700] (px4_msgs) StdoutLine: {'line': b'-- Up-to-date: /home/em/ros_workspace_2025/nav_ws/install/px4_msgs/include/px4_msgs/px4_msgs/msg/detail/sensor_gyro_fifo__rosidl_typesupport_fastrtps_c.h\n'}
[9.321721] (px4_msgs) StdoutLine: {'line': b'-- Up-to-date: /home/em/ros_workspace_2025/nav_ws/install/px4_msgs/include/px4_msgs/px4_msgs/msg/detail/vehicle_command__rosidl_typesupport_fastrtps_c.h\n'}
[9.321739] (px4_msgs) StdoutLine: {'line': b'-- Up-to-date: /home/em/ros_workspace_2025/nav_ws/install/px4_msgs/include/px4_msgs/px4_msgs/msg/detail/normalized_unsigned_setpoint__rosidl_typesupport_fastrtps_c.h\n'}
[9.321758] (px4_msgs) StdoutLine: {'line': b'-- Up-to-date: /home/em/ros_workspace_2025/nav_ws/install/px4_msgs/include/px4_msgs/px4_msgs/msg/detail/rover_ackermann_status__rosidl_typesupport_fastrtps_c.h\n'}
[9.321776] (px4_msgs) StdoutLine: {'line': b'-- Up-to-date: /home/em/ros_workspace_2025/nav_ws/install/px4_msgs/include/px4_msgs/px4_msgs/msg/detail/can_interface_status__rosidl_typesupport_fastrtps_c.h\n'}
[9.321796] (px4_msgs) StdoutLine: {'line': b'-- Up-to-date: /home/em/ros_workspace_2025/nav_ws/install/px4_msgs/include/px4_msgs/px4_msgs/msg/detail/estimator_innovations__rosidl_typesupport_fastrtps_c.h\n'}
[9.321818] (px4_msgs) StdoutLine: {'line': b'-- Up-to-date: /home/em/ros_workspace_2025/nav_ws/install/px4_msgs/include/px4_msgs/px4_msgs/msg/detail/qshell_retval__rosidl_typesupport_fastrtps_c.h\n'}
[9.321836] (px4_msgs) StdoutLine: {'line': b'-- Up-to-date: /home/em/ros_workspace_2025/nav_ws/install/px4_msgs/include/px4_msgs/px4_msgs/msg/detail/ekf2_timestamps__rosidl_typesupport_fastrtps_c.h\n'}
[9.321855] (px4_msgs) StdoutLine: {'line': b'-- Up-to-date: /home/em/ros_workspace_2025/nav_ws/install/px4_msgs/include/px4_msgs/px4_msgs/msg/detail/gpio_in__rosidl_typesupport_fastrtps_c.h\n'}
[9.321874] (px4_msgs) StdoutLine: {'line': b'-- Up-to-date: /home/em/ros_workspace_2025/nav_ws/install/px4_msgs/include/px4_msgs/px4_msgs/msg/detail/mount_orientation__rosidl_typesupport_fastrtps_c.h\n'}
[9.321893] (px4_msgs) StdoutLine: {'line': b'-- Up-to-date: /home/em/ros_workspace_2025/nav_ws/install/px4_msgs/include/px4_msgs/px4_msgs/msg/detail/failure_detector_status__rosidl_typesupport_fastrtps_c.h\n'}
[9.321911] (px4_msgs) StdoutLine: {'line': b'-- Up-to-date: /home/em/ros_workspace_2025/nav_ws/install/px4_msgs/include/px4_msgs/px4_msgs/msg/detail/vehicle_odometry__rosidl_typesupport_fastrtps_c.h\n'}
[9.321930] (px4_msgs) StdoutLine: {'line': b'-- Up-to-date: /home/em/ros_workspace_2025/nav_ws/install/px4_msgs/include/px4_msgs/px4_msgs/msg/detail/power_monitor__rosidl_typesupport_fastrtps_c.h\n'}
[9.321949] (px4_msgs) StdoutLine: {'line': b'-- Up-to-date: /home/em/ros_workspace_2025/nav_ws/install/px4_msgs/include/px4_msgs/px4_msgs/msg/detail/trajectory_setpoint__rosidl_typesupport_fastrtps_c.h\n'}
[9.321967] (px4_msgs) StdoutLine: {'line': b'-- Up-to-date: /home/em/ros_workspace_2025/nav_ws/install/px4_msgs/include/px4_msgs/px4_msgs/msg/detail/gripper__rosidl_typesupport_fastrtps_c.h\n'}
[9.321986] (px4_msgs) StdoutLine: {'line': b'-- Up-to-date: /home/em/ros_workspace_2025/nav_ws/install/px4_msgs/include/px4_msgs/px4_msgs/msg/detail/sensor_gyro_fft__rosidl_typesupport_fastrtps_c.h\n'}
[9.322005] (px4_msgs) StdoutLine: {'line': b'-- Up-to-date: /home/em/ros_workspace_2025/nav_ws/install/px4_msgs/include/px4_msgs/px4_msgs/msg/detail/rover_mecanum_setpoint__rosidl_typesupport_fastrtps_c.h\n'}
[9.322023] (px4_msgs) StdoutLine: {'line': b'-- Up-to-date: /home/em/ros_workspace_2025/nav_ws/install/px4_msgs/include/px4_msgs/px4_msgs/msg/detail/vehicle_magnetometer__rosidl_typesupport_fastrtps_c.h\n'}
[9.322042] (px4_msgs) StdoutLine: {'line': b'-- Up-to-date: /home/em/ros_workspace_2025/nav_ws/install/px4_msgs/include/px4_msgs/px4_msgs/msg/detail/airspeed_validated__rosidl_typesupport_fastrtps_c.h\n'}
[9.322060] (px4_msgs) StdoutLine: {'line': b'-- Up-to-date: /home/em/ros_workspace_2025/nav_ws/install/px4_msgs/include/px4_msgs/px4_msgs/msg/detail/rover_mecanum_guidance_status__rosidl_typesupport_fastrtps_c.h\n'}
[9.322078] (px4_msgs) StdoutLine: {'line': b'-- Up-to-date: /home/em/ros_workspace_2025/nav_ws/install/px4_msgs/include/px4_msgs/px4_msgs/msg/detail/register_ext_component_reply__rosidl_typesupport_fastrtps_c.h\n'}
[9.322097] (px4_msgs) StdoutLine: {'line': b'-- Up-to-date: /home/em/ros_workspace_2025/nav_ws/install/px4_msgs/include/px4_msgs/px4_msgs/msg/detail/internal_combustion_engine_status__rosidl_typesupport_fastrtps_c.h\n'}
[9.322115] (px4_msgs) StdoutLine: {'line': b'-- Up-to-date: /home/em/ros_workspace_2025/nav_ws/install/px4_msgs/include/px4_msgs/px4_msgs/msg/detail/dataman_response__rosidl_typesupport_fastrtps_c.h\n'}
[9.322134] (px4_msgs) StdoutLine: {'line': b'-- Up-to-date: /home/em/ros_workspace_2025/nav_ws/install/px4_msgs/include/px4_msgs/px4_msgs/msg/detail/gpio_out__rosidl_typesupport_fastrtps_c.h\n'}
[9.322154] (px4_msgs) StdoutLine: {'line': b'-- Up-to-date: /home/em/ros_workspace_2025/nav_ws/install/px4_msgs/include/px4_msgs/px4_msgs/msg/detail/button_event__rosidl_typesupport_fastrtps_c.h\n'}
[9.322174] (px4_msgs) StdoutLine: {'line': b'-- Up-to-date: /home/em/ros_workspace_2025/nav_ws/install/px4_msgs/include/px4_msgs/px4_msgs/msg/detail/rover_differential_guidance_status__rosidl_typesupport_fastrtps_c.h\n'}
[9.322193] (px4_msgs) StdoutLine: {'line': b'-- Up-to-date: /home/em/ros_workspace_2025/nav_ws/install/px4_msgs/include/px4_msgs/px4_msgs/msg/detail/sensor_gps__rosidl_typesupport_fastrtps_c.h\n'}
[9.322211] (px4_msgs) StdoutLine: {'line': b'-- Up-to-date: /home/em/ros_workspace_2025/nav_ws/install/px4_msgs/include/px4_msgs/px4_msgs/msg/detail/transponder_report__rosidl_typesupport_fastrtps_c.h\n'}
[9.322230] (px4_msgs) StdoutLine: {'line': b'-- Up-to-date: /home/em/ros_workspace_2025/nav_ws/install/px4_msgs/include/px4_msgs/px4_msgs/msg/detail/estimator_bias__rosidl_typesupport_fastrtps_c.h\n'}
[9.322248] (px4_msgs) StdoutLine: {'line': b'-- Up-to-date: /home/em/ros_workspace_2025/nav_ws/install/px4_msgs/include/px4_msgs/px4_msgs/msg/detail/sensor_gnss_relative__rosidl_typesupport_fastrtps_c.h\n'}
[9.322267] (px4_msgs) StdoutLine: {'line': b'-- Up-to-date: /home/em/ros_workspace_2025/nav_ws/install/px4_msgs/include/px4_msgs/px4_msgs/msg/detail/trajectory_bezier__rosidl_typesupport_fastrtps_c.h\n'}
[9.322285] (px4_msgs) StdoutLine: {'line': b'-- Up-to-date: /home/em/ros_workspace_2025/nav_ws/install/px4_msgs/include/px4_msgs/px4_msgs/msg/detail/heater_status__rosidl_typesupport_fastrtps_c.h\n'}
[9.322306] (px4_msgs) StdoutLine: {'line': b'-- Up-to-date: /home/em/ros_workspace_2025/nav_ws/install/px4_msgs/include/px4_msgs/px4_msgs/msg/detail/system_power__rosidl_typesupport_fastrtps_c.h\n'}
[9.322325] (px4_msgs) StdoutLine: {'line': b'-- Up-to-date: /home/em/ros_workspace_2025/nav_ws/install/px4_msgs/include/px4_msgs/px4_msgs/msg/detail/magnetometer_bias_estimate__rosidl_typesupport_fastrtps_c.h\n'}
[9.322344] (px4_msgs) StdoutLine: {'line': b'-- Up-to-date: /home/em/ros_workspace_2025/nav_ws/install/px4_msgs/include/px4_msgs/px4_msgs/msg/detail/gimbal_manager_information__rosidl_typesupport_fastrtps_c.h\n'}
[9.322362] (px4_msgs) StdoutLine: {'line': b'-- Up-to-date: /home/em/ros_workspace_2025/nav_ws/install/px4_msgs/include/px4_msgs/px4_msgs/msg/detail/rpm__rosidl_typesupport_fastrtps_c.h\n'}
[9.322381] (px4_msgs) StdoutLine: {'line': b'-- Up-to-date: /home/em/ros_workspace_2025/nav_ws/install/px4_msgs/include/px4_msgs/px4_msgs/msg/detail/estimator_sensor_bias__rosidl_typesupport_fastrtps_c.h\n'}
[9.322400] (px4_msgs) StdoutLine: {'line': b'-- Up-to-date: /home/em/ros_workspace_2025/nav_ws/install/px4_msgs/include/px4_msgs/px4_msgs/msg/detail/geofence_status__rosidl_typesupport_fastrtps_c.h\n'}
[9.322423] (px4_msgs) StdoutLine: {'line': b'-- Up-to-date: /home/em/ros_workspace_2025/nav_ws/install/px4_msgs/include/px4_msgs/px4_msgs/msg/detail/sensor_correction__rosidl_typesupport_fastrtps_c.h\n'}
[9.322442] (px4_msgs) StdoutLine: {'line': b'-- Up-to-date: /home/em/ros_workspace_2025/nav_ws/install/px4_msgs/include/px4_msgs/px4_msgs/msg/detail/uavcan_parameter_request__rosidl_typesupport_fastrtps_c.h\n'}
[9.322468] (px4_msgs) StdoutLine: {'line': b'-- Up-to-date: /home/em/ros_workspace_2025/nav_ws/install/px4_msgs/include/px4_msgs/px4_msgs/msg/detail/distance_sensor__rosidl_typesupport_fastrtps_c.h\n'}
[9.322487] (px4_msgs) StdoutLine: {'line': b'-- Up-to-date: /home/em/ros_workspace_2025/nav_ws/install/px4_msgs/include/px4_msgs/px4_msgs/msg/detail/sensor_preflight_mag__rosidl_typesupport_fastrtps_c.h\n'}
[9.322506] (px4_msgs) StdoutLine: {'line': b'-- Up-to-date: /home/em/ros_workspace_2025/nav_ws/install/px4_msgs/include/px4_msgs/px4_msgs/msg/detail/camera_capture__rosidl_typesupport_fastrtps_c.h\n'}
[9.322526] (px4_msgs) StdoutLine: {'line': b'-- Up-to-date: /home/em/ros_workspace_2025/nav_ws/install/px4_msgs/include/px4_msgs/px4_msgs/msg/detail/trajectory_waypoint__rosidl_typesupport_fastrtps_c.h\n'}
[9.322545] (px4_msgs) StdoutLine: {'line': b'-- Up-to-date: /home/em/ros_workspace_2025/nav_ws/install/px4_msgs/include/px4_msgs/px4_msgs/msg/detail/offboard_control_mode__rosidl_typesupport_fastrtps_c.h\n'}
[9.322566] (px4_msgs) StdoutLine: {'line': b'-- Up-to-date: /home/em/ros_workspace_2025/nav_ws/install/px4_msgs/include/px4_msgs/px4_msgs/msg/detail/camera_status__rosidl_typesupport_fastrtps_c.h\n'}
[9.322585] (px4_msgs) StdoutLine: {'line': b'-- Up-to-date: /home/em/ros_workspace_2025/nav_ws/install/px4_msgs/include/px4_msgs/px4_msgs/msg/detail/estimator_event_flags__rosidl_typesupport_fastrtps_c.h\n'}
[9.322604] (px4_msgs) StdoutLine: {'line': b'-- Up-to-date: /home/em/ros_workspace_2025/nav_ws/install/px4_msgs/include/px4_msgs/px4_msgs/msg/detail/estimator_status__rosidl_typesupport_fastrtps_c.h\n'}
[9.322624] (px4_msgs) StdoutLine: {'line': b'-- Up-to-date: /home/em/ros_workspace_2025/nav_ws/install/px4_msgs/include/px4_msgs/px4_msgs/msg/detail/open_drone_id_system__rosidl_typesupport_fastrtps_c.h\n'}
[9.322645] (px4_msgs) StdoutLine: {'line': b'-- Up-to-date: /home/em/ros_workspace_2025/nav_ws/install/px4_msgs/include/px4_msgs/px4_msgs/msg/detail/obstacle_distance__rosidl_typesupport_fastrtps_c.h\n'}
[9.322664] (px4_msgs) StdoutLine: {'line': b'-- Up-to-date: /home/em/ros_workspace_2025/nav_ws/install/px4_msgs/include/px4_msgs/px4_msgs/msg/detail/radio_status__rosidl_typesupport_fastrtps_c.h\n'}
[9.322684] (px4_msgs) StdoutLine: {'line': b'-- Up-to-date: /home/em/ros_workspace_2025/nav_ws/install/px4_msgs/include/px4_msgs/px4_msgs/msg/detail/collision_constraints__rosidl_typesupport_fastrtps_c.h\n'}
[9.322704] (px4_msgs) StdoutLine: {'line': b'-- Up-to-date: /home/em/ros_workspace_2025/nav_ws/install/px4_msgs/include/px4_msgs/px4_msgs/msg/detail/ulog_stream__rosidl_typesupport_fastrtps_c.h\n'}
[9.322728] (px4_msgs) StdoutLine: {'line': b'-- Up-to-date: /home/em/ros_workspace_2025/nav_ws/install/px4_msgs/include/px4_msgs/px4_msgs/msg/detail/actuator_servos_trim__rosidl_typesupport_fastrtps_c.h\n'}
[9.322748] (px4_msgs) StdoutLine: {'line': b'-- Up-to-date: /home/em/ros_workspace_2025/nav_ws/install/px4_msgs/include/px4_msgs/px4_msgs/msg/detail/autotune_attitude_control_status__rosidl_typesupport_fastrtps_c.h\n'}
[9.322767] (px4_msgs) StdoutLine: {'line': b'-- Up-to-date: /home/em/ros_workspace_2025/nav_ws/install/px4_msgs/include/px4_msgs/px4_msgs/msg/detail/differential_pressure__rosidl_typesupport_fastrtps_c.h\n'}
[9.322786] (px4_msgs) StdoutLine: {'line': b'-- Up-to-date: /home/em/ros_workspace_2025/nav_ws/install/px4_msgs/include/px4_msgs/px4_msgs/msg/detail/vehicle_air_data__rosidl_typesupport_fastrtps_c.h\n'}
[9.322805] (px4_msgs) StdoutLine: {'line': b'-- Up-to-date: /home/em/ros_workspace_2025/nav_ws/install/px4_msgs/include/px4_msgs/px4_msgs/msg/detail/arming_check_reply__rosidl_typesupport_fastrtps_c.h\n'}
[9.322827] (px4_msgs) StdoutLine: {'line': b'-- Up-to-date: /home/em/ros_workspace_2025/nav_ws/install/px4_msgs/include/px4_msgs/px4_msgs/msg/detail/rover_ackermann_guidance_status__rosidl_typesupport_fastrtps_c.h\n'}
[9.322847] (px4_msgs) StdoutLine: {'line': b'-- Up-to-date: /home/em/ros_workspace_2025/nav_ws/install/px4_msgs/include/px4_msgs/px4_msgs/msg/detail/rover_differential_setpoint__rosidl_typesupport_fastrtps_c.h\n'}
[9.322866] (px4_msgs) StdoutLine: {'line': b'-- Up-to-date: /home/em/ros_workspace_2025/nav_ws/install/px4_msgs/include/px4_msgs/px4_msgs/msg/detail/distance_sensor_mode_change_request__rosidl_typesupport_fastrtps_c.h\n'}
[9.322886] (px4_msgs) StdoutLine: {'line': b'-- Up-to-date: /home/em/ros_workspace_2025/nav_ws/install/px4_msgs/include/px4_msgs/px4_msgs/msg/detail/airspeed_wind__rosidl_typesupport_fastrtps_c.h\n'}
[9.322905] (px4_msgs) StdoutLine: {'line': b'-- Up-to-date: /home/em/ros_workspace_2025/nav_ws/install/px4_msgs/include/px4_msgs/px4_msgs/msg/detail/uavcan_parameter_value__rosidl_typesupport_fastrtps_c.h\n'}
[9.322924] (px4_msgs) StdoutLine: {'line': b'-- Up-to-date: /home/em/ros_workspace_2025/nav_ws/install/px4_msgs/include/px4_msgs/px4_msgs/msg/detail/actuator_servos__rosidl_typesupport_fastrtps_c.h\n'}
[9.322943] (px4_msgs) StdoutLine: {'line': b'-- Up-to-date: /home/em/ros_workspace_2025/nav_ws/install/px4_msgs/include/px4_msgs/px4_msgs/msg/detail/takeoff_status__rosidl_typesupport_fastrtps_c.h\n'}
[9.322964] (px4_msgs) StdoutLine: {'line': b'-- Up-to-date: /home/em/ros_workspace_2025/nav_ws/install/px4_msgs/include/px4_msgs/px4_msgs/msg/detail/parameter_set_value_request__rosidl_typesupport_fastrtps_c.h\n'}
[9.322984] (px4_msgs) StdoutLine: {'line': b'-- Up-to-date: /home/em/ros_workspace_2025/nav_ws/install/px4_msgs/lib/libpx4_msgs__rosidl_typesupport_fastrtps_c.so\n'}
[9.323003] (px4_msgs) StdoutLine: {'line': b'-- Up-to-date: /home/em/ros_workspace_2025/nav_ws/install/px4_msgs/include/px4_msgs/px4_msgs\n'}
[9.323026] (px4_msgs) StdoutLine: {'line': b'-- Up-to-date: /home/em/ros_workspace_2025/nav_ws/install/px4_msgs/include/px4_msgs/px4_msgs/srv\n'}
[9.323045] (px4_msgs) StdoutLine: {'line': b'-- Up-to-date: /home/em/ros_workspace_2025/nav_ws/install/px4_msgs/include/px4_msgs/px4_msgs/srv/vehicle_command.hpp\n'}
[9.323065] (px4_msgs) StdoutLine: {'line': b'-- Up-to-date: /home/em/ros_workspace_2025/nav_ws/install/px4_msgs/include/px4_msgs/px4_msgs/srv/detail\n'}
[9.323083] (px4_msgs) StdoutLine: {'line': b'-- Up-to-date: /home/em/ros_workspace_2025/nav_ws/install/px4_msgs/include/px4_msgs/px4_msgs/srv/detail/vehicle_command__traits.hpp\n'}
[9.323105] (px4_msgs) StdoutLine: {'line': b'-- Up-to-date: /home/em/ros_workspace_2025/nav_ws/install/px4_msgs/include/px4_msgs/px4_msgs/srv/detail/vehicle_command__builder.hpp\n'}
[9.323124] (px4_msgs) StdoutLine: {'line': b'-- Up-to-date: /home/em/ros_workspace_2025/nav_ws/install/px4_msgs/include/px4_msgs/px4_msgs/srv/detail/vehicle_command__struct.hpp\n'}
[9.323144] (px4_msgs) StdoutLine: {'line': b'-- Up-to-date: /home/em/ros_workspace_2025/nav_ws/install/px4_msgs/include/px4_msgs/px4_msgs/msg\n'}
[9.323163] (px4_msgs) StdoutLine: {'line': b'-- Up-to-date: /home/em/ros_workspace_2025/nav_ws/install/px4_msgs/include/px4_msgs/px4_msgs/msg/tecs_status.hpp\n'}
[9.323184] (px4_msgs) StdoutLine: {'line': b'-- Up-to-date: /home/em/ros_workspace_2025/nav_ws/install/px4_msgs/include/px4_msgs/px4_msgs/msg/parameter_set_value_response.hpp\n'}
[9.323203] (px4_msgs) StdoutLine: {'line': b'-- Up-to-date: /home/em/ros_workspace_2025/nav_ws/install/px4_msgs/include/px4_msgs/px4_msgs/msg/event.hpp\n'}
[9.323222] (px4_msgs) StdoutLine: {'line': b'-- Up-to-date: /home/em/ros_workspace_2025/nav_ws/install/px4_msgs/include/px4_msgs/px4_msgs/msg/vehicle_thrust_setpoint.hpp\n'}
[9.323242] (px4_msgs) StdoutLine: {'line': b'-- Up-to-date: /home/em/ros_workspace_2025/nav_ws/install/px4_msgs/include/px4_msgs/px4_msgs/msg/vehicle_trajectory_waypoint.hpp\n'}
[9.323261] (px4_msgs) StdoutLine: {'line': b'-- Up-to-date: /home/em/ros_workspace_2025/nav_ws/install/px4_msgs/include/px4_msgs/px4_msgs/msg/estimator_innovations.hpp\n'}
[9.323281] (px4_msgs) StdoutLine: {'line': b'-- Up-to-date: /home/em/ros_workspace_2025/nav_ws/install/px4_msgs/include/px4_msgs/px4_msgs/msg/estimator_bias3d.hpp\n'}
[9.323299] (px4_msgs) StdoutLine: {'line': b'-- Up-to-date: /home/em/ros_workspace_2025/nav_ws/install/px4_msgs/include/px4_msgs/px4_msgs/msg/gps_dump.hpp\n'}
[9.323318] (px4_msgs) StdoutLine: {'line': b'-- Up-to-date: /home/em/ros_workspace_2025/nav_ws/install/px4_msgs/include/px4_msgs/px4_msgs/msg/distance_sensor.hpp\n'}
[9.323338] (px4_msgs) StdoutLine: {'line': b'-- Up-to-date: /home/em/ros_workspace_2025/nav_ws/install/px4_msgs/include/px4_msgs/px4_msgs/msg/failure_detector_status.hpp\n'}
[9.323358] (px4_msgs) StdoutLine: {'line': b'-- Up-to-date: /home/em/ros_workspace_2025/nav_ws/install/px4_msgs/include/px4_msgs/px4_msgs/msg/sensor_gyro_fifo.hpp\n'}
[9.323377] (px4_msgs) StdoutLine: {'line': b'-- Up-to-date: /home/em/ros_workspace_2025/nav_ws/install/px4_msgs/include/px4_msgs/px4_msgs/msg/open_drone_id_system.hpp\n'}
[9.323396] (px4_msgs) StdoutLine: {'line': b'-- Up-to-date: /home/em/ros_workspace_2025/nav_ws/install/px4_msgs/include/px4_msgs/px4_msgs/msg/vehicle_command_ack.hpp\n'}
[9.323423] (px4_msgs) StdoutLine: {'line': b'-- Up-to-date: /home/em/ros_workspace_2025/nav_ws/install/px4_msgs/include/px4_msgs/px4_msgs/msg/button_event.hpp\n'}
[9.323448] (px4_msgs) StdoutLine: {'line': b'-- Up-to-date: /home/em/ros_workspace_2025/nav_ws/install/px4_msgs/include/px4_msgs/px4_msgs/msg/unregister_ext_component.hpp\n'}
[9.323469] (px4_msgs) StdoutLine: {'line': b'-- Up-to-date: /home/em/ros_workspace_2025/nav_ws/install/px4_msgs/include/px4_msgs/px4_msgs/msg/actuator_motors.hpp\n'}
[9.323487] (px4_msgs) StdoutLine: {'line': b'-- Up-to-date: /home/em/ros_workspace_2025/nav_ws/install/px4_msgs/include/px4_msgs/px4_msgs/msg/orb_test.hpp\n'}
[9.323506] (px4_msgs) StdoutLine: {'line': b'-- Up-to-date: /home/em/ros_workspace_2025/nav_ws/install/px4_msgs/include/px4_msgs/px4_msgs/msg/vehicle_global_position.hpp\n'}
[9.323524] (px4_msgs) StdoutLine: {'line': b'-- Up-to-date: /home/em/ros_workspace_2025/nav_ws/install/px4_msgs/include/px4_msgs/px4_msgs/msg/open_drone_id_arm_status.hpp\n'}
[9.323543] (px4_msgs) StdoutLine: {'line': b'-- Up-to-date: /home/em/ros_workspace_2025/nav_ws/install/px4_msgs/include/px4_msgs/px4_msgs/msg/estimator_sensor_bias.hpp\n'}
[9.323561] (px4_msgs) StdoutLine: {'line': b'-- Up-to-date: /home/em/ros_workspace_2025/nav_ws/install/px4_msgs/include/px4_msgs/px4_msgs/msg/home_position.hpp\n'}
[9.323579] (px4_msgs) StdoutLine: {'line': b'-- Up-to-date: /home/em/ros_workspace_2025/nav_ws/install/px4_msgs/include/px4_msgs/px4_msgs/msg/logger_status.hpp\n'}
[9.323598] (px4_msgs) StdoutLine: {'line': b'-- Up-to-date: /home/em/ros_workspace_2025/nav_ws/install/px4_msgs/include/px4_msgs/px4_msgs/msg/vehicle_local_position_setpoint.hpp\n'}
[9.323617] (px4_msgs) StdoutLine: {'line': b'-- Up-to-date: /home/em/ros_workspace_2025/nav_ws/install/px4_msgs/include/px4_msgs/px4_msgs/msg/rc_parameter_map.hpp\n'}
[9.323635] (px4_msgs) StdoutLine: {'line': b'-- Up-to-date: /home/em/ros_workspace_2025/nav_ws/install/px4_msgs/include/px4_msgs/px4_msgs/msg/orb_test_medium.hpp\n'}
[9.323654] (px4_msgs) StdoutLine: {'line': b'-- Up-to-date: /home/em/ros_workspace_2025/nav_ws/install/px4_msgs/include/px4_msgs/px4_msgs/msg/vehicle_local_position.hpp\n'}
[9.323673] (px4_msgs) StdoutLine: {'line': b'-- Up-to-date: /home/em/ros_workspace_2025/nav_ws/install/px4_msgs/include/px4_msgs/px4_msgs/msg/tune_control.hpp\n'}
[9.323692] (px4_msgs) StdoutLine: {'line': b'-- Up-to-date: /home/em/ros_workspace_2025/nav_ws/install/px4_msgs/include/px4_msgs/px4_msgs/msg/estimator_status_flags.hpp\n'}
[9.323710] (px4_msgs) StdoutLine: {'line': b'-- Up-to-date: /home/em/ros_workspace_2025/nav_ws/install/px4_msgs/include/px4_msgs/px4_msgs/msg/position_setpoint.hpp\n'}
[9.323729] (px4_msgs) StdoutLine: {'line': b'-- Up-to-date: /home/em/ros_workspace_2025/nav_ws/install/px4_msgs/include/px4_msgs/px4_msgs/msg/vehicle_torque_setpoint.hpp\n'}
[9.323748] (px4_msgs) StdoutLine: {'line': b'-- Up-to-date: /home/em/ros_workspace_2025/nav_ws/install/px4_msgs/include/px4_msgs/px4_msgs/msg/gimbal_device_information.hpp\n'}
[9.323766] (px4_msgs) StdoutLine: {'line': b'-- Up-to-date: /home/em/ros_workspace_2025/nav_ws/install/px4_msgs/include/px4_msgs/px4_msgs/msg/onboard_computer_status.hpp\n'}
[9.323785] (px4_msgs) StdoutLine: {'line': b'-- Up-to-date: /home/em/ros_workspace_2025/nav_ws/install/px4_msgs/include/px4_msgs/px4_msgs/msg/navigator_mission_item.hpp\n'}
[9.323808] (px4_msgs) StdoutLine: {'line': b'-- Up-to-date: /home/em/ros_workspace_2025/nav_ws/install/px4_msgs/include/px4_msgs/px4_msgs/msg/launch_detection_status.hpp\n'}
[9.323826] (px4_msgs) StdoutLine: {'line': b'-- Up-to-date: /home/em/ros_workspace_2025/nav_ws/install/px4_msgs/include/px4_msgs/px4_msgs/msg/sensor_airflow.hpp\n'}
[9.323845] (px4_msgs) StdoutLine: {'line': b'-- Up-to-date: /home/em/ros_workspace_2025/nav_ws/install/px4_msgs/include/px4_msgs/px4_msgs/msg/follow_target_estimator.hpp\n'}
[9.323864] (px4_msgs) StdoutLine: {'line': b'-- Up-to-date: /home/em/ros_workspace_2025/nav_ws/install/px4_msgs/include/px4_msgs/px4_msgs/msg/actuator_outputs.hpp\n'}
[9.323882] (px4_msgs) StdoutLine: {'line': b'-- Up-to-date: /home/em/ros_workspace_2025/nav_ws/install/px4_msgs/include/px4_msgs/px4_msgs/msg/iridiumsbd_status.hpp\n'}
[9.323902] (px4_msgs) StdoutLine: {'line': b'-- Up-to-date: /home/em/ros_workspace_2025/nav_ws/install/px4_msgs/include/px4_msgs/px4_msgs/msg/actuator_controls_status.hpp\n'}
[9.323920] (px4_msgs) StdoutLine: {'line': b'-- Up-to-date: /home/em/ros_workspace_2025/nav_ws/install/px4_msgs/include/px4_msgs/px4_msgs/msg/telemetry_status.hpp\n'}
[9.323938] (px4_msgs) StdoutLine: {'line': b'-- Up-to-date: /home/em/ros_workspace_2025/nav_ws/install/px4_msgs/include/px4_msgs/px4_msgs/msg/vehicle_acceleration.hpp\n'}
[9.323957] (px4_msgs) StdoutLine: {'line': b'-- Up-to-date: /home/em/ros_workspace_2025/nav_ws/install/px4_msgs/include/px4_msgs/px4_msgs/msg/offboard_control_mode.hpp\n'}
[9.323975] (px4_msgs) StdoutLine: {'line': b'-- Up-to-date: /home/em/ros_workspace_2025/nav_ws/install/px4_msgs/include/px4_msgs/px4_msgs/msg/landing_gear_wheel.hpp\n'}
[9.323993] (px4_msgs) StdoutLine: {'line': b'-- Up-to-date: /home/em/ros_workspace_2025/nav_ws/install/px4_msgs/include/px4_msgs/px4_msgs/msg/landing_target_innovations.hpp\n'}
[9.324012] (px4_msgs) StdoutLine: {'line': b'-- Up-to-date: /home/em/ros_workspace_2025/nav_ws/install/px4_msgs/include/px4_msgs/px4_msgs/msg/power_button_state.hpp\n'}
[9.324030] (px4_msgs) StdoutLine: {'line': b'-- Up-to-date: /home/em/ros_workspace_2025/nav_ws/install/px4_msgs/include/px4_msgs/px4_msgs/msg/qshell_retval.hpp\n'}
[9.324049] (px4_msgs) StdoutLine: {'line': b'-- Up-to-date: /home/em/ros_workspace_2025/nav_ws/install/px4_msgs/include/px4_msgs/px4_msgs/msg/ulog_stream_ack.hpp\n'}
[9.324067] (px4_msgs) StdoutLine: {'line': b'-- Up-to-date: /home/em/ros_workspace_2025/nav_ws/install/px4_msgs/include/px4_msgs/px4_msgs/msg/differential_pressure.hpp\n'}
[9.324086] (px4_msgs) StdoutLine: {'line': b'-- Up-to-date: /home/em/ros_workspace_2025/nav_ws/install/px4_msgs/include/px4_msgs/px4_msgs/msg/distance_sensor_mode_change_request.hpp\n'}
[9.324107] (px4_msgs) StdoutLine: {'line': b'-- Up-to-date: /home/em/ros_workspace_2025/nav_ws/install/px4_msgs/include/px4_msgs/px4_msgs/msg/cellular_status.hpp\n'}
[9.324127] (px4_msgs) StdoutLine: {'line': b'-- Up-to-date: /home/em/ros_workspace_2025/nav_ws/install/px4_msgs/include/px4_msgs/px4_msgs/msg/follow_target.hpp\n'}
[9.324146] (px4_msgs) StdoutLine: {'line': b'-- Up-to-date: /home/em/ros_workspace_2025/nav_ws/install/px4_msgs/include/px4_msgs/px4_msgs/msg/gpio_request.hpp\n'}
[9.324164] (px4_msgs) StdoutLine: {'line': b'-- Up-to-date: /home/em/ros_workspace_2025/nav_ws/install/px4_msgs/include/px4_msgs/px4_msgs/msg/rover_mecanum_status.hpp\n'}
[9.324183] (px4_msgs) StdoutLine: {'line': b'-- Up-to-date: /home/em/ros_workspace_2025/nav_ws/install/px4_msgs/include/px4_msgs/px4_msgs/msg/velocity_limits.hpp\n'}
[9.324202] (px4_msgs) StdoutLine: {'line': b'-- Up-to-date: /home/em/ros_workspace_2025/nav_ws/install/px4_msgs/include/px4_msgs/px4_msgs/msg/register_ext_component_reply.hpp\n'}
[9.324220] (px4_msgs) StdoutLine: {'line': b'-- Up-to-date: /home/em/ros_workspace_2025/nav_ws/install/px4_msgs/include/px4_msgs/px4_msgs/msg/uavcan_parameter_request.hpp\n'}
[9.324238] (px4_msgs) StdoutLine: {'line': b'-- Up-to-date: /home/em/ros_workspace_2025/nav_ws/install/px4_msgs/include/px4_msgs/px4_msgs/msg/estimator_event_flags.hpp\n'}
[9.324257] (px4_msgs) StdoutLine: {'line': b'-- Up-to-date: /home/em/ros_workspace_2025/nav_ws/install/px4_msgs/include/px4_msgs/px4_msgs/msg/tiltrotor_extra_controls.hpp\n'}
[9.324277] (px4_msgs) StdoutLine: {'line': b'-- Up-to-date: /home/em/ros_workspace_2025/nav_ws/install/px4_msgs/include/px4_msgs/px4_msgs/msg/arming_check_request.hpp\n'}
[9.324295] (px4_msgs) StdoutLine: {'line': b'-- Up-to-date: /home/em/ros_workspace_2025/nav_ws/install/px4_msgs/include/px4_msgs/px4_msgs/msg/vehicle_optical_flow_vel.hpp\n'}
[9.324314] (px4_msgs) StdoutLine: {'line': b'-- Up-to-date: /home/em/ros_workspace_2025/nav_ws/install/px4_msgs/include/px4_msgs/px4_msgs/msg/pps_capture.hpp\n'}
[9.324332] (px4_msgs) StdoutLine: {'line': b'-- Up-to-date: /home/em/ros_workspace_2025/nav_ws/install/px4_msgs/include/px4_msgs/px4_msgs/msg/actuator_test.hpp\n'}
[9.324352] (px4_msgs) StdoutLine: {'line': b'-- Up-to-date: /home/em/ros_workspace_2025/nav_ws/install/px4_msgs/include/px4_msgs/px4_msgs/msg/open_drone_id_operator_id.hpp\n'}
[9.324370] (px4_msgs) StdoutLine: {'line': b'-- Up-to-date: /home/em/ros_workspace_2025/nav_ws/install/px4_msgs/include/px4_msgs/px4_msgs/msg/rover_ackermann_setpoint.hpp\n'}
[9.324389] (px4_msgs) StdoutLine: {'line': b'-- Up-to-date: /home/em/ros_workspace_2025/nav_ws/install/px4_msgs/include/px4_msgs/px4_msgs/msg/vehicle_roi.hpp\n'}
[9.324410] (px4_msgs) StdoutLine: {'line': b'-- Up-to-date: /home/em/ros_workspace_2025/nav_ws/install/px4_msgs/include/px4_msgs/px4_msgs/msg/wheel_encoders.hpp\n'}
[9.324433] (px4_msgs) StdoutLine: {'line': b'-- Up-to-date: /home/em/ros_workspace_2025/nav_ws/install/px4_msgs/include/px4_msgs/px4_msgs/msg/satellite_info.hpp\n'}
[9.324452] (px4_msgs) StdoutLine: {'line': b'-- Up-to-date: /home/em/ros_workspace_2025/nav_ws/install/px4_msgs/include/px4_msgs/px4_msgs/msg/debug_key_value.hpp\n'}
[9.324473] (px4_msgs) StdoutLine: {'line': b'-- Up-to-date: /home/em/ros_workspace_2025/nav_ws/install/px4_msgs/include/px4_msgs/px4_msgs/msg/vehicle_odometry.hpp\n'}
[9.324493] (px4_msgs) StdoutLine: {'line': b'-- Up-to-date: /home/em/ros_workspace_2025/nav_ws/install/px4_msgs/include/px4_msgs/px4_msgs/msg/manual_control_setpoint.hpp\n'}
[9.324512] (px4_msgs) StdoutLine: {'line': b'-- Up-to-date: /home/em/ros_workspace_2025/nav_ws/install/px4_msgs/include/px4_msgs/px4_msgs/msg/estimator_aid_source1d.hpp\n'}
[9.324531] (px4_msgs) StdoutLine: {'line': b'-- Up-to-date: /home/em/ros_workspace_2025/nav_ws/install/px4_msgs/include/px4_msgs/px4_msgs/msg/pwm_input.hpp\n'}
[9.324550] (px4_msgs) StdoutLine: {'line': b'-- Up-to-date: /home/em/ros_workspace_2025/nav_ws/install/px4_msgs/include/px4_msgs/px4_msgs/msg/airspeed.hpp\n'}
[9.324570] (px4_msgs) StdoutLine: {'line': b'-- Up-to-date: /home/em/ros_workspace_2025/nav_ws/install/px4_msgs/include/px4_msgs/px4_msgs/msg/esc_status.hpp\n'}
[9.324590] (px4_msgs) StdoutLine: {'line': b'-- Up-to-date: /home/em/ros_workspace_2025/nav_ws/install/px4_msgs/include/px4_msgs/px4_msgs/msg/esc_report.hpp\n'}
[9.324610] (px4_msgs) StdoutLine: {'line': b'-- Up-to-date: /home/em/ros_workspace_2025/nav_ws/install/px4_msgs/include/px4_msgs/px4_msgs/msg/sensor_uwb.hpp\n'}
[9.324629] (px4_msgs) StdoutLine: {'line': b'-- Up-to-date: /home/em/ros_workspace_2025/nav_ws/install/px4_msgs/include/px4_msgs/px4_msgs/msg/vtol_vehicle_status.hpp\n'}
[9.324648] (px4_msgs) StdoutLine: {'line': b'-- Up-to-date: /home/em/ros_workspace_2025/nav_ws/install/px4_msgs/include/px4_msgs/px4_msgs/msg/input_rc.hpp\n'}
[9.324668] (px4_msgs) StdoutLine: {'line': b'-- Up-to-date: /home/em/ros_workspace_2025/nav_ws/install/px4_msgs/include/px4_msgs/px4_msgs/msg/rover_differential_status.hpp\n'}
[9.324687] (px4_msgs) StdoutLine: {'line': b'-- Up-to-date: /home/em/ros_workspace_2025/nav_ws/install/px4_msgs/include/px4_msgs/px4_msgs/msg/health_report.hpp\n'}
[9.324708] (px4_msgs) StdoutLine: {'line': b'-- Up-to-date: /home/em/ros_workspace_2025/nav_ws/install/px4_msgs/include/px4_msgs/px4_msgs/msg/manual_control_switches.hpp\n'}
[9.324730] (px4_msgs) StdoutLine: {'line': b'-- Up-to-date: /home/em/ros_workspace_2025/nav_ws/install/px4_msgs/include/px4_msgs/px4_msgs/msg/rover_ackermann_guidance_status.hpp\n'}
[9.324748] (px4_msgs) StdoutLine: {'line': b'-- Up-to-date: /home/em/ros_workspace_2025/nav_ws/install/px4_msgs/include/px4_msgs/px4_msgs/msg/gps_inject_data.hpp\n'}
[9.324769] (px4_msgs) StdoutLine: {'line': b'-- Up-to-date: /home/em/ros_workspace_2025/nav_ws/install/px4_msgs/include/px4_msgs/px4_msgs/msg/gimbal_manager_status.hpp\n'}
[9.324788] (px4_msgs) StdoutLine: {'line': b'-- Up-to-date: /home/em/ros_workspace_2025/nav_ws/install/px4_msgs/include/px4_msgs/px4_msgs/msg/control_allocator_status.hpp\n'}
[9.324806] (px4_msgs) StdoutLine: {'line': b'-- Up-to-date: /home/em/ros_workspace_2025/nav_ws/install/px4_msgs/include/px4_msgs/px4_msgs/msg/landing_target_pose.hpp\n'}
[9.324826] (px4_msgs) StdoutLine: {'line': b'-- Up-to-date: /home/em/ros_workspace_2025/nav_ws/install/px4_msgs/include/px4_msgs/px4_msgs/msg/geofence_result.hpp\n'}
[9.324846] (px4_msgs) StdoutLine: {'line': b'-- Up-to-date: /home/em/ros_workspace_2025/nav_ws/install/px4_msgs/include/px4_msgs/px4_msgs/msg/rtl_status.hpp\n'}
[9.324865] (px4_msgs) StdoutLine: {'line': b'-- Up-to-date: /home/em/ros_workspace_2025/nav_ws/install/px4_msgs/include/px4_msgs/px4_msgs/msg/vehicle_magnetometer.hpp\n'}
[9.324886] (px4_msgs) StdoutLine: {'line': b'-- Up-to-date: /home/em/ros_workspace_2025/nav_ws/install/px4_msgs/include/px4_msgs/px4_msgs/msg/gpio_out.hpp\n'}
[9.324905] (px4_msgs) StdoutLine: {'line': b'-- Up-to-date: /home/em/ros_workspace_2025/nav_ws/install/px4_msgs/include/px4_msgs/px4_msgs/msg/gimbal_controls.hpp\n'}
[9.324924] (px4_msgs) StdoutLine: {'line': b'-- Up-to-date: /home/em/ros_workspace_2025/nav_ws/install/px4_msgs/include/px4_msgs/px4_msgs/msg/obstacle_distance.hpp\n'}
[9.324943] (px4_msgs) StdoutLine: {'line': b'-- Up-to-date: /home/em/ros_workspace_2025/nav_ws/install/px4_msgs/include/px4_msgs/px4_msgs/msg/collision_constraints.hpp\n'}
[9.324962] (px4_msgs) StdoutLine: {'line': b'-- Up-to-date: /home/em/ros_workspace_2025/nav_ws/install/px4_msgs/include/px4_msgs/px4_msgs/msg/gpio_in.hpp\n'}
[9.324980] (px4_msgs) StdoutLine: {'line': b'-- Up-to-date: /home/em/ros_workspace_2025/nav_ws/install/px4_msgs/include/px4_msgs/px4_msgs/msg/trajectory_waypoint.hpp\n'}
[9.324999] (px4_msgs) StdoutLine: {'line': b'-- Up-to-date: /home/em/ros_workspace_2025/nav_ws/install/px4_msgs/include/px4_msgs/px4_msgs/msg/vehicle_imu_status.hpp\n'}
[9.325019] (px4_msgs) StdoutLine: {'line': b'-- Up-to-date: /home/em/ros_workspace_2025/nav_ws/install/px4_msgs/include/px4_msgs/px4_msgs/msg/failsafe_flags.hpp\n'}
[9.325037] (px4_msgs) StdoutLine: {'line': b'-- Up-to-date: /home/em/ros_workspace_2025/nav_ws/install/px4_msgs/include/px4_msgs/px4_msgs/msg/vehicle_optical_flow.hpp\n'}
[9.325056] (px4_msgs) StdoutLine: {'line': b'-- Up-to-date: /home/em/ros_workspace_2025/nav_ws/install/px4_msgs/include/px4_msgs/px4_msgs/msg/action_request.hpp\n'}
[9.325075] (px4_msgs) StdoutLine: {'line': b'-- Up-to-date: /home/em/ros_workspace_2025/nav_ws/install/px4_msgs/include/px4_msgs/px4_msgs/msg/power_monitor.hpp\n'}
[9.325093] (px4_msgs) StdoutLine: {'line': b'-- Up-to-date: /home/em/ros_workspace_2025/nav_ws/install/px4_msgs/include/px4_msgs/px4_msgs/msg/px4io_status.hpp\n'}
[9.325112] (px4_msgs) StdoutLine: {'line': b'-- Up-to-date: /home/em/ros_workspace_2025/nav_ws/install/px4_msgs/include/px4_msgs/px4_msgs/msg/rover_differential_guidance_status.hpp\n'}
[9.325131] (px4_msgs) StdoutLine: {'line': b'-- Up-to-date: /home/em/ros_workspace_2025/nav_ws/install/px4_msgs/include/px4_msgs/px4_msgs/msg/debug_vect.hpp\n'}
[9.325152] (px4_msgs) StdoutLine: {'line': b'-- Up-to-date: /home/em/ros_workspace_2025/nav_ws/install/px4_msgs/include/px4_msgs/px4_msgs/msg/gpio_config.hpp\n'}
[9.325171] (px4_msgs) StdoutLine: {'line': b'-- Up-to-date: /home/em/ros_workspace_2025/nav_ws/install/px4_msgs/include/px4_msgs/px4_msgs/msg/heater_status.hpp\n'}
[9.325189] (px4_msgs) StdoutLine: {'line': b'-- Up-to-date: /home/em/ros_workspace_2025/nav_ws/install/px4_msgs/include/px4_msgs/px4_msgs/msg/position_setpoint_triplet.hpp\n'}
[9.325208] (px4_msgs) StdoutLine: {'line': b'-- Up-to-date: /home/em/ros_workspace_2025/nav_ws/install/px4_msgs/include/px4_msgs/px4_msgs/msg/parameter_set_value_request.hpp\n'}
[9.325227] (px4_msgs) StdoutLine: {'line': b'-- Up-to-date: /home/em/ros_workspace_2025/nav_ws/install/px4_msgs/include/px4_msgs/px4_msgs/msg/message_format_request.hpp\n'}
[9.325245] (px4_msgs) StdoutLine: {'line': b'-- Up-to-date: /home/em/ros_workspace_2025/nav_ws/install/px4_msgs/include/px4_msgs/px4_msgs/msg/adc_report.hpp\n'}
[9.325264] (px4_msgs) StdoutLine: {'line': b'-- Up-to-date: /home/em/ros_workspace_2025/nav_ws/install/px4_msgs/include/px4_msgs/px4_msgs/msg/task_stack_info.hpp\n'}
[9.325282] (px4_msgs) StdoutLine: {'line': b'-- Up-to-date: /home/em/ros_workspace_2025/nav_ws/install/px4_msgs/include/px4_msgs/px4_msgs/msg/sensor_gyro_fft.hpp\n'}
[9.325302] (px4_msgs) StdoutLine: {'line': b'-- Up-to-date: /home/em/ros_workspace_2025/nav_ws/install/px4_msgs/include/px4_msgs/px4_msgs/msg/vehicle_angular_acceleration_setpoint.hpp\n'}
[9.325320] (px4_msgs) StdoutLine: {'line': b'-- Up-to-date: /home/em/ros_workspace_2025/nav_ws/install/px4_msgs/include/px4_msgs/px4_msgs/msg/debug_value.hpp\n'}
[9.325339] (px4_msgs) StdoutLine: {'line': b'-- Up-to-date: /home/em/ros_workspace_2025/nav_ws/install/px4_msgs/include/px4_msgs/px4_msgs/msg/airspeed_validated.hpp\n'}
[9.325358] (px4_msgs) StdoutLine: {'line': b'-- Up-to-date: /home/em/ros_workspace_2025/nav_ws/install/px4_msgs/include/px4_msgs/px4_msgs/msg/open_drone_id_self_id.hpp\n'}
[9.325377] (px4_msgs) StdoutLine: {'line': b'-- Up-to-date: /home/em/ros_workspace_2025/nav_ws/install/px4_msgs/include/px4_msgs/px4_msgs/msg/rpm.hpp\n'}
[9.325395] (px4_msgs) StdoutLine: {'line': b'-- Up-to-date: /home/em/ros_workspace_2025/nav_ws/install/px4_msgs/include/px4_msgs/px4_msgs/msg/vehicle_land_detected.hpp\n'}
[9.325421] (px4_msgs) StdoutLine: {'line': b'-- Up-to-date: /home/em/ros_workspace_2025/nav_ws/install/px4_msgs/include/px4_msgs/px4_msgs/msg/ulog_stream.hpp\n'}
[9.325441] (px4_msgs) StdoutLine: {'line': b'-- Up-to-date: /home/em/ros_workspace_2025/nav_ws/install/px4_msgs/include/px4_msgs/px4_msgs/msg/led_control.hpp\n'}
[9.325466] (px4_msgs) StdoutLine: {'line': b'-- Up-to-date: /home/em/ros_workspace_2025/nav_ws/install/px4_msgs/include/px4_msgs/px4_msgs/msg/parameter_reset_request.hpp\n'}
[9.325486] (px4_msgs) StdoutLine: {'line': b'-- Up-to-date: /home/em/ros_workspace_2025/nav_ws/install/px4_msgs/include/px4_msgs/px4_msgs/msg/config_overrides.hpp\n'}
[9.325506] (px4_msgs) StdoutLine: {'line': b'-- Up-to-date: /home/em/ros_workspace_2025/nav_ws/install/px4_msgs/include/px4_msgs/px4_msgs/msg/vehicle_trajectory_bezier.hpp\n'}
[9.325526] (px4_msgs) StdoutLine: {'line': b'-- Up-to-date: /home/em/ros_workspace_2025/nav_ws/install/px4_msgs/include/px4_msgs/px4_msgs/msg/figure_eight_status.hpp\n'}
[9.325545] (px4_msgs) StdoutLine: {'line': b'-- Up-to-date: /home/em/ros_workspace_2025/nav_ws/install/px4_msgs/include/px4_msgs/px4_msgs/msg/rover_differential_setpoint.hpp\n'}
[9.325564] (px4_msgs) StdoutLine: {'line': b'-- Up-to-date: /home/em/ros_workspace_2025/nav_ws/install/px4_msgs/include/px4_msgs/px4_msgs/msg/sensor_gyro.hpp\n'}
[9.325585] (px4_msgs) StdoutLine: {'line': b'-- Up-to-date: /home/em/ros_workspace_2025/nav_ws/install/px4_msgs/include/px4_msgs/px4_msgs/msg/sensor_accel_fifo.hpp\n'}
[9.325604] (px4_msgs) StdoutLine: {'line': b'-- Up-to-date: /home/em/ros_workspace_2025/nav_ws/install/px4_msgs/include/px4_msgs/px4_msgs/msg/position_controller_status.hpp\n'}
[9.325624] (px4_msgs) StdoutLine: {'line': b'-- Up-to-date: /home/em/ros_workspace_2025/nav_ws/install/px4_msgs/include/px4_msgs/px4_msgs/msg/camera_trigger.hpp\n'}
[9.325644] (px4_msgs) StdoutLine: {'line': b'-- Up-to-date: /home/em/ros_workspace_2025/nav_ws/install/px4_msgs/include/px4_msgs/px4_msgs/msg/radio_status.hpp\n'}
[9.325663] (px4_msgs) StdoutLine: {'line': b'-- Up-to-date: /home/em/ros_workspace_2025/nav_ws/install/px4_msgs/include/px4_msgs/px4_msgs/msg/normalized_unsigned_setpoint.hpp\n'}
[9.325682] (px4_msgs) StdoutLine: {'line': b'-- Up-to-date: /home/em/ros_workspace_2025/nav_ws/install/px4_msgs/include/px4_msgs/px4_msgs/msg/sensor_correction.hpp\n'}
[9.325702] (px4_msgs) StdoutLine: {'line': b'-- Up-to-date: /home/em/ros_workspace_2025/nav_ws/install/px4_msgs/include/px4_msgs/px4_msgs/msg/parameter_update.hpp\n'}
[9.325720] (px4_msgs) StdoutLine: {'line': b'-- Up-to-date: /home/em/ros_workspace_2025/nav_ws/install/px4_msgs/include/px4_msgs/px4_msgs/msg/log_message.hpp\n'}
[9.325740] (px4_msgs) StdoutLine: {'line': b'-- Up-to-date: /home/em/ros_workspace_2025/nav_ws/install/px4_msgs/include/px4_msgs/px4_msgs/msg/ping.hpp\n'}
[9.325759] (px4_msgs) StdoutLine: {'line': b'-- Up-to-date: /home/em/ros_workspace_2025/nav_ws/install/px4_msgs/include/px4_msgs/px4_msgs/msg/trajectory_setpoint.hpp\n'}
[9.325781] (px4_msgs) StdoutLine: {'line': b'-- Up-to-date: /home/em/ros_workspace_2025/nav_ws/install/px4_msgs/include/px4_msgs/px4_msgs/msg/sensor_selection.hpp\n'}
[9.325803] (px4_msgs) StdoutLine: {'line': b'-- Up-to-date: /home/em/ros_workspace_2025/nav_ws/install/px4_msgs/include/px4_msgs/px4_msgs/msg/vehicle_imu.hpp\n'}
[9.325825] (px4_msgs) StdoutLine: {'line': b'-- Up-to-date: /home/em/ros_workspace_2025/nav_ws/install/px4_msgs/include/px4_msgs/px4_msgs/msg/sensor_mag.hpp\n'}
[9.325848] (px4_msgs) StdoutLine: {'line': b'-- Up-to-date: /home/em/ros_workspace_2025/nav_ws/install/px4_msgs/include/px4_msgs/px4_msgs/msg/sensor_gnss_relative.hpp\n'}
[9.325871] (px4_msgs) StdoutLine: {'line': b'-- Up-to-date: /home/em/ros_workspace_2025/nav_ws/install/px4_msgs/include/px4_msgs/px4_msgs/msg/vehicle_command.hpp\n'}
[9.325901] (px4_msgs) StdoutLine: {'line': b'-- Up-to-date: /home/em/ros_workspace_2025/nav_ws/install/px4_msgs/include/px4_msgs/px4_msgs/msg/estimator_aid_source2d.hpp\n'}
[9.325928] (px4_msgs) StdoutLine: {'line': b'-- Up-to-date: /home/em/ros_workspace_2025/nav_ws/install/px4_msgs/include/px4_msgs/px4_msgs/msg/mavlink_log.hpp\n'}
[9.325959] (px4_msgs) StdoutLine: {'line': b'-- Up-to-date: /home/em/ros_workspace_2025/nav_ws/install/px4_msgs/include/px4_msgs/px4_msgs/msg/sensor_accel.hpp\n'}
[9.325991] (px4_msgs) StdoutLine: {'line': b'-- Up-to-date: /home/em/ros_workspace_2025/nav_ws/install/px4_msgs/include/px4_msgs/px4_msgs/msg/takeoff_status.hpp\n'}
[9.326036] (px4_msgs) StdoutLine: {'line': b'-- Up-to-date: /home/em/ros_workspace_2025/nav_ws/install/px4_msgs/include/px4_msgs/px4_msgs/msg/parameter_set_used_request.hpp\n'}
[9.326084] (px4_msgs) StdoutLine: {'line': b'-- Up-to-date: /home/em/ros_workspace_2025/nav_ws/install/px4_msgs/include/px4_msgs/px4_msgs/msg/position_controller_landing_status.hpp\n'}
[9.326124] (px4_msgs) StdoutLine: {'line': b'-- Up-to-date: /home/em/ros_workspace_2025/nav_ws/install/px4_msgs/include/px4_msgs/px4_msgs/msg/vehicle_constraints.hpp\n'}
[9.326150] (px4_msgs) StdoutLine: {'line': b'-- Up-to-date: /home/em/ros_workspace_2025/nav_ws/install/px4_msgs/include/px4_msgs/px4_msgs/msg/transponder_report.hpp\n'}
[9.326174] (px4_msgs) StdoutLine: {'line': b'-- Up-to-date: /home/em/ros_workspace_2025/nav_ws/install/px4_msgs/include/px4_msgs/px4_msgs/msg/message_format_response.hpp\n'}
[9.326198] (px4_msgs) StdoutLine: {'line': b'-- Up-to-date: /home/em/ros_workspace_2025/nav_ws/install/px4_msgs/include/px4_msgs/px4_msgs/msg/rover_mecanum_guidance_status.hpp\n'}
[9.326221] (px4_msgs) StdoutLine: {'line': b'-- Up-to-date: /home/em/ros_workspace_2025/nav_ws/install/px4_msgs/include/px4_msgs/px4_msgs/msg/camera_status.hpp\n'}
[9.326245] (px4_msgs) StdoutLine: {'line': b'-- Up-to-date: /home/em/ros_workspace_2025/nav_ws/install/px4_msgs/include/px4_msgs/px4_msgs/msg/rate_ctrl_status.hpp\n'}
[9.326281] (px4_msgs) StdoutLine: {'line': b'-- Up-to-date: /home/em/ros_workspace_2025/nav_ws/install/px4_msgs/include/px4_msgs/px4_msgs/msg/rtl_time_estimate.hpp\n'}
[9.326310] (px4_msgs) StdoutLine: {'line': b'-- Up-to-date: /home/em/ros_workspace_2025/nav_ws/install/px4_msgs/include/px4_msgs/px4_msgs/msg/mode_completed.hpp\n'}
[9.326331] (px4_msgs) StdoutLine: {'line': b'-- Up-to-date: /home/em/ros_workspace_2025/nav_ws/install/px4_msgs/include/px4_msgs/px4_msgs/msg/gimbal_manager_set_attitude.hpp\n'}
[9.326356] (px4_msgs) StdoutLine: {'line': b'-- Up-to-date: /home/em/ros_workspace_2025/nav_ws/install/px4_msgs/include/px4_msgs/px4_msgs/msg/collision_report.hpp\n'}
[9.326376] (px4_msgs) StdoutLine: {'line': b'-- Up-to-date: /home/em/ros_workspace_2025/nav_ws/install/px4_msgs/include/px4_msgs/px4_msgs/msg/trajectory_bezier.hpp\n'}
[9.326396] (px4_msgs) StdoutLine: {'line': b'-- Up-to-date: /home/em/ros_workspace_2025/nav_ws/install/px4_msgs/include/px4_msgs/px4_msgs/msg/estimator_aid_source3d.hpp\n'}
[9.326422] (px4_msgs) StdoutLine: {'line': b'-- Up-to-date: /home/em/ros_workspace_2025/nav_ws/install/px4_msgs/include/px4_msgs/px4_msgs/msg/buffer128.hpp\n'}
[9.326442] (px4_msgs) StdoutLine: {'line': b'-- Up-to-date: /home/em/ros_workspace_2025/nav_ws/install/px4_msgs/include/px4_msgs/px4_msgs/msg/estimator_bias.hpp\n'}
[9.326464] (px4_msgs) StdoutLine: {'line': b'-- Up-to-date: /home/em/ros_workspace_2025/nav_ws/install/px4_msgs/include/px4_msgs/px4_msgs/msg/sensor_hygrometer.hpp\n'}
[9.326484] (px4_msgs) StdoutLine: {'line': b'-- Up-to-date: /home/em/ros_workspace_2025/nav_ws/install/px4_msgs/include/px4_msgs/px4_msgs/msg/register_ext_component_request.hpp\n'}
[9.326504] (px4_msgs) StdoutLine: {'line': b'-- Up-to-date: /home/em/ros_workspace_2025/nav_ws/install/px4_msgs/include/px4_msgs/px4_msgs/msg/sensors_status_imu.hpp\n'}
[9.326523] (px4_msgs) StdoutLine: {'line': b'-- Up-to-date: /home/em/ros_workspace_2025/nav_ws/install/px4_msgs/include/px4_msgs/px4_msgs/msg/gimbal_manager_set_manual_control.hpp\n'}
[9.326543] (px4_msgs) StdoutLine: {'line': b'-- Up-to-date: /home/em/ros_workspace_2025/nav_ws/install/px4_msgs/include/px4_msgs/px4_msgs/msg/generator_status.hpp\n'}
[9.326572] (px4_msgs) StdoutLine: {'line': b'-- Up-to-date: /home/em/ros_workspace_2025/nav_ws/install/px4_msgs/include/px4_msgs/px4_msgs/msg/qshell_req.hpp\n'}
[9.326593] (px4_msgs) StdoutLine: {'line': b'-- Up-to-date: /home/em/ros_workspace_2025/nav_ws/install/px4_msgs/include/px4_msgs/px4_msgs/msg/system_power.hpp\n'}
[9.326613] (px4_msgs) StdoutLine: {'line': b'-- Up-to-date: /home/em/ros_workspace_2025/nav_ws/install/px4_msgs/include/px4_msgs/px4_msgs/msg/sensors_status.hpp\n'}
[9.326633] (px4_msgs) StdoutLine: {'line': b'-- Up-to-date: /home/em/ros_workspace_2025/nav_ws/install/px4_msgs/include/px4_msgs/px4_msgs/msg/mission_result.hpp\n'}
[9.326654] (px4_msgs) StdoutLine: {'line': b'-- Up-to-date: /home/em/ros_workspace_2025/nav_ws/install/px4_msgs/include/px4_msgs/px4_msgs/msg/camera_capture.hpp\n'}
[9.326673] (px4_msgs) StdoutLine: {'line': b'-- Up-to-date: /home/em/ros_workspace_2025/nav_ws/install/px4_msgs/include/px4_msgs/px4_msgs/msg/flight_phase_estimation.hpp\n'}
[9.326693] (px4_msgs) StdoutLine: {'line': b'-- Up-to-date: /home/em/ros_workspace_2025/nav_ws/install/px4_msgs/include/px4_msgs/px4_msgs/msg/autotune_attitude_control_status.hpp\n'}
[9.326717] (px4_msgs) StdoutLine: {'line': b'-- Up-to-date: /home/em/ros_workspace_2025/nav_ws/install/px4_msgs/include/px4_msgs/px4_msgs/msg/debug_array.hpp\n'}
[9.326740] (px4_msgs) StdoutLine: {'line': b'-- Up-to-date: /home/em/ros_workspace_2025/nav_ws/install/px4_msgs/include/px4_msgs/px4_msgs/msg/vehicle_angular_velocity.hpp\n'}
[9.326761] (px4_msgs) StdoutLine: {'line': b'-- Up-to-date: /home/em/ros_workspace_2025/nav_ws/install/px4_msgs/include/px4_msgs/px4_msgs/msg/can_interface_status.hpp\n'}
[9.326782] (px4_msgs) StdoutLine: {'line': b'-- Up-to-date: /home/em/ros_workspace_2025/nav_ws/install/px4_msgs/include/px4_msgs/px4_msgs/msg/irlock_report.hpp\n'}
[9.326809] (px4_msgs) StdoutLine: {'line': b'-- Up-to-date: /home/em/ros_workspace_2025/nav_ws/install/px4_msgs/include/px4_msgs/px4_msgs/msg/mag_worker_data.hpp\n'}
[9.326829] (px4_msgs) StdoutLine: {'line': b'-- Up-to-date: /home/em/ros_workspace_2025/nav_ws/install/px4_msgs/include/px4_msgs/px4_msgs/msg/actuator_armed.hpp\n'}
[9.326849] (px4_msgs) StdoutLine: {'line': b'-- Up-to-date: /home/em/ros_workspace_2025/nav_ws/install/px4_msgs/include/px4_msgs/px4_msgs/msg/npfg_status.hpp\n'}
[9.326869] (px4_msgs) StdoutLine: {'line': b'-- Up-to-date: /home/em/ros_workspace_2025/nav_ws/install/px4_msgs/include/px4_msgs/px4_msgs/msg/orb_test_large.hpp\n'}
[9.326889] (px4_msgs) StdoutLine: {'line': b'-- Up-to-date: /home/em/ros_workspace_2025/nav_ws/install/px4_msgs/include/px4_msgs/px4_msgs/msg/airspeed_wind.hpp\n'}
[9.326916] (px4_msgs) StdoutLine: {'line': b'-- Up-to-date: /home/em/ros_workspace_2025/nav_ws/install/px4_msgs/include/px4_msgs/px4_msgs/msg/gimbal_device_attitude_status.hpp\n'}
[9.327013] (px4_msgs) StdoutLine: {'line': b'-- Up-to-date: /home/em/ros_workspace_2025/nav_ws/install/px4_msgs/include/px4_msgs/px4_msgs/msg/vehicle_rates_setpoint.hpp\n'}
[9.327053] (px4_msgs) StdoutLine: {'line': b'-- Up-to-date: /home/em/ros_workspace_2025/nav_ws/install/px4_msgs/include/px4_msgs/px4_msgs/msg/vehicle_air_data.hpp\n'}
[9.327091] (px4_msgs) StdoutLine: {'line': b'-- Up-to-date: /home/em/ros_workspace_2025/nav_ws/install/px4_msgs/include/px4_msgs/px4_msgs/msg/dataman_response.hpp\n'}
[9.327122] (px4_msgs) StdoutLine: {'line': b'-- Up-to-date: /home/em/ros_workspace_2025/nav_ws/install/px4_msgs/include/px4_msgs/px4_msgs/msg/estimator_gps_status.hpp\n'}
[9.327160] (px4_msgs) StdoutLine: {'line': b'-- Up-to-date: /home/em/ros_workspace_2025/nav_ws/install/px4_msgs/include/px4_msgs/px4_msgs/msg/actuator_servos.hpp\n'}
[9.327192] (px4_msgs) StdoutLine: {'line': b'-- Up-to-date: /home/em/ros_workspace_2025/nav_ws/install/px4_msgs/include/px4_msgs/px4_msgs/msg/dataman_request.hpp\n'}
[9.327261] (px4_msgs) StdoutLine: {'line': b'-- Up-to-date: /home/em/ros_workspace_2025/nav_ws/install/px4_msgs/include/px4_msgs/px4_msgs/msg/navigator_status.hpp\n'}
[9.327332] (px4_msgs) StdoutLine: {'line': b'-- Up-to-date: /home/em/ros_workspace_2025/nav_ws/install/px4_msgs/include/px4_msgs/px4_msgs/msg/geofence_status.hpp\n'}
[9.327384] (px4_msgs) StdoutLine: {'line': b'-- Up-to-date: /home/em/ros_workspace_2025/nav_ws/install/px4_msgs/include/px4_msgs/px4_msgs/msg/vehicle_status.hpp\n'}
[9.327447] (px4_msgs) StdoutLine: {'line': b'-- Up-to-date: /home/em/ros_workspace_2025/nav_ws/install/px4_msgs/include/px4_msgs/px4_msgs/msg/rover_ackermann_status.hpp\n'}
[9.327511] (px4_msgs) StdoutLine: {'line': b'-- Up-to-date: /home/em/ros_workspace_2025/nav_ws/install/px4_msgs/include/px4_msgs/px4_msgs/msg/sensor_optical_flow.hpp\n'}
[9.327597] (px4_msgs) StdoutLine: {'line': b'-- Up-to-date: /home/em/ros_workspace_2025/nav_ws/install/px4_msgs/include/px4_msgs/px4_msgs/msg/vehicle_attitude_setpoint.hpp\n'}
[9.327642] (px4_msgs) StdoutLine: {'line': b'-- Up-to-date: /home/em/ros_workspace_2025/nav_ws/install/px4_msgs/include/px4_msgs/px4_msgs/msg/mavlink_tunnel.hpp\n'}
[9.327670] (px4_msgs) StdoutLine: {'line': b'-- Up-to-date: /home/em/ros_workspace_2025/nav_ws/install/px4_msgs/include/px4_msgs/px4_msgs/msg/wind.hpp\n'}
[9.327693] (px4_msgs) StdoutLine: {'line': b'-- Up-to-date: /home/em/ros_workspace_2025/nav_ws/install/px4_msgs/include/px4_msgs/px4_msgs/msg/vehicle_control_mode.hpp\n'}
[9.327754] (px4_msgs) StdoutLine: {'line': b'-- Up-to-date: /home/em/ros_workspace_2025/nav_ws/install/px4_msgs/include/px4_msgs/px4_msgs/msg/actuator_servos_trim.hpp\n'}
[9.327778] (px4_msgs) StdoutLine: {'line': b'-- Up-to-date: /home/em/ros_workspace_2025/nav_ws/install/px4_msgs/include/px4_msgs/px4_msgs/msg/uavcan_parameter_value.hpp\n'}
[9.327810] (px4_msgs) StdoutLine: {'line': b'-- Up-to-date: /home/em/ros_workspace_2025/nav_ws/install/px4_msgs/include/px4_msgs/px4_msgs/msg/sensor_baro.hpp\n'}
[9.327842] (px4_msgs) StdoutLine: {'line': b'-- Up-to-date: /home/em/ros_workspace_2025/nav_ws/install/px4_msgs/include/px4_msgs/px4_msgs/msg/follow_target_status.hpp\n'}
[9.327872] (px4_msgs) StdoutLine: {'line': b'-- Up-to-date: /home/em/ros_workspace_2025/nav_ws/install/px4_msgs/include/px4_msgs/px4_msgs/msg/detail\n'}
[9.327893] (px4_msgs) StdoutLine: {'line': b'-- Up-to-date: /home/em/ros_workspace_2025/nav_ws/install/px4_msgs/include/px4_msgs/px4_msgs/msg/detail/parameter_set_used_request__builder.hpp\n'}
[9.327919] (px4_msgs) StdoutLine: {'line': b'-- Up-to-date: /home/em/ros_workspace_2025/nav_ws/install/px4_msgs/include/px4_msgs/px4_msgs/msg/detail/airspeed_validated__traits.hpp\n'}
[9.327940] (px4_msgs) StdoutLine: {'line': b'-- Up-to-date: /home/em/ros_workspace_2025/nav_ws/install/px4_msgs/include/px4_msgs/px4_msgs/msg/detail/figure_eight_status__traits.hpp\n'}
[9.327960] (px4_msgs) StdoutLine: {'line': b'-- Up-to-date: /home/em/ros_workspace_2025/nav_ws/install/px4_msgs/include/px4_msgs/px4_msgs/msg/detail/pwm_input__struct.hpp\n'}
[9.327982] (px4_msgs) StdoutLine: {'line': b'-- Up-to-date: /home/em/ros_workspace_2025/nav_ws/install/px4_msgs/include/px4_msgs/px4_msgs/msg/detail/orbit_status__builder.hpp\n'}
[9.328005] (px4_msgs) StdoutLine: {'line': b'-- Up-to-date: /home/em/ros_workspace_2025/nav_ws/install/px4_msgs/include/px4_msgs/px4_msgs/msg/detail/geofence_status__traits.hpp\n'}
[9.328037] (px4_msgs) StdoutLine: {'line': b'-- Up-to-date: /home/em/ros_workspace_2025/nav_ws/install/px4_msgs/include/px4_msgs/px4_msgs/msg/detail/sensor_gps__traits.hpp\n'}
[9.328058] (px4_msgs) StdoutLine: {'line': b'-- Up-to-date: /home/em/ros_workspace_2025/nav_ws/install/px4_msgs/include/px4_msgs/px4_msgs/msg/detail/esc_report__builder.hpp\n'}
[9.328080] (px4_msgs) StdoutLine: {'line': b'-- Up-to-date: /home/em/ros_workspace_2025/nav_ws/install/px4_msgs/include/px4_msgs/px4_msgs/msg/detail/sensor_mag__struct.hpp\n'}
[9.328101] (px4_msgs) StdoutLine: {'line': b'-- Up-to-date: /home/em/ros_workspace_2025/nav_ws/install/px4_msgs/include/px4_msgs/px4_msgs/msg/detail/goto_setpoint__builder.hpp\n'}
[9.328122] (px4_msgs) StdoutLine: {'line': b'-- Up-to-date: /home/em/ros_workspace_2025/nav_ws/install/px4_msgs/include/px4_msgs/px4_msgs/msg/detail/sensor_hygrometer__traits.hpp\n'}
[9.328142] (px4_msgs) StdoutLine: {'line': b'-- Up-to-date: /home/em/ros_workspace_2025/nav_ws/install/px4_msgs/include/px4_msgs/px4_msgs/msg/detail/actuator_servos__builder.hpp\n'}
[9.328163] (px4_msgs) StdoutLine: {'line': b'-- Up-to-date: /home/em/ros_workspace_2025/nav_ws/install/px4_msgs/include/px4_msgs/px4_msgs/msg/detail/actuator_armed__builder.hpp\n'}
[9.328185] (px4_msgs) StdoutLine: {'line': b'-- Up-to-date: /home/em/ros_workspace_2025/nav_ws/install/px4_msgs/include/px4_msgs/px4_msgs/msg/detail/airspeed_validated__struct.hpp\n'}
[9.328205] (px4_msgs) StdoutLine: {'line': b'-- Up-to-date: /home/em/ros_workspace_2025/nav_ws/install/px4_msgs/include/px4_msgs/px4_msgs/msg/detail/vehicle_air_data__traits.hpp\n'}
[9.328225] (px4_msgs) StdoutLine: {'line': b'-- Up-to-date: /home/em/ros_workspace_2025/nav_ws/install/px4_msgs/include/px4_msgs/px4_msgs/msg/detail/figure_eight_status__struct.hpp\n'}
[9.328246] (px4_msgs) StdoutLine: {'line': b'-- Up-to-date: /home/em/ros_workspace_2025/nav_ws/install/px4_msgs/include/px4_msgs/px4_msgs/msg/detail/mag_worker_data__builder.hpp\n'}
[9.328269] (px4_msgs) StdoutLine: {'line': b'-- Up-to-date: /home/em/ros_workspace_2025/nav_ws/install/px4_msgs/include/px4_msgs/px4_msgs/msg/detail/ulog_stream__struct.hpp\n'}
[9.328289] (px4_msgs) StdoutLine: {'line': b'-- Up-to-date: /home/em/ros_workspace_2025/nav_ws/install/px4_msgs/include/px4_msgs/px4_msgs/msg/detail/event__struct.hpp\n'}
[9.328310] (px4_msgs) StdoutLine: {'line': b'-- Up-to-date: /home/em/ros_workspace_2025/nav_ws/install/px4_msgs/include/px4_msgs/px4_msgs/msg/detail/rover_ackermann_status__builder.hpp\n'}
[9.328338] (px4_msgs) StdoutLine: {'line': b'-- Up-to-date: /home/em/ros_workspace_2025/nav_ws/install/px4_msgs/include/px4_msgs/px4_msgs/msg/detail/cellular_status__builder.hpp\n'}
[9.328359] (px4_msgs) StdoutLine: {'line': b'-- Up-to-date: /home/em/ros_workspace_2025/nav_ws/install/px4_msgs/include/px4_msgs/px4_msgs/msg/detail/velocity_limits__builder.hpp\n'}
[9.328379] (px4_msgs) StdoutLine: {'line': b'-- Up-to-date: /home/em/ros_workspace_2025/nav_ws/install/px4_msgs/include/px4_msgs/px4_msgs/msg/detail/camera_status__struct.hpp\n'}
[9.328401] (px4_msgs) StdoutLine: {'line': b'-- Up-to-date: /home/em/ros_workspace_2025/nav_ws/install/px4_msgs/include/px4_msgs/px4_msgs/msg/detail/vehicle_constraints__builder.hpp\n'}
[9.328447] (px4_msgs) StdoutLine: {'line': b'-- Up-to-date: /home/em/ros_workspace_2025/nav_ws/install/px4_msgs/include/px4_msgs/px4_msgs/msg/detail/trajectory_bezier__traits.hpp\n'}
[9.328480] (px4_msgs) StdoutLine: {'line': b'-- Up-to-date: /home/em/ros_workspace_2025/nav_ws/install/px4_msgs/include/px4_msgs/px4_msgs/msg/detail/rover_ackermann_guidance_status__builder.hpp\n'}
[9.328509] (px4_msgs) StdoutLine: {'line': b'-- Up-to-date: /home/em/ros_workspace_2025/nav_ws/install/px4_msgs/include/px4_msgs/px4_msgs/msg/detail/wind__traits.hpp\n'}
[9.328537] (px4_msgs) StdoutLine: {'line': b'-- Up-to-date: /home/em/ros_workspace_2025/nav_ws/install/px4_msgs/include/px4_msgs/px4_msgs/msg/detail/vehicle_acceleration__builder.hpp\n'}
[9.328560] (px4_msgs) StdoutLine: {'line': b'-- Up-to-date: /home/em/ros_workspace_2025/nav_ws/install/px4_msgs/include/px4_msgs/px4_msgs/msg/detail/sensor_correction__traits.hpp\n'}
[9.328587] (px4_msgs) StdoutLine: {'line': b'-- Up-to-date: /home/em/ros_workspace_2025/nav_ws/install/px4_msgs/include/px4_msgs/px4_msgs/msg/detail/telemetry_status__traits.hpp\n'}
[9.328611] (px4_msgs) StdoutLine: {'line': b'-- Up-to-date: /home/em/ros_workspace_2025/nav_ws/install/px4_msgs/include/px4_msgs/px4_msgs/msg/detail/generator_status__builder.hpp\n'}
[9.328636] (px4_msgs) StdoutLine: {'line': b'-- Up-to-date: /home/em/ros_workspace_2025/nav_ws/install/px4_msgs/include/px4_msgs/px4_msgs/msg/detail/logger_status__traits.hpp\n'}
[9.328659] (px4_msgs) StdoutLine: {'line': b'-- Up-to-date: /home/em/ros_workspace_2025/nav_ws/install/px4_msgs/include/px4_msgs/px4_msgs/msg/detail/gimbal_device_attitude_status__traits.hpp\n'}
[9.328683] (px4_msgs) StdoutLine: {'line': b'-- Up-to-date: /home/em/ros_workspace_2025/nav_ws/install/px4_msgs/include/px4_msgs/px4_msgs/msg/detail/input_rc__traits.hpp\n'}
[9.328707] (px4_msgs) StdoutLine: {'line': b'-- Up-to-date: /home/em/ros_workspace_2025/nav_ws/install/px4_msgs/include/px4_msgs/px4_msgs/msg/detail/sensor_airflow__traits.hpp\n'}
[9.328731] (px4_msgs) StdoutLine: {'line': b'-- Up-to-date: /home/em/ros_workspace_2025/nav_ws/install/px4_msgs/include/px4_msgs/px4_msgs/msg/detail/vehicle_land_detected__struct.hpp\n'}
[9.328759] (px4_msgs) StdoutLine: {'line': b'-- Up-to-date: /home/em/ros_workspace_2025/nav_ws/install/px4_msgs/include/px4_msgs/px4_msgs/msg/detail/gimbal_manager_set_manual_control__builder.hpp\n'}
[9.328782] (px4_msgs) StdoutLine: {'line': b'-- Up-to-date: /home/em/ros_workspace_2025/nav_ws/install/px4_msgs/include/px4_msgs/px4_msgs/msg/detail/vehicle_trajectory_bezier__builder.hpp\n'}
[9.328805] (px4_msgs) StdoutLine: {'line': b'-- Up-to-date: /home/em/ros_workspace_2025/nav_ws/install/px4_msgs/include/px4_msgs/px4_msgs/msg/detail/vehicle_trajectory_bezier__traits.hpp\n'}
[9.328826] (px4_msgs) StdoutLine: {'line': b'-- Up-to-date: /home/em/ros_workspace_2025/nav_ws/install/px4_msgs/include/px4_msgs/px4_msgs/msg/detail/camera_capture__traits.hpp\n'}
[9.328848] (px4_msgs) StdoutLine: {'line': b'-- Up-to-date: /home/em/ros_workspace_2025/nav_ws/install/px4_msgs/include/px4_msgs/px4_msgs/msg/detail/offboard_control_mode__struct.hpp\n'}
[9.328872] (px4_msgs) StdoutLine: {'line': b'-- Up-to-date: /home/em/ros_workspace_2025/nav_ws/install/px4_msgs/include/px4_msgs/px4_msgs/msg/detail/follow_target__struct.hpp\n'}
[9.328894] (px4_msgs) StdoutLine: {'line': b'-- Up-to-date: /home/em/ros_workspace_2025/nav_ws/install/px4_msgs/include/px4_msgs/px4_msgs/msg/detail/rpm__traits.hpp\n'}
[9.328914] (px4_msgs) StdoutLine: {'line': b'-- Up-to-date: /home/em/ros_workspace_2025/nav_ws/install/px4_msgs/include/px4_msgs/px4_msgs/msg/detail/estimator_status_flags__traits.hpp\n'}
[9.328936] (px4_msgs) StdoutLine: {'line': b'-- Up-to-date: /home/em/ros_workspace_2025/nav_ws/install/px4_msgs/include/px4_msgs/px4_msgs/msg/detail/mount_orientation__builder.hpp\n'}
[9.328957] (px4_msgs) StdoutLine: {'line': b'-- Up-to-date: /home/em/ros_workspace_2025/nav_ws/install/px4_msgs/include/px4_msgs/px4_msgs/msg/detail/gimbal_manager_information__struct.hpp\n'}
[9.328978] (px4_msgs) StdoutLine: {'line': b'-- Up-to-date: /home/em/ros_workspace_2025/nav_ws/install/px4_msgs/include/px4_msgs/px4_msgs/msg/detail/actuator_motors__struct.hpp\n'}
[9.329041] (px4_msgs) StdoutLine: {'line': b'-- Up-to-date: /home/em/ros_workspace_2025/nav_ws/install/px4_msgs/include/px4_msgs/px4_msgs/msg/detail/health_report__struct.hpp\n'}
[9.329063] (px4_msgs) StdoutLine: {'line': b'-- Up-to-date: /home/em/ros_workspace_2025/nav_ws/install/px4_msgs/include/px4_msgs/px4_msgs/msg/detail/vehicle_command__traits.hpp\n'}
[9.329084] (px4_msgs) StdoutLine: {'line': b'-- Up-to-date: /home/em/ros_workspace_2025/nav_ws/install/px4_msgs/include/px4_msgs/px4_msgs/msg/detail/sensor_optical_flow__struct.hpp\n'}
[9.329105] (px4_msgs) StdoutLine: {'line': b'-- Up-to-date: /home/em/ros_workspace_2025/nav_ws/install/px4_msgs/include/px4_msgs/px4_msgs/msg/detail/gpio_in__struct.hpp\n'}
[9.329127] (px4_msgs) StdoutLine: {'line': b'-- Up-to-date: /home/em/ros_workspace_2025/nav_ws/install/px4_msgs/include/px4_msgs/px4_msgs/msg/detail/landing_gear_wheel__traits.hpp\n'}
[9.329147] (px4_msgs) StdoutLine: {'line': b'-- Up-to-date: /home/em/ros_workspace_2025/nav_ws/install/px4_msgs/include/px4_msgs/px4_msgs/msg/detail/cpuload__traits.hpp\n'}
[9.329166] (px4_msgs) StdoutLine: {'line': b'-- Up-to-date: /home/em/ros_workspace_2025/nav_ws/install/px4_msgs/include/px4_msgs/px4_msgs/msg/detail/unregister_ext_component__traits.hpp\n'}
[9.329187] (px4_msgs) StdoutLine: {'line': b'-- Up-to-date: /home/em/ros_workspace_2025/nav_ws/install/px4_msgs/include/px4_msgs/px4_msgs/msg/detail/gps_inject_data__traits.hpp\n'}
[9.329210] (px4_msgs) StdoutLine: {'line': b'-- Up-to-date: /home/em/ros_workspace_2025/nav_ws/install/px4_msgs/include/px4_msgs/px4_msgs/msg/detail/vehicle_global_position__traits.hpp\n'}
[9.329234] (px4_msgs) StdoutLine: {'line': b'-- Up-to-date: /home/em/ros_workspace_2025/nav_ws/install/px4_msgs/include/px4_msgs/px4_msgs/msg/detail/uavcan_parameter_value__builder.hpp\n'}
[9.329261] (px4_msgs) StdoutLine: {'line': b'-- Up-to-date: /home/em/ros_workspace_2025/nav_ws/install/px4_msgs/include/px4_msgs/px4_msgs/msg/detail/wheel_encoders__traits.hpp\n'}
[9.329286] (px4_msgs) StdoutLine: {'line': b'-- Up-to-date: /home/em/ros_workspace_2025/nav_ws/install/px4_msgs/include/px4_msgs/px4_msgs/msg/detail/vehicle_command_ack__builder.hpp\n'}
[9.329306] (px4_msgs) StdoutLine: {'line': b'-- Up-to-date: /home/em/ros_workspace_2025/nav_ws/install/px4_msgs/include/px4_msgs/px4_msgs/msg/detail/gimbal_device_information__struct.hpp\n'}
[9.329327] (px4_msgs) StdoutLine: {'line': b'-- Up-to-date: /home/em/ros_workspace_2025/nav_ws/install/px4_msgs/include/px4_msgs/px4_msgs/msg/detail/manual_control_setpoint__struct.hpp\n'}
[9.329348] (px4_msgs) StdoutLine: {'line': b'-- Up-to-date: /home/em/ros_workspace_2025/nav_ws/install/px4_msgs/include/px4_msgs/px4_msgs/msg/detail/sensor_gyro_fifo__traits.hpp\n'}
[9.329367] (px4_msgs) StdoutLine: {'line': b'-- Up-to-date: /home/em/ros_workspace_2025/nav_ws/install/px4_msgs/include/px4_msgs/px4_msgs/msg/detail/parameter_set_value_request__traits.hpp\n'}
[9.329386] (px4_msgs) StdoutLine: {'line': b'-- Up-to-date: /home/em/ros_workspace_2025/nav_ws/install/px4_msgs/include/px4_msgs/px4_msgs/msg/detail/distance_sensor__struct.hpp\n'}
[9.329411] (px4_msgs) StdoutLine: {'line': b'-- Up-to-date: /home/em/ros_workspace_2025/nav_ws/install/px4_msgs/include/px4_msgs/px4_msgs/msg/detail/vehicle_control_mode__traits.hpp\n'}
[9.329437] (px4_msgs) StdoutLine: {'line': b'-- Up-to-date: /home/em/ros_workspace_2025/nav_ws/install/px4_msgs/include/px4_msgs/px4_msgs/msg/detail/logger_status__builder.hpp\n'}
[9.329466] (px4_msgs) StdoutLine: {'line': b'-- Up-to-date: /home/em/ros_workspace_2025/nav_ws/install/px4_msgs/include/px4_msgs/px4_msgs/msg/detail/vehicle_status__builder.hpp\n'}
[9.329487] (px4_msgs) StdoutLine: {'line': b'-- Up-to-date: /home/em/ros_workspace_2025/nav_ws/install/px4_msgs/include/px4_msgs/px4_msgs/msg/detail/internal_combustion_engine_status__builder.hpp\n'}
[9.329508] (px4_msgs) StdoutLine: {'line': b'-- Up-to-date: /home/em/ros_workspace_2025/nav_ws/install/px4_msgs/include/px4_msgs/px4_msgs/msg/detail/estimator_bias3d__builder.hpp\n'}
[9.329528] (px4_msgs) StdoutLine: {'line': b'-- Up-to-date: /home/em/ros_workspace_2025/nav_ws/install/px4_msgs/include/px4_msgs/px4_msgs/msg/detail/sensor_gps__builder.hpp\n'}
[9.329548] (px4_msgs) StdoutLine: {'line': b'-- Up-to-date: /home/em/ros_workspace_2025/nav_ws/install/px4_msgs/include/px4_msgs/px4_msgs/msg/detail/register_ext_component_reply__builder.hpp\n'}
[9.329569] (px4_msgs) StdoutLine: {'line': b'-- Up-to-date: /home/em/ros_workspace_2025/nav_ws/install/px4_msgs/include/px4_msgs/px4_msgs/msg/detail/estimator_states__traits.hpp\n'}
[9.329589] (px4_msgs) StdoutLine: {'line': b'-- Up-to-date: /home/em/ros_workspace_2025/nav_ws/install/px4_msgs/include/px4_msgs/px4_msgs/msg/detail/ulog_stream_ack__builder.hpp\n'}
[9.329611] (px4_msgs) StdoutLine: {'line': b'-- Up-to-date: /home/em/ros_workspace_2025/nav_ws/install/px4_msgs/include/px4_msgs/px4_msgs/msg/detail/adc_report__struct.hpp\n'}
[9.329632] (px4_msgs) StdoutLine: {'line': b'-- Up-to-date: /home/em/ros_workspace_2025/nav_ws/install/px4_msgs/include/px4_msgs/px4_msgs/msg/detail/task_stack_info__traits.hpp\n'}
[9.329651] (px4_msgs) StdoutLine: {'line': b'-- Up-to-date: /home/em/ros_workspace_2025/nav_ws/install/px4_msgs/include/px4_msgs/px4_msgs/msg/detail/qshell_req__struct.hpp\n'}
[9.329672] (px4_msgs) StdoutLine: {'line': b'-- Up-to-date: /home/em/ros_workspace_2025/nav_ws/install/px4_msgs/include/px4_msgs/px4_msgs/msg/detail/open_drone_id_arm_status__struct.hpp\n'}
[9.329696] (px4_msgs) StdoutLine: {'line': b'-- Up-to-date: /home/em/ros_workspace_2025/nav_ws/install/px4_msgs/include/px4_msgs/px4_msgs/msg/detail/sensor_airflow__struct.hpp\n'}
[9.329717] (px4_msgs) StdoutLine: {'line': b'-- Up-to-date: /home/em/ros_workspace_2025/nav_ws/install/px4_msgs/include/px4_msgs/px4_msgs/msg/detail/gimbal_controls__traits.hpp\n'}
[9.329739] (px4_msgs) StdoutLine: {'line': b'-- Up-to-date: /home/em/ros_workspace_2025/nav_ws/install/px4_msgs/include/px4_msgs/px4_msgs/msg/detail/gimbal_device_attitude_status__struct.hpp\n'}
[9.329759] (px4_msgs) StdoutLine: {'line': b'-- Up-to-date: /home/em/ros_workspace_2025/nav_ws/install/px4_msgs/include/px4_msgs/px4_msgs/msg/detail/estimator_bias__builder.hpp\n'}
[9.329779] (px4_msgs) StdoutLine: {'line': b'-- Up-to-date: /home/em/ros_workspace_2025/nav_ws/install/px4_msgs/include/px4_msgs/px4_msgs/msg/detail/position_controller_landing_status__builder.hpp\n'}
[9.329799] (px4_msgs) StdoutLine: {'line': b'-- Up-to-date: /home/em/ros_workspace_2025/nav_ws/install/px4_msgs/include/px4_msgs/px4_msgs/msg/detail/estimator_selector_status__builder.hpp\n'}
[9.329818] (px4_msgs) StdoutLine: {'line': b'-- Up-to-date: /home/em/ros_workspace_2025/nav_ws/install/px4_msgs/include/px4_msgs/px4_msgs/msg/detail/tune_control__traits.hpp\n'}
[9.329837] (px4_msgs) StdoutLine: {'line': b'-- Up-to-date: /home/em/ros_workspace_2025/nav_ws/install/px4_msgs/include/px4_msgs/px4_msgs/msg/detail/gpio_out__struct.hpp\n'}
[9.329857] (px4_msgs) StdoutLine: {'line': b'-- Up-to-date: /home/em/ros_workspace_2025/nav_ws/install/px4_msgs/include/px4_msgs/px4_msgs/msg/detail/gimbal_manager_information__traits.hpp\n'}
[9.329876] (px4_msgs) StdoutLine: {'line': b'-- Up-to-date: /home/em/ros_workspace_2025/nav_ws/install/px4_msgs/include/px4_msgs/px4_msgs/msg/detail/pps_capture__struct.hpp\n'}
[9.329895] (px4_msgs) StdoutLine: {'line': b'-- Up-to-date: /home/em/ros_workspace_2025/nav_ws/install/px4_msgs/include/px4_msgs/px4_msgs/msg/detail/gimbal_manager_status__builder.hpp\n'}
[9.329914] (px4_msgs) StdoutLine: {'line': b'-- Up-to-date: /home/em/ros_workspace_2025/nav_ws/install/px4_msgs/include/px4_msgs/px4_msgs/msg/detail/actuator_controls_status__builder.hpp\n'}
[9.329933] (px4_msgs) StdoutLine: {'line': b'-- Up-to-date: /home/em/ros_workspace_2025/nav_ws/install/px4_msgs/include/px4_msgs/px4_msgs/msg/detail/sensor_accel_fifo__traits.hpp\n'}
[9.329952] (px4_msgs) StdoutLine: {'line': b'-- Up-to-date: /home/em/ros_workspace_2025/nav_ws/install/px4_msgs/include/px4_msgs/px4_msgs/msg/detail/sensor_airflow__builder.hpp\n'}
[9.329971] (px4_msgs) StdoutLine: {'line': b'-- Up-to-date: /home/em/ros_workspace_2025/nav_ws/install/px4_msgs/include/px4_msgs/px4_msgs/msg/detail/vehicle_command_ack__struct.hpp\n'}
[9.329990] (px4_msgs) StdoutLine: {'line': b'-- Up-to-date: /home/em/ros_workspace_2025/nav_ws/install/px4_msgs/include/px4_msgs/px4_msgs/msg/detail/cpuload__builder.hpp\n'}
[9.330010] (px4_msgs) StdoutLine: {'line': b'-- Up-to-date: /home/em/ros_workspace_2025/nav_ws/install/px4_msgs/include/px4_msgs/px4_msgs/msg/detail/estimator_bias3d__traits.hpp\n'}
[9.330051] (px4_msgs) StdoutLine: {'line': b'-- Up-to-date: /home/em/ros_workspace_2025/nav_ws/install/px4_msgs/include/px4_msgs/px4_msgs/msg/detail/position_controller_landing_status__struct.hpp\n'}
[9.330090] (px4_msgs) StdoutLine: {'line': b'-- Up-to-date: /home/em/ros_workspace_2025/nav_ws/install/px4_msgs/include/px4_msgs/px4_msgs/msg/detail/rover_ackermann_guidance_status__struct.hpp\n'}
[9.330115] (px4_msgs) StdoutLine: {'line': b'-- Up-to-date: /home/em/ros_workspace_2025/nav_ws/install/px4_msgs/include/px4_msgs/px4_msgs/msg/detail/rate_ctrl_status__traits.hpp\n'}
[9.330138] (px4_msgs) StdoutLine: {'line': b'-- Up-to-date: /home/em/ros_workspace_2025/nav_ws/install/px4_msgs/include/px4_msgs/px4_msgs/msg/detail/estimator_selector_status__traits.hpp\n'}
[9.330158] (px4_msgs) StdoutLine: {'line': b'-- Up-to-date: /home/em/ros_workspace_2025/nav_ws/install/px4_msgs/include/px4_msgs/px4_msgs/msg/detail/estimator_aid_source3d__builder.hpp\n'}
[9.330179] (px4_msgs) StdoutLine: {'line': b'-- Up-to-date: /home/em/ros_workspace_2025/nav_ws/install/px4_msgs/include/px4_msgs/px4_msgs/msg/detail/estimator_aid_source3d__traits.hpp\n'}
[9.330198] (px4_msgs) StdoutLine: {'line': b'-- Up-to-date: /home/em/ros_workspace_2025/nav_ws/install/px4_msgs/include/px4_msgs/px4_msgs/msg/detail/estimator_gps_status__builder.hpp\n'}
[9.330217] (px4_msgs) StdoutLine: {'line': b'-- Up-to-date: /home/em/ros_workspace_2025/nav_ws/install/px4_msgs/include/px4_msgs/px4_msgs/msg/detail/arming_check_reply__struct.hpp\n'}
[9.330236] (px4_msgs) StdoutLine: {'line': b'-- Up-to-date: /home/em/ros_workspace_2025/nav_ws/install/px4_msgs/include/px4_msgs/px4_msgs/msg/detail/vehicle_air_data__builder.hpp\n'}
[9.330256] (px4_msgs) StdoutLine: {'line': b'-- Up-to-date: /home/em/ros_workspace_2025/nav_ws/install/px4_msgs/include/px4_msgs/px4_msgs/msg/detail/debug_value__traits.hpp\n'}
[9.330309] (px4_msgs) StdoutLine: {'line': b'-- Up-to-date: /home/em/ros_workspace_2025/nav_ws/install/px4_msgs/include/px4_msgs/px4_msgs/msg/detail/mag_worker_data__traits.hpp\n'}
[9.330334] (px4_msgs) StdoutLine: {'line': b'-- Up-to-date: /home/em/ros_workspace_2025/nav_ws/install/px4_msgs/include/px4_msgs/px4_msgs/msg/detail/airspeed_wind__builder.hpp\n'}
[9.330355] (px4_msgs) StdoutLine: {'line': b'-- Up-to-date: /home/em/ros_workspace_2025/nav_ws/install/px4_msgs/include/px4_msgs/px4_msgs/msg/detail/parameter_set_value_response__traits.hpp\n'}
[9.330376] (px4_msgs) StdoutLine: {'line': b'-- Up-to-date: /home/em/ros_workspace_2025/nav_ws/install/px4_msgs/include/px4_msgs/px4_msgs/msg/detail/open_drone_id_arm_status__builder.hpp\n'}
[9.330395] (px4_msgs) StdoutLine: {'line': b'-- Up-to-date: /home/em/ros_workspace_2025/nav_ws/install/px4_msgs/include/px4_msgs/px4_msgs/msg/detail/home_position__traits.hpp\n'}
[9.330422] (px4_msgs) StdoutLine: {'line': b'-- Up-to-date: /home/em/ros_workspace_2025/nav_ws/install/px4_msgs/include/px4_msgs/px4_msgs/msg/detail/esc_status__traits.hpp\n'}
[9.330441] (px4_msgs) StdoutLine: {'line': b'-- Up-to-date: /home/em/ros_workspace_2025/nav_ws/install/px4_msgs/include/px4_msgs/px4_msgs/msg/detail/vehicle_imu_status__builder.hpp\n'}
[9.330462] (px4_msgs) StdoutLine: {'line': b'-- Up-to-date: /home/em/ros_workspace_2025/nav_ws/install/px4_msgs/include/px4_msgs/px4_msgs/msg/detail/landing_gear_wheel__struct.hpp\n'}
[9.330481] (px4_msgs) StdoutLine: {'line': b'-- Up-to-date: /home/em/ros_workspace_2025/nav_ws/install/px4_msgs/include/px4_msgs/px4_msgs/msg/detail/camera_trigger__traits.hpp\n'}
[9.330501] (px4_msgs) StdoutLine: {'line': b'-- Up-to-date: /home/em/ros_workspace_2025/nav_ws/install/px4_msgs/include/px4_msgs/px4_msgs/msg/detail/estimator_aid_source2d__builder.hpp\n'}
[9.330521] (px4_msgs) StdoutLine: {'line': b'-- Up-to-date: /home/em/ros_workspace_2025/nav_ws/install/px4_msgs/include/px4_msgs/px4_msgs/msg/detail/estimator_sensor_bias__struct.hpp\n'}
[9.330541] (px4_msgs) StdoutLine: {'line': b'-- Up-to-date: /home/em/ros_workspace_2025/nav_ws/install/px4_msgs/include/px4_msgs/px4_msgs/msg/detail/gripper__traits.hpp\n'}
[9.330561] (px4_msgs) StdoutLine: {'line': b'-- Up-to-date: /home/em/ros_workspace_2025/nav_ws/install/px4_msgs/include/px4_msgs/px4_msgs/msg/detail/px4io_status__builder.hpp\n'}
[9.330582] (px4_msgs) StdoutLine: {'line': b'-- Up-to-date: /home/em/ros_workspace_2025/nav_ws/install/px4_msgs/include/px4_msgs/px4_msgs/msg/detail/vehicle_thrust_setpoint__builder.hpp\n'}
[9.330602] (px4_msgs) StdoutLine: {'line': b'-- Up-to-date: /home/em/ros_workspace_2025/nav_ws/install/px4_msgs/include/px4_msgs/px4_msgs/msg/detail/esc_status__struct.hpp\n'}
[9.330621] (px4_msgs) StdoutLine: {'line': b'-- Up-to-date: /home/em/ros_workspace_2025/nav_ws/install/px4_msgs/include/px4_msgs/px4_msgs/msg/detail/vehicle_attitude_setpoint__traits.hpp\n'}
[9.330641] (px4_msgs) StdoutLine: {'line': b'-- Up-to-date: /home/em/ros_workspace_2025/nav_ws/install/px4_msgs/include/px4_msgs/px4_msgs/msg/detail/open_drone_id_self_id__struct.hpp\n'}
[9.330660] (px4_msgs) StdoutLine: {'line': b'-- Up-to-date: /home/em/ros_workspace_2025/nav_ws/install/px4_msgs/include/px4_msgs/px4_msgs/msg/detail/health_report__traits.hpp\n'}
[9.330680] (px4_msgs) StdoutLine: {'line': b'-- Up-to-date: /home/em/ros_workspace_2025/nav_ws/install/px4_msgs/include/px4_msgs/px4_msgs/msg/detail/rover_differential_guidance_status__builder.hpp\n'}
[9.330700] (px4_msgs) StdoutLine: {'line': b'-- Up-to-date: /home/em/ros_workspace_2025/nav_ws/install/px4_msgs/include/px4_msgs/px4_msgs/msg/detail/position_setpoint_triplet__struct.hpp\n'}
[9.330723] (px4_msgs) StdoutLine: {'line': b'-- Up-to-date: /home/em/ros_workspace_2025/nav_ws/install/px4_msgs/include/px4_msgs/px4_msgs/msg/detail/follow_target__traits.hpp\n'}
[9.330746] (px4_msgs) StdoutLine: {'line': b'-- Up-to-date: /home/em/ros_workspace_2025/nav_ws/install/px4_msgs/include/px4_msgs/px4_msgs/msg/detail/register_ext_component_reply__traits.hpp\n'}
[9.330766] (px4_msgs) StdoutLine: {'line': b'-- Up-to-date: /home/em/ros_workspace_2025/nav_ws/install/px4_msgs/include/px4_msgs/px4_msgs/msg/detail/vehicle_angular_velocity__traits.hpp\n'}
[9.330786] (px4_msgs) StdoutLine: {'line': b'-- Up-to-date: /home/em/ros_workspace_2025/nav_ws/install/px4_msgs/include/px4_msgs/px4_msgs/msg/detail/mavlink_log__struct.hpp\n'}
[9.330805] (px4_msgs) StdoutLine: {'line': b'-- Up-to-date: /home/em/ros_workspace_2025/nav_ws/install/px4_msgs/include/px4_msgs/px4_msgs/msg/detail/landing_gear__traits.hpp\n'}
[9.330825] (px4_msgs) StdoutLine: {'line': b'-- Up-to-date: /home/em/ros_workspace_2025/nav_ws/install/px4_msgs/include/px4_msgs/px4_msgs/msg/detail/mission_result__traits.hpp\n'}
[9.330844] (px4_msgs) StdoutLine: {'line': b'-- Up-to-date: /home/em/ros_workspace_2025/nav_ws/install/px4_msgs/include/px4_msgs/px4_msgs/msg/detail/gimbal_device_information__builder.hpp\n'}
[9.330863] (px4_msgs) StdoutLine: {'line': b'-- Up-to-date: /home/em/ros_workspace_2025/nav_ws/install/px4_msgs/include/px4_msgs/px4_msgs/msg/detail/orbit_status__struct.hpp\n'}
[9.330882] (px4_msgs) StdoutLine: {'line': b'-- Up-to-date: /home/em/ros_workspace_2025/nav_ws/install/px4_msgs/include/px4_msgs/px4_msgs/msg/detail/arming_check_request__builder.hpp\n'}
[9.330903] (px4_msgs) StdoutLine: {'line': b'-- Up-to-date: /home/em/ros_workspace_2025/nav_ws/install/px4_msgs/include/px4_msgs/px4_msgs/msg/detail/estimator_gps_status__traits.hpp\n'}
[9.330922] (px4_msgs) StdoutLine: {'line': b'-- Up-to-date: /home/em/ros_workspace_2025/nav_ws/install/px4_msgs/include/px4_msgs/px4_msgs/msg/detail/gps_dump__struct.hpp\n'}
[9.330942] (px4_msgs) StdoutLine: {'line': b'-- Up-to-date: /home/em/ros_workspace_2025/nav_ws/install/px4_msgs/include/px4_msgs/px4_msgs/msg/detail/takeoff_status__traits.hpp\n'}
[9.330962] (px4_msgs) StdoutLine: {'line': b'-- Up-to-date: /home/em/ros_workspace_2025/nav_ws/install/px4_msgs/include/px4_msgs/px4_msgs/msg/detail/camera_trigger__builder.hpp\n'}
[9.330981] (px4_msgs) StdoutLine: {'line': b'-- Up-to-date: /home/em/ros_workspace_2025/nav_ws/install/px4_msgs/include/px4_msgs/px4_msgs/msg/detail/open_drone_id_system__builder.hpp\n'}
[9.331002] (px4_msgs) StdoutLine: {'line': b'-- Up-to-date: /home/em/ros_workspace_2025/nav_ws/install/px4_msgs/include/px4_msgs/px4_msgs/msg/detail/onboard_computer_status__struct.hpp\n'}
[9.331021] (px4_msgs) StdoutLine: {'line': b'-- Up-to-date: /home/em/ros_workspace_2025/nav_ws/install/px4_msgs/include/px4_msgs/px4_msgs/msg/detail/vehicle_land_detected__builder.hpp\n'}
[9.331042] (px4_msgs) StdoutLine: {'line': b'-- Up-to-date: /home/em/ros_workspace_2025/nav_ws/install/px4_msgs/include/px4_msgs/px4_msgs/msg/detail/battery_status__traits.hpp\n'}
[9.331062] (px4_msgs) StdoutLine: {'line': b'-- Up-to-date: /home/em/ros_workspace_2025/nav_ws/install/px4_msgs/include/px4_msgs/px4_msgs/msg/detail/landing_gear__struct.hpp\n'}
[9.331082] (px4_msgs) StdoutLine: {'line': b'-- Up-to-date: /home/em/ros_workspace_2025/nav_ws/install/px4_msgs/include/px4_msgs/px4_msgs/msg/detail/parameter_set_value_request__builder.hpp\n'}
[9.331103] (px4_msgs) StdoutLine: {'line': b'-- Up-to-date: /home/em/ros_workspace_2025/nav_ws/install/px4_msgs/include/px4_msgs/px4_msgs/msg/detail/ulog_stream_ack__traits.hpp\n'}
[9.331122] (px4_msgs) StdoutLine: {'line': b'-- Up-to-date: /home/em/ros_workspace_2025/nav_ws/install/px4_msgs/include/px4_msgs/px4_msgs/msg/detail/config_overrides__struct.hpp\n'}
[9.331145] (px4_msgs) StdoutLine: {'line': b'-- Up-to-date: /home/em/ros_workspace_2025/nav_ws/install/px4_msgs/include/px4_msgs/px4_msgs/msg/detail/rover_mecanum_status__traits.hpp\n'}
[9.331175] (px4_msgs) StdoutLine: {'line': b'-- Up-to-date: /home/em/ros_workspace_2025/nav_ws/install/px4_msgs/include/px4_msgs/px4_msgs/msg/detail/rtl_status__builder.hpp\n'}
[9.331199] (px4_msgs) StdoutLine: {'line': b'-- Up-to-date: /home/em/ros_workspace_2025/nav_ws/install/px4_msgs/include/px4_msgs/px4_msgs/msg/detail/iridiumsbd_status__builder.hpp\n'}
[9.331220] (px4_msgs) StdoutLine: {'line': b'-- Up-to-date: /home/em/ros_workspace_2025/nav_ws/install/px4_msgs/include/px4_msgs/px4_msgs/msg/detail/sensor_optical_flow__builder.hpp\n'}
[9.331240] (px4_msgs) StdoutLine: {'line': b'-- Up-to-date: /home/em/ros_workspace_2025/nav_ws/install/px4_msgs/include/px4_msgs/px4_msgs/msg/detail/gimbal_manager_set_manual_control__traits.hpp\n'}
[9.331260] (px4_msgs) StdoutLine: {'line': b'-- Up-to-date: /home/em/ros_workspace_2025/nav_ws/install/px4_msgs/include/px4_msgs/px4_msgs/msg/detail/parameter_reset_request__builder.hpp\n'}
[9.331280] (px4_msgs) StdoutLine: {'line': b'-- Up-to-date: /home/em/ros_workspace_2025/nav_ws/install/px4_msgs/include/px4_msgs/px4_msgs/msg/detail/launch_detection_status__struct.hpp\n'}
[9.331300] (px4_msgs) StdoutLine: {'line': b'-- Up-to-date: /home/em/ros_workspace_2025/nav_ws/install/px4_msgs/include/px4_msgs/px4_msgs/msg/detail/arming_check_reply__builder.hpp\n'}
[9.331320] (px4_msgs) StdoutLine: {'line': b'-- Up-to-date: /home/em/ros_workspace_2025/nav_ws/install/px4_msgs/include/px4_msgs/px4_msgs/msg/detail/follow_target_estimator__traits.hpp\n'}
[9.331340] (px4_msgs) StdoutLine: {'line': b'-- Up-to-date: /home/em/ros_workspace_2025/nav_ws/install/px4_msgs/include/px4_msgs/px4_msgs/msg/detail/sensors_status__struct.hpp\n'}
[9.331359] (px4_msgs) StdoutLine: {'line': b'-- Up-to-date: /home/em/ros_workspace_2025/nav_ws/install/px4_msgs/include/px4_msgs/px4_msgs/msg/detail/vehicle_torque_setpoint__traits.hpp\n'}
[9.331379] (px4_msgs) StdoutLine: {'line': b'-- Up-to-date: /home/em/ros_workspace_2025/nav_ws/install/px4_msgs/include/px4_msgs/px4_msgs/msg/detail/differential_pressure__builder.hpp\n'}
[9.331399] (px4_msgs) StdoutLine: {'line': b'-- Up-to-date: /home/em/ros_workspace_2025/nav_ws/install/px4_msgs/include/px4_msgs/px4_msgs/msg/detail/ekf2_timestamps__traits.hpp\n'}
[9.331429] (px4_msgs) StdoutLine: {'line': b'-- Up-to-date: /home/em/ros_workspace_2025/nav_ws/install/px4_msgs/include/px4_msgs/px4_msgs/msg/detail/cellular_status__traits.hpp\n'}
[9.331459] (px4_msgs) StdoutLine: {'line': b'-- Up-to-date: /home/em/ros_workspace_2025/nav_ws/install/px4_msgs/include/px4_msgs/px4_msgs/msg/detail/wind__struct.hpp\n'}
[9.331485] (px4_msgs) StdoutLine: {'line': b'-- Up-to-date: /home/em/ros_workspace_2025/nav_ws/install/px4_msgs/include/px4_msgs/px4_msgs/msg/detail/sensor_selection__traits.hpp\n'}
[9.331508] (px4_msgs) StdoutLine: {'line': b'-- Up-to-date: /home/em/ros_workspace_2025/nav_ws/install/px4_msgs/include/px4_msgs/px4_msgs/msg/detail/rover_mecanum_guidance_status__traits.hpp\n'}
[9.331534] (px4_msgs) StdoutLine: {'line': b'-- Up-to-date: /home/em/ros_workspace_2025/nav_ws/install/px4_msgs/include/px4_msgs/px4_msgs/msg/detail/vehicle_optical_flow__traits.hpp\n'}
[9.331584] (px4_msgs) StdoutLine: {'line': b'-- Up-to-date: /home/em/ros_workspace_2025/nav_ws/install/px4_msgs/include/px4_msgs/px4_msgs/msg/detail/vehicle_acceleration__traits.hpp\n'}
[9.331607] (px4_msgs) StdoutLine: {'line': b'-- Up-to-date: /home/em/ros_workspace_2025/nav_ws/install/px4_msgs/include/px4_msgs/px4_msgs/msg/detail/ulog_stream_ack__struct.hpp\n'}
[9.331628] (px4_msgs) StdoutLine: {'line': b'-- Up-to-date: /home/em/ros_workspace_2025/nav_ws/install/px4_msgs/include/px4_msgs/px4_msgs/msg/detail/vehicle_command__builder.hpp\n'}
[9.331649] (px4_msgs) StdoutLine: {'line': b'-- Up-to-date: /home/em/ros_workspace_2025/nav_ws/install/px4_msgs/include/px4_msgs/px4_msgs/msg/detail/follow_target_status__builder.hpp\n'}
[9.331668] (px4_msgs) StdoutLine: {'line': b'-- Up-to-date: /home/em/ros_workspace_2025/nav_ws/install/px4_msgs/include/px4_msgs/px4_msgs/msg/detail/vehicle_local_position_setpoint__struct.hpp\n'}
[9.331691] (px4_msgs) StdoutLine: {'line': b'-- Up-to-date: /home/em/ros_workspace_2025/nav_ws/install/px4_msgs/include/px4_msgs/px4_msgs/msg/detail/geofence_result__traits.hpp\n'}
[9.331713] (px4_msgs) StdoutLine: {'line': b'-- Up-to-date: /home/em/ros_workspace_2025/nav_ws/install/px4_msgs/include/px4_msgs/px4_msgs/msg/detail/debug_vect__traits.hpp\n'}
[9.331732] (px4_msgs) StdoutLine: {'line': b'-- Up-to-date: /home/em/ros_workspace_2025/nav_ws/install/px4_msgs/include/px4_msgs/px4_msgs/msg/detail/failure_detector_status__builder.hpp\n'}
[9.331751] (px4_msgs) StdoutLine: {'line': b'-- Up-to-date: /home/em/ros_workspace_2025/nav_ws/install/px4_msgs/include/px4_msgs/px4_msgs/msg/detail/tiltrotor_extra_controls__builder.hpp\n'}
[9.331770] (px4_msgs) StdoutLine: {'line': b'-- Up-to-date: /home/em/ros_workspace_2025/nav_ws/install/px4_msgs/include/px4_msgs/px4_msgs/msg/detail/orb_test_medium__builder.hpp\n'}
[9.331788] (px4_msgs) StdoutLine: {'line': b'-- Up-to-date: /home/em/ros_workspace_2025/nav_ws/install/px4_msgs/include/px4_msgs/px4_msgs/msg/detail/gimbal_device_information__traits.hpp\n'}
[9.331807] (px4_msgs) StdoutLine: {'line': b'-- Up-to-date: /home/em/ros_workspace_2025/nav_ws/install/px4_msgs/include/px4_msgs/px4_msgs/msg/detail/launch_detection_status__traits.hpp\n'}
[9.331825] (px4_msgs) StdoutLine: {'line': b'-- Up-to-date: /home/em/ros_workspace_2025/nav_ws/install/px4_msgs/include/px4_msgs/px4_msgs/msg/detail/navigator_mission_item__traits.hpp\n'}
[9.331845] (px4_msgs) StdoutLine: {'line': b'-- Up-to-date: /home/em/ros_workspace_2025/nav_ws/install/px4_msgs/include/px4_msgs/px4_msgs/msg/detail/parameter_reset_request__struct.hpp\n'}
[9.331864] (px4_msgs) StdoutLine: {'line': b'-- Up-to-date: /home/em/ros_workspace_2025/nav_ws/install/px4_msgs/include/px4_msgs/px4_msgs/msg/detail/health_report__builder.hpp\n'}
[9.331886] (px4_msgs) StdoutLine: {'line': b'-- Up-to-date: /home/em/ros_workspace_2025/nav_ws/install/px4_msgs/include/px4_msgs/px4_msgs/msg/detail/log_message__struct.hpp\n'}
[9.331906] (px4_msgs) StdoutLine: {'line': b'-- Up-to-date: /home/em/ros_workspace_2025/nav_ws/install/px4_msgs/include/px4_msgs/px4_msgs/msg/detail/button_event__struct.hpp\n'}
[9.331925] (px4_msgs) StdoutLine: {'line': b'-- Up-to-date: /home/em/ros_workspace_2025/nav_ws/install/px4_msgs/include/px4_msgs/px4_msgs/msg/detail/message_format_response__struct.hpp\n'}
[9.331944] (px4_msgs) StdoutLine: {'line': b'-- Up-to-date: /home/em/ros_workspace_2025/nav_ws/install/px4_msgs/include/px4_msgs/px4_msgs/msg/detail/vehicle_imu_status__struct.hpp\n'}
[9.331962] (px4_msgs) StdoutLine: {'line': b'-- Up-to-date: /home/em/ros_workspace_2025/nav_ws/install/px4_msgs/include/px4_msgs/px4_msgs/msg/detail/fuel_tank_status__struct.hpp\n'}
[9.331981] (px4_msgs) StdoutLine: {'line': b'-- Up-to-date: /home/em/ros_workspace_2025/nav_ws/install/px4_msgs/include/px4_msgs/px4_msgs/msg/detail/register_ext_component_request__traits.hpp\n'}
[9.332002] (px4_msgs) StdoutLine: {'line': b'-- Up-to-date: /home/em/ros_workspace_2025/nav_ws/install/px4_msgs/include/px4_msgs/px4_msgs/msg/detail/cellular_status__struct.hpp\n'}
[9.332020] (px4_msgs) StdoutLine: {'line': b'-- Up-to-date: /home/em/ros_workspace_2025/nav_ws/install/px4_msgs/include/px4_msgs/px4_msgs/msg/detail/sensor_accel__traits.hpp\n'}
[9.332039] (px4_msgs) StdoutLine: {'line': b'-- Up-to-date: /home/em/ros_workspace_2025/nav_ws/install/px4_msgs/include/px4_msgs/px4_msgs/msg/detail/open_drone_id_operator_id__traits.hpp\n'}
[9.332059] (px4_msgs) StdoutLine: {'line': b'-- Up-to-date: /home/em/ros_workspace_2025/nav_ws/install/px4_msgs/include/px4_msgs/px4_msgs/msg/detail/parameter_update__traits.hpp\n'}
[9.332077] (px4_msgs) StdoutLine: {'line': b'-- Up-to-date: /home/em/ros_workspace_2025/nav_ws/install/px4_msgs/include/px4_msgs/px4_msgs/msg/detail/uavcan_parameter_value__traits.hpp\n'}
[9.332096] (px4_msgs) StdoutLine: {'line': b'-- Up-to-date: /home/em/ros_workspace_2025/nav_ws/install/px4_msgs/include/px4_msgs/px4_msgs/msg/detail/fuel_tank_status__builder.hpp\n'}
[9.332116] (px4_msgs) StdoutLine: {'line': b'-- Up-to-date: /home/em/ros_workspace_2025/nav_ws/install/px4_msgs/include/px4_msgs/px4_msgs/msg/detail/vehicle_local_position__builder.hpp\n'}
[9.332134] (px4_msgs) StdoutLine: {'line': b'-- Up-to-date: /home/em/ros_workspace_2025/nav_ws/install/px4_msgs/include/px4_msgs/px4_msgs/msg/detail/sensor_accel_fifo__struct.hpp\n'}
[9.332153] (px4_msgs) StdoutLine: {'line': b'-- Up-to-date: /home/em/ros_workspace_2025/nav_ws/install/px4_msgs/include/px4_msgs/px4_msgs/msg/detail/sensor_mag__builder.hpp\n'}
[9.332171] (px4_msgs) StdoutLine: {'line': b'-- Up-to-date: /home/em/ros_workspace_2025/nav_ws/install/px4_msgs/include/px4_msgs/px4_msgs/msg/detail/rover_mecanum_guidance_status__builder.hpp\n'}
[9.332190] (px4_msgs) StdoutLine: {'line': b'-- Up-to-date: /home/em/ros_workspace_2025/nav_ws/install/px4_msgs/include/px4_msgs/px4_msgs/msg/detail/rover_mecanum_setpoint__traits.hpp\n'}
[9.332209] (px4_msgs) StdoutLine: {'line': b'-- Up-to-date: /home/em/ros_workspace_2025/nav_ws/install/px4_msgs/include/px4_msgs/px4_msgs/msg/detail/mission_result__struct.hpp\n'}
[9.332227] (px4_msgs) StdoutLine: {'line': b'-- Up-to-date: /home/em/ros_workspace_2025/nav_ws/install/px4_msgs/include/px4_msgs/px4_msgs/msg/detail/tiltrotor_extra_controls__traits.hpp\n'}
[9.332246] (px4_msgs) StdoutLine: {'line': b'-- Up-to-date: /home/em/ros_workspace_2025/nav_ws/install/px4_msgs/include/px4_msgs/px4_msgs/msg/detail/satellite_info__builder.hpp\n'}
[9.332269] (px4_msgs) StdoutLine: {'line': b'-- Up-to-date: /home/em/ros_workspace_2025/nav_ws/install/px4_msgs/include/px4_msgs/px4_msgs/msg/detail/message_format_response__traits.hpp\n'}
[9.332288] (px4_msgs) StdoutLine: {'line': b'-- Up-to-date: /home/em/ros_workspace_2025/nav_ws/install/px4_msgs/include/px4_msgs/px4_msgs/msg/detail/debug_value__builder.hpp\n'}
[9.332308] (px4_msgs) StdoutLine: {'line': b'-- Up-to-date: /home/em/ros_workspace_2025/nav_ws/install/px4_msgs/include/px4_msgs/px4_msgs/msg/detail/dataman_response__struct.hpp\n'}
[9.332327] (px4_msgs) StdoutLine: {'line': b'-- Up-to-date: /home/em/ros_workspace_2025/nav_ws/install/px4_msgs/include/px4_msgs/px4_msgs/msg/detail/collision_report__builder.hpp\n'}
[9.332346] (px4_msgs) StdoutLine: {'line': b'-- Up-to-date: /home/em/ros_workspace_2025/nav_ws/install/px4_msgs/include/px4_msgs/px4_msgs/msg/detail/uavcan_parameter_request__traits.hpp\n'}
[9.332364] (px4_msgs) StdoutLine: {'line': b'-- Up-to-date: /home/em/ros_workspace_2025/nav_ws/install/px4_msgs/include/px4_msgs/px4_msgs/msg/detail/estimator_status__builder.hpp\n'}
[9.332383] (px4_msgs) StdoutLine: {'line': b'-- Up-to-date: /home/em/ros_workspace_2025/nav_ws/install/px4_msgs/include/px4_msgs/px4_msgs/msg/detail/pwm_input__builder.hpp\n'}
[9.332402] (px4_msgs) StdoutLine: {'line': b'-- Up-to-date: /home/em/ros_workspace_2025/nav_ws/install/px4_msgs/include/px4_msgs/px4_msgs/msg/detail/dataman_request__builder.hpp\n'}
[9.332427] (px4_msgs) StdoutLine: {'line': b'-- Up-to-date: /home/em/ros_workspace_2025/nav_ws/install/px4_msgs/include/px4_msgs/px4_msgs/msg/detail/mavlink_log__builder.hpp\n'}
[9.332446] (px4_msgs) StdoutLine: {'line': b'-- Up-to-date: /home/em/ros_workspace_2025/nav_ws/install/px4_msgs/include/px4_msgs/px4_msgs/msg/detail/vehicle_constraints__traits.hpp\n'}
[9.332474] (px4_msgs) StdoutLine: {'line': b'-- Up-to-date: /home/em/ros_workspace_2025/nav_ws/install/px4_msgs/include/px4_msgs/px4_msgs/msg/detail/home_position__builder.hpp\n'}
[9.332493] (px4_msgs) StdoutLine: {'line': b'-- Up-to-date: /home/em/ros_workspace_2025/nav_ws/install/px4_msgs/include/px4_msgs/px4_msgs/msg/detail/config_overrides__traits.hpp\n'}
[9.332513] (px4_msgs) StdoutLine: {'line': b'-- Up-to-date: /home/em/ros_workspace_2025/nav_ws/install/px4_msgs/include/px4_msgs/px4_msgs/msg/detail/camera_status__traits.hpp\n'}
[9.332533] (px4_msgs) StdoutLine: {'line': b'-- Up-to-date: /home/em/ros_workspace_2025/nav_ws/install/px4_msgs/include/px4_msgs/px4_msgs/msg/detail/gpio_request__builder.hpp\n'}
[9.332552] (px4_msgs) StdoutLine: {'line': b'-- Up-to-date: /home/em/ros_workspace_2025/nav_ws/install/px4_msgs/include/px4_msgs/px4_msgs/msg/detail/airspeed__builder.hpp\n'}
[9.332572] (px4_msgs) StdoutLine: {'line': b'-- Up-to-date: /home/em/ros_workspace_2025/nav_ws/install/px4_msgs/include/px4_msgs/px4_msgs/msg/detail/tecs_status__struct.hpp\n'}
[9.332591] (px4_msgs) StdoutLine: {'line': b'-- Up-to-date: /home/em/ros_workspace_2025/nav_ws/install/px4_msgs/include/px4_msgs/px4_msgs/msg/detail/estimator_status_flags__builder.hpp\n'}
[9.332610] (px4_msgs) StdoutLine: {'line': b'-- Up-to-date: /home/em/ros_workspace_2025/nav_ws/install/px4_msgs/include/px4_msgs/px4_msgs/msg/detail/estimator_aid_source2d__struct.hpp\n'}
[9.332629] (px4_msgs) StdoutLine: {'line': b'-- Up-to-date: /home/em/ros_workspace_2025/nav_ws/install/px4_msgs/include/px4_msgs/px4_msgs/msg/detail/rover_differential_status__traits.hpp\n'}
[9.332648] (px4_msgs) StdoutLine: {'line': b'-- Up-to-date: /home/em/ros_workspace_2025/nav_ws/install/px4_msgs/include/px4_msgs/px4_msgs/msg/detail/mavlink_tunnel__traits.hpp\n'}
[9.332668] (px4_msgs) StdoutLine: {'line': b'-- Up-to-date: /home/em/ros_workspace_2025/nav_ws/install/px4_msgs/include/px4_msgs/px4_msgs/msg/detail/estimator_status__traits.hpp\n'}
[9.332690] (px4_msgs) StdoutLine: {'line': b'-- Up-to-date: /home/em/ros_workspace_2025/nav_ws/install/px4_msgs/include/px4_msgs/px4_msgs/msg/detail/mission_result__builder.hpp\n'}
[9.332710] (px4_msgs) StdoutLine: {'line': b'-- Up-to-date: /home/em/ros_workspace_2025/nav_ws/install/px4_msgs/include/px4_msgs/px4_msgs/msg/detail/sensor_uwb__struct.hpp\n'}
[9.332729] (px4_msgs) StdoutLine: {'line': b'-- Up-to-date: /home/em/ros_workspace_2025/nav_ws/install/px4_msgs/include/px4_msgs/px4_msgs/msg/detail/sensors_status_imu__builder.hpp\n'}
[9.332750] (px4_msgs) StdoutLine: {'line': b'-- Up-to-date: /home/em/ros_workspace_2025/nav_ws/install/px4_msgs/include/px4_msgs/px4_msgs/msg/detail/normalized_unsigned_setpoint__struct.hpp\n'}
[9.332768] (px4_msgs) StdoutLine: {'line': b'-- Up-to-date: /home/em/ros_workspace_2025/nav_ws/install/px4_msgs/include/px4_msgs/px4_msgs/msg/detail/actuator_servos_trim__builder.hpp\n'}
[9.332787] (px4_msgs) StdoutLine: {'line': b'-- Up-to-date: /home/em/ros_workspace_2025/nav_ws/install/px4_msgs/include/px4_msgs/px4_msgs/msg/detail/open_drone_id_self_id__builder.hpp\n'}
[9.332806] (px4_msgs) StdoutLine: {'line': b'-- Up-to-date: /home/em/ros_workspace_2025/nav_ws/install/px4_msgs/include/px4_msgs/px4_msgs/msg/detail/led_control__builder.hpp\n'}
[9.332845] (px4_msgs) StdoutLine: {'line': b'-- Up-to-date: /home/em/ros_workspace_2025/nav_ws/install/px4_msgs/include/px4_msgs/px4_msgs/msg/detail/magnetometer_bias_estimate__struct.hpp\n'}
[9.332865] (px4_msgs) StdoutLine: {'line': b'-- Up-to-date: /home/em/ros_workspace_2025/nav_ws/install/px4_msgs/include/px4_msgs/px4_msgs/msg/detail/sensor_gyro_fft__builder.hpp\n'}
[9.332888] (px4_msgs) StdoutLine: {'line': b'-- Up-to-date: /home/em/ros_workspace_2025/nav_ws/install/px4_msgs/include/px4_msgs/px4_msgs/msg/detail/distance_sensor__traits.hpp\n'}
[9.332906] (px4_msgs) StdoutLine: {'line': b'-- Up-to-date: /home/em/ros_workspace_2025/nav_ws/install/px4_msgs/include/px4_msgs/px4_msgs/msg/detail/rover_ackermann_guidance_status__traits.hpp\n'}
[9.332925] (px4_msgs) StdoutLine: {'line': b'-- Up-to-date: /home/em/ros_workspace_2025/nav_ws/install/px4_msgs/include/px4_msgs/px4_msgs/msg/detail/vehicle_angular_acceleration_setpoint__struct.hpp\n'}
[9.332944] (px4_msgs) StdoutLine: {'line': b'-- Up-to-date: /home/em/ros_workspace_2025/nav_ws/install/px4_msgs/include/px4_msgs/px4_msgs/msg/detail/gps_dump__builder.hpp\n'}
[9.332964] (px4_msgs) StdoutLine: {'line': b'-- Up-to-date: /home/em/ros_workspace_2025/nav_ws/install/px4_msgs/include/px4_msgs/px4_msgs/msg/detail/sensor_uwb__traits.hpp\n'}
[9.332982] (px4_msgs) StdoutLine: {'line': b'-- Up-to-date: /home/em/ros_workspace_2025/nav_ws/install/px4_msgs/include/px4_msgs/px4_msgs/msg/detail/log_message__builder.hpp\n'}
[9.333000] (px4_msgs) StdoutLine: {'line': b'-- Up-to-date: /home/em/ros_workspace_2025/nav_ws/install/px4_msgs/include/px4_msgs/px4_msgs/msg/detail/radio_status__traits.hpp\n'}
[9.333019] (px4_msgs) StdoutLine: {'line': b'-- Up-to-date: /home/em/ros_workspace_2025/nav_ws/install/px4_msgs/include/px4_msgs/px4_msgs/msg/detail/sensor_mag__traits.hpp\n'}
[9.333038] (px4_msgs) StdoutLine: {'line': b'-- Up-to-date: /home/em/ros_workspace_2025/nav_ws/install/px4_msgs/include/px4_msgs/px4_msgs/msg/detail/actuator_outputs__struct.hpp\n'}
[9.333057] (px4_msgs) StdoutLine: {'line': b'-- Up-to-date: /home/em/ros_workspace_2025/nav_ws/install/px4_msgs/include/px4_msgs/px4_msgs/msg/detail/camera_capture__builder.hpp\n'}
[9.333076] (px4_msgs) StdoutLine: {'line': b'-- Up-to-date: /home/em/ros_workspace_2025/nav_ws/install/px4_msgs/include/px4_msgs/px4_msgs/msg/detail/parameter_reset_request__traits.hpp\n'}
[9.333095] (px4_msgs) StdoutLine: {'line': b'-- Up-to-date: /home/em/ros_workspace_2025/nav_ws/install/px4_msgs/include/px4_msgs/px4_msgs/msg/detail/vehicle_trajectory_bezier__struct.hpp\n'}
[9.333114] (px4_msgs) StdoutLine: {'line': b'-- Up-to-date: /home/em/ros_workspace_2025/nav_ws/install/px4_msgs/include/px4_msgs/px4_msgs/msg/detail/gimbal_manager_set_manual_control__struct.hpp\n'}
[9.333133] (px4_msgs) StdoutLine: {'line': b'-- Up-to-date: /home/em/ros_workspace_2025/nav_ws/install/px4_msgs/include/px4_msgs/px4_msgs/msg/detail/gimbal_manager_set_attitude__builder.hpp\n'}
[9.333154] (px4_msgs) StdoutLine: {'line': b'-- Up-to-date: /home/em/ros_workspace_2025/nav_ws/install/px4_msgs/include/px4_msgs/px4_msgs/msg/detail/uavcan_parameter_request__struct.hpp\n'}
[9.333174] (px4_msgs) StdoutLine: {'line': b'-- Up-to-date: /home/em/ros_workspace_2025/nav_ws/install/px4_msgs/include/px4_msgs/px4_msgs/msg/detail/vehicle_land_detected__traits.hpp\n'}
[9.333193] (px4_msgs) StdoutLine: {'line': b'-- Up-to-date: /home/em/ros_workspace_2025/nav_ws/install/px4_msgs/include/px4_msgs/px4_msgs/msg/detail/sensor_gyro_fifo__struct.hpp\n'}
[9.333212] (px4_msgs) StdoutLine: {'line': b'-- Up-to-date: /home/em/ros_workspace_2025/nav_ws/install/px4_msgs/include/px4_msgs/px4_msgs/msg/detail/landing_target_innovations__builder.hpp\n'}
[9.333232] (px4_msgs) StdoutLine: {'line': b'-- Up-to-date: /home/em/ros_workspace_2025/nav_ws/install/px4_msgs/include/px4_msgs/px4_msgs/msg/detail/geofence_result__struct.hpp\n'}
[9.333254] (px4_msgs) StdoutLine: {'line': b'-- Up-to-date: /home/em/ros_workspace_2025/nav_ws/install/px4_msgs/include/px4_msgs/px4_msgs/msg/detail/vehicle_command_ack__traits.hpp\n'}
[9.333273] (px4_msgs) StdoutLine: {'line': b'-- Up-to-date: /home/em/ros_workspace_2025/nav_ws/install/px4_msgs/include/px4_msgs/px4_msgs/msg/detail/can_interface_status__traits.hpp\n'}
[9.333292] (px4_msgs) StdoutLine: {'line': b'-- Up-to-date: /home/em/ros_workspace_2025/nav_ws/install/px4_msgs/include/px4_msgs/px4_msgs/msg/detail/position_controller_status__traits.hpp\n'}
[9.333313] (px4_msgs) StdoutLine: {'line': b'-- Up-to-date: /home/em/ros_workspace_2025/nav_ws/install/px4_msgs/include/px4_msgs/px4_msgs/msg/detail/geofence_status__builder.hpp\n'}
[9.333332] (px4_msgs) StdoutLine: {'line': b'-- Up-to-date: /home/em/ros_workspace_2025/nav_ws/install/px4_msgs/include/px4_msgs/px4_msgs/msg/detail/actuator_armed__struct.hpp\n'}
[9.333352] (px4_msgs) StdoutLine: {'line': b'-- Up-to-date: /home/em/ros_workspace_2025/nav_ws/install/px4_msgs/include/px4_msgs/px4_msgs/msg/detail/qshell_req__traits.hpp\n'}
[9.333371] (px4_msgs) StdoutLine: {'line': b'-- Up-to-date: /home/em/ros_workspace_2025/nav_ws/install/px4_msgs/include/px4_msgs/px4_msgs/msg/detail/orb_test_medium__traits.hpp\n'}
[9.333390] (px4_msgs) StdoutLine: {'line': b'-- Up-to-date: /home/em/ros_workspace_2025/nav_ws/install/px4_msgs/include/px4_msgs/px4_msgs/msg/detail/manual_control_switches__struct.hpp\n'}
[9.333412] (px4_msgs) StdoutLine: {'line': b'-- Up-to-date: /home/em/ros_workspace_2025/nav_ws/install/px4_msgs/include/px4_msgs/px4_msgs/msg/detail/vehicle_odometry__traits.hpp\n'}
[9.333434] (px4_msgs) StdoutLine: {'line': b'-- Up-to-date: /home/em/ros_workspace_2025/nav_ws/install/px4_msgs/include/px4_msgs/px4_msgs/msg/detail/power_monitor__struct.hpp\n'}
[9.333452] (px4_msgs) StdoutLine: {'line': b'-- Up-to-date: /home/em/ros_workspace_2025/nav_ws/install/px4_msgs/include/px4_msgs/px4_msgs/msg/detail/yaw_estimator_status__struct.hpp\n'}
[9.333473] (px4_msgs) StdoutLine: {'line': b'-- Up-to-date: /home/em/ros_workspace_2025/nav_ws/install/px4_msgs/include/px4_msgs/px4_msgs/msg/detail/airspeed_wind__traits.hpp\n'}
[9.333496] (px4_msgs) StdoutLine: {'line': b'-- Up-to-date: /home/em/ros_workspace_2025/nav_ws/install/px4_msgs/include/px4_msgs/px4_msgs/msg/detail/actuator_outputs__traits.hpp\n'}
[9.333516] (px4_msgs) StdoutLine: {'line': b'-- Up-to-date: /home/em/ros_workspace_2025/nav_ws/install/px4_msgs/include/px4_msgs/px4_msgs/msg/detail/gpio_config__struct.hpp\n'}
[9.333536] (px4_msgs) StdoutLine: {'line': b'-- Up-to-date: /home/em/ros_workspace_2025/nav_ws/install/px4_msgs/include/px4_msgs/px4_msgs/msg/detail/vehicle_thrust_setpoint__traits.hpp\n'}
[9.333555] (px4_msgs) StdoutLine: {'line': b'-- Up-to-date: /home/em/ros_workspace_2025/nav_ws/install/px4_msgs/include/px4_msgs/px4_msgs/msg/detail/esc_report__struct.hpp\n'}
[9.333574] (px4_msgs) StdoutLine: {'line': b'-- Up-to-date: /home/em/ros_workspace_2025/nav_ws/install/px4_msgs/include/px4_msgs/px4_msgs/msg/detail/rover_ackermann_status__traits.hpp\n'}
[9.333594] (px4_msgs) StdoutLine: {'line': b'-- Up-to-date: /home/em/ros_workspace_2025/nav_ws/install/px4_msgs/include/px4_msgs/px4_msgs/msg/detail/estimator_event_flags__builder.hpp\n'}
[9.333613] (px4_msgs) StdoutLine: {'line': b'-- Up-to-date: /home/em/ros_workspace_2025/nav_ws/install/px4_msgs/include/px4_msgs/px4_msgs/msg/detail/ping__builder.hpp\n'}
[9.333632] (px4_msgs) StdoutLine: {'line': b'-- Up-to-date: /home/em/ros_workspace_2025/nav_ws/install/px4_msgs/include/px4_msgs/px4_msgs/msg/detail/airspeed__traits.hpp\n'}
[9.333652] (px4_msgs) StdoutLine: {'line': b'-- Up-to-date: /home/em/ros_workspace_2025/nav_ws/install/px4_msgs/include/px4_msgs/px4_msgs/msg/detail/trajectory_bezier__struct.hpp\n'}
[9.333673] (px4_msgs) StdoutLine: {'line': b'-- Up-to-date: /home/em/ros_workspace_2025/nav_ws/install/px4_msgs/include/px4_msgs/px4_msgs/msg/detail/battery_status__struct.hpp\n'}
[9.333691] (px4_msgs) StdoutLine: {'line': b'-- Up-to-date: /home/em/ros_workspace_2025/nav_ws/install/px4_msgs/include/px4_msgs/px4_msgs/msg/detail/buffer128__struct.hpp\n'}
[9.333715] (px4_msgs) StdoutLine: {'line': b'-- Up-to-date: /home/em/ros_workspace_2025/nav_ws/install/px4_msgs/include/px4_msgs/px4_msgs/msg/detail/gimbal_manager_information__builder.hpp\n'}
[9.333734] (px4_msgs) StdoutLine: {'line': b'-- Up-to-date: /home/em/ros_workspace_2025/nav_ws/install/px4_msgs/include/px4_msgs/px4_msgs/msg/detail/sensor_baro__traits.hpp\n'}
[9.333752] (px4_msgs) StdoutLine: {'line': b'-- Up-to-date: /home/em/ros_workspace_2025/nav_ws/install/px4_msgs/include/px4_msgs/px4_msgs/msg/detail/parameter_update__struct.hpp\n'}
[9.333772] (px4_msgs) StdoutLine: {'line': b'-- Up-to-date: /home/em/ros_workspace_2025/nav_ws/install/px4_msgs/include/px4_msgs/px4_msgs/msg/detail/navigator_status__builder.hpp\n'}
[9.333790] (px4_msgs) StdoutLine: {'line': b'-- Up-to-date: /home/em/ros_workspace_2025/nav_ws/install/px4_msgs/include/px4_msgs/px4_msgs/msg/detail/vehicle_magnetometer__traits.hpp\n'}
[9.333809] (px4_msgs) StdoutLine: {'line': b'-- Up-to-date: /home/em/ros_workspace_2025/nav_ws/install/px4_msgs/include/px4_msgs/px4_msgs/msg/detail/hover_thrust_estimate__traits.hpp\n'}
[9.333830] (px4_msgs) StdoutLine: {'line': b'-- Up-to-date: /home/em/ros_workspace_2025/nav_ws/install/px4_msgs/include/px4_msgs/px4_msgs/msg/detail/estimator_aid_source1d__builder.hpp\n'}
[9.333849] (px4_msgs) StdoutLine: {'line': b'-- Up-to-date: /home/em/ros_workspace_2025/nav_ws/install/px4_msgs/include/px4_msgs/px4_msgs/msg/detail/event__builder.hpp\n'}
[9.333867] (px4_msgs) StdoutLine: {'line': b'-- Up-to-date: /home/em/ros_workspace_2025/nav_ws/install/px4_msgs/include/px4_msgs/px4_msgs/msg/detail/vehicle_optical_flow__struct.hpp\n'}
[9.333886] (px4_msgs) StdoutLine: {'line': b'-- Up-to-date: /home/em/ros_workspace_2025/nav_ws/install/px4_msgs/include/px4_msgs/px4_msgs/msg/detail/sensor_gyro__struct.hpp\n'}
[9.333906] (px4_msgs) StdoutLine: {'line': b'-- Up-to-date: /home/em/ros_workspace_2025/nav_ws/install/px4_msgs/include/px4_msgs/px4_msgs/msg/detail/sensors_status__builder.hpp\n'}
[9.333925] (px4_msgs) StdoutLine: {'line': b'-- Up-to-date: /home/em/ros_workspace_2025/nav_ws/install/px4_msgs/include/px4_msgs/px4_msgs/msg/detail/qshell_retval__builder.hpp\n'}
[9.333944] (px4_msgs) StdoutLine: {'line': b'-- Up-to-date: /home/em/ros_workspace_2025/nav_ws/install/px4_msgs/include/px4_msgs/px4_msgs/msg/detail/vtol_vehicle_status__builder.hpp\n'}
[9.333962] (px4_msgs) StdoutLine: {'line': b'-- Up-to-date: /home/em/ros_workspace_2025/nav_ws/install/px4_msgs/include/px4_msgs/px4_msgs/msg/detail/rover_mecanum_status__builder.hpp\n'}
[9.333981] (px4_msgs) StdoutLine: {'line': b'-- Up-to-date: /home/em/ros_workspace_2025/nav_ws/install/px4_msgs/include/px4_msgs/px4_msgs/msg/detail/vehicle_odometry__builder.hpp\n'}
[9.334000] (px4_msgs) StdoutLine: {'line': b'-- Up-to-date: /home/em/ros_workspace_2025/nav_ws/install/px4_msgs/include/px4_msgs/px4_msgs/msg/detail/rover_differential_status__struct.hpp\n'}
[9.334019] (px4_msgs) StdoutLine: {'line': b'-- Up-to-date: /home/em/ros_workspace_2025/nav_ws/install/px4_msgs/include/px4_msgs/px4_msgs/msg/detail/geofence_status__struct.hpp\n'}
[9.334038] (px4_msgs) StdoutLine: {'line': b'-- Up-to-date: /home/em/ros_workspace_2025/nav_ws/install/px4_msgs/include/px4_msgs/px4_msgs/msg/detail/action_request__builder.hpp\n'}
[9.334056] (px4_msgs) StdoutLine: {'line': b'-- Up-to-date: /home/em/ros_workspace_2025/nav_ws/install/px4_msgs/include/px4_msgs/px4_msgs/msg/detail/gpio_config__builder.hpp\n'}
[9.334076] (px4_msgs) StdoutLine: {'line': b'-- Up-to-date: /home/em/ros_workspace_2025/nav_ws/install/px4_msgs/include/px4_msgs/px4_msgs/msg/detail/vehicle_acceleration__struct.hpp\n'}
[9.334114] (px4_msgs) StdoutLine: {'line': b'-- Up-to-date: /home/em/ros_workspace_2025/nav_ws/install/px4_msgs/include/px4_msgs/px4_msgs/msg/detail/trajectory_setpoint__struct.hpp\n'}
[9.334134] (px4_msgs) StdoutLine: {'line': b'-- Up-to-date: /home/em/ros_workspace_2025/nav_ws/install/px4_msgs/include/px4_msgs/px4_msgs/msg/detail/input_rc__builder.hpp\n'}
[9.334154] (px4_msgs) StdoutLine: {'line': b'-- Up-to-date: /home/em/ros_workspace_2025/nav_ws/install/px4_msgs/include/px4_msgs/px4_msgs/msg/detail/sensor_gyro__builder.hpp\n'}
[9.334173] (px4_msgs) StdoutLine: {'line': b'-- Up-to-date: /home/em/ros_workspace_2025/nav_ws/install/px4_msgs/include/px4_msgs/px4_msgs/msg/detail/follow_target_status__struct.hpp\n'}
[9.334193] (px4_msgs) StdoutLine: {'line': b'-- Up-to-date: /home/em/ros_workspace_2025/nav_ws/install/px4_msgs/include/px4_msgs/px4_msgs/msg/detail/sensor_baro__struct.hpp\n'}
[9.334216] (px4_msgs) StdoutLine: {'line': b'-- Up-to-date: /home/em/ros_workspace_2025/nav_ws/install/px4_msgs/include/px4_msgs/px4_msgs/msg/detail/npfg_status__struct.hpp\n'}
[9.334235] (px4_msgs) StdoutLine: {'line': b'-- Up-to-date: /home/em/ros_workspace_2025/nav_ws/install/px4_msgs/include/px4_msgs/px4_msgs/msg/detail/goto_setpoint__traits.hpp\n'}
[9.334254] (px4_msgs) StdoutLine: {'line': b'-- Up-to-date: /home/em/ros_workspace_2025/nav_ws/install/px4_msgs/include/px4_msgs/px4_msgs/msg/detail/distance_sensor__builder.hpp\n'}
[9.334273] (px4_msgs) StdoutLine: {'line': b'-- Up-to-date: /home/em/ros_workspace_2025/nav_ws/install/px4_msgs/include/px4_msgs/px4_msgs/msg/detail/landing_target_pose__builder.hpp\n'}
[9.334293] (px4_msgs) StdoutLine: {'line': b'-- Up-to-date: /home/em/ros_workspace_2025/nav_ws/install/px4_msgs/include/px4_msgs/px4_msgs/msg/detail/navigator_status__struct.hpp\n'}
[9.334313] (px4_msgs) StdoutLine: {'line': b'-- Up-to-date: /home/em/ros_workspace_2025/nav_ws/install/px4_msgs/include/px4_msgs/px4_msgs/msg/detail/system_power__traits.hpp\n'}
[9.334332] (px4_msgs) StdoutLine: {'line': b'-- Up-to-date: /home/em/ros_workspace_2025/nav_ws/install/px4_msgs/include/px4_msgs/px4_msgs/msg/detail/collision_report__traits.hpp\n'}
[9.334351] (px4_msgs) StdoutLine: {'line': b'-- Up-to-date: /home/em/ros_workspace_2025/nav_ws/install/px4_msgs/include/px4_msgs/px4_msgs/msg/detail/hover_thrust_estimate__struct.hpp\n'}
[9.334371] (px4_msgs) StdoutLine: {'line': b'-- Up-to-date: /home/em/ros_workspace_2025/nav_ws/install/px4_msgs/include/px4_msgs/px4_msgs/msg/detail/rtl_time_estimate__builder.hpp\n'}
[9.334393] (px4_msgs) StdoutLine: {'line': b'-- Up-to-date: /home/em/ros_workspace_2025/nav_ws/install/px4_msgs/include/px4_msgs/px4_msgs/msg/detail/led_control__traits.hpp\n'}
[9.334416] (px4_msgs) StdoutLine: {'line': b'-- Up-to-date: /home/em/ros_workspace_2025/nav_ws/install/px4_msgs/include/px4_msgs/px4_msgs/msg/detail/unregister_ext_component__builder.hpp\n'}
[9.334436] (px4_msgs) StdoutLine: {'line': b'-- Up-to-date: /home/em/ros_workspace_2025/nav_ws/install/px4_msgs/include/px4_msgs/px4_msgs/msg/detail/dataman_request__traits.hpp\n'}
[9.334464] (px4_msgs) StdoutLine: {'line': b'-- Up-to-date: /home/em/ros_workspace_2025/nav_ws/install/px4_msgs/include/px4_msgs/px4_msgs/msg/detail/irlock_report__builder.hpp\n'}
[9.334484] (px4_msgs) StdoutLine: {'line': b'-- Up-to-date: /home/em/ros_workspace_2025/nav_ws/install/px4_msgs/include/px4_msgs/px4_msgs/msg/detail/autotune_attitude_control_status__struct.hpp\n'}
[9.334505] (px4_msgs) StdoutLine: {'line': b'-- Up-to-date: /home/em/ros_workspace_2025/nav_ws/install/px4_msgs/include/px4_msgs/px4_msgs/msg/detail/mavlink_tunnel__builder.hpp\n'}
[9.334524] (px4_msgs) StdoutLine: {'line': b'-- Up-to-date: /home/em/ros_workspace_2025/nav_ws/install/px4_msgs/include/px4_msgs/px4_msgs/msg/detail/collision_constraints__builder.hpp\n'}
[9.334544] (px4_msgs) StdoutLine: {'line': b'-- Up-to-date: /home/em/ros_workspace_2025/nav_ws/install/px4_msgs/include/px4_msgs/px4_msgs/msg/detail/failsafe_flags__struct.hpp\n'}
[9.334564] (px4_msgs) StdoutLine: {'line': b'-- Up-to-date: /home/em/ros_workspace_2025/nav_ws/install/px4_msgs/include/px4_msgs/px4_msgs/msg/detail/arming_check_request__struct.hpp\n'}
[9.334583] (px4_msgs) StdoutLine: {'line': b'-- Up-to-date: /home/em/ros_workspace_2025/nav_ws/install/px4_msgs/include/px4_msgs/px4_msgs/msg/detail/estimator_bias__struct.hpp\n'}
[9.334603] (px4_msgs) StdoutLine: {'line': b'-- Up-to-date: /home/em/ros_workspace_2025/nav_ws/install/px4_msgs/include/px4_msgs/px4_msgs/msg/detail/normalized_unsigned_setpoint__traits.hpp\n'}
[9.334623] (px4_msgs) StdoutLine: {'line': b'-- Up-to-date: /home/em/ros_workspace_2025/nav_ws/install/px4_msgs/include/px4_msgs/px4_msgs/msg/detail/generator_status__struct.hpp\n'}
[9.334643] (px4_msgs) StdoutLine: {'line': b'-- Up-to-date: /home/em/ros_workspace_2025/nav_ws/install/px4_msgs/include/px4_msgs/px4_msgs/msg/detail/airspeed__struct.hpp\n'}
[9.334663] (px4_msgs) StdoutLine: {'line': b'-- Up-to-date: /home/em/ros_workspace_2025/nav_ws/install/px4_msgs/include/px4_msgs/px4_msgs/msg/detail/log_message__traits.hpp\n'}
[9.334685] (px4_msgs) StdoutLine: {'line': b'-- Up-to-date: /home/em/ros_workspace_2025/nav_ws/install/px4_msgs/include/px4_msgs/px4_msgs/msg/detail/yaw_estimator_status__traits.hpp\n'}
[9.334706] (px4_msgs) StdoutLine: {'line': b'-- Up-to-date: /home/em/ros_workspace_2025/nav_ws/install/px4_msgs/include/px4_msgs/px4_msgs/msg/detail/rover_mecanum_setpoint__builder.hpp\n'}
[9.334729] (px4_msgs) StdoutLine: {'line': b'-- Up-to-date: /home/em/ros_workspace_2025/nav_ws/install/px4_msgs/include/px4_msgs/px4_msgs/msg/detail/estimator_states__builder.hpp\n'}
[9.334754] (px4_msgs) StdoutLine: {'line': b'-- Up-to-date: /home/em/ros_workspace_2025/nav_ws/install/px4_msgs/include/px4_msgs/px4_msgs/msg/detail/flight_phase_estimation__struct.hpp\n'}
[9.334775] (px4_msgs) StdoutLine: {'line': b'-- Up-to-date: /home/em/ros_workspace_2025/nav_ws/install/px4_msgs/include/px4_msgs/px4_msgs/msg/detail/rover_ackermann_setpoint__traits.hpp\n'}
[9.334796] (px4_msgs) StdoutLine: {'line': b'-- Up-to-date: /home/em/ros_workspace_2025/nav_ws/install/px4_msgs/include/px4_msgs/px4_msgs/msg/detail/task_stack_info__builder.hpp\n'}
[9.334816] (px4_msgs) StdoutLine: {'line': b'-- Up-to-date: /home/em/ros_workspace_2025/nav_ws/install/px4_msgs/include/px4_msgs/px4_msgs/msg/detail/vehicle_roi__struct.hpp\n'}
[9.334835] (px4_msgs) StdoutLine: {'line': b'-- Up-to-date: /home/em/ros_workspace_2025/nav_ws/install/px4_msgs/include/px4_msgs/px4_msgs/msg/detail/debug_key_value__struct.hpp\n'}
[9.334855] (px4_msgs) StdoutLine: {'line': b'-- Up-to-date: /home/em/ros_workspace_2025/nav_ws/install/px4_msgs/include/px4_msgs/px4_msgs/msg/detail/vehicle_trajectory_waypoint__builder.hpp\n'}
[9.334875] (px4_msgs) StdoutLine: {'line': b'-- Up-to-date: /home/em/ros_workspace_2025/nav_ws/install/px4_msgs/include/px4_msgs/px4_msgs/msg/detail/pps_capture__builder.hpp\n'}
[9.334894] (px4_msgs) StdoutLine: {'line': b'-- Up-to-date: /home/em/ros_workspace_2025/nav_ws/install/px4_msgs/include/px4_msgs/px4_msgs/msg/detail/vehicle_optical_flow_vel__struct.hpp\n'}
[9.334914] (px4_msgs) StdoutLine: {'line': b'-- Up-to-date: /home/em/ros_workspace_2025/nav_ws/install/px4_msgs/include/px4_msgs/px4_msgs/msg/detail/vehicle_angular_velocity__builder.hpp\n'}
[9.334935] (px4_msgs) StdoutLine: {'line': b'-- Up-to-date: /home/em/ros_workspace_2025/nav_ws/install/px4_msgs/include/px4_msgs/px4_msgs/msg/detail/unregister_ext_component__struct.hpp\n'}
[9.334956] (px4_msgs) StdoutLine: {'line': b'-- Up-to-date: /home/em/ros_workspace_2025/nav_ws/install/px4_msgs/include/px4_msgs/px4_msgs/msg/detail/mode_completed__builder.hpp\n'}
[9.334976] (px4_msgs) StdoutLine: {'line': b'-- Up-to-date: /home/em/ros_workspace_2025/nav_ws/install/px4_msgs/include/px4_msgs/px4_msgs/msg/detail/rtl_time_estimate__struct.hpp\n'}
[9.334998] (px4_msgs) StdoutLine: {'line': b'-- Up-to-date: /home/em/ros_workspace_2025/nav_ws/install/px4_msgs/include/px4_msgs/px4_msgs/msg/detail/landing_gear_wheel__builder.hpp\n'}
[9.335018] (px4_msgs) StdoutLine: {'line': b'-- Up-to-date: /home/em/ros_workspace_2025/nav_ws/install/px4_msgs/include/px4_msgs/px4_msgs/msg/detail/ping__traits.hpp\n'}
[9.335038] (px4_msgs) StdoutLine: {'line': b'-- Up-to-date: /home/em/ros_workspace_2025/nav_ws/install/px4_msgs/include/px4_msgs/px4_msgs/msg/detail/register_ext_component_reply__struct.hpp\n'}
[9.335058] (px4_msgs) StdoutLine: {'line': b'-- Up-to-date: /home/em/ros_workspace_2025/nav_ws/install/px4_msgs/include/px4_msgs/px4_msgs/msg/detail/uavcan_parameter_request__builder.hpp\n'}
[9.335084] (px4_msgs) StdoutLine: {'line': b'-- Up-to-date: /home/em/ros_workspace_2025/nav_ws/install/px4_msgs/include/px4_msgs/px4_msgs/msg/detail/gimbal_device_set_attitude__builder.hpp\n'}
[9.335117] (px4_msgs) StdoutLine: {'line': b'-- Up-to-date: /home/em/ros_workspace_2025/nav_ws/install/px4_msgs/include/px4_msgs/px4_msgs/msg/detail/mavlink_log__traits.hpp\n'}
[9.335140] (px4_msgs) StdoutLine: {'line': b'-- Up-to-date: /home/em/ros_workspace_2025/nav_ws/install/px4_msgs/include/px4_msgs/px4_msgs/msg/detail/debug_key_value__builder.hpp\n'}
[9.335163] (px4_msgs) StdoutLine: {'line': b'-- Up-to-date: /home/em/ros_workspace_2025/nav_ws/install/px4_msgs/include/px4_msgs/px4_msgs/msg/detail/gimbal_manager_status__traits.hpp\n'}
[9.335183] (px4_msgs) StdoutLine: {'line': b'-- Up-to-date: /home/em/ros_workspace_2025/nav_ws/install/px4_msgs/include/px4_msgs/px4_msgs/msg/detail/message_format_response__builder.hpp\n'}
[9.335202] (px4_msgs) StdoutLine: {'line': b'-- Up-to-date: /home/em/ros_workspace_2025/nav_ws/install/px4_msgs/include/px4_msgs/px4_msgs/msg/detail/esc_report__traits.hpp\n'}
[9.335222] (px4_msgs) StdoutLine: {'line': b'-- Up-to-date: /home/em/ros_workspace_2025/nav_ws/install/px4_msgs/include/px4_msgs/px4_msgs/msg/detail/satellite_info__struct.hpp\n'}
[9.335241] (px4_msgs) StdoutLine: {'line': b'-- Up-to-date: /home/em/ros_workspace_2025/nav_ws/install/px4_msgs/include/px4_msgs/px4_msgs/msg/detail/estimator_aid_source1d__struct.hpp\n'}
[9.335260] (px4_msgs) StdoutLine: {'line': b'-- Up-to-date: /home/em/ros_workspace_2025/nav_ws/install/px4_msgs/include/px4_msgs/px4_msgs/msg/detail/rover_differential_setpoint__struct.hpp\n'}
[9.335280] (px4_msgs) StdoutLine: {'line': b'-- Up-to-date: /home/em/ros_workspace_2025/nav_ws/install/px4_msgs/include/px4_msgs/px4_msgs/msg/detail/actuator_motors__traits.hpp\n'}
[9.335299] (px4_msgs) StdoutLine: {'line': b'-- Up-to-date: /home/em/ros_workspace_2025/nav_ws/install/px4_msgs/include/px4_msgs/px4_msgs/msg/detail/sensor_accel_fifo__builder.hpp\n'}
[9.335319] (px4_msgs) StdoutLine: {'line': b'-- Up-to-date: /home/em/ros_workspace_2025/nav_ws/install/px4_msgs/include/px4_msgs/px4_msgs/msg/detail/position_setpoint_triplet__traits.hpp\n'}
[9.335338] (px4_msgs) StdoutLine: {'line': b'-- Up-to-date: /home/em/ros_workspace_2025/nav_ws/install/px4_msgs/include/px4_msgs/px4_msgs/msg/detail/button_event__builder.hpp\n'}
[9.335383] (px4_msgs) StdoutLine: {'line': b'-- Up-to-date: /home/em/ros_workspace_2025/nav_ws/install/px4_msgs/include/px4_msgs/px4_msgs/msg/detail/airspeed_wind__struct.hpp\n'}
[9.335406] (px4_msgs) StdoutLine: {'line': b'-- Up-to-date: /home/em/ros_workspace_2025/nav_ws/install/px4_msgs/include/px4_msgs/px4_msgs/msg/detail/mode_completed__traits.hpp\n'}
[9.335432] (px4_msgs) StdoutLine: {'line': b'-- Up-to-date: /home/em/ros_workspace_2025/nav_ws/install/px4_msgs/include/px4_msgs/px4_msgs/msg/detail/orb_test__struct.hpp\n'}
[9.335452] (px4_msgs) StdoutLine: {'line': b'-- Up-to-date: /home/em/ros_workspace_2025/nav_ws/install/px4_msgs/include/px4_msgs/px4_msgs/msg/detail/sensor_accel__builder.hpp\n'}
[9.335472] (px4_msgs) StdoutLine: {'line': b'-- Up-to-date: /home/em/ros_workspace_2025/nav_ws/install/px4_msgs/include/px4_msgs/px4_msgs/msg/detail/flight_phase_estimation__builder.hpp\n'}
[9.335492] (px4_msgs) StdoutLine: {'line': b'-- Up-to-date: /home/em/ros_workspace_2025/nav_ws/install/px4_msgs/include/px4_msgs/px4_msgs/msg/detail/message_format_request__traits.hpp\n'}
[9.335512] (px4_msgs) StdoutLine: {'line': b'-- Up-to-date: /home/em/ros_workspace_2025/nav_ws/install/px4_msgs/include/px4_msgs/px4_msgs/msg/detail/navigator_status__traits.hpp\n'}
[9.335532] (px4_msgs) StdoutLine: {'line': b'-- Up-to-date: /home/em/ros_workspace_2025/nav_ws/install/px4_msgs/include/px4_msgs/px4_msgs/msg/detail/manual_control_switches__builder.hpp\n'}
[9.335552] (px4_msgs) StdoutLine: {'line': b'-- Up-to-date: /home/em/ros_workspace_2025/nav_ws/install/px4_msgs/include/px4_msgs/px4_msgs/msg/detail/rc_parameter_map__builder.hpp\n'}
[9.335572] (px4_msgs) StdoutLine: {'line': b'-- Up-to-date: /home/em/ros_workspace_2025/nav_ws/install/px4_msgs/include/px4_msgs/px4_msgs/msg/detail/actuator_controls_status__traits.hpp\n'}
[9.335596] (px4_msgs) StdoutLine: {'line': b'-- Up-to-date: /home/em/ros_workspace_2025/nav_ws/install/px4_msgs/include/px4_msgs/px4_msgs/msg/detail/telemetry_status__builder.hpp\n'}
[9.335620] (px4_msgs) StdoutLine: {'line': b'-- Up-to-date: /home/em/ros_workspace_2025/nav_ws/install/px4_msgs/include/px4_msgs/px4_msgs/msg/detail/task_stack_info__struct.hpp\n'}
[9.335648] (px4_msgs) StdoutLine: {'line': b'-- Up-to-date: /home/em/ros_workspace_2025/nav_ws/install/px4_msgs/include/px4_msgs/px4_msgs/msg/detail/manual_control_switches__traits.hpp\n'}
[9.335676] (px4_msgs) StdoutLine: {'line': b'-- Up-to-date: /home/em/ros_workspace_2025/nav_ws/install/px4_msgs/include/px4_msgs/px4_msgs/msg/detail/heater_status__builder.hpp\n'}
[9.335704] (px4_msgs) StdoutLine: {'line': b'-- Up-to-date: /home/em/ros_workspace_2025/nav_ws/install/px4_msgs/include/px4_msgs/px4_msgs/msg/detail/follow_target_estimator__struct.hpp\n'}
[9.335749] (px4_msgs) StdoutLine: {'line': b'-- Up-to-date: /home/em/ros_workspace_2025/nav_ws/install/px4_msgs/include/px4_msgs/px4_msgs/msg/detail/sensor_hygrometer__struct.hpp\n'}
[9.335809] (px4_msgs) StdoutLine: {'line': b'-- Up-to-date: /home/em/ros_workspace_2025/nav_ws/install/px4_msgs/include/px4_msgs/px4_msgs/msg/detail/position_controller_status__struct.hpp\n'}
[9.335860] (px4_msgs) StdoutLine: {'line': b'-- Up-to-date: /home/em/ros_workspace_2025/nav_ws/install/px4_msgs/include/px4_msgs/px4_msgs/msg/detail/actuator_servos_trim__struct.hpp\n'}
[9.335900] (px4_msgs) StdoutLine: {'line': b'-- Up-to-date: /home/em/ros_workspace_2025/nav_ws/install/px4_msgs/include/px4_msgs/px4_msgs/msg/detail/internal_combustion_engine_status__traits.hpp\n'}
[9.335936] (px4_msgs) StdoutLine: {'line': b'-- Up-to-date: /home/em/ros_workspace_2025/nav_ws/install/px4_msgs/include/px4_msgs/px4_msgs/msg/detail/vehicle_trajectory_waypoint__traits.hpp\n'}
[9.335965] (px4_msgs) StdoutLine: {'line': b'-- Up-to-date: /home/em/ros_workspace_2025/nav_ws/install/px4_msgs/include/px4_msgs/px4_msgs/msg/detail/rc_parameter_map__struct.hpp\n'}
[9.335988] (px4_msgs) StdoutLine: {'line': b'-- Up-to-date: /home/em/ros_workspace_2025/nav_ws/install/px4_msgs/include/px4_msgs/px4_msgs/msg/detail/sensor_gps__struct.hpp\n'}
[9.336012] (px4_msgs) StdoutLine: {'line': b'-- Up-to-date: /home/em/ros_workspace_2025/nav_ws/install/px4_msgs/include/px4_msgs/px4_msgs/msg/detail/qshell_retval__traits.hpp\n'}
[9.336034] (px4_msgs) StdoutLine: {'line': b'-- Up-to-date: /home/em/ros_workspace_2025/nav_ws/install/px4_msgs/include/px4_msgs/px4_msgs/msg/detail/hover_thrust_estimate__builder.hpp\n'}
[9.336055] (px4_msgs) StdoutLine: {'line': b'-- Up-to-date: /home/em/ros_workspace_2025/nav_ws/install/px4_msgs/include/px4_msgs/px4_msgs/msg/detail/can_interface_status__builder.hpp\n'}
[9.336076] (px4_msgs) StdoutLine: {'line': b'-- Up-to-date: /home/em/ros_workspace_2025/nav_ws/install/px4_msgs/include/px4_msgs/px4_msgs/msg/detail/orb_test_large__builder.hpp\n'}
[9.336098] (px4_msgs) StdoutLine: {'line': b'-- Up-to-date: /home/em/ros_workspace_2025/nav_ws/install/px4_msgs/include/px4_msgs/px4_msgs/msg/detail/mavlink_tunnel__struct.hpp\n'}
[9.336119] (px4_msgs) StdoutLine: {'line': b'-- Up-to-date: /home/em/ros_workspace_2025/nav_ws/install/px4_msgs/include/px4_msgs/px4_msgs/msg/detail/actuator_armed__traits.hpp\n'}
[9.336141] (px4_msgs) StdoutLine: {'line': b'-- Up-to-date: /home/em/ros_workspace_2025/nav_ws/install/px4_msgs/include/px4_msgs/px4_msgs/msg/detail/rc_parameter_map__traits.hpp\n'}
[9.336164] (px4_msgs) StdoutLine: {'line': b'-- Up-to-date: /home/em/ros_workspace_2025/nav_ws/install/px4_msgs/include/px4_msgs/px4_msgs/msg/detail/position_setpoint__struct.hpp\n'}
[9.336193] (px4_msgs) StdoutLine: {'line': b'-- Up-to-date: /home/em/ros_workspace_2025/nav_ws/install/px4_msgs/include/px4_msgs/px4_msgs/msg/detail/qshell_req__builder.hpp\n'}
[9.336222] (px4_msgs) StdoutLine: {'line': b'-- Up-to-date: /home/em/ros_workspace_2025/nav_ws/install/px4_msgs/include/px4_msgs/px4_msgs/msg/detail/vehicle_local_position__struct.hpp\n'}
[9.336248] (px4_msgs) StdoutLine: {'line': b'-- Up-to-date: /home/em/ros_workspace_2025/nav_ws/install/px4_msgs/include/px4_msgs/px4_msgs/msg/detail/parameter_set_value_request__struct.hpp\n'}
[9.336272] (px4_msgs) StdoutLine: {'line': b'-- Up-to-date: /home/em/ros_workspace_2025/nav_ws/install/px4_msgs/include/px4_msgs/px4_msgs/msg/detail/gripper__struct.hpp\n'}
[9.336296] (px4_msgs) StdoutLine: {'line': b'-- Up-to-date: /home/em/ros_workspace_2025/nav_ws/install/px4_msgs/include/px4_msgs/px4_msgs/msg/detail/vehicle_air_data__struct.hpp\n'}
[9.336319] (px4_msgs) StdoutLine: {'line': b'-- Up-to-date: /home/em/ros_workspace_2025/nav_ws/install/px4_msgs/include/px4_msgs/px4_msgs/msg/detail/irlock_report__struct.hpp\n'}
[9.336339] (px4_msgs) StdoutLine: {'line': b'-- Up-to-date: /home/em/ros_workspace_2025/nav_ws/install/px4_msgs/include/px4_msgs/px4_msgs/msg/detail/onboard_computer_status__traits.hpp\n'}
[9.336361] (px4_msgs) StdoutLine: {'line': b'-- Up-to-date: /home/em/ros_workspace_2025/nav_ws/install/px4_msgs/include/px4_msgs/px4_msgs/msg/detail/takeoff_status__builder.hpp\n'}
[9.336387] (px4_msgs) StdoutLine: {'line': b'-- Up-to-date: /home/em/ros_workspace_2025/nav_ws/install/px4_msgs/include/px4_msgs/px4_msgs/msg/detail/sensor_gnss_relative__builder.hpp\n'}
[9.336419] (px4_msgs) StdoutLine: {'line': b'-- Up-to-date: /home/em/ros_workspace_2025/nav_ws/install/px4_msgs/include/px4_msgs/px4_msgs/msg/detail/distance_sensor_mode_change_request__builder.hpp\n'}
[9.336442] (px4_msgs) StdoutLine: {'line': b'-- Up-to-date: /home/em/ros_workspace_2025/nav_ws/install/px4_msgs/include/px4_msgs/px4_msgs/msg/detail/sensor_preflight_mag__struct.hpp\n'}
[9.336462] (px4_msgs) StdoutLine: {'line': b'-- Up-to-date: /home/em/ros_workspace_2025/nav_ws/install/px4_msgs/include/px4_msgs/px4_msgs/msg/detail/iridiumsbd_status__struct.hpp\n'}
[9.336483] (px4_msgs) StdoutLine: {'line': b'-- Up-to-date: /home/em/ros_workspace_2025/nav_ws/install/px4_msgs/include/px4_msgs/px4_msgs/msg/detail/dataman_response__traits.hpp\n'}
[9.336515] (px4_msgs) StdoutLine: {'line': b'-- Up-to-date: /home/em/ros_workspace_2025/nav_ws/install/px4_msgs/include/px4_msgs/px4_msgs/msg/detail/action_request__traits.hpp\n'}
[9.336536] (px4_msgs) StdoutLine: {'line': b'-- Up-to-date: /home/em/ros_workspace_2025/nav_ws/install/px4_msgs/include/px4_msgs/px4_msgs/msg/detail/vehicle_attitude__traits.hpp\n'}
[9.336559] (px4_msgs) StdoutLine: {'line': b'-- Up-to-date: /home/em/ros_workspace_2025/nav_ws/install/px4_msgs/include/px4_msgs/px4_msgs/msg/detail/estimator_status_flags__struct.hpp\n'}
[9.336582] (px4_msgs) StdoutLine: {'line': b'-- Up-to-date: /home/em/ros_workspace_2025/nav_ws/install/px4_msgs/include/px4_msgs/px4_msgs/msg/detail/sensor_combined__traits.hpp\n'}
[9.336602] (px4_msgs) StdoutLine: {'line': b'-- Up-to-date: /home/em/ros_workspace_2025/nav_ws/install/px4_msgs/include/px4_msgs/px4_msgs/msg/detail/logger_status__struct.hpp\n'}
[9.336662] (px4_msgs) StdoutLine: {'line': b'-- Up-to-date: /home/em/ros_workspace_2025/nav_ws/install/px4_msgs/include/px4_msgs/px4_msgs/msg/detail/tiltrotor_extra_controls__struct.hpp\n'}
[9.336694] (px4_msgs) StdoutLine: {'line': b'-- Up-to-date: /home/em/ros_workspace_2025/nav_ws/install/px4_msgs/include/px4_msgs/px4_msgs/msg/detail/heater_status__traits.hpp\n'}
[9.336725] (px4_msgs) StdoutLine: {'line': b'-- Up-to-date: /home/em/ros_workspace_2025/nav_ws/install/px4_msgs/include/px4_msgs/px4_msgs/msg/detail/autotune_attitude_control_status__builder.hpp\n'}
[9.336757] (px4_msgs) StdoutLine: {'line': b'-- Up-to-date: /home/em/ros_workspace_2025/nav_ws/install/px4_msgs/include/px4_msgs/px4_msgs/msg/detail/vehicle_imu__struct.hpp\n'}
[9.336788] (px4_msgs) StdoutLine: {'line': b'-- Up-to-date: /home/em/ros_workspace_2025/nav_ws/install/px4_msgs/include/px4_msgs/px4_msgs/msg/detail/battery_status__builder.hpp\n'}
[9.336817] (px4_msgs) StdoutLine: {'line': b'-- Up-to-date: /home/em/ros_workspace_2025/nav_ws/install/px4_msgs/include/px4_msgs/px4_msgs/msg/detail/mission__traits.hpp\n'}
[9.336837] (px4_msgs) StdoutLine: {'line': b'-- Up-to-date: /home/em/ros_workspace_2025/nav_ws/install/px4_msgs/include/px4_msgs/px4_msgs/msg/detail/rover_differential_status__builder.hpp\n'}
[9.336861] (px4_msgs) StdoutLine: {'line': b'-- Up-to-date: /home/em/ros_workspace_2025/nav_ws/install/px4_msgs/include/px4_msgs/px4_msgs/msg/detail/differential_pressure__traits.hpp\n'}
[9.336881] (px4_msgs) StdoutLine: {'line': b'-- Up-to-date: /home/em/ros_workspace_2025/nav_ws/install/px4_msgs/include/px4_msgs/px4_msgs/msg/detail/vtol_vehicle_status__struct.hpp\n'}
[9.336907] (px4_msgs) StdoutLine: {'line': b'-- Up-to-date: /home/em/ros_workspace_2025/nav_ws/install/px4_msgs/include/px4_msgs/px4_msgs/msg/detail/follow_target_status__traits.hpp\n'}
[9.336933] (px4_msgs) StdoutLine: {'line': b'-- Up-to-date: /home/em/ros_workspace_2025/nav_ws/install/px4_msgs/include/px4_msgs/px4_msgs/msg/detail/gps_inject_data__builder.hpp\n'}
[9.336957] (px4_msgs) StdoutLine: {'line': b'-- Up-to-date: /home/em/ros_workspace_2025/nav_ws/install/px4_msgs/include/px4_msgs/px4_msgs/msg/detail/onboard_computer_status__builder.hpp\n'}
[9.336977] (px4_msgs) StdoutLine: {'line': b'-- Up-to-date: /home/em/ros_workspace_2025/nav_ws/install/px4_msgs/include/px4_msgs/px4_msgs/msg/detail/follow_target_estimator__builder.hpp\n'}
[9.337001] (px4_msgs) StdoutLine: {'line': b'-- Up-to-date: /home/em/ros_workspace_2025/nav_ws/install/px4_msgs/include/px4_msgs/px4_msgs/msg/detail/sensor_gnss_relative__traits.hpp\n'}
[9.337022] (px4_msgs) StdoutLine: {'line': b'-- Up-to-date: /home/em/ros_workspace_2025/nav_ws/install/px4_msgs/include/px4_msgs/px4_msgs/msg/detail/mode_completed__struct.hpp\n'}
[9.337047] (px4_msgs) StdoutLine: {'line': b'-- Up-to-date: /home/em/ros_workspace_2025/nav_ws/install/px4_msgs/include/px4_msgs/px4_msgs/msg/detail/vehicle_rates_setpoint__traits.hpp\n'}
[9.337068] (px4_msgs) StdoutLine: {'line': b'-- Up-to-date: /home/em/ros_workspace_2025/nav_ws/install/px4_msgs/include/px4_msgs/px4_msgs/msg/detail/home_position__struct.hpp\n'}
[9.337088] (px4_msgs) StdoutLine: {'line': b'-- Up-to-date: /home/em/ros_workspace_2025/nav_ws/install/px4_msgs/include/px4_msgs/px4_msgs/msg/detail/adc_report__traits.hpp\n'}
[9.337108] (px4_msgs) StdoutLine: {'line': b'-- Up-to-date: /home/em/ros_workspace_2025/nav_ws/install/px4_msgs/include/px4_msgs/px4_msgs/msg/detail/vtol_vehicle_status__traits.hpp\n'}
[9.337127] (px4_msgs) StdoutLine: {'line': b'-- Up-to-date: /home/em/ros_workspace_2025/nav_ws/install/px4_msgs/include/px4_msgs/px4_msgs/msg/detail/actuator_outputs__builder.hpp\n'}
[9.337149] (px4_msgs) StdoutLine: {'line': b'-- Up-to-date: /home/em/ros_workspace_2025/nav_ws/install/px4_msgs/include/px4_msgs/px4_msgs/msg/detail/debug_array__traits.hpp\n'}
[9.337169] (px4_msgs) StdoutLine: {'line': b'-- Up-to-date: /home/em/ros_workspace_2025/nav_ws/install/px4_msgs/include/px4_msgs/px4_msgs/msg/detail/open_drone_id_system__struct.hpp\n'}
[9.337190] (px4_msgs) StdoutLine: {'line': b'-- Up-to-date: /home/em/ros_workspace_2025/nav_ws/install/px4_msgs/include/px4_msgs/px4_msgs/msg/detail/debug_array__struct.hpp\n'}
[9.337214] (px4_msgs) StdoutLine: {'line': b'-- Up-to-date: /home/em/ros_workspace_2025/nav_ws/install/px4_msgs/include/px4_msgs/px4_msgs/msg/detail/message_format_request__builder.hpp\n'}
[9.337244] (px4_msgs) StdoutLine: {'line': b'-- Up-to-date: /home/em/ros_workspace_2025/nav_ws/install/px4_msgs/include/px4_msgs/px4_msgs/msg/detail/gimbal_manager_set_attitude__struct.hpp\n'}
[9.337275] (px4_msgs) StdoutLine: {'line': b'-- Up-to-date: /home/em/ros_workspace_2025/nav_ws/install/px4_msgs/include/px4_msgs/px4_msgs/msg/detail/vehicle_rates_setpoint__struct.hpp\n'}
[9.337306] (px4_msgs) StdoutLine: {'line': b'-- Up-to-date: /home/em/ros_workspace_2025/nav_ws/install/px4_msgs/include/px4_msgs/px4_msgs/msg/detail/figure_eight_status__builder.hpp\n'}
[9.337337] (px4_msgs) StdoutLine: {'line': b'-- Up-to-date: /home/em/ros_workspace_2025/nav_ws/install/px4_msgs/include/px4_msgs/px4_msgs/msg/detail/parameter_set_value_response__struct.hpp\n'}
[9.337370] (px4_msgs) StdoutLine: {'line': b'-- Up-to-date: /home/em/ros_workspace_2025/nav_ws/install/px4_msgs/include/px4_msgs/px4_msgs/msg/detail/system_power__builder.hpp\n'}
[9.337390] (px4_msgs) StdoutLine: {'line': b'-- Up-to-date: /home/em/ros_workspace_2025/nav_ws/install/px4_msgs/include/px4_msgs/px4_msgs/msg/detail/actuator_servos__traits.hpp\n'}
[9.337417] (px4_msgs) StdoutLine: {'line': b'-- Up-to-date: /home/em/ros_workspace_2025/nav_ws/install/px4_msgs/include/px4_msgs/px4_msgs/msg/detail/sensor_hygrometer__builder.hpp\n'}
[9.337441] (px4_msgs) StdoutLine: {'line': b'-- Up-to-date: /home/em/ros_workspace_2025/nav_ws/install/px4_msgs/include/px4_msgs/px4_msgs/msg/detail/rpm__struct.hpp\n'}
[9.337466] (px4_msgs) StdoutLine: {'line': b'-- Up-to-date: /home/em/ros_workspace_2025/nav_ws/install/px4_msgs/include/px4_msgs/px4_msgs/msg/detail/telemetry_status__struct.hpp\n'}
[9.337487] (px4_msgs) StdoutLine: {'line': b'-- Up-to-date: /home/em/ros_workspace_2025/nav_ws/install/px4_msgs/include/px4_msgs/px4_msgs/msg/detail/ulog_stream__builder.hpp\n'}
[9.337506] (px4_msgs) StdoutLine: {'line': b'-- Up-to-date: /home/em/ros_workspace_2025/nav_ws/install/px4_msgs/include/px4_msgs/px4_msgs/msg/detail/npfg_status__builder.hpp\n'}
[9.337526] (px4_msgs) StdoutLine: {'line': b'-- Up-to-date: /home/em/ros_workspace_2025/nav_ws/install/px4_msgs/include/px4_msgs/px4_msgs/msg/detail/rate_ctrl_status__builder.hpp\n'}
[9.337546] (px4_msgs) StdoutLine: {'line': b'-- Up-to-date: /home/em/ros_workspace_2025/nav_ws/install/px4_msgs/include/px4_msgs/px4_msgs/msg/detail/vehicle_attitude_setpoint__builder.hpp\n'}
[9.337566] (px4_msgs) StdoutLine: {'line': b'-- Up-to-date: /home/em/ros_workspace_2025/nav_ws/install/px4_msgs/include/px4_msgs/px4_msgs/msg/detail/landing_gear__builder.hpp\n'}
[9.337586] (px4_msgs) StdoutLine: {'line': b'-- Up-to-date: /home/em/ros_workspace_2025/nav_ws/install/px4_msgs/include/px4_msgs/px4_msgs/msg/detail/open_drone_id_arm_status__traits.hpp\n'}
[9.337606] (px4_msgs) StdoutLine: {'line': b'-- Up-to-date: /home/em/ros_workspace_2025/nav_ws/install/px4_msgs/include/px4_msgs/px4_msgs/msg/detail/rover_mecanum_setpoint__struct.hpp\n'}
[9.337627] (px4_msgs) StdoutLine: {'line': b'-- Up-to-date: /home/em/ros_workspace_2025/nav_ws/install/px4_msgs/include/px4_msgs/px4_msgs/msg/detail/flight_phase_estimation__traits.hpp\n'}
[9.337647] (px4_msgs) StdoutLine: {'line': b'-- Up-to-date: /home/em/ros_workspace_2025/nav_ws/install/px4_msgs/include/px4_msgs/px4_msgs/msg/detail/sensor_gyro_fifo__builder.hpp\n'}
[9.337666] (px4_msgs) StdoutLine: {'line': b'-- Up-to-date: /home/em/ros_workspace_2025/nav_ws/install/px4_msgs/include/px4_msgs/px4_msgs/msg/detail/estimator_bias__traits.hpp\n'}
[9.337689] (px4_msgs) StdoutLine: {'line': b'-- Up-to-date: /home/em/ros_workspace_2025/nav_ws/install/px4_msgs/include/px4_msgs/px4_msgs/msg/detail/trajectory_waypoint__traits.hpp\n'}
[9.337708] (px4_msgs) StdoutLine: {'line': b'-- Up-to-date: /home/em/ros_workspace_2025/nav_ws/install/px4_msgs/include/px4_msgs/px4_msgs/msg/detail/collision_constraints__traits.hpp\n'}
[9.337729] (px4_msgs) StdoutLine: {'line': b'-- Up-to-date: /home/em/ros_workspace_2025/nav_ws/install/px4_msgs/include/px4_msgs/px4_msgs/msg/detail/can_interface_status__struct.hpp\n'}
[9.337749] (px4_msgs) StdoutLine: {'line': b'-- Up-to-date: /home/em/ros_workspace_2025/nav_ws/install/px4_msgs/include/px4_msgs/px4_msgs/msg/detail/autotune_attitude_control_status__traits.hpp\n'}
[9.337769] (px4_msgs) StdoutLine: {'line': b'-- Up-to-date: /home/em/ros_workspace_2025/nav_ws/install/px4_msgs/include/px4_msgs/px4_msgs/msg/detail/iridiumsbd_status__traits.hpp\n'}
[9.337790] (px4_msgs) StdoutLine: {'line': b'-- Up-to-date: /home/em/ros_workspace_2025/nav_ws/install/px4_msgs/include/px4_msgs/px4_msgs/msg/detail/actuator_test__struct.hpp\n'}
[9.337810] (px4_msgs) StdoutLine: {'line': b'-- Up-to-date: /home/em/ros_workspace_2025/nav_ws/install/px4_msgs/include/px4_msgs/px4_msgs/msg/detail/sensor_selection__struct.hpp\n'}
[9.337832] (px4_msgs) StdoutLine: {'line': b'-- Up-to-date: /home/em/ros_workspace_2025/nav_ws/install/px4_msgs/include/px4_msgs/px4_msgs/msg/detail/vehicle_torque_setpoint__struct.hpp\n'}
[9.337850] (px4_msgs) StdoutLine: {'line': b'-- Up-to-date: /home/em/ros_workspace_2025/nav_ws/install/px4_msgs/include/px4_msgs/px4_msgs/msg/detail/trajectory_setpoint__builder.hpp\n'}
[9.337869] (px4_msgs) StdoutLine: {'line': b'-- Up-to-date: /home/em/ros_workspace_2025/nav_ws/install/px4_msgs/include/px4_msgs/px4_msgs/msg/detail/velocity_limits__traits.hpp\n'}
[9.337890] (px4_msgs) StdoutLine: {'line': b'-- Up-to-date: /home/em/ros_workspace_2025/nav_ws/install/px4_msgs/include/px4_msgs/px4_msgs/msg/detail/heater_status__struct.hpp\n'}
[9.337936] (px4_msgs) StdoutLine: {'line': b'-- Up-to-date: /home/em/ros_workspace_2025/nav_ws/install/px4_msgs/include/px4_msgs/px4_msgs/msg/detail/sensor_preflight_mag__builder.hpp\n'}
[9.337957] (px4_msgs) StdoutLine: {'line': b'-- Up-to-date: /home/em/ros_workspace_2025/nav_ws/install/px4_msgs/include/px4_msgs/px4_msgs/msg/detail/differential_pressure__struct.hpp\n'}
[9.337977] (px4_msgs) StdoutLine: {'line': b'-- Up-to-date: /home/em/ros_workspace_2025/nav_ws/install/px4_msgs/include/px4_msgs/px4_msgs/msg/detail/gimbal_device_attitude_status__builder.hpp\n'}
[9.337996] (px4_msgs) StdoutLine: {'line': b'-- Up-to-date: /home/em/ros_workspace_2025/nav_ws/install/px4_msgs/include/px4_msgs/px4_msgs/msg/detail/vehicle_imu__builder.hpp\n'}
[9.338016] (px4_msgs) StdoutLine: {'line': b'-- Up-to-date: /home/em/ros_workspace_2025/nav_ws/install/px4_msgs/include/px4_msgs/px4_msgs/msg/detail/estimator_event_flags__struct.hpp\n'}
[9.338035] (px4_msgs) StdoutLine: {'line': b'-- Up-to-date: /home/em/ros_workspace_2025/nav_ws/install/px4_msgs/include/px4_msgs/px4_msgs/msg/detail/irlock_report__traits.hpp\n'}
[9.338055] (px4_msgs) StdoutLine: {'line': b'-- Up-to-date: /home/em/ros_workspace_2025/nav_ws/install/px4_msgs/include/px4_msgs/px4_msgs/msg/detail/debug_key_value__traits.hpp\n'}
[9.338075] (px4_msgs) StdoutLine: {'line': b'-- Up-to-date: /home/em/ros_workspace_2025/nav_ws/install/px4_msgs/include/px4_msgs/px4_msgs/msg/detail/follow_target__builder.hpp\n'}
[9.338093] (px4_msgs) StdoutLine: {'line': b'-- Up-to-date: /home/em/ros_workspace_2025/nav_ws/install/px4_msgs/include/px4_msgs/px4_msgs/msg/detail/failsafe_flags__traits.hpp\n'}
[9.338112] (px4_msgs) StdoutLine: {'line': b'-- Up-to-date: /home/em/ros_workspace_2025/nav_ws/install/px4_msgs/include/px4_msgs/px4_msgs/msg/detail/vehicle_roi__builder.hpp\n'}
[9.338131] (px4_msgs) StdoutLine: {'line': b'-- Up-to-date: /home/em/ros_workspace_2025/nav_ws/install/px4_msgs/include/px4_msgs/px4_msgs/msg/detail/vehicle_constraints__struct.hpp\n'}
[9.338150] (px4_msgs) StdoutLine: {'line': b'-- Up-to-date: /home/em/ros_workspace_2025/nav_ws/install/px4_msgs/include/px4_msgs/px4_msgs/msg/detail/parameter_set_used_request__struct.hpp\n'}
[9.338169] (px4_msgs) StdoutLine: {'line': b'-- Up-to-date: /home/em/ros_workspace_2025/nav_ws/install/px4_msgs/include/px4_msgs/px4_msgs/msg/detail/estimator_aid_source3d__struct.hpp\n'}
[9.338190] (px4_msgs) StdoutLine: {'line': b'-- Up-to-date: /home/em/ros_workspace_2025/nav_ws/install/px4_msgs/include/px4_msgs/px4_msgs/msg/detail/satellite_info__traits.hpp\n'}
[9.338214] (px4_msgs) StdoutLine: {'line': b'-- Up-to-date: /home/em/ros_workspace_2025/nav_ws/install/px4_msgs/include/px4_msgs/px4_msgs/msg/detail/transponder_report__traits.hpp\n'}
[9.338237] (px4_msgs) StdoutLine: {'line': b'-- Up-to-date: /home/em/ros_workspace_2025/nav_ws/install/px4_msgs/include/px4_msgs/px4_msgs/msg/detail/uavcan_parameter_value__struct.hpp\n'}
[9.338260] (px4_msgs) StdoutLine: {'line': b'-- Up-to-date: /home/em/ros_workspace_2025/nav_ws/install/px4_msgs/include/px4_msgs/px4_msgs/msg/detail/rover_differential_setpoint__builder.hpp\n'}
[9.338280] (px4_msgs) StdoutLine: {'line': b'-- Up-to-date: /home/em/ros_workspace_2025/nav_ws/install/px4_msgs/include/px4_msgs/px4_msgs/msg/detail/mount_orientation__struct.hpp\n'}
[9.338301] (px4_msgs) StdoutLine: {'line': b'-- Up-to-date: /home/em/ros_workspace_2025/nav_ws/install/px4_msgs/include/px4_msgs/px4_msgs/msg/detail/tune_control__builder.hpp\n'}
[9.338326] (px4_msgs) StdoutLine: {'line': b'-- Up-to-date: /home/em/ros_workspace_2025/nav_ws/install/px4_msgs/include/px4_msgs/px4_msgs/msg/detail/sensor_accel__struct.hpp\n'}
[9.338346] (px4_msgs) StdoutLine: {'line': b'-- Up-to-date: /home/em/ros_workspace_2025/nav_ws/install/px4_msgs/include/px4_msgs/px4_msgs/msg/detail/px4io_status__traits.hpp\n'}
[9.338367] (px4_msgs) StdoutLine: {'line': b'-- Up-to-date: /home/em/ros_workspace_2025/nav_ws/install/px4_msgs/include/px4_msgs/px4_msgs/msg/detail/sensors_status_imu__traits.hpp\n'}
[9.338387] (px4_msgs) StdoutLine: {'line': b'-- Up-to-date: /home/em/ros_workspace_2025/nav_ws/install/px4_msgs/include/px4_msgs/px4_msgs/msg/detail/rtl_status__traits.hpp\n'}
[9.338419] (px4_msgs) StdoutLine: {'line': b'-- Up-to-date: /home/em/ros_workspace_2025/nav_ws/install/px4_msgs/include/px4_msgs/px4_msgs/msg/detail/actuator_motors__builder.hpp\n'}
[9.338440] (px4_msgs) StdoutLine: {'line': b'-- Up-to-date: /home/em/ros_workspace_2025/nav_ws/install/px4_msgs/include/px4_msgs/px4_msgs/msg/detail/gpio_in__builder.hpp\n'}
[9.338471] (px4_msgs) StdoutLine: {'line': b'-- Up-to-date: /home/em/ros_workspace_2025/nav_ws/install/px4_msgs/include/px4_msgs/px4_msgs/msg/detail/actuator_servos_trim__traits.hpp\n'}
[9.338493] (px4_msgs) StdoutLine: {'line': b'-- Up-to-date: /home/em/ros_workspace_2025/nav_ws/install/px4_msgs/include/px4_msgs/px4_msgs/msg/detail/offboard_control_mode__builder.hpp\n'}
[9.338515] (px4_msgs) StdoutLine: {'line': b'-- Up-to-date: /home/em/ros_workspace_2025/nav_ws/install/px4_msgs/include/px4_msgs/px4_msgs/msg/detail/open_drone_id_self_id__traits.hpp\n'}
[9.338536] (px4_msgs) StdoutLine: {'line': b'-- Up-to-date: /home/em/ros_workspace_2025/nav_ws/install/px4_msgs/include/px4_msgs/px4_msgs/msg/detail/vehicle_optical_flow__builder.hpp\n'}
[9.338557] (px4_msgs) StdoutLine: {'line': b'-- Up-to-date: /home/em/ros_workspace_2025/nav_ws/install/px4_msgs/include/px4_msgs/px4_msgs/msg/detail/rover_differential_guidance_status__traits.hpp\n'}
[9.338577] (px4_msgs) StdoutLine: {'line': b'-- Up-to-date: /home/em/ros_workspace_2025/nav_ws/install/px4_msgs/include/px4_msgs/px4_msgs/msg/detail/gpio_config__traits.hpp\n'}
[9.338600] (px4_msgs) StdoutLine: {'line': b'-- Up-to-date: /home/em/ros_workspace_2025/nav_ws/install/px4_msgs/include/px4_msgs/px4_msgs/msg/detail/vehicle_thrust_setpoint__struct.hpp\n'}
[9.338621] (px4_msgs) StdoutLine: {'line': b'-- Up-to-date: /home/em/ros_workspace_2025/nav_ws/install/px4_msgs/include/px4_msgs/px4_msgs/msg/detail/goto_setpoint__struct.hpp\n'}
[9.338642] (px4_msgs) StdoutLine: {'line': b'-- Up-to-date: /home/em/ros_workspace_2025/nav_ws/install/px4_msgs/include/px4_msgs/px4_msgs/msg/detail/trajectory_setpoint__traits.hpp\n'}
[9.338663] (px4_msgs) StdoutLine: {'line': b'-- Up-to-date: /home/em/ros_workspace_2025/nav_ws/install/px4_msgs/include/px4_msgs/px4_msgs/msg/detail/distance_sensor_mode_change_request__struct.hpp\n'}
[9.338685] (px4_msgs) StdoutLine: {'line': b'-- Up-to-date: /home/em/ros_workspace_2025/nav_ws/install/px4_msgs/include/px4_msgs/px4_msgs/msg/detail/gpio_request__struct.hpp\n'}
[9.338706] (px4_msgs) StdoutLine: {'line': b'-- Up-to-date: /home/em/ros_workspace_2025/nav_ws/install/px4_msgs/include/px4_msgs/px4_msgs/msg/detail/velocity_limits__struct.hpp\n'}
[9.338727] (px4_msgs) StdoutLine: {'line': b'-- Up-to-date: /home/em/ros_workspace_2025/nav_ws/install/px4_msgs/include/px4_msgs/px4_msgs/msg/detail/sensor_combined__builder.hpp\n'}
[9.338751] (-) TimerEvent: {}
[9.338832] (px4_msgs) StdoutLine: {'line': b'-- Up-to-date: /home/em/ros_workspace_2025/nav_ws/install/px4_msgs/include/px4_msgs/px4_msgs/msg/detail/vehicle_control_mode__builder.hpp\n'}
[9.338879] (px4_msgs) StdoutLine: {'line': b'-- Up-to-date: /home/em/ros_workspace_2025/nav_ws/install/px4_msgs/include/px4_msgs/px4_msgs/msg/detail/parameter_set_value_response__builder.hpp\n'}
[9.338911] (px4_msgs) StdoutLine: {'line': b'-- Up-to-date: /home/em/ros_workspace_2025/nav_ws/install/px4_msgs/include/px4_msgs/px4_msgs/msg/detail/sensor_selection__builder.hpp\n'}
[9.338933] (px4_msgs) StdoutLine: {'line': b'-- Up-to-date: /home/em/ros_workspace_2025/nav_ws/install/px4_msgs/include/px4_msgs/px4_msgs/msg/detail/camera_trigger__struct.hpp\n'}
[9.338955] (px4_msgs) StdoutLine: {'line': b'-- Up-to-date: /home/em/ros_workspace_2025/nav_ws/install/px4_msgs/include/px4_msgs/px4_msgs/msg/detail/vehicle_global_position__builder.hpp\n'}
[9.338977] (px4_msgs) StdoutLine: {'line': b'-- Up-to-date: /home/em/ros_workspace_2025/nav_ws/install/px4_msgs/include/px4_msgs/px4_msgs/msg/detail/failure_detector_status__traits.hpp\n'}
[9.338999] (px4_msgs) StdoutLine: {'line': b'-- Up-to-date: /home/em/ros_workspace_2025/nav_ws/install/px4_msgs/include/px4_msgs/px4_msgs/msg/detail/vehicle_attitude__struct.hpp\n'}
[9.339020] (px4_msgs) StdoutLine: {'line': b'-- Up-to-date: /home/em/ros_workspace_2025/nav_ws/install/px4_msgs/include/px4_msgs/px4_msgs/msg/detail/gpio_out__builder.hpp\n'}
[9.339043] (px4_msgs) StdoutLine: {'line': b'-- Up-to-date: /home/em/ros_workspace_2025/nav_ws/install/px4_msgs/include/px4_msgs/px4_msgs/msg/detail/mag_worker_data__struct.hpp\n'}
[9.339066] (px4_msgs) StdoutLine: {'line': b'-- Up-to-date: /home/em/ros_workspace_2025/nav_ws/install/px4_msgs/include/px4_msgs/px4_msgs/msg/detail/esc_status__builder.hpp\n'}
[9.339087] (px4_msgs) StdoutLine: {'line': b'-- Up-to-date: /home/em/ros_workspace_2025/nav_ws/install/px4_msgs/include/px4_msgs/px4_msgs/msg/detail/debug_value__struct.hpp\n'}
[9.339108] (px4_msgs) StdoutLine: {'line': b'-- Up-to-date: /home/em/ros_workspace_2025/nav_ws/install/px4_msgs/include/px4_msgs/px4_msgs/msg/detail/landing_target_innovations__struct.hpp\n'}
[9.339131] (px4_msgs) StdoutLine: {'line': b'-- Up-to-date: /home/em/ros_workspace_2025/nav_ws/install/px4_msgs/include/px4_msgs/px4_msgs/msg/detail/power_monitor__traits.hpp\n'}
[9.339157] (px4_msgs) StdoutLine: {'line': b'-- Up-to-date: /home/em/ros_workspace_2025/nav_ws/install/px4_msgs/include/px4_msgs/px4_msgs/msg/detail/position_setpoint__traits.hpp\n'}
[9.339221] (px4_msgs) StdoutLine: {'line': b'-- Up-to-date: /home/em/ros_workspace_2025/nav_ws/install/px4_msgs/include/px4_msgs/px4_msgs/msg/detail/gimbal_device_set_attitude__traits.hpp\n'}
[9.339244] (px4_msgs) StdoutLine: {'line': b'-- Up-to-date: /home/em/ros_workspace_2025/nav_ws/install/px4_msgs/include/px4_msgs/px4_msgs/msg/detail/register_ext_component_request__builder.hpp\n'}
[9.339273] (px4_msgs) StdoutLine: {'line': b'-- Up-to-date: /home/em/ros_workspace_2025/nav_ws/install/px4_msgs/include/px4_msgs/px4_msgs/msg/detail/position_setpoint__builder.hpp\n'}
[9.339299] (px4_msgs) StdoutLine: {'line': b'-- Up-to-date: /home/em/ros_workspace_2025/nav_ws/install/px4_msgs/include/px4_msgs/px4_msgs/msg/detail/landing_target_pose__struct.hpp\n'}
[9.339322] (px4_msgs) StdoutLine: {'line': b'-- Up-to-date: /home/em/ros_workspace_2025/nav_ws/install/px4_msgs/include/px4_msgs/px4_msgs/msg/detail/actuator_test__traits.hpp\n'}
[9.339343] (px4_msgs) StdoutLine: {'line': b'-- Up-to-date: /home/em/ros_workspace_2025/nav_ws/install/px4_msgs/include/px4_msgs/px4_msgs/msg/detail/magnetometer_bias_estimate__traits.hpp\n'}
[9.339364] (px4_msgs) StdoutLine: {'line': b'-- Up-to-date: /home/em/ros_workspace_2025/nav_ws/install/px4_msgs/include/px4_msgs/px4_msgs/msg/detail/sensor_gyro__traits.hpp\n'}
[9.339385] (px4_msgs) StdoutLine: {'line': b'-- Up-to-date: /home/em/ros_workspace_2025/nav_ws/install/px4_msgs/include/px4_msgs/px4_msgs/msg/detail/internal_combustion_engine_status__struct.hpp\n'}
[9.339412] (px4_msgs) StdoutLine: {'line': b'-- Up-to-date: /home/em/ros_workspace_2025/nav_ws/install/px4_msgs/include/px4_msgs/px4_msgs/msg/detail/vehicle_magnetometer__struct.hpp\n'}
[9.339437] (px4_msgs) StdoutLine: {'line': b'-- Up-to-date: /home/em/ros_workspace_2025/nav_ws/install/px4_msgs/include/px4_msgs/px4_msgs/msg/detail/navigator_mission_item__struct.hpp\n'}
[9.339458] (px4_msgs) StdoutLine: {'line': b'-- Up-to-date: /home/em/ros_workspace_2025/nav_ws/install/px4_msgs/include/px4_msgs/px4_msgs/msg/detail/gimbal_controls__builder.hpp\n'}
[9.339478] (px4_msgs) StdoutLine: {'line': b'-- Up-to-date: /home/em/ros_workspace_2025/nav_ws/install/px4_msgs/include/px4_msgs/px4_msgs/msg/detail/input_rc__struct.hpp\n'}
[9.339498] (px4_msgs) StdoutLine: {'line': b'-- Up-to-date: /home/em/ros_workspace_2025/nav_ws/install/px4_msgs/include/px4_msgs/px4_msgs/msg/detail/mount_orientation__traits.hpp\n'}
[9.339518] (px4_msgs) StdoutLine: {'line': b'-- Up-to-date: /home/em/ros_workspace_2025/nav_ws/install/px4_msgs/include/px4_msgs/px4_msgs/msg/detail/tecs_status__traits.hpp\n'}
[9.339540] (px4_msgs) StdoutLine: {'line': b'-- Up-to-date: /home/em/ros_workspace_2025/nav_ws/install/px4_msgs/include/px4_msgs/px4_msgs/msg/detail/tune_control__struct.hpp\n'}
[9.339561] (px4_msgs) StdoutLine: {'line': b'-- Up-to-date: /home/em/ros_workspace_2025/nav_ws/install/px4_msgs/include/px4_msgs/px4_msgs/msg/detail/manual_control_setpoint__traits.hpp\n'}
[9.339581] (px4_msgs) StdoutLine: {'line': b'-- Up-to-date: /home/em/ros_workspace_2025/nav_ws/install/px4_msgs/include/px4_msgs/px4_msgs/msg/detail/offboard_control_mode__traits.hpp\n'}
[9.339602] (px4_msgs) StdoutLine: {'line': b'-- Up-to-date: /home/em/ros_workspace_2025/nav_ws/install/px4_msgs/include/px4_msgs/px4_msgs/msg/detail/vehicle_trajectory_waypoint__struct.hpp\n'}
[9.339621] (px4_msgs) StdoutLine: {'line': b'-- Up-to-date: /home/em/ros_workspace_2025/nav_ws/install/px4_msgs/include/px4_msgs/px4_msgs/msg/detail/open_drone_id_operator_id__struct.hpp\n'}
[9.339641] (px4_msgs) StdoutLine: {'line': b'-- Up-to-date: /home/em/ros_workspace_2025/nav_ws/install/px4_msgs/include/px4_msgs/px4_msgs/msg/detail/ekf2_timestamps__struct.hpp\n'}
[9.339662] (px4_msgs) StdoutLine: {'line': b'-- Up-to-date: /home/em/ros_workspace_2025/nav_ws/install/px4_msgs/include/px4_msgs/px4_msgs/msg/detail/landing_target_innovations__traits.hpp\n'}
[9.339682] (px4_msgs) StdoutLine: {'line': b'-- Up-to-date: /home/em/ros_workspace_2025/nav_ws/install/px4_msgs/include/px4_msgs/px4_msgs/msg/detail/actuator_servos__struct.hpp\n'}
[9.339702] (px4_msgs) StdoutLine: {'line': b'-- Up-to-date: /home/em/ros_workspace_2025/nav_ws/install/px4_msgs/include/px4_msgs/px4_msgs/msg/detail/mission__struct.hpp\n'}
[9.339725] (px4_msgs) StdoutLine: {'line': b'-- Up-to-date: /home/em/ros_workspace_2025/nav_ws/install/px4_msgs/include/px4_msgs/px4_msgs/msg/detail/generator_status__traits.hpp\n'}
[9.339744] (px4_msgs) StdoutLine: {'line': b'-- Up-to-date: /home/em/ros_workspace_2025/nav_ws/install/px4_msgs/include/px4_msgs/px4_msgs/msg/detail/rtl_status__struct.hpp\n'}
[9.339762] (px4_msgs) StdoutLine: {'line': b'-- Up-to-date: /home/em/ros_workspace_2025/nav_ws/install/px4_msgs/include/px4_msgs/px4_msgs/msg/detail/arming_check_request__traits.hpp\n'}
[9.339781] (px4_msgs) StdoutLine: {'line': b'-- Up-to-date: /home/em/ros_workspace_2025/nav_ws/install/px4_msgs/include/px4_msgs/px4_msgs/msg/detail/position_controller_landing_status__traits.hpp\n'}
[9.339802] (px4_msgs) StdoutLine: {'line': b'-- Up-to-date: /home/em/ros_workspace_2025/nav_ws/install/px4_msgs/include/px4_msgs/px4_msgs/msg/detail/orb_test__traits.hpp\n'}
[9.339827] (px4_msgs) StdoutLine: {'line': b'-- Up-to-date: /home/em/ros_workspace_2025/nav_ws/install/px4_msgs/include/px4_msgs/px4_msgs/msg/detail/rover_mecanum_guidance_status__struct.hpp\n'}
[9.339856] (px4_msgs) StdoutLine: {'line': b'-- Up-to-date: /home/em/ros_workspace_2025/nav_ws/install/px4_msgs/include/px4_msgs/px4_msgs/msg/detail/wheel_encoders__struct.hpp\n'}
[9.339891] (px4_msgs) StdoutLine: {'line': b'-- Up-to-date: /home/em/ros_workspace_2025/nav_ws/install/px4_msgs/include/px4_msgs/px4_msgs/msg/detail/action_request__struct.hpp\n'}
[9.339916] (px4_msgs) StdoutLine: {'line': b'-- Up-to-date: /home/em/ros_workspace_2025/nav_ws/install/px4_msgs/include/px4_msgs/px4_msgs/msg/detail/gps_inject_data__struct.hpp\n'}
[9.339939] (px4_msgs) StdoutLine: {'line': b'-- Up-to-date: /home/em/ros_workspace_2025/nav_ws/install/px4_msgs/include/px4_msgs/px4_msgs/msg/detail/timesync_status__traits.hpp\n'}
[9.339960] (px4_msgs) StdoutLine: {'line': b'-- Up-to-date: /home/em/ros_workspace_2025/nav_ws/install/px4_msgs/include/px4_msgs/px4_msgs/msg/detail/vehicle_optical_flow_vel__builder.hpp\n'}
[9.339981] (px4_msgs) StdoutLine: {'line': b'-- Up-to-date: /home/em/ros_workspace_2025/nav_ws/install/px4_msgs/include/px4_msgs/px4_msgs/msg/detail/vehicle_attitude_setpoint__struct.hpp\n'}
[9.340001] (px4_msgs) StdoutLine: {'line': b'-- Up-to-date: /home/em/ros_workspace_2025/nav_ws/install/px4_msgs/include/px4_msgs/px4_msgs/msg/detail/vehicle_status__traits.hpp\n'}
[9.340022] (px4_msgs) StdoutLine: {'line': b'-- Up-to-date: /home/em/ros_workspace_2025/nav_ws/install/px4_msgs/include/px4_msgs/px4_msgs/msg/detail/estimator_bias3d__struct.hpp\n'}
[9.340041] (px4_msgs) StdoutLine: {'line': b'-- Up-to-date: /home/em/ros_workspace_2025/nav_ws/install/px4_msgs/include/px4_msgs/px4_msgs/msg/detail/buffer128__traits.hpp\n'}
[9.340061] (px4_msgs) StdoutLine: {'line': b'-- Up-to-date: /home/em/ros_workspace_2025/nav_ws/install/px4_msgs/include/px4_msgs/px4_msgs/msg/detail/rover_ackermann_status__struct.hpp\n'}
[9.340080] (px4_msgs) StdoutLine: {'line': b'-- Up-to-date: /home/em/ros_workspace_2025/nav_ws/install/px4_msgs/include/px4_msgs/px4_msgs/msg/detail/dataman_request__struct.hpp\n'}
[9.340098] (px4_msgs) StdoutLine: {'line': b'-- Up-to-date: /home/em/ros_workspace_2025/nav_ws/install/px4_msgs/include/px4_msgs/px4_msgs/msg/detail/rc_channels__struct.hpp\n'}
[9.340117] (px4_msgs) StdoutLine: {'line': b'-- Up-to-date: /home/em/ros_workspace_2025/nav_ws/install/px4_msgs/include/px4_msgs/px4_msgs/msg/detail/vehicle_local_position_setpoint__traits.hpp\n'}
[9.340137] (px4_msgs) StdoutLine: {'line': b'-- Up-to-date: /home/em/ros_workspace_2025/nav_ws/install/px4_msgs/include/px4_msgs/px4_msgs/msg/detail/estimator_aid_source1d__traits.hpp\n'}
[9.340158] (px4_msgs) StdoutLine: {'line': b'-- Up-to-date: /home/em/ros_workspace_2025/nav_ws/install/px4_msgs/include/px4_msgs/px4_msgs/msg/detail/position_controller_status__builder.hpp\n'}
[9.340179] (px4_msgs) StdoutLine: {'line': b'-- Up-to-date: /home/em/ros_workspace_2025/nav_ws/install/px4_msgs/include/px4_msgs/px4_msgs/msg/detail/rover_ackermann_setpoint__struct.hpp\n'}
[9.340199] (px4_msgs) StdoutLine: {'line': b'-- Up-to-date: /home/em/ros_workspace_2025/nav_ws/install/px4_msgs/include/px4_msgs/px4_msgs/msg/detail/power_button_state__struct.hpp\n'}
[9.340218] (px4_msgs) StdoutLine: {'line': b'-- Up-to-date: /home/em/ros_workspace_2025/nav_ws/install/px4_msgs/include/px4_msgs/px4_msgs/msg/detail/gimbal_manager_set_attitude__traits.hpp\n'}
[9.340236] (px4_msgs) StdoutLine: {'line': b'-- Up-to-date: /home/em/ros_workspace_2025/nav_ws/install/px4_msgs/include/px4_msgs/px4_msgs/msg/detail/estimator_innovations__struct.hpp\n'}
[9.340256] (px4_msgs) StdoutLine: {'line': b'-- Up-to-date: /home/em/ros_workspace_2025/nav_ws/install/px4_msgs/include/px4_msgs/px4_msgs/msg/detail/collision_constraints__struct.hpp\n'}
[9.340274] (px4_msgs) StdoutLine: {'line': b'-- Up-to-date: /home/em/ros_workspace_2025/nav_ws/install/px4_msgs/include/px4_msgs/px4_msgs/msg/detail/geofence_result__builder.hpp\n'}
[9.340294] (px4_msgs) StdoutLine: {'line': b'-- Up-to-date: /home/em/ros_workspace_2025/nav_ws/install/px4_msgs/include/px4_msgs/px4_msgs/msg/detail/vehicle_angular_acceleration_setpoint__traits.hpp\n'}
[9.340312] (px4_msgs) StdoutLine: {'line': b'-- Up-to-date: /home/em/ros_workspace_2025/nav_ws/install/px4_msgs/include/px4_msgs/px4_msgs/msg/detail/fuel_tank_status__traits.hpp\n'}
[9.340332] (px4_msgs) StdoutLine: {'line': b'-- Up-to-date: /home/em/ros_workspace_2025/nav_ws/install/px4_msgs/include/px4_msgs/px4_msgs/msg/detail/sensor_gyro_fft__struct.hpp\n'}
[9.340350] (px4_msgs) StdoutLine: {'line': b'-- Up-to-date: /home/em/ros_workspace_2025/nav_ws/install/px4_msgs/include/px4_msgs/px4_msgs/msg/detail/sensor_uwb__builder.hpp\n'}
[9.340369] (px4_msgs) StdoutLine: {'line': b'-- Up-to-date: /home/em/ros_workspace_2025/nav_ws/install/px4_msgs/include/px4_msgs/px4_msgs/msg/detail/parameter_update__builder.hpp\n'}
[9.340387] (px4_msgs) StdoutLine: {'line': b'-- Up-to-date: /home/em/ros_workspace_2025/nav_ws/install/px4_msgs/include/px4_msgs/px4_msgs/msg/detail/estimator_innovations__traits.hpp\n'}
[9.340412] (px4_msgs) StdoutLine: {'line': b'-- Up-to-date: /home/em/ros_workspace_2025/nav_ws/install/px4_msgs/include/px4_msgs/px4_msgs/msg/detail/debug_array__builder.hpp\n'}
[9.340433] (px4_msgs) StdoutLine: {'line': b'-- Up-to-date: /home/em/ros_workspace_2025/nav_ws/install/px4_msgs/include/px4_msgs/px4_msgs/msg/detail/ulog_stream__traits.hpp\n'}
[9.340494] (px4_msgs) StdoutLine: {'line': b'-- Up-to-date: /home/em/ros_workspace_2025/nav_ws/install/px4_msgs/include/px4_msgs/px4_msgs/msg/detail/gpio_in__traits.hpp\n'}
[9.340516] (px4_msgs) StdoutLine: {'line': b'-- Up-to-date: /home/em/ros_workspace_2025/nav_ws/install/px4_msgs/include/px4_msgs/px4_msgs/msg/detail/actuator_controls_status__struct.hpp\n'}
[9.340536] (px4_msgs) StdoutLine: {'line': b'-- Up-to-date: /home/em/ros_workspace_2025/nav_ws/install/px4_msgs/include/px4_msgs/px4_msgs/msg/detail/npfg_status__traits.hpp\n'}
[9.340557] (px4_msgs) StdoutLine: {'line': b'-- Up-to-date: /home/em/ros_workspace_2025/nav_ws/install/px4_msgs/include/px4_msgs/px4_msgs/msg/detail/power_button_state__builder.hpp\n'}
[9.340576] (px4_msgs) StdoutLine: {'line': b'-- Up-to-date: /home/em/ros_workspace_2025/nav_ws/install/px4_msgs/include/px4_msgs/px4_msgs/msg/detail/magnetometer_bias_estimate__builder.hpp\n'}
[9.340597] (px4_msgs) StdoutLine: {'line': b'-- Up-to-date: /home/em/ros_workspace_2025/nav_ws/install/px4_msgs/include/px4_msgs/px4_msgs/msg/detail/register_ext_component_request__struct.hpp\n'}
[9.340616] (px4_msgs) StdoutLine: {'line': b'-- Up-to-date: /home/em/ros_workspace_2025/nav_ws/install/px4_msgs/include/px4_msgs/px4_msgs/msg/detail/sensors_status__traits.hpp\n'}
[9.340636] (px4_msgs) StdoutLine: {'line': b'-- Up-to-date: /home/em/ros_workspace_2025/nav_ws/install/px4_msgs/include/px4_msgs/px4_msgs/msg/detail/timesync_status__struct.hpp\n'}
[9.340655] (px4_msgs) StdoutLine: {'line': b'-- Up-to-date: /home/em/ros_workspace_2025/nav_ws/install/px4_msgs/include/px4_msgs/px4_msgs/msg/detail/vehicle_roi__traits.hpp\n'}
[9.340675] (px4_msgs) StdoutLine: {'line': b'-- Up-to-date: /home/em/ros_workspace_2025/nav_ws/install/px4_msgs/include/px4_msgs/px4_msgs/msg/detail/gimbal_device_set_attitude__struct.hpp\n'}
[9.340694] (px4_msgs) StdoutLine: {'line': b'-- Up-to-date: /home/em/ros_workspace_2025/nav_ws/install/px4_msgs/include/px4_msgs/px4_msgs/msg/detail/system_power__struct.hpp\n'}
[9.340713] (px4_msgs) StdoutLine: {'line': b'-- Up-to-date: /home/em/ros_workspace_2025/nav_ws/install/px4_msgs/include/px4_msgs/px4_msgs/msg/detail/gps_dump__traits.hpp\n'}
[9.340733] (px4_msgs) StdoutLine: {'line': b'-- Up-to-date: /home/em/ros_workspace_2025/nav_ws/install/px4_msgs/include/px4_msgs/px4_msgs/msg/detail/rtl_time_estimate__traits.hpp\n'}
[9.340752] (px4_msgs) StdoutLine: {'line': b'-- Up-to-date: /home/em/ros_workspace_2025/nav_ws/install/px4_msgs/include/px4_msgs/px4_msgs/msg/detail/tecs_status__builder.hpp\n'}
[9.340771] (px4_msgs) StdoutLine: {'line': b'-- Up-to-date: /home/em/ros_workspace_2025/nav_ws/install/px4_msgs/include/px4_msgs/px4_msgs/msg/detail/vehicle_command__struct.hpp\n'}
[9.340789] (px4_msgs) StdoutLine: {'line': b'-- Up-to-date: /home/em/ros_workspace_2025/nav_ws/install/px4_msgs/include/px4_msgs/px4_msgs/msg/detail/takeoff_status__struct.hpp\n'}
[9.340808] (px4_msgs) StdoutLine: {'line': b'-- Up-to-date: /home/em/ros_workspace_2025/nav_ws/install/px4_msgs/include/px4_msgs/px4_msgs/msg/detail/estimator_innovations__builder.hpp\n'}
[9.340827] (px4_msgs) StdoutLine: {'line': b'-- Up-to-date: /home/em/ros_workspace_2025/nav_ws/install/px4_msgs/include/px4_msgs/px4_msgs/msg/detail/sensor_gnss_relative__struct.hpp\n'}
[9.340845] (px4_msgs) StdoutLine: {'line': b'-- Up-to-date: /home/em/ros_workspace_2025/nav_ws/install/px4_msgs/include/px4_msgs/px4_msgs/msg/detail/vehicle_imu__traits.hpp\n'}
[9.340864] (px4_msgs) StdoutLine: {'line': b'-- Up-to-date: /home/em/ros_workspace_2025/nav_ws/install/px4_msgs/include/px4_msgs/px4_msgs/msg/detail/distance_sensor_mode_change_request__traits.hpp\n'}
[9.340883] (px4_msgs) StdoutLine: {'line': b'-- Up-to-date: /home/em/ros_workspace_2025/nav_ws/install/px4_msgs/include/px4_msgs/px4_msgs/msg/detail/trajectory_waypoint__struct.hpp\n'}
[9.340902] (px4_msgs) StdoutLine: {'line': b'-- Up-to-date: /home/em/ros_workspace_2025/nav_ws/install/px4_msgs/include/px4_msgs/px4_msgs/msg/detail/sensor_combined__struct.hpp\n'}
[9.340923] (px4_msgs) StdoutLine: {'line': b'-- Up-to-date: /home/em/ros_workspace_2025/nav_ws/install/px4_msgs/include/px4_msgs/px4_msgs/msg/detail/orb_test_large__struct.hpp\n'}
[9.340941] (px4_msgs) StdoutLine: {'line': b'-- Up-to-date: /home/em/ros_workspace_2025/nav_ws/install/px4_msgs/include/px4_msgs/px4_msgs/msg/detail/collision_report__struct.hpp\n'}
[9.340960] (px4_msgs) StdoutLine: {'line': b'-- Up-to-date: /home/em/ros_workspace_2025/nav_ws/install/px4_msgs/include/px4_msgs/px4_msgs/msg/detail/gpio_out__traits.hpp\n'}
[9.340978] (px4_msgs) StdoutLine: {'line': b'-- Up-to-date: /home/em/ros_workspace_2025/nav_ws/install/px4_msgs/include/px4_msgs/px4_msgs/msg/detail/mission__builder.hpp\n'}
[9.340997] (px4_msgs) StdoutLine: {'line': b'-- Up-to-date: /home/em/ros_workspace_2025/nav_ws/install/px4_msgs/include/px4_msgs/px4_msgs/msg/detail/camera_status__builder.hpp\n'}
[9.341016] (px4_msgs) StdoutLine: {'line': b'-- Up-to-date: /home/em/ros_workspace_2025/nav_ws/install/px4_msgs/include/px4_msgs/px4_msgs/msg/detail/vehicle_torque_setpoint__builder.hpp\n'}
[9.341035] (px4_msgs) StdoutLine: {'line': b'-- Up-to-date: /home/em/ros_workspace_2025/nav_ws/install/px4_msgs/include/px4_msgs/px4_msgs/msg/detail/failure_detector_status__struct.hpp\n'}
[9.341053] (px4_msgs) StdoutLine: {'line': b'-- Up-to-date: /home/em/ros_workspace_2025/nav_ws/install/px4_msgs/include/px4_msgs/px4_msgs/msg/detail/wheel_encoders__builder.hpp\n'}
[9.341074] (px4_msgs) StdoutLine: {'line': b'-- Up-to-date: /home/em/ros_workspace_2025/nav_ws/install/px4_msgs/include/px4_msgs/px4_msgs/msg/detail/vehicle_local_position__traits.hpp\n'}
[9.341092] (px4_msgs) StdoutLine: {'line': b'-- Up-to-date: /home/em/ros_workspace_2025/nav_ws/install/px4_msgs/include/px4_msgs/px4_msgs/msg/detail/obstacle_distance__builder.hpp\n'}
[9.341111] (px4_msgs) StdoutLine: {'line': b'-- Up-to-date: /home/em/ros_workspace_2025/nav_ws/install/px4_msgs/include/px4_msgs/px4_msgs/msg/detail/radio_status__builder.hpp\n'}
[9.341130] (px4_msgs) StdoutLine: {'line': b'-- Up-to-date: /home/em/ros_workspace_2025/nav_ws/install/px4_msgs/include/px4_msgs/px4_msgs/msg/detail/vehicle_angular_acceleration_setpoint__builder.hpp\n'}
[9.341149] (px4_msgs) StdoutLine: {'line': b'-- Up-to-date: /home/em/ros_workspace_2025/nav_ws/install/px4_msgs/include/px4_msgs/px4_msgs/msg/detail/ping__struct.hpp\n'}
[9.341167] (px4_msgs) StdoutLine: {'line': b'-- Up-to-date: /home/em/ros_workspace_2025/nav_ws/install/px4_msgs/include/px4_msgs/px4_msgs/msg/detail/rover_differential_setpoint__traits.hpp\n'}
[9.341186] (px4_msgs) StdoutLine: {'line': b'-- Up-to-date: /home/em/ros_workspace_2025/nav_ws/install/px4_msgs/include/px4_msgs/px4_msgs/msg/detail/vehicle_attitude__builder.hpp\n'}
[9.341205] (px4_msgs) StdoutLine: {'line': b'-- Up-to-date: /home/em/ros_workspace_2025/nav_ws/install/px4_msgs/include/px4_msgs/px4_msgs/msg/detail/button_event__traits.hpp\n'}
[9.341224] (px4_msgs) StdoutLine: {'line': b'-- Up-to-date: /home/em/ros_workspace_2025/nav_ws/install/px4_msgs/include/px4_msgs/px4_msgs/msg/detail/estimator_selector_status__struct.hpp\n'}
[9.341244] (px4_msgs) StdoutLine: {'line': b'-- Up-to-date: /home/em/ros_workspace_2025/nav_ws/install/px4_msgs/include/px4_msgs/px4_msgs/msg/detail/vehicle_imu_status__traits.hpp\n'}
[9.341262] (px4_msgs) StdoutLine: {'line': b'-- Up-to-date: /home/em/ros_workspace_2025/nav_ws/install/px4_msgs/include/px4_msgs/px4_msgs/msg/detail/debug_vect__builder.hpp\n'}
[9.341281] (px4_msgs) StdoutLine: {'line': b'-- Up-to-date: /home/em/ros_workspace_2025/nav_ws/install/px4_msgs/include/px4_msgs/px4_msgs/msg/detail/trajectory_waypoint__builder.hpp\n'}
[9.341300] (px4_msgs) StdoutLine: {'line': b'-- Up-to-date: /home/em/ros_workspace_2025/nav_ws/install/px4_msgs/include/px4_msgs/px4_msgs/msg/detail/sensors_status_imu__struct.hpp\n'}
[9.341319] (px4_msgs) StdoutLine: {'line': b'-- Up-to-date: /home/em/ros_workspace_2025/nav_ws/install/px4_msgs/include/px4_msgs/px4_msgs/msg/detail/normalized_unsigned_setpoint__builder.hpp\n'}
[9.341338] (px4_msgs) StdoutLine: {'line': b'-- Up-to-date: /home/em/ros_workspace_2025/nav_ws/install/px4_msgs/include/px4_msgs/px4_msgs/msg/detail/rc_channels__builder.hpp\n'}
[9.341358] (px4_msgs) StdoutLine: {'line': b'-- Up-to-date: /home/em/ros_workspace_2025/nav_ws/install/px4_msgs/include/px4_msgs/px4_msgs/msg/detail/vehicle_local_position_setpoint__builder.hpp\n'}
[9.341377] (px4_msgs) StdoutLine: {'line': b'-- Up-to-date: /home/em/ros_workspace_2025/nav_ws/install/px4_msgs/include/px4_msgs/px4_msgs/msg/detail/camera_capture__struct.hpp\n'}
[9.341395] (px4_msgs) StdoutLine: {'line': b'-- Up-to-date: /home/em/ros_workspace_2025/nav_ws/install/px4_msgs/include/px4_msgs/px4_msgs/msg/detail/vehicle_rates_setpoint__builder.hpp\n'}
[9.341420] (px4_msgs) StdoutLine: {'line': b'-- Up-to-date: /home/em/ros_workspace_2025/nav_ws/install/px4_msgs/include/px4_msgs/px4_msgs/msg/detail/message_format_request__struct.hpp\n'}
[9.341439] (px4_msgs) StdoutLine: {'line': b'-- Up-to-date: /home/em/ros_workspace_2025/nav_ws/install/px4_msgs/include/px4_msgs/px4_msgs/msg/detail/sensor_preflight_mag__traits.hpp\n'}
[9.341459] (px4_msgs) StdoutLine: {'line': b'-- Up-to-date: /home/em/ros_workspace_2025/nav_ws/install/px4_msgs/include/px4_msgs/px4_msgs/msg/detail/estimator_aid_source2d__traits.hpp\n'}
[9.341482] (px4_msgs) StdoutLine: {'line': b'-- Up-to-date: /home/em/ros_workspace_2025/nav_ws/install/px4_msgs/include/px4_msgs/px4_msgs/msg/detail/wind__builder.hpp\n'}
[9.341501] (px4_msgs) StdoutLine: {'line': b'-- Up-to-date: /home/em/ros_workspace_2025/nav_ws/install/px4_msgs/include/px4_msgs/px4_msgs/msg/detail/transponder_report__builder.hpp\n'}
[9.341520] (px4_msgs) StdoutLine: {'line': b'-- Up-to-date: /home/em/ros_workspace_2025/nav_ws/install/px4_msgs/include/px4_msgs/px4_msgs/msg/detail/airspeed_validated__builder.hpp\n'}
[9.341539] (px4_msgs) StdoutLine: {'line': b'-- Up-to-date: /home/em/ros_workspace_2025/nav_ws/install/px4_msgs/include/px4_msgs/px4_msgs/msg/detail/navigator_mission_item__builder.hpp\n'}
[9.341561] (px4_msgs) StdoutLine: {'line': b'-- Up-to-date: /home/em/ros_workspace_2025/nav_ws/install/px4_msgs/include/px4_msgs/px4_msgs/msg/detail/orbit_status__traits.hpp\n'}
[9.341580] (px4_msgs) StdoutLine: {'line': b'-- Up-to-date: /home/em/ros_workspace_2025/nav_ws/install/px4_msgs/include/px4_msgs/px4_msgs/msg/detail/rover_differential_guidance_status__struct.hpp\n'}
[9.341600] (px4_msgs) StdoutLine: {'line': b'-- Up-to-date: /home/em/ros_workspace_2025/nav_ws/install/px4_msgs/include/px4_msgs/px4_msgs/msg/detail/vehicle_global_position__struct.hpp\n'}
[9.341620] (px4_msgs) StdoutLine: {'line': b'-- Up-to-date: /home/em/ros_workspace_2025/nav_ws/install/px4_msgs/include/px4_msgs/px4_msgs/msg/detail/open_drone_id_system__traits.hpp\n'}
[9.341639] (px4_msgs) StdoutLine: {'line': b'-- Up-to-date: /home/em/ros_workspace_2025/nav_ws/install/px4_msgs/include/px4_msgs/px4_msgs/msg/detail/buffer128__builder.hpp\n'}
[9.341660] (px4_msgs) StdoutLine: {'line': b'-- Up-to-date: /home/em/ros_workspace_2025/nav_ws/install/px4_msgs/include/px4_msgs/px4_msgs/msg/detail/estimator_sensor_bias__traits.hpp\n'}
[9.341680] (px4_msgs) StdoutLine: {'line': b'-- Up-to-date: /home/em/ros_workspace_2025/nav_ws/install/px4_msgs/include/px4_msgs/px4_msgs/msg/detail/power_monitor__builder.hpp\n'}
[9.341699] (px4_msgs) StdoutLine: {'line': b'-- Up-to-date: /home/em/ros_workspace_2025/nav_ws/install/px4_msgs/include/px4_msgs/px4_msgs/msg/detail/transponder_report__struct.hpp\n'}
[9.341721] (px4_msgs) StdoutLine: {'line': b'-- Up-to-date: /home/em/ros_workspace_2025/nav_ws/install/px4_msgs/include/px4_msgs/px4_msgs/msg/detail/config_overrides__builder.hpp\n'}
[9.341757] (px4_msgs) StdoutLine: {'line': b'-- Up-to-date: /home/em/ros_workspace_2025/nav_ws/install/px4_msgs/include/px4_msgs/px4_msgs/msg/detail/landing_target_pose__traits.hpp\n'}
[9.341779] (px4_msgs) StdoutLine: {'line': b'-- Up-to-date: /home/em/ros_workspace_2025/nav_ws/install/px4_msgs/include/px4_msgs/px4_msgs/msg/detail/failsafe_flags__builder.hpp\n'}
[9.341798] (px4_msgs) StdoutLine: {'line': b'-- Up-to-date: /home/em/ros_workspace_2025/nav_ws/install/px4_msgs/include/px4_msgs/px4_msgs/msg/detail/sensor_optical_flow__traits.hpp\n'}
[9.341818] (px4_msgs) StdoutLine: {'line': b'-- Up-to-date: /home/em/ros_workspace_2025/nav_ws/install/px4_msgs/include/px4_msgs/px4_msgs/msg/detail/gpio_request__traits.hpp\n'}
[9.341837] (px4_msgs) StdoutLine: {'line': b'-- Up-to-date: /home/em/ros_workspace_2025/nav_ws/install/px4_msgs/include/px4_msgs/px4_msgs/msg/detail/estimator_gps_status__struct.hpp\n'}
[9.341856] (px4_msgs) StdoutLine: {'line': b'-- Up-to-date: /home/em/ros_workspace_2025/nav_ws/install/px4_msgs/include/px4_msgs/px4_msgs/msg/detail/launch_detection_status__builder.hpp\n'}
[9.341875] (px4_msgs) StdoutLine: {'line': b'-- Up-to-date: /home/em/ros_workspace_2025/nav_ws/install/px4_msgs/include/px4_msgs/px4_msgs/msg/detail/control_allocator_status__builder.hpp\n'}
[9.341893] (px4_msgs) StdoutLine: {'line': b'-- Up-to-date: /home/em/ros_workspace_2025/nav_ws/install/px4_msgs/include/px4_msgs/px4_msgs/msg/detail/led_control__struct.hpp\n'}
[9.341913] (px4_msgs) StdoutLine: {'line': b'-- Up-to-date: /home/em/ros_workspace_2025/nav_ws/install/px4_msgs/include/px4_msgs/px4_msgs/msg/detail/manual_control_setpoint__builder.hpp\n'}
[9.341931] (px4_msgs) StdoutLine: {'line': b'-- Up-to-date: /home/em/ros_workspace_2025/nav_ws/install/px4_msgs/include/px4_msgs/px4_msgs/msg/detail/sensor_correction__struct.hpp\n'}
[9.341949] (px4_msgs) StdoutLine: {'line': b'-- Up-to-date: /home/em/ros_workspace_2025/nav_ws/install/px4_msgs/include/px4_msgs/px4_msgs/msg/detail/px4io_status__struct.hpp\n'}
[9.341968] (px4_msgs) StdoutLine: {'line': b'-- Up-to-date: /home/em/ros_workspace_2025/nav_ws/install/px4_msgs/include/px4_msgs/px4_msgs/msg/detail/estimator_sensor_bias__builder.hpp\n'}
[9.341987] (px4_msgs) StdoutLine: {'line': b'-- Up-to-date: /home/em/ros_workspace_2025/nav_ws/install/px4_msgs/include/px4_msgs/px4_msgs/msg/detail/gripper__builder.hpp\n'}
[9.342006] (px4_msgs) StdoutLine: {'line': b'-- Up-to-date: /home/em/ros_workspace_2025/nav_ws/install/px4_msgs/include/px4_msgs/px4_msgs/msg/detail/orb_test__builder.hpp\n'}
[9.342024] (px4_msgs) StdoutLine: {'line': b'-- Up-to-date: /home/em/ros_workspace_2025/nav_ws/install/px4_msgs/include/px4_msgs/px4_msgs/msg/detail/radio_status__struct.hpp\n'}
[9.342044] (px4_msgs) StdoutLine: {'line': b'-- Up-to-date: /home/em/ros_workspace_2025/nav_ws/install/px4_msgs/include/px4_msgs/px4_msgs/msg/detail/parameter_set_used_request__traits.hpp\n'}
[9.342062] (px4_msgs) StdoutLine: {'line': b'-- Up-to-date: /home/em/ros_workspace_2025/nav_ws/install/px4_msgs/include/px4_msgs/px4_msgs/msg/detail/pwm_input__traits.hpp\n'}
[9.342081] (px4_msgs) StdoutLine: {'line': b'-- Up-to-date: /home/em/ros_workspace_2025/nav_ws/install/px4_msgs/include/px4_msgs/px4_msgs/msg/detail/estimator_states__struct.hpp\n'}
[9.342105] (px4_msgs) StdoutLine: {'line': b'-- Up-to-date: /home/em/ros_workspace_2025/nav_ws/install/px4_msgs/include/px4_msgs/px4_msgs/msg/detail/dataman_response__builder.hpp\n'}
[9.342125] (px4_msgs) StdoutLine: {'line': b'-- Up-to-date: /home/em/ros_workspace_2025/nav_ws/install/px4_msgs/include/px4_msgs/px4_msgs/msg/detail/rpm__builder.hpp\n'}
[9.342144] (px4_msgs) StdoutLine: {'line': b'-- Up-to-date: /home/em/ros_workspace_2025/nav_ws/install/px4_msgs/include/px4_msgs/px4_msgs/msg/detail/estimator_event_flags__traits.hpp\n'}
[9.342162] (px4_msgs) StdoutLine: {'line': b'-- Up-to-date: /home/em/ros_workspace_2025/nav_ws/install/px4_msgs/include/px4_msgs/px4_msgs/msg/detail/obstacle_distance__struct.hpp\n'}
[9.342180] (px4_msgs) StdoutLine: {'line': b'-- Up-to-date: /home/em/ros_workspace_2025/nav_ws/install/px4_msgs/include/px4_msgs/px4_msgs/msg/detail/vehicle_odometry__struct.hpp\n'}
[9.342199] (px4_msgs) StdoutLine: {'line': b'-- Up-to-date: /home/em/ros_workspace_2025/nav_ws/install/px4_msgs/include/px4_msgs/px4_msgs/msg/detail/yaw_estimator_status__builder.hpp\n'}
[9.342218] (px4_msgs) StdoutLine: {'line': b'-- Up-to-date: /home/em/ros_workspace_2025/nav_ws/install/px4_msgs/include/px4_msgs/px4_msgs/msg/detail/sensor_correction__builder.hpp\n'}
[9.342238] (px4_msgs) StdoutLine: {'line': b'-- Up-to-date: /home/em/ros_workspace_2025/nav_ws/install/px4_msgs/include/px4_msgs/px4_msgs/msg/detail/vehicle_angular_velocity__struct.hpp\n'}
[9.342256] (px4_msgs) StdoutLine: {'line': b'-- Up-to-date: /home/em/ros_workspace_2025/nav_ws/install/px4_msgs/include/px4_msgs/px4_msgs/msg/detail/vehicle_magnetometer__builder.hpp\n'}
[9.342277] (px4_msgs) StdoutLine: {'line': b'-- Up-to-date: /home/em/ros_workspace_2025/nav_ws/install/px4_msgs/include/px4_msgs/px4_msgs/msg/detail/rate_ctrl_status__struct.hpp\n'}
[9.342296] (px4_msgs) StdoutLine: {'line': b'-- Up-to-date: /home/em/ros_workspace_2025/nav_ws/install/px4_msgs/include/px4_msgs/px4_msgs/msg/detail/control_allocator_status__traits.hpp\n'}
[9.342314] (px4_msgs) StdoutLine: {'line': b'-- Up-to-date: /home/em/ros_workspace_2025/nav_ws/install/px4_msgs/include/px4_msgs/px4_msgs/msg/detail/cpuload__struct.hpp\n'}
[9.342333] (px4_msgs) StdoutLine: {'line': b'-- Up-to-date: /home/em/ros_workspace_2025/nav_ws/install/px4_msgs/include/px4_msgs/px4_msgs/msg/detail/rover_mecanum_status__struct.hpp\n'}
[9.342351] (px4_msgs) StdoutLine: {'line': b'-- Up-to-date: /home/em/ros_workspace_2025/nav_ws/install/px4_msgs/include/px4_msgs/px4_msgs/msg/detail/rover_ackermann_setpoint__builder.hpp\n'}
[9.342370] (px4_msgs) StdoutLine: {'line': b'-- Up-to-date: /home/em/ros_workspace_2025/nav_ws/install/px4_msgs/include/px4_msgs/px4_msgs/msg/detail/vehicle_optical_flow_vel__traits.hpp\n'}
[9.342388] (px4_msgs) StdoutLine: {'line': b'-- Up-to-date: /home/em/ros_workspace_2025/nav_ws/install/px4_msgs/include/px4_msgs/px4_msgs/msg/detail/open_drone_id_operator_id__builder.hpp\n'}
[9.342410] (px4_msgs) StdoutLine: {'line': b'-- Up-to-date: /home/em/ros_workspace_2025/nav_ws/install/px4_msgs/include/px4_msgs/px4_msgs/msg/detail/debug_vect__struct.hpp\n'}
[9.342431] (px4_msgs) StdoutLine: {'line': b'-- Up-to-date: /home/em/ros_workspace_2025/nav_ws/install/px4_msgs/include/px4_msgs/px4_msgs/msg/detail/gimbal_controls__struct.hpp\n'}
[9.342450] (px4_msgs) StdoutLine: {'line': b'-- Up-to-date: /home/em/ros_workspace_2025/nav_ws/install/px4_msgs/include/px4_msgs/px4_msgs/msg/detail/obstacle_distance__traits.hpp\n'}
[9.342473] (px4_msgs) StdoutLine: {'line': b'-- Up-to-date: /home/em/ros_workspace_2025/nav_ws/install/px4_msgs/include/px4_msgs/px4_msgs/msg/detail/sensor_gyro_fft__traits.hpp\n'}
[9.342492] (px4_msgs) StdoutLine: {'line': b'-- Up-to-date: /home/em/ros_workspace_2025/nav_ws/install/px4_msgs/include/px4_msgs/px4_msgs/msg/detail/ekf2_timestamps__builder.hpp\n'}
[9.342511] (px4_msgs) StdoutLine: {'line': b'-- Up-to-date: /home/em/ros_workspace_2025/nav_ws/install/px4_msgs/include/px4_msgs/px4_msgs/msg/detail/estimator_status__struct.hpp\n'}
[9.342531] (px4_msgs) StdoutLine: {'line': b'-- Up-to-date: /home/em/ros_workspace_2025/nav_ws/install/px4_msgs/include/px4_msgs/px4_msgs/msg/detail/timesync_status__builder.hpp\n'}
[9.342551] (px4_msgs) StdoutLine: {'line': b'-- Up-to-date: /home/em/ros_workspace_2025/nav_ws/install/px4_msgs/include/px4_msgs/px4_msgs/msg/detail/actuator_test__builder.hpp\n'}
[9.342570] (px4_msgs) StdoutLine: {'line': b'-- Up-to-date: /home/em/ros_workspace_2025/nav_ws/install/px4_msgs/include/px4_msgs/px4_msgs/msg/detail/control_allocator_status__struct.hpp\n'}
[9.342591] (px4_msgs) StdoutLine: {'line': b'-- Up-to-date: /home/em/ros_workspace_2025/nav_ws/install/px4_msgs/include/px4_msgs/px4_msgs/msg/detail/rc_channels__traits.hpp\n'}
[9.342610] (px4_msgs) StdoutLine: {'line': b'-- Up-to-date: /home/em/ros_workspace_2025/nav_ws/install/px4_msgs/include/px4_msgs/px4_msgs/msg/detail/event__traits.hpp\n'}
[9.342629] (px4_msgs) StdoutLine: {'line': b'-- Up-to-date: /home/em/ros_workspace_2025/nav_ws/install/px4_msgs/include/px4_msgs/px4_msgs/msg/detail/qshell_retval__struct.hpp\n'}
[9.342648] (px4_msgs) StdoutLine: {'line': b'-- Up-to-date: /home/em/ros_workspace_2025/nav_ws/install/px4_msgs/include/px4_msgs/px4_msgs/msg/detail/vehicle_control_mode__struct.hpp\n'}
[9.342669] (px4_msgs) StdoutLine: {'line': b'-- Up-to-date: /home/em/ros_workspace_2025/nav_ws/install/px4_msgs/include/px4_msgs/px4_msgs/msg/detail/orb_test_large__traits.hpp\n'}
[9.342690] (px4_msgs) StdoutLine: {'line': b'-- Up-to-date: /home/em/ros_workspace_2025/nav_ws/install/px4_msgs/include/px4_msgs/px4_msgs/msg/detail/orb_test_medium__struct.hpp\n'}
[9.342709] (px4_msgs) StdoutLine: {'line': b'-- Up-to-date: /home/em/ros_workspace_2025/nav_ws/install/px4_msgs/include/px4_msgs/px4_msgs/msg/detail/power_button_state__traits.hpp\n'}
[9.342732] (px4_msgs) StdoutLine: {'line': b'-- Up-to-date: /home/em/ros_workspace_2025/nav_ws/install/px4_msgs/include/px4_msgs/px4_msgs/msg/detail/trajectory_bezier__builder.hpp\n'}
[9.342753] (px4_msgs) StdoutLine: {'line': b'-- Up-to-date: /home/em/ros_workspace_2025/nav_ws/install/px4_msgs/include/px4_msgs/px4_msgs/msg/detail/vehicle_status__struct.hpp\n'}
[9.342772] (px4_msgs) StdoutLine: {'line': b'-- Up-to-date: /home/em/ros_workspace_2025/nav_ws/install/px4_msgs/include/px4_msgs/px4_msgs/msg/detail/position_setpoint_triplet__builder.hpp\n'}
[9.342793] (px4_msgs) StdoutLine: {'line': b'-- Up-to-date: /home/em/ros_workspace_2025/nav_ws/install/px4_msgs/include/px4_msgs/px4_msgs/msg/detail/arming_check_reply__traits.hpp\n'}
[9.342813] (px4_msgs) StdoutLine: {'line': b'-- Up-to-date: /home/em/ros_workspace_2025/nav_ws/install/px4_msgs/include/px4_msgs/px4_msgs/msg/detail/sensor_baro__builder.hpp\n'}
[9.342833] (px4_msgs) StdoutLine: {'line': b'-- Up-to-date: /home/em/ros_workspace_2025/nav_ws/install/px4_msgs/include/px4_msgs/px4_msgs/msg/detail/pps_capture__traits.hpp\n'}
[9.342853] (px4_msgs) StdoutLine: {'line': b'-- Up-to-date: /home/em/ros_workspace_2025/nav_ws/install/px4_msgs/include/px4_msgs/px4_msgs/msg/detail/adc_report__builder.hpp\n'}
[9.342873] (px4_msgs) StdoutLine: {'line': b'-- Up-to-date: /home/em/ros_workspace_2025/nav_ws/install/px4_msgs/include/px4_msgs/px4_msgs/msg/detail/gimbal_manager_status__struct.hpp\n'}
[9.342895] (px4_msgs) StdoutLine: {'line': b'-- Up-to-date: /home/em/ros_workspace_2025/nav_ws/install/px4_msgs/include/px4_msgs/px4_msgs/msg/hover_thrust_estimate.hpp\n'}
[9.342916] (px4_msgs) StdoutLine: {'line': b'-- Up-to-date: /home/em/ros_workspace_2025/nav_ws/install/px4_msgs/include/px4_msgs/px4_msgs/msg/gripper.hpp\n'}
[9.342937] (px4_msgs) StdoutLine: {'line': b'-- Up-to-date: /home/em/ros_workspace_2025/nav_ws/install/px4_msgs/include/px4_msgs/px4_msgs/msg/fuel_tank_status.hpp\n'}
[9.342956] (px4_msgs) StdoutLine: {'line': b'-- Up-to-date: /home/em/ros_workspace_2025/nav_ws/install/px4_msgs/include/px4_msgs/px4_msgs/msg/gimbal_device_set_attitude.hpp\n'}
[9.342976] (px4_msgs) StdoutLine: {'line': b'-- Up-to-date: /home/em/ros_workspace_2025/nav_ws/install/px4_msgs/include/px4_msgs/px4_msgs/msg/timesync_status.hpp\n'}
[9.342995] (px4_msgs) StdoutLine: {'line': b'-- Up-to-date: /home/em/ros_workspace_2025/nav_ws/install/px4_msgs/include/px4_msgs/px4_msgs/msg/magnetometer_bias_estimate.hpp\n'}
[9.343034] (px4_msgs) StdoutLine: {'line': b'-- Up-to-date: /home/em/ros_workspace_2025/nav_ws/install/px4_msgs/include/px4_msgs/px4_msgs/msg/internal_combustion_engine_status.hpp\n'}
[9.343056] (px4_msgs) StdoutLine: {'line': b'-- Up-to-date: /home/em/ros_workspace_2025/nav_ws/install/px4_msgs/include/px4_msgs/px4_msgs/msg/sensor_gps.hpp\n'}
[9.343077] (px4_msgs) StdoutLine: {'line': b'-- Up-to-date: /home/em/ros_workspace_2025/nav_ws/install/px4_msgs/include/px4_msgs/px4_msgs/msg/orbit_status.hpp\n'}
[9.343116] (px4_msgs) StdoutLine: {'line': b'-- Up-to-date: /home/em/ros_workspace_2025/nav_ws/install/px4_msgs/include/px4_msgs/px4_msgs/msg/estimator_status.hpp\n'}
[9.343139] (px4_msgs) StdoutLine: {'line': b'-- Up-to-date: /home/em/ros_workspace_2025/nav_ws/install/px4_msgs/include/px4_msgs/px4_msgs/msg/arming_check_reply.hpp\n'}
[9.343162] (px4_msgs) StdoutLine: {'line': b'-- Up-to-date: /home/em/ros_workspace_2025/nav_ws/install/px4_msgs/include/px4_msgs/px4_msgs/msg/rover_mecanum_setpoint.hpp\n'}
[9.343185] (px4_msgs) StdoutLine: {'line': b'-- Up-to-date: /home/em/ros_workspace_2025/nav_ws/install/px4_msgs/include/px4_msgs/px4_msgs/msg/battery_status.hpp\n'}
[9.343208] (px4_msgs) StdoutLine: {'line': b'-- Up-to-date: /home/em/ros_workspace_2025/nav_ws/install/px4_msgs/include/px4_msgs/px4_msgs/msg/landing_gear.hpp\n'}
[9.343228] (px4_msgs) StdoutLine: {'line': b'-- Up-to-date: /home/em/ros_workspace_2025/nav_ws/install/px4_msgs/include/px4_msgs/px4_msgs/msg/rc_channels.hpp\n'}
[9.343248] (px4_msgs) StdoutLine: {'line': b'-- Up-to-date: /home/em/ros_workspace_2025/nav_ws/install/px4_msgs/include/px4_msgs/px4_msgs/msg/mission.hpp\n'}
[9.343268] (px4_msgs) StdoutLine: {'line': b'-- Up-to-date: /home/em/ros_workspace_2025/nav_ws/install/px4_msgs/include/px4_msgs/px4_msgs/msg/sensor_combined.hpp\n'}
[9.343288] (px4_msgs) StdoutLine: {'line': b'-- Up-to-date: /home/em/ros_workspace_2025/nav_ws/install/px4_msgs/include/px4_msgs/px4_msgs/msg/yaw_estimator_status.hpp\n'}
[9.343307] (px4_msgs) StdoutLine: {'line': b'-- Up-to-date: /home/em/ros_workspace_2025/nav_ws/install/px4_msgs/include/px4_msgs/px4_msgs/msg/vehicle_attitude.hpp\n'}
[9.343327] (px4_msgs) StdoutLine: {'line': b'-- Up-to-date: /home/em/ros_workspace_2025/nav_ws/install/px4_msgs/include/px4_msgs/px4_msgs/msg/estimator_selector_status.hpp\n'}
[9.343348] (px4_msgs) StdoutLine: {'line': b'-- Up-to-date: /home/em/ros_workspace_2025/nav_ws/install/px4_msgs/include/px4_msgs/px4_msgs/msg/estimator_states.hpp\n'}
[9.343367] (px4_msgs) StdoutLine: {'line': b'-- Up-to-date: /home/em/ros_workspace_2025/nav_ws/install/px4_msgs/include/px4_msgs/px4_msgs/msg/goto_setpoint.hpp\n'}
[9.343386] (px4_msgs) StdoutLine: {'line': b'-- Up-to-date: /home/em/ros_workspace_2025/nav_ws/install/px4_msgs/include/px4_msgs/px4_msgs/msg/cpuload.hpp\n'}
[9.343409] (px4_msgs) StdoutLine: {'line': b'-- Up-to-date: /home/em/ros_workspace_2025/nav_ws/install/px4_msgs/include/px4_msgs/px4_msgs/msg/gimbal_manager_information.hpp\n'}
[9.343431] (px4_msgs) StdoutLine: {'line': b'-- Up-to-date: /home/em/ros_workspace_2025/nav_ws/install/px4_msgs/include/px4_msgs/px4_msgs/msg/ekf2_timestamps.hpp\n'}
[9.343450] (px4_msgs) StdoutLine: {'line': b'-- Up-to-date: /home/em/ros_workspace_2025/nav_ws/install/px4_msgs/include/px4_msgs/px4_msgs/msg/sensor_preflight_mag.hpp\n'}
[9.343470] (px4_msgs) StdoutLine: {'line': b'-- Up-to-date: /home/em/ros_workspace_2025/nav_ws/install/px4_msgs/include/px4_msgs/px4_msgs/msg/mount_orientation.hpp\n'}
[9.343493] (px4_msgs) StdoutLine: {'line': b'-- Up-to-date: /home/em/ros_workspace_2025/nav_ws/install/px4_msgs/include/px4_msgs/px4_msgs\n'}
[9.343512] (px4_msgs) StdoutLine: {'line': b'-- Up-to-date: /home/em/ros_workspace_2025/nav_ws/install/px4_msgs/include/px4_msgs/px4_msgs/srv\n'}
[9.343531] (px4_msgs) StdoutLine: {'line': b'-- Up-to-date: /home/em/ros_workspace_2025/nav_ws/install/px4_msgs/include/px4_msgs/px4_msgs/srv/detail\n'}
[9.343552] (px4_msgs) StdoutLine: {'line': b'-- Up-to-date: /home/em/ros_workspace_2025/nav_ws/install/px4_msgs/include/px4_msgs/px4_msgs/srv/detail/dds_fastrtps\n'}
[9.343571] (px4_msgs) StdoutLine: {'line': b'-- Up-to-date: /home/em/ros_workspace_2025/nav_ws/install/px4_msgs/include/px4_msgs/px4_msgs/srv/detail/vehicle_command__rosidl_typesupport_fastrtps_cpp.hpp\n'}
[9.343592] (px4_msgs) StdoutLine: {'line': b'-- Up-to-date: /home/em/ros_workspace_2025/nav_ws/install/px4_msgs/include/px4_msgs/px4_msgs/msg\n'}
[9.343611] (px4_msgs) StdoutLine: {'line': b'-- Up-to-date: /home/em/ros_workspace_2025/nav_ws/install/px4_msgs/include/px4_msgs/px4_msgs/msg/rosidl_typesupport_fastrtps_cpp__visibility_control.h\n'}
[9.343634] (px4_msgs) StdoutLine: {'line': b'-- Up-to-date: /home/em/ros_workspace_2025/nav_ws/install/px4_msgs/include/px4_msgs/px4_msgs/msg/detail\n'}
[9.343653] (px4_msgs) StdoutLine: {'line': b'-- Up-to-date: /home/em/ros_workspace_2025/nav_ws/install/px4_msgs/include/px4_msgs/px4_msgs/msg/detail/radio_status__rosidl_typesupport_fastrtps_cpp.hpp\n'}
[9.343673] (px4_msgs) StdoutLine: {'line': b'-- Up-to-date: /home/em/ros_workspace_2025/nav_ws/install/px4_msgs/include/px4_msgs/px4_msgs/msg/detail/rover_differential_guidance_status__rosidl_typesupport_fastrtps_cpp.hpp\n'}
[9.343696] (px4_msgs) StdoutLine: {'line': b'-- Up-to-date: /home/em/ros_workspace_2025/nav_ws/install/px4_msgs/include/px4_msgs/px4_msgs/msg/detail/action_request__rosidl_typesupport_fastrtps_cpp.hpp\n'}
[9.343716] (px4_msgs) StdoutLine: {'line': b'-- Up-to-date: /home/em/ros_workspace_2025/nav_ws/install/px4_msgs/include/px4_msgs/px4_msgs/msg/detail/pps_capture__rosidl_typesupport_fastrtps_cpp.hpp\n'}
[9.343735] (px4_msgs) StdoutLine: {'line': b'-- Up-to-date: /home/em/ros_workspace_2025/nav_ws/install/px4_msgs/include/px4_msgs/px4_msgs/msg/detail/control_allocator_status__rosidl_typesupport_fastrtps_cpp.hpp\n'}
[9.343755] (px4_msgs) StdoutLine: {'line': b'-- Up-to-date: /home/em/ros_workspace_2025/nav_ws/install/px4_msgs/include/px4_msgs/px4_msgs/msg/detail/hover_thrust_estimate__rosidl_typesupport_fastrtps_cpp.hpp\n'}
[9.343777] (px4_msgs) StdoutLine: {'line': b'-- Up-to-date: /home/em/ros_workspace_2025/nav_ws/install/px4_msgs/include/px4_msgs/px4_msgs/msg/detail/autotune_attitude_control_status__rosidl_typesupport_fastrtps_cpp.hpp\n'}
[9.343797] (px4_msgs) StdoutLine: {'line': b'-- Up-to-date: /home/em/ros_workspace_2025/nav_ws/install/px4_msgs/include/px4_msgs/px4_msgs/msg/detail/gpio_in__rosidl_typesupport_fastrtps_cpp.hpp\n'}
[9.343817] (px4_msgs) StdoutLine: {'line': b'-- Up-to-date: /home/em/ros_workspace_2025/nav_ws/install/px4_msgs/include/px4_msgs/px4_msgs/msg/detail/orb_test__rosidl_typesupport_fastrtps_cpp.hpp\n'}
[9.343837] (px4_msgs) StdoutLine: {'line': b'-- Up-to-date: /home/em/ros_workspace_2025/nav_ws/install/px4_msgs/include/px4_msgs/px4_msgs/msg/detail/camera_capture__rosidl_typesupport_fastrtps_cpp.hpp\n'}
[9.343858] (px4_msgs) StdoutLine: {'line': b'-- Up-to-date: /home/em/ros_workspace_2025/nav_ws/install/px4_msgs/include/px4_msgs/px4_msgs/msg/detail/debug_value__rosidl_typesupport_fastrtps_cpp.hpp\n'}
[9.343877] (px4_msgs) StdoutLine: {'line': b'-- Up-to-date: /home/em/ros_workspace_2025/nav_ws/install/px4_msgs/include/px4_msgs/px4_msgs/msg/detail/rover_ackermann_setpoint__rosidl_typesupport_fastrtps_cpp.hpp\n'}
[9.343896] (px4_msgs) StdoutLine: {'line': b'-- Up-to-date: /home/em/ros_workspace_2025/nav_ws/install/px4_msgs/include/px4_msgs/px4_msgs/msg/detail/sensor_gyro_fft__rosidl_typesupport_fastrtps_cpp.hpp\n'}
[9.343915] (px4_msgs) StdoutLine: {'line': b'-- Up-to-date: /home/em/ros_workspace_2025/nav_ws/install/px4_msgs/include/px4_msgs/px4_msgs/msg/detail/rc_parameter_map__rosidl_typesupport_fastrtps_cpp.hpp\n'}
[9.343934] (px4_msgs) StdoutLine: {'line': b'-- Up-to-date: /home/em/ros_workspace_2025/nav_ws/install/px4_msgs/include/px4_msgs/px4_msgs/msg/detail/register_ext_component_reply__rosidl_typesupport_fastrtps_cpp.hpp\n'}
[9.343955] (px4_msgs) StdoutLine: {'line': b'-- Up-to-date: /home/em/ros_workspace_2025/nav_ws/install/px4_msgs/include/px4_msgs/px4_msgs/msg/detail/landing_gear_wheel__rosidl_typesupport_fastrtps_cpp.hpp\n'}
[9.343977] (px4_msgs) StdoutLine: {'line': b'-- Up-to-date: /home/em/ros_workspace_2025/nav_ws/install/px4_msgs/include/px4_msgs/px4_msgs/msg/detail/parameter_set_used_request__rosidl_typesupport_fastrtps_cpp.hpp\n'}
[9.343996] (px4_msgs) StdoutLine: {'line': b'-- Up-to-date: /home/em/ros_workspace_2025/nav_ws/install/px4_msgs/include/px4_msgs/px4_msgs/msg/detail/sensor_uwb__rosidl_typesupport_fastrtps_cpp.hpp\n'}
[9.344016] (px4_msgs) StdoutLine: {'line': b'-- Up-to-date: /home/em/ros_workspace_2025/nav_ws/install/px4_msgs/include/px4_msgs/px4_msgs/msg/detail/estimator_aid_source2d__rosidl_typesupport_fastrtps_cpp.hpp\n'}
[9.344035] (px4_msgs) StdoutLine: {'line': b'-- Up-to-date: /home/em/ros_workspace_2025/nav_ws/install/px4_msgs/include/px4_msgs/px4_msgs/msg/detail/gimbal_manager_set_attitude__rosidl_typesupport_fastrtps_cpp.hpp\n'}
[9.344055] (px4_msgs) StdoutLine: {'line': b'-- Up-to-date: /home/em/ros_workspace_2025/nav_ws/install/px4_msgs/include/px4_msgs/px4_msgs/msg/detail/health_report__rosidl_typesupport_fastrtps_cpp.hpp\n'}
[9.344075] (px4_msgs) StdoutLine: {'line': b'-- Up-to-date: /home/em/ros_workspace_2025/nav_ws/install/px4_msgs/include/px4_msgs/px4_msgs/msg/detail/sensor_correction__rosidl_typesupport_fastrtps_cpp.hpp\n'}
[9.344095] (px4_msgs) StdoutLine: {'line': b'-- Up-to-date: /home/em/ros_workspace_2025/nav_ws/install/px4_msgs/include/px4_msgs/px4_msgs/msg/detail/sensor_accel__rosidl_typesupport_fastrtps_cpp.hpp\n'}
[9.344116] (px4_msgs) StdoutLine: {'line': b'-- Up-to-date: /home/em/ros_workspace_2025/nav_ws/install/px4_msgs/include/px4_msgs/px4_msgs/msg/detail/camera_status__rosidl_typesupport_fastrtps_cpp.hpp\n'}
[9.344136] (px4_msgs) StdoutLine: {'line': b'-- Up-to-date: /home/em/ros_workspace_2025/nav_ws/install/px4_msgs/include/px4_msgs/px4_msgs/msg/detail/battery_status__rosidl_typesupport_fastrtps_cpp.hpp\n'}
[9.344157] (px4_msgs) StdoutLine: {'line': b'-- Up-to-date: /home/em/ros_workspace_2025/nav_ws/install/px4_msgs/include/px4_msgs/px4_msgs/msg/detail/vehicle_control_mode__rosidl_typesupport_fastrtps_cpp.hpp\n'}
[9.344176] (px4_msgs) StdoutLine: {'line': b'-- Up-to-date: /home/em/ros_workspace_2025/nav_ws/install/px4_msgs/include/px4_msgs/px4_msgs/msg/detail/follow_target_estimator__rosidl_typesupport_fastrtps_cpp.hpp\n'}
[9.344196] (px4_msgs) StdoutLine: {'line': b'-- Up-to-date: /home/em/ros_workspace_2025/nav_ws/install/px4_msgs/include/px4_msgs/px4_msgs/msg/detail/vehicle_land_detected__rosidl_typesupport_fastrtps_cpp.hpp\n'}
[9.344217] (px4_msgs) StdoutLine: {'line': b'-- Up-to-date: /home/em/ros_workspace_2025/nav_ws/install/px4_msgs/include/px4_msgs/px4_msgs/msg/detail/sensors_status__rosidl_typesupport_fastrtps_cpp.hpp\n'}
[9.344236] (px4_msgs) StdoutLine: {'line': b'-- Up-to-date: /home/em/ros_workspace_2025/nav_ws/install/px4_msgs/include/px4_msgs/px4_msgs/msg/detail/navigator_mission_item__rosidl_typesupport_fastrtps_cpp.hpp\n'}
[9.344255] (px4_msgs) StdoutLine: {'line': b'-- Up-to-date: /home/em/ros_workspace_2025/nav_ws/install/px4_msgs/include/px4_msgs/px4_msgs/msg/detail/transponder_report__rosidl_typesupport_fastrtps_cpp.hpp\n'}
[9.344294] (px4_msgs) StdoutLine: {'line': b'-- Up-to-date: /home/em/ros_workspace_2025/nav_ws/install/px4_msgs/include/px4_msgs/px4_msgs/msg/detail/ulog_stream__rosidl_typesupport_fastrtps_cpp.hpp\n'}
[9.344315] (px4_msgs) StdoutLine: {'line': b'-- Up-to-date: /home/em/ros_workspace_2025/nav_ws/install/px4_msgs/include/px4_msgs/px4_msgs/msg/detail/estimator_aid_source3d__rosidl_typesupport_fastrtps_cpp.hpp\n'}
[9.344334] (px4_msgs) StdoutLine: {'line': b'-- Up-to-date: /home/em/ros_workspace_2025/nav_ws/install/px4_msgs/include/px4_msgs/px4_msgs/msg/detail/position_setpoint__rosidl_typesupport_fastrtps_cpp.hpp\n'}
[9.344355] (px4_msgs) StdoutLine: {'line': b'-- Up-to-date: /home/em/ros_workspace_2025/nav_ws/install/px4_msgs/include/px4_msgs/px4_msgs/msg/detail/sensor_gyro__rosidl_typesupport_fastrtps_cpp.hpp\n'}
[9.344375] (px4_msgs) StdoutLine: {'line': b'-- Up-to-date: /home/em/ros_workspace_2025/nav_ws/install/px4_msgs/include/px4_msgs/px4_msgs/msg/detail/mount_orientation__rosidl_typesupport_fastrtps_cpp.hpp\n'}
[9.344394] (px4_msgs) StdoutLine: {'line': b'-- Up-to-date: /home/em/ros_workspace_2025/nav_ws/install/px4_msgs/include/px4_msgs/px4_msgs/msg/detail/rover_mecanum_setpoint__rosidl_typesupport_fastrtps_cpp.hpp\n'}
[9.344420] (px4_msgs) StdoutLine: {'line': b'-- Up-to-date: /home/em/ros_workspace_2025/nav_ws/install/px4_msgs/include/px4_msgs/px4_msgs/msg/detail/vehicle_roi__rosidl_typesupport_fastrtps_cpp.hpp\n'}
[9.344442] (px4_msgs) StdoutLine: {'line': b'-- Up-to-date: /home/em/ros_workspace_2025/nav_ws/install/px4_msgs/include/px4_msgs/px4_msgs/msg/detail/vehicle_magnetometer__rosidl_typesupport_fastrtps_cpp.hpp\n'}
[9.344465] (px4_msgs) StdoutLine: {'line': b'-- Up-to-date: /home/em/ros_workspace_2025/nav_ws/install/px4_msgs/include/px4_msgs/px4_msgs/msg/detail/estimator_status_flags__rosidl_typesupport_fastrtps_cpp.hpp\n'}
[9.344486] (px4_msgs) StdoutLine: {'line': b'-- Up-to-date: /home/em/ros_workspace_2025/nav_ws/install/px4_msgs/include/px4_msgs/px4_msgs/msg/detail/sensor_baro__rosidl_typesupport_fastrtps_cpp.hpp\n'}
[9.344507] (px4_msgs) StdoutLine: {'line': b'-- Up-to-date: /home/em/ros_workspace_2025/nav_ws/install/px4_msgs/include/px4_msgs/px4_msgs/msg/detail/buffer128__rosidl_typesupport_fastrtps_cpp.hpp\n'}
[9.344526] (px4_msgs) StdoutLine: {'line': b'-- Up-to-date: /home/em/ros_workspace_2025/nav_ws/install/px4_msgs/include/px4_msgs/px4_msgs/msg/detail/vehicle_air_data__rosidl_typesupport_fastrtps_cpp.hpp\n'}
[9.344545] (px4_msgs) StdoutLine: {'line': b'-- Up-to-date: /home/em/ros_workspace_2025/nav_ws/install/px4_msgs/include/px4_msgs/px4_msgs/msg/detail/figure_eight_status__rosidl_typesupport_fastrtps_cpp.hpp\n'}
[9.344565] (px4_msgs) StdoutLine: {'line': b'-- Up-to-date: /home/em/ros_workspace_2025/nav_ws/install/px4_msgs/include/px4_msgs/px4_msgs/msg/detail/vehicle_local_position__rosidl_typesupport_fastrtps_cpp.hpp\n'}
[9.344585] (px4_msgs) StdoutLine: {'line': b'-- Up-to-date: /home/em/ros_workspace_2025/nav_ws/install/px4_msgs/include/px4_msgs/px4_msgs/msg/detail/vehicle_command_ack__rosidl_typesupport_fastrtps_cpp.hpp\n'}
[9.344605] (px4_msgs) StdoutLine: {'line': b'-- Up-to-date: /home/em/ros_workspace_2025/nav_ws/install/px4_msgs/include/px4_msgs/px4_msgs/msg/detail/can_interface_status__rosidl_typesupport_fastrtps_cpp.hpp\n'}
[9.344625] (px4_msgs) StdoutLine: {'line': b'-- Up-to-date: /home/em/ros_workspace_2025/nav_ws/install/px4_msgs/include/px4_msgs/px4_msgs/msg/detail/esc_status__rosidl_typesupport_fastrtps_cpp.hpp\n'}
[9.344645] (px4_msgs) StdoutLine: {'line': b'-- Up-to-date: /home/em/ros_workspace_2025/nav_ws/install/px4_msgs/include/px4_msgs/px4_msgs/msg/detail/satellite_info__rosidl_typesupport_fastrtps_cpp.hpp\n'}
[9.344666] (px4_msgs) StdoutLine: {'line': b'-- Up-to-date: /home/em/ros_workspace_2025/nav_ws/install/px4_msgs/include/px4_msgs/px4_msgs/msg/detail/sensor_gyro_fifo__rosidl_typesupport_fastrtps_cpp.hpp\n'}
[9.344690] (px4_msgs) StdoutLine: {'line': b'-- Up-to-date: /home/em/ros_workspace_2025/nav_ws/install/px4_msgs/include/px4_msgs/px4_msgs/msg/detail/position_controller_landing_status__rosidl_typesupport_fastrtps_cpp.hpp\n'}
[9.344713] (px4_msgs) StdoutLine: {'line': b'-- Up-to-date: /home/em/ros_workspace_2025/nav_ws/install/px4_msgs/include/px4_msgs/px4_msgs/msg/detail/orb_test_large__rosidl_typesupport_fastrtps_cpp.hpp\n'}
[9.344735] (px4_msgs) StdoutLine: {'line': b'-- Up-to-date: /home/em/ros_workspace_2025/nav_ws/install/px4_msgs/include/px4_msgs/px4_msgs/msg/detail/sensor_combined__rosidl_typesupport_fastrtps_cpp.hpp\n'}
[9.344754] (px4_msgs) StdoutLine: {'line': b'-- Up-to-date: /home/em/ros_workspace_2025/nav_ws/install/px4_msgs/include/px4_msgs/px4_msgs/msg/detail/estimator_bias__rosidl_typesupport_fastrtps_cpp.hpp\n'}
[9.344773] (px4_msgs) StdoutLine: {'line': b'-- Up-to-date: /home/em/ros_workspace_2025/nav_ws/install/px4_msgs/include/px4_msgs/px4_msgs/msg/detail/magnetometer_bias_estimate__rosidl_typesupport_fastrtps_cpp.hpp\n'}
[9.344791] (px4_msgs) StdoutLine: {'line': b'-- Up-to-date: /home/em/ros_workspace_2025/nav_ws/install/px4_msgs/include/px4_msgs/px4_msgs/msg/detail/gps_inject_data__rosidl_typesupport_fastrtps_cpp.hpp\n'}
[9.344810] (px4_msgs) StdoutLine: {'line': b'-- Up-to-date: /home/em/ros_workspace_2025/nav_ws/install/px4_msgs/include/px4_msgs/px4_msgs/msg/detail/camera_trigger__rosidl_typesupport_fastrtps_cpp.hpp\n'}
[9.344828] (px4_msgs) StdoutLine: {'line': b'-- Up-to-date: /home/em/ros_workspace_2025/nav_ws/install/px4_msgs/include/px4_msgs/px4_msgs/msg/detail/trajectory_setpoint__rosidl_typesupport_fastrtps_cpp.hpp\n'}
[9.344846] (px4_msgs) StdoutLine: {'line': b'-- Up-to-date: /home/em/ros_workspace_2025/nav_ws/install/px4_msgs/include/px4_msgs/px4_msgs/msg/detail/debug_key_value__rosidl_typesupport_fastrtps_cpp.hpp\n'}
[9.344864] (px4_msgs) StdoutLine: {'line': b'-- Up-to-date: /home/em/ros_workspace_2025/nav_ws/install/px4_msgs/include/px4_msgs/px4_msgs/msg/detail/flight_phase_estimation__rosidl_typesupport_fastrtps_cpp.hpp\n'}
[9.344882] (px4_msgs) StdoutLine: {'line': b'-- Up-to-date: /home/em/ros_workspace_2025/nav_ws/install/px4_msgs/include/px4_msgs/px4_msgs/msg/detail/power_monitor__rosidl_typesupport_fastrtps_cpp.hpp\n'}
[9.344903] (px4_msgs) StdoutLine: {'line': b'-- Up-to-date: /home/em/ros_workspace_2025/nav_ws/install/px4_msgs/include/px4_msgs/px4_msgs/msg/detail/estimator_aid_source1d__rosidl_typesupport_fastrtps_cpp.hpp\n'}
[9.344923] (px4_msgs) StdoutLine: {'line': b'-- Up-to-date: /home/em/ros_workspace_2025/nav_ws/install/px4_msgs/include/px4_msgs/px4_msgs/msg/detail/landing_gear__rosidl_typesupport_fastrtps_cpp.hpp\n'}
[9.344941] (px4_msgs) StdoutLine: {'line': b'-- Up-to-date: /home/em/ros_workspace_2025/nav_ws/install/px4_msgs/include/px4_msgs/px4_msgs/msg/detail/power_button_state__rosidl_typesupport_fastrtps_cpp.hpp\n'}
[9.344959] (px4_msgs) StdoutLine: {'line': b'-- Up-to-date: /home/em/ros_workspace_2025/nav_ws/install/px4_msgs/include/px4_msgs/px4_msgs/msg/detail/gripper__rosidl_typesupport_fastrtps_cpp.hpp\n'}
[9.344979] (px4_msgs) StdoutLine: {'line': b'-- Up-to-date: /home/em/ros_workspace_2025/nav_ws/install/px4_msgs/include/px4_msgs/px4_msgs/msg/detail/position_controller_status__rosidl_typesupport_fastrtps_cpp.hpp\n'}
[9.344997] (px4_msgs) StdoutLine: {'line': b'-- Up-to-date: /home/em/ros_workspace_2025/nav_ws/install/px4_msgs/include/px4_msgs/px4_msgs/msg/detail/actuator_servos_trim__rosidl_typesupport_fastrtps_cpp.hpp\n'}
[9.345015] (px4_msgs) StdoutLine: {'line': b'-- Up-to-date: /home/em/ros_workspace_2025/nav_ws/install/px4_msgs/include/px4_msgs/px4_msgs/msg/detail/estimator_status__rosidl_typesupport_fastrtps_cpp.hpp\n'}
[9.345034] (px4_msgs) StdoutLine: {'line': b'-- Up-to-date: /home/em/ros_workspace_2025/nav_ws/install/px4_msgs/include/px4_msgs/px4_msgs/msg/detail/airspeed_validated__rosidl_typesupport_fastrtps_cpp.hpp\n'}
[9.345053] (px4_msgs) StdoutLine: {'line': b'-- Up-to-date: /home/em/ros_workspace_2025/nav_ws/install/px4_msgs/include/px4_msgs/px4_msgs/msg/detail/internal_combustion_engine_status__rosidl_typesupport_fastrtps_cpp.hpp\n'}
[9.345072] (px4_msgs) StdoutLine: {'line': b'-- Up-to-date: /home/em/ros_workspace_2025/nav_ws/install/px4_msgs/include/px4_msgs/px4_msgs/msg/detail/estimator_bias3d__rosidl_typesupport_fastrtps_cpp.hpp\n'}
[9.345090] (px4_msgs) StdoutLine: {'line': b'-- Up-to-date: /home/em/ros_workspace_2025/nav_ws/install/px4_msgs/include/px4_msgs/px4_msgs/msg/detail/wheel_encoders__rosidl_typesupport_fastrtps_cpp.hpp\n'}
[9.345110] (px4_msgs) StdoutLine: {'line': b'-- Up-to-date: /home/em/ros_workspace_2025/nav_ws/install/px4_msgs/include/px4_msgs/px4_msgs/msg/detail/velocity_limits__rosidl_typesupport_fastrtps_cpp.hpp\n'}
[9.345129] (px4_msgs) StdoutLine: {'line': b'-- Up-to-date: /home/em/ros_workspace_2025/nav_ws/install/px4_msgs/include/px4_msgs/px4_msgs/msg/detail/collision_report__rosidl_typesupport_fastrtps_cpp.hpp\n'}
[9.345148] (px4_msgs) StdoutLine: {'line': b'-- Up-to-date: /home/em/ros_workspace_2025/nav_ws/install/px4_msgs/include/px4_msgs/px4_msgs/msg/detail/open_drone_id_system__rosidl_typesupport_fastrtps_cpp.hpp\n'}
[9.345167] (px4_msgs) StdoutLine: {'line': b'-- Up-to-date: /home/em/ros_workspace_2025/nav_ws/install/px4_msgs/include/px4_msgs/px4_msgs/msg/detail/sensor_preflight_mag__rosidl_typesupport_fastrtps_cpp.hpp\n'}
[9.345186] (px4_msgs) StdoutLine: {'line': b'-- Up-to-date: /home/em/ros_workspace_2025/nav_ws/install/px4_msgs/include/px4_msgs/px4_msgs/msg/detail/mavlink_log__rosidl_typesupport_fastrtps_cpp.hpp\n'}
[9.345207] (px4_msgs) StdoutLine: {'line': b'-- Up-to-date: /home/em/ros_workspace_2025/nav_ws/install/px4_msgs/include/px4_msgs/px4_msgs/msg/detail/mag_worker_data__rosidl_typesupport_fastrtps_cpp.hpp\n'}
[9.345226] (px4_msgs) StdoutLine: {'line': b'-- Up-to-date: /home/em/ros_workspace_2025/nav_ws/install/px4_msgs/include/px4_msgs/px4_msgs/msg/detail/pwm_input__rosidl_typesupport_fastrtps_cpp.hpp\n'}
[9.345245] (px4_msgs) StdoutLine: {'line': b'-- Up-to-date: /home/em/ros_workspace_2025/nav_ws/install/px4_msgs/include/px4_msgs/px4_msgs/msg/detail/esc_report__rosidl_typesupport_fastrtps_cpp.hpp\n'}
[9.345264] (px4_msgs) StdoutLine: {'line': b'-- Up-to-date: /home/em/ros_workspace_2025/nav_ws/install/px4_msgs/include/px4_msgs/px4_msgs/msg/detail/gimbal_controls__rosidl_typesupport_fastrtps_cpp.hpp\n'}
[9.345284] (px4_msgs) StdoutLine: {'line': b'-- Up-to-date: /home/em/ros_workspace_2025/nav_ws/install/px4_msgs/include/px4_msgs/px4_msgs/msg/detail/message_format_response__rosidl_typesupport_fastrtps_cpp.hpp\n'}
[9.345306] (px4_msgs) StdoutLine: {'line': b'-- Up-to-date: /home/em/ros_workspace_2025/nav_ws/install/px4_msgs/include/px4_msgs/px4_msgs/msg/detail/gimbal_manager_set_manual_control__rosidl_typesupport_fastrtps_cpp.hpp\n'}
[9.345328] (px4_msgs) StdoutLine: {'line': b'-- Up-to-date: /home/em/ros_workspace_2025/nav_ws/install/px4_msgs/include/px4_msgs/px4_msgs/msg/detail/vehicle_odometry__rosidl_typesupport_fastrtps_cpp.hpp\n'}
[9.345354] (px4_msgs) StdoutLine: {'line': b'-- Up-to-date: /home/em/ros_workspace_2025/nav_ws/install/px4_msgs/include/px4_msgs/px4_msgs/msg/detail/follow_target_status__rosidl_typesupport_fastrtps_cpp.hpp\n'}
[9.345379] (px4_msgs) StdoutLine: {'line': b'-- Up-to-date: /home/em/ros_workspace_2025/nav_ws/install/px4_msgs/include/px4_msgs/px4_msgs/msg/detail/sensor_mag__rosidl_typesupport_fastrtps_cpp.hpp\n'}
[9.345412] (px4_msgs) StdoutLine: {'line': b'-- Up-to-date: /home/em/ros_workspace_2025/nav_ws/install/px4_msgs/include/px4_msgs/px4_msgs/msg/detail/vehicle_angular_velocity__rosidl_typesupport_fastrtps_cpp.hpp\n'}
[9.345459] (px4_msgs) StdoutLine: {'line': b'-- Up-to-date: /home/em/ros_workspace_2025/nav_ws/install/px4_msgs/include/px4_msgs/px4_msgs/msg/detail/button_event__rosidl_typesupport_fastrtps_cpp.hpp\n'}
[9.345503] (px4_msgs) StdoutLine: {'line': b'-- Up-to-date: /home/em/ros_workspace_2025/nav_ws/install/px4_msgs/include/px4_msgs/px4_msgs/msg/detail/gimbal_device_set_attitude__rosidl_typesupport_fastrtps_cpp.hpp\n'}
[9.345614] (px4_msgs) StdoutLine: {'line': b'-- Up-to-date: /home/em/ros_workspace_2025/nav_ws/install/px4_msgs/include/px4_msgs/px4_msgs/msg/detail/rover_mecanum_status__rosidl_typesupport_fastrtps_cpp.hpp\n'}
[9.345644] (px4_msgs) StdoutLine: {'line': b'-- Up-to-date: /home/em/ros_workspace_2025/nav_ws/install/px4_msgs/include/px4_msgs/px4_msgs/msg/detail/home_position__rosidl_typesupport_fastrtps_cpp.hpp\n'}
[9.345669] (px4_msgs) StdoutLine: {'line': b'-- Up-to-date: /home/em/ros_workspace_2025/nav_ws/install/px4_msgs/include/px4_msgs/px4_msgs/msg/detail/fuel_tank_status__rosidl_typesupport_fastrtps_cpp.hpp\n'}
[9.345696] (px4_msgs) StdoutLine: {'line': b'-- Up-to-date: /home/em/ros_workspace_2025/nav_ws/install/px4_msgs/include/px4_msgs/px4_msgs/msg/detail/rover_ackermann_guidance_status__rosidl_typesupport_fastrtps_cpp.hpp\n'}
[9.345719] (px4_msgs) StdoutLine: {'line': b'-- Up-to-date: /home/em/ros_workspace_2025/nav_ws/install/px4_msgs/include/px4_msgs/px4_msgs/msg/detail/gimbal_manager_information__rosidl_typesupport_fastrtps_cpp.hpp\n'}
[9.345742] (px4_msgs) StdoutLine: {'line': b'-- Up-to-date: /home/em/ros_workspace_2025/nav_ws/install/px4_msgs/include/px4_msgs/px4_msgs/msg/detail/wind__rosidl_typesupport_fastrtps_cpp.hpp\n'}
[9.345762] (px4_msgs) StdoutLine: {'line': b'-- Up-to-date: /home/em/ros_workspace_2025/nav_ws/install/px4_msgs/include/px4_msgs/px4_msgs/msg/detail/debug_vect__rosidl_typesupport_fastrtps_cpp.hpp\n'}
[9.345781] (px4_msgs) StdoutLine: {'line': b'-- Up-to-date: /home/em/ros_workspace_2025/nav_ws/install/px4_msgs/include/px4_msgs/px4_msgs/msg/detail/register_ext_component_request__rosidl_typesupport_fastrtps_cpp.hpp\n'}
[9.345801] (px4_msgs) StdoutLine: {'line': b'-- Up-to-date: /home/em/ros_workspace_2025/nav_ws/install/px4_msgs/include/px4_msgs/px4_msgs/msg/detail/rover_ackermann_status__rosidl_typesupport_fastrtps_cpp.hpp\n'}
[9.345820] (px4_msgs) StdoutLine: {'line': b'-- Up-to-date: /home/em/ros_workspace_2025/nav_ws/install/px4_msgs/include/px4_msgs/px4_msgs/msg/detail/geofence_status__rosidl_typesupport_fastrtps_cpp.hpp\n'}
[9.345839] (px4_msgs) StdoutLine: {'line': b'-- Up-to-date: /home/em/ros_workspace_2025/nav_ws/install/px4_msgs/include/px4_msgs/px4_msgs/msg/detail/yaw_estimator_status__rosidl_typesupport_fastrtps_cpp.hpp\n'}
[9.345860] (px4_msgs) StdoutLine: {'line': b'-- Up-to-date: /home/em/ros_workspace_2025/nav_ws/install/px4_msgs/include/px4_msgs/px4_msgs/msg/detail/orb_test_medium__rosidl_typesupport_fastrtps_cpp.hpp\n'}
[9.345888] (px4_msgs) StdoutLine: {'line': b'-- Up-to-date: /home/em/ros_workspace_2025/nav_ws/install/px4_msgs/include/px4_msgs/px4_msgs/msg/detail/dataman_request__rosidl_typesupport_fastrtps_cpp.hpp\n'}
[9.345919] (px4_msgs) StdoutLine: {'line': b'-- Up-to-date: /home/em/ros_workspace_2025/nav_ws/install/px4_msgs/include/px4_msgs/px4_msgs/msg/detail/cpuload__rosidl_typesupport_fastrtps_cpp.hpp\n'}
[9.345938] (px4_msgs) StdoutLine: {'line': b'-- Up-to-date: /home/em/ros_workspace_2025/nav_ws/install/px4_msgs/include/px4_msgs/px4_msgs/msg/detail/unregister_ext_component__rosidl_typesupport_fastrtps_cpp.hpp\n'}
[9.345957] (px4_msgs) StdoutLine: {'line': b'-- Up-to-date: /home/em/ros_workspace_2025/nav_ws/install/px4_msgs/include/px4_msgs/px4_msgs/msg/detail/timesync_status__rosidl_typesupport_fastrtps_cpp.hpp\n'}
[9.345977] (px4_msgs) StdoutLine: {'line': b'-- Up-to-date: /home/em/ros_workspace_2025/nav_ws/install/px4_msgs/include/px4_msgs/px4_msgs/msg/detail/event__rosidl_typesupport_fastrtps_cpp.hpp\n'}
[9.345998] (px4_msgs) StdoutLine: {'line': b'-- Up-to-date: /home/em/ros_workspace_2025/nav_ws/install/px4_msgs/include/px4_msgs/px4_msgs/msg/detail/config_overrides__rosidl_typesupport_fastrtps_cpp.hpp\n'}
[9.346018] (px4_msgs) StdoutLine: {'line': b'-- Up-to-date: /home/em/ros_workspace_2025/nav_ws/install/px4_msgs/include/px4_msgs/px4_msgs/msg/detail/vehicle_attitude_setpoint__rosidl_typesupport_fastrtps_cpp.hpp\n'}
[9.346045] (px4_msgs) StdoutLine: {'line': b'-- Up-to-date: /home/em/ros_workspace_2025/nav_ws/install/px4_msgs/include/px4_msgs/px4_msgs/msg/detail/vehicle_global_position__rosidl_typesupport_fastrtps_cpp.hpp\n'}
[9.346069] (px4_msgs) StdoutLine: {'line': b'-- Up-to-date: /home/em/ros_workspace_2025/nav_ws/install/px4_msgs/include/px4_msgs/px4_msgs/msg/detail/dds_fastrtps\n'}
[9.346089] (px4_msgs) StdoutLine: {'line': b'-- Up-to-date: /home/em/ros_workspace_2025/nav_ws/install/px4_msgs/include/px4_msgs/px4_msgs/msg/detail/uavcan_parameter_value__rosidl_typesupport_fastrtps_cpp.hpp\n'}
[9.346113] (px4_msgs) StdoutLine: {'line': b'-- Up-to-date: /home/em/ros_workspace_2025/nav_ws/install/px4_msgs/include/px4_msgs/px4_msgs/msg/detail/rpm__rosidl_typesupport_fastrtps_cpp.hpp\n'}
[9.346137] (px4_msgs) StdoutLine: {'line': b'-- Up-to-date: /home/em/ros_workspace_2025/nav_ws/install/px4_msgs/include/px4_msgs/px4_msgs/msg/detail/vehicle_constraints__rosidl_typesupport_fastrtps_cpp.hpp\n'}
[9.346159] (px4_msgs) StdoutLine: {'line': b'-- Up-to-date: /home/em/ros_workspace_2025/nav_ws/install/px4_msgs/include/px4_msgs/px4_msgs/msg/detail/qshell_retval__rosidl_typesupport_fastrtps_cpp.hpp\n'}
[9.346179] (px4_msgs) StdoutLine: {'line': b'-- Up-to-date: /home/em/ros_workspace_2025/nav_ws/install/px4_msgs/include/px4_msgs/px4_msgs/msg/detail/vehicle_thrust_setpoint__rosidl_typesupport_fastrtps_cpp.hpp\n'}
[9.346199] (px4_msgs) StdoutLine: {'line': b'-- Up-to-date: /home/em/ros_workspace_2025/nav_ws/install/px4_msgs/include/px4_msgs/px4_msgs/msg/detail/airspeed__rosidl_typesupport_fastrtps_cpp.hpp\n'}
[9.346220] (px4_msgs) StdoutLine: {'line': b'-- Up-to-date: /home/em/ros_workspace_2025/nav_ws/install/px4_msgs/include/px4_msgs/px4_msgs/msg/detail/open_drone_id_self_id__rosidl_typesupport_fastrtps_cpp.hpp\n'}
[9.346239] (px4_msgs) StdoutLine: {'line': b'-- Up-to-date: /home/em/ros_workspace_2025/nav_ws/install/px4_msgs/include/px4_msgs/px4_msgs/msg/detail/estimator_sensor_bias__rosidl_typesupport_fastrtps_cpp.hpp\n'}
[9.346266] (px4_msgs) StdoutLine: {'line': b'-- Up-to-date: /home/em/ros_workspace_2025/nav_ws/install/px4_msgs/include/px4_msgs/px4_msgs/msg/detail/failsafe_flags__rosidl_typesupport_fastrtps_cpp.hpp\n'}
[9.346297] (px4_msgs) StdoutLine: {'line': b'-- Up-to-date: /home/em/ros_workspace_2025/nav_ws/install/px4_msgs/include/px4_msgs/px4_msgs/msg/detail/gpio_request__rosidl_typesupport_fastrtps_cpp.hpp\n'}
[9.346329] (px4_msgs) StdoutLine: {'line': b'-- Up-to-date: /home/em/ros_workspace_2025/nav_ws/install/px4_msgs/include/px4_msgs/px4_msgs/msg/detail/actuator_controls_status__rosidl_typesupport_fastrtps_cpp.hpp\n'}
[9.346360] (px4_msgs) StdoutLine: {'line': b'-- Up-to-date: /home/em/ros_workspace_2025/nav_ws/install/px4_msgs/include/px4_msgs/px4_msgs/msg/detail/sensor_airflow__rosidl_typesupport_fastrtps_cpp.hpp\n'}
[9.346389] (px4_msgs) StdoutLine: {'line': b'-- Up-to-date: /home/em/ros_workspace_2025/nav_ws/install/px4_msgs/include/px4_msgs/px4_msgs/msg/detail/log_message__rosidl_typesupport_fastrtps_cpp.hpp\n'}
[9.346425] (px4_msgs) StdoutLine: {'line': b'-- Up-to-date: /home/em/ros_workspace_2025/nav_ws/install/px4_msgs/include/px4_msgs/px4_msgs/msg/detail/position_setpoint_triplet__rosidl_typesupport_fastrtps_cpp.hpp\n'}
[9.346452] (px4_msgs) StdoutLine: {'line': b'-- Up-to-date: /home/em/ros_workspace_2025/nav_ws/install/px4_msgs/include/px4_msgs/px4_msgs/msg/detail/failure_detector_status__rosidl_typesupport_fastrtps_cpp.hpp\n'}
[9.346472] (px4_msgs) StdoutLine: {'line': b'-- Up-to-date: /home/em/ros_workspace_2025/nav_ws/install/px4_msgs/include/px4_msgs/px4_msgs/msg/detail/vehicle_torque_setpoint__rosidl_typesupport_fastrtps_cpp.hpp\n'}
[9.346492] (px4_msgs) StdoutLine: {'line': b'-- Up-to-date: /home/em/ros_workspace_2025/nav_ws/install/px4_msgs/include/px4_msgs/px4_msgs/msg/detail/sensor_gps__rosidl_typesupport_fastrtps_cpp.hpp\n'}
[9.346512] (px4_msgs) StdoutLine: {'line': b'-- Up-to-date: /home/em/ros_workspace_2025/nav_ws/install/px4_msgs/include/px4_msgs/px4_msgs/msg/detail/debug_array__rosidl_typesupport_fastrtps_cpp.hpp\n'}
[9.346534] (px4_msgs) StdoutLine: {'line': b'-- Up-to-date: /home/em/ros_workspace_2025/nav_ws/install/px4_msgs/include/px4_msgs/px4_msgs/msg/detail/rc_channels__rosidl_typesupport_fastrtps_cpp.hpp\n'}
[9.346556] (px4_msgs) StdoutLine: {'line': b'-- Up-to-date: /home/em/ros_workspace_2025/nav_ws/install/px4_msgs/include/px4_msgs/px4_msgs/msg/detail/navigator_status__rosidl_typesupport_fastrtps_cpp.hpp\n'}
[9.346579] (px4_msgs) StdoutLine: {'line': b'-- Up-to-date: /home/em/ros_workspace_2025/nav_ws/install/px4_msgs/include/px4_msgs/px4_msgs/msg/detail/px4io_status__rosidl_typesupport_fastrtps_cpp.hpp\n'}
[9.346599] (px4_msgs) StdoutLine: {'line': b'-- Up-to-date: /home/em/ros_workspace_2025/nav_ws/install/px4_msgs/include/px4_msgs/px4_msgs/msg/detail/distance_sensor__rosidl_typesupport_fastrtps_cpp.hpp\n'}
[9.346619] (px4_msgs) StdoutLine: {'line': b'-- Up-to-date: /home/em/ros_workspace_2025/nav_ws/install/px4_msgs/include/px4_msgs/px4_msgs/msg/detail/open_drone_id_operator_id__rosidl_typesupport_fastrtps_cpp.hpp\n'}
[9.346638] (px4_msgs) StdoutLine: {'line': b'-- Up-to-date: /home/em/ros_workspace_2025/nav_ws/install/px4_msgs/include/px4_msgs/px4_msgs/msg/detail/heater_status__rosidl_typesupport_fastrtps_cpp.hpp\n'}
[9.346662] (px4_msgs) StdoutLine: {'line': b'-- Up-to-date: /home/em/ros_workspace_2025/nav_ws/install/px4_msgs/include/px4_msgs/px4_msgs/msg/detail/goto_setpoint__rosidl_typesupport_fastrtps_cpp.hpp\n'}
[9.346684] (px4_msgs) StdoutLine: {'line': b'-- Up-to-date: /home/em/ros_workspace_2025/nav_ws/install/px4_msgs/include/px4_msgs/px4_msgs/msg/detail/sensor_optical_flow__rosidl_typesupport_fastrtps_cpp.hpp\n'}
[9.346705] (px4_msgs) StdoutLine: {'line': b'-- Up-to-date: /home/em/ros_workspace_2025/nav_ws/install/px4_msgs/include/px4_msgs/px4_msgs/msg/detail/mission__rosidl_typesupport_fastrtps_cpp.hpp\n'}
[9.346724] (px4_msgs) StdoutLine: {'line': b'-- Up-to-date: /home/em/ros_workspace_2025/nav_ws/install/px4_msgs/include/px4_msgs/px4_msgs/msg/detail/distance_sensor_mode_change_request__rosidl_typesupport_fastrtps_cpp.hpp\n'}
[9.346744] (px4_msgs) StdoutLine: {'line': b'-- Up-to-date: /home/em/ros_workspace_2025/nav_ws/install/px4_msgs/include/px4_msgs/px4_msgs/msg/detail/actuator_motors__rosidl_typesupport_fastrtps_cpp.hpp\n'}
[9.346764] (px4_msgs) StdoutLine: {'line': b'-- Up-to-date: /home/em/ros_workspace_2025/nav_ws/install/px4_msgs/include/px4_msgs/px4_msgs/msg/detail/ekf2_timestamps__rosidl_typesupport_fastrtps_cpp.hpp\n'}
[9.346784] (px4_msgs) StdoutLine: {'line': b'-- Up-to-date: /home/em/ros_workspace_2025/nav_ws/install/px4_msgs/include/px4_msgs/px4_msgs/msg/detail/telemetry_status__rosidl_typesupport_fastrtps_cpp.hpp\n'}
[9.346803] (px4_msgs) StdoutLine: {'line': b'-- Up-to-date: /home/em/ros_workspace_2025/nav_ws/install/px4_msgs/include/px4_msgs/px4_msgs/msg/detail/takeoff_status__rosidl_typesupport_fastrtps_cpp.hpp\n'}
[9.346849] (px4_msgs) StdoutLine: {'line': b'-- Up-to-date: /home/em/ros_workspace_2025/nav_ws/install/px4_msgs/include/px4_msgs/px4_msgs/msg/detail/landing_target_pose__rosidl_typesupport_fastrtps_cpp.hpp\n'}
[9.346871] (px4_msgs) StdoutLine: {'line': b'-- Up-to-date: /home/em/ros_workspace_2025/nav_ws/install/px4_msgs/include/px4_msgs/px4_msgs/msg/detail/rtl_status__rosidl_typesupport_fastrtps_cpp.hpp\n'}
[9.346891] (px4_msgs) StdoutLine: {'line': b'-- Up-to-date: /home/em/ros_workspace_2025/nav_ws/install/px4_msgs/include/px4_msgs/px4_msgs/msg/detail/open_drone_id_arm_status__rosidl_typesupport_fastrtps_cpp.hpp\n'}
[9.346919] (px4_msgs) StdoutLine: {'line': b'-- Up-to-date: /home/em/ros_workspace_2025/nav_ws/install/px4_msgs/include/px4_msgs/px4_msgs/msg/detail/actuator_test__rosidl_typesupport_fastrtps_cpp.hpp\n'}
[9.346949] (px4_msgs) StdoutLine: {'line': b'-- Up-to-date: /home/em/ros_workspace_2025/nav_ws/install/px4_msgs/include/px4_msgs/px4_msgs/msg/detail/sensor_accel_fifo__rosidl_typesupport_fastrtps_cpp.hpp\n'}
[9.346978] (px4_msgs) StdoutLine: {'line': b'-- Up-to-date: /home/em/ros_workspace_2025/nav_ws/install/px4_msgs/include/px4_msgs/px4_msgs/msg/detail/gimbal_device_information__rosidl_typesupport_fastrtps_cpp.hpp\n'}
[9.347009] (px4_msgs) StdoutLine: {'line': b'-- Up-to-date: /home/em/ros_workspace_2025/nav_ws/install/px4_msgs/include/px4_msgs/px4_msgs/msg/detail/actuator_armed__rosidl_typesupport_fastrtps_cpp.hpp\n'}
[9.347037] (px4_msgs) StdoutLine: {'line': b'-- Up-to-date: /home/em/ros_workspace_2025/nav_ws/install/px4_msgs/include/px4_msgs/px4_msgs/msg/detail/arming_check_reply__rosidl_typesupport_fastrtps_cpp.hpp\n'}
[9.347063] (px4_msgs) StdoutLine: {'line': b'-- Up-to-date: /home/em/ros_workspace_2025/nav_ws/install/px4_msgs/include/px4_msgs/px4_msgs/msg/detail/airspeed_wind__rosidl_typesupport_fastrtps_cpp.hpp\n'}
[9.347083] (px4_msgs) StdoutLine: {'line': b'-- Up-to-date: /home/em/ros_workspace_2025/nav_ws/install/px4_msgs/include/px4_msgs/px4_msgs/msg/detail/estimator_states__rosidl_typesupport_fastrtps_cpp.hpp\n'}
[9.347103] (px4_msgs) StdoutLine: {'line': b'-- Up-to-date: /home/em/ros_workspace_2025/nav_ws/install/px4_msgs/include/px4_msgs/px4_msgs/msg/detail/rover_mecanum_guidance_status__rosidl_typesupport_fastrtps_cpp.hpp\n'}
[9.347125] (px4_msgs) StdoutLine: {'line': b'-- Up-to-date: /home/em/ros_workspace_2025/nav_ws/install/px4_msgs/include/px4_msgs/px4_msgs/msg/detail/task_stack_info__rosidl_typesupport_fastrtps_cpp.hpp\n'}
[9.347154] (px4_msgs) StdoutLine: {'line': b'-- Up-to-date: /home/em/ros_workspace_2025/nav_ws/install/px4_msgs/include/px4_msgs/px4_msgs/msg/detail/onboard_computer_status__rosidl_typesupport_fastrtps_cpp.hpp\n'}
[9.347174] (px4_msgs) StdoutLine: {'line': b'-- Up-to-date: /home/em/ros_workspace_2025/nav_ws/install/px4_msgs/include/px4_msgs/px4_msgs/msg/detail/vehicle_angular_acceleration_setpoint__rosidl_typesupport_fastrtps_cpp.hpp\n'}
[9.347194] (px4_msgs) StdoutLine: {'line': b'-- Up-to-date: /home/em/ros_workspace_2025/nav_ws/install/px4_msgs/include/px4_msgs/px4_msgs/msg/detail/gpio_config__rosidl_typesupport_fastrtps_cpp.hpp\n'}
[9.347224] (px4_msgs) StdoutLine: {'line': b'-- Up-to-date: /home/em/ros_workspace_2025/nav_ws/install/px4_msgs/include/px4_msgs/px4_msgs/msg/detail/actuator_servos__rosidl_typesupport_fastrtps_cpp.hpp\n'}
[9.347244] (px4_msgs) StdoutLine: {'line': b'-- Up-to-date: /home/em/ros_workspace_2025/nav_ws/install/px4_msgs/include/px4_msgs/px4_msgs/msg/detail/tecs_status__rosidl_typesupport_fastrtps_cpp.hpp\n'}
[9.347265] (px4_msgs) StdoutLine: {'line': b'-- Up-to-date: /home/em/ros_workspace_2025/nav_ws/install/px4_msgs/include/px4_msgs/px4_msgs/msg/detail/manual_control_setpoint__rosidl_typesupport_fastrtps_cpp.hpp\n'}
[9.347287] (px4_msgs) StdoutLine: {'line': b'-- Up-to-date: /home/em/ros_workspace_2025/nav_ws/install/px4_msgs/include/px4_msgs/px4_msgs/msg/detail/parameter_set_value_request__rosidl_typesupport_fastrtps_cpp.hpp\n'}
[9.347306] (px4_msgs) StdoutLine: {'line': b'-- Up-to-date: /home/em/ros_workspace_2025/nav_ws/install/px4_msgs/include/px4_msgs/px4_msgs/msg/detail/vehicle_local_position_setpoint__rosidl_typesupport_fastrtps_cpp.hpp\n'}
[9.347326] (px4_msgs) StdoutLine: {'line': b'-- Up-to-date: /home/em/ros_workspace_2025/nav_ws/install/px4_msgs/include/px4_msgs/px4_msgs/msg/detail/obstacle_distance__rosidl_typesupport_fastrtps_cpp.hpp\n'}
[9.347345] (px4_msgs) StdoutLine: {'line': b'-- Up-to-date: /home/em/ros_workspace_2025/nav_ws/install/px4_msgs/include/px4_msgs/px4_msgs/msg/detail/vehicle_optical_flow__rosidl_typesupport_fastrtps_cpp.hpp\n'}
[9.347364] (px4_msgs) StdoutLine: {'line': b'-- Up-to-date: /home/em/ros_workspace_2025/nav_ws/install/px4_msgs/include/px4_msgs/px4_msgs/msg/detail/estimator_innovations__rosidl_typesupport_fastrtps_cpp.hpp\n'}
[9.347384] (px4_msgs) StdoutLine: {'line': b'-- Up-to-date: /home/em/ros_workspace_2025/nav_ws/install/px4_msgs/include/px4_msgs/px4_msgs/msg/detail/offboard_control_mode__rosidl_typesupport_fastrtps_cpp.hpp\n'}
[9.347416] (px4_msgs) StdoutLine: {'line': b'-- Up-to-date: /home/em/ros_workspace_2025/nav_ws/install/px4_msgs/include/px4_msgs/px4_msgs/msg/detail/normalized_unsigned_setpoint__rosidl_typesupport_fastrtps_cpp.hpp\n'}
[9.347438] (px4_msgs) StdoutLine: {'line': b'-- Up-to-date: /home/em/ros_workspace_2025/nav_ws/install/px4_msgs/include/px4_msgs/px4_msgs/msg/detail/qshell_req__rosidl_typesupport_fastrtps_cpp.hpp\n'}
[9.347458] (px4_msgs) StdoutLine: {'line': b'-- Up-to-date: /home/em/ros_workspace_2025/nav_ws/install/px4_msgs/include/px4_msgs/px4_msgs/msg/detail/vtol_vehicle_status__rosidl_typesupport_fastrtps_cpp.hpp\n'}
[9.347478] (px4_msgs) StdoutLine: {'line': b'-- Up-to-date: /home/em/ros_workspace_2025/nav_ws/install/px4_msgs/include/px4_msgs/px4_msgs/msg/detail/generator_status__rosidl_typesupport_fastrtps_cpp.hpp\n'}
[9.347497] (px4_msgs) StdoutLine: {'line': b'-- Up-to-date: /home/em/ros_workspace_2025/nav_ws/install/px4_msgs/include/px4_msgs/px4_msgs/msg/detail/message_format_request__rosidl_typesupport_fastrtps_cpp.hpp\n'}
[9.347517] (px4_msgs) StdoutLine: {'line': b'-- Up-to-date: /home/em/ros_workspace_2025/nav_ws/install/px4_msgs/include/px4_msgs/px4_msgs/msg/detail/input_rc__rosidl_typesupport_fastrtps_cpp.hpp\n'}
[9.347537] (px4_msgs) StdoutLine: {'line': b'-- Up-to-date: /home/em/ros_workspace_2025/nav_ws/install/px4_msgs/include/px4_msgs/px4_msgs/msg/detail/sensor_selection__rosidl_typesupport_fastrtps_cpp.hpp\n'}
[9.347557] (px4_msgs) StdoutLine: {'line': b'-- Up-to-date: /home/em/ros_workspace_2025/nav_ws/install/px4_msgs/include/px4_msgs/px4_msgs/msg/detail/vehicle_status__rosidl_typesupport_fastrtps_cpp.hpp\n'}
[9.347576] (px4_msgs) StdoutLine: {'line': b'-- Up-to-date: /home/em/ros_workspace_2025/nav_ws/install/px4_msgs/include/px4_msgs/px4_msgs/msg/detail/ulog_stream_ack__rosidl_typesupport_fastrtps_cpp.hpp\n'}
[9.347597] (px4_msgs) StdoutLine: {'line': b'-- Up-to-date: /home/em/ros_workspace_2025/nav_ws/install/px4_msgs/include/px4_msgs/px4_msgs/msg/detail/orbit_status__rosidl_typesupport_fastrtps_cpp.hpp\n'}
[9.347617] (px4_msgs) StdoutLine: {'line': b'-- Up-to-date: /home/em/ros_workspace_2025/nav_ws/install/px4_msgs/include/px4_msgs/px4_msgs/msg/detail/gps_dump__rosidl_typesupport_fastrtps_cpp.hpp\n'}
[9.347636] (px4_msgs) StdoutLine: {'line': b'-- Up-to-date: /home/em/ros_workspace_2025/nav_ws/install/px4_msgs/include/px4_msgs/px4_msgs/msg/detail/actuator_outputs__rosidl_typesupport_fastrtps_cpp.hpp\n'}
[9.347657] (px4_msgs) StdoutLine: {'line': b'-- Up-to-date: /home/em/ros_workspace_2025/nav_ws/install/px4_msgs/include/px4_msgs/px4_msgs/msg/detail/led_control__rosidl_typesupport_fastrtps_cpp.hpp\n'}
[9.347678] (px4_msgs) StdoutLine: {'line': b'-- Up-to-date: /home/em/ros_workspace_2025/nav_ws/install/px4_msgs/include/px4_msgs/px4_msgs/msg/detail/irlock_report__rosidl_typesupport_fastrtps_cpp.hpp\n'}
[9.347702] (px4_msgs) StdoutLine: {'line': b'-- Up-to-date: /home/em/ros_workspace_2025/nav_ws/install/px4_msgs/include/px4_msgs/px4_msgs/msg/detail/tune_control__rosidl_typesupport_fastrtps_cpp.hpp\n'}
[9.347722] (px4_msgs) StdoutLine: {'line': b'-- Up-to-date: /home/em/ros_workspace_2025/nav_ws/install/px4_msgs/include/px4_msgs/px4_msgs/msg/detail/sensor_gnss_relative__rosidl_typesupport_fastrtps_cpp.hpp\n'}
[9.347742] (px4_msgs) StdoutLine: {'line': b'-- Up-to-date: /home/em/ros_workspace_2025/nav_ws/install/px4_msgs/include/px4_msgs/px4_msgs/msg/detail/estimator_selector_status__rosidl_typesupport_fastrtps_cpp.hpp\n'}
[9.347762] (px4_msgs) StdoutLine: {'line': b'-- Up-to-date: /home/em/ros_workspace_2025/nav_ws/install/px4_msgs/include/px4_msgs/px4_msgs/msg/detail/launch_detection_status__rosidl_typesupport_fastrtps_cpp.hpp\n'}
[9.347782] (px4_msgs) StdoutLine: {'line': b'-- Up-to-date: /home/em/ros_workspace_2025/nav_ws/install/px4_msgs/include/px4_msgs/px4_msgs/msg/detail/trajectory_bezier__rosidl_typesupport_fastrtps_cpp.hpp\n'}
[9.347802] (px4_msgs) StdoutLine: {'line': b'-- Up-to-date: /home/em/ros_workspace_2025/nav_ws/install/px4_msgs/include/px4_msgs/px4_msgs/msg/detail/vehicle_imu_status__rosidl_typesupport_fastrtps_cpp.hpp\n'}
[9.347821] (px4_msgs) StdoutLine: {'line': b'-- Up-to-date: /home/em/ros_workspace_2025/nav_ws/install/px4_msgs/include/px4_msgs/px4_msgs/msg/detail/dataman_response__rosidl_typesupport_fastrtps_cpp.hpp\n'}
[9.347840] (px4_msgs) StdoutLine: {'line': b'-- Up-to-date: /home/em/ros_workspace_2025/nav_ws/install/px4_msgs/include/px4_msgs/px4_msgs/msg/detail/tiltrotor_extra_controls__rosidl_typesupport_fastrtps_cpp.hpp\n'}
[9.347860] (px4_msgs) StdoutLine: {'line': b'-- Up-to-date: /home/em/ros_workspace_2025/nav_ws/install/px4_msgs/include/px4_msgs/px4_msgs/msg/detail/differential_pressure__rosidl_typesupport_fastrtps_cpp.hpp\n'}
[9.347882] (px4_msgs) StdoutLine: {'line': b'-- Up-to-date: /home/em/ros_workspace_2025/nav_ws/install/px4_msgs/include/px4_msgs/px4_msgs/msg/detail/rtl_time_estimate__rosidl_typesupport_fastrtps_cpp.hpp\n'}
[9.347905] (px4_msgs) StdoutLine: {'line': b'-- Up-to-date: /home/em/ros_workspace_2025/nav_ws/install/px4_msgs/include/px4_msgs/px4_msgs/msg/detail/trajectory_waypoint__rosidl_typesupport_fastrtps_cpp.hpp\n'}
[9.347928] (px4_msgs) StdoutLine: {'line': b'-- Up-to-date: /home/em/ros_workspace_2025/nav_ws/install/px4_msgs/include/px4_msgs/px4_msgs/msg/detail/gimbal_device_attitude_status__rosidl_typesupport_fastrtps_cpp.hpp\n'}
[9.347952] (px4_msgs) StdoutLine: {'line': b'-- Up-to-date: /home/em/ros_workspace_2025/nav_ws/install/px4_msgs/include/px4_msgs/px4_msgs/msg/detail/mavlink_tunnel__rosidl_typesupport_fastrtps_cpp.hpp\n'}
[9.347973] (px4_msgs) StdoutLine: {'line': b'-- Up-to-date: /home/em/ros_workspace_2025/nav_ws/install/px4_msgs/include/px4_msgs/px4_msgs/msg/detail/uavcan_parameter_request__rosidl_typesupport_fastrtps_cpp.hpp\n'}
[9.347995] (px4_msgs) StdoutLine: {'line': b'-- Up-to-date: /home/em/ros_workspace_2025/nav_ws/install/px4_msgs/include/px4_msgs/px4_msgs/msg/detail/vehicle_command__rosidl_typesupport_fastrtps_cpp.hpp\n'}
[9.348015] (px4_msgs) StdoutLine: {'line': b'-- Up-to-date: /home/em/ros_workspace_2025/nav_ws/install/px4_msgs/include/px4_msgs/px4_msgs/msg/detail/gpio_out__rosidl_typesupport_fastrtps_cpp.hpp\n'}
[9.348036] (px4_msgs) StdoutLine: {'line': b'-- Up-to-date: /home/em/ros_workspace_2025/nav_ws/install/px4_msgs/include/px4_msgs/px4_msgs/msg/detail/sensors_status_imu__rosidl_typesupport_fastrtps_cpp.hpp\n'}
[9.348060] (px4_msgs) StdoutLine: {'line': b'-- Up-to-date: /home/em/ros_workspace_2025/nav_ws/install/px4_msgs/include/px4_msgs/px4_msgs/msg/detail/mission_result__rosidl_typesupport_fastrtps_cpp.hpp\n'}
[9.348080] (px4_msgs) StdoutLine: {'line': b'-- Up-to-date: /home/em/ros_workspace_2025/nav_ws/install/px4_msgs/include/px4_msgs/px4_msgs/msg/detail/estimator_gps_status__rosidl_typesupport_fastrtps_cpp.hpp\n'}
[9.348132] (px4_msgs) StdoutLine: {'line': b'-- Up-to-date: /home/em/ros_workspace_2025/nav_ws/install/px4_msgs/include/px4_msgs/px4_msgs/msg/detail/arming_check_request__rosidl_typesupport_fastrtps_cpp.hpp\n'}
[9.348154] (px4_msgs) StdoutLine: {'line': b'-- Up-to-date: /home/em/ros_workspace_2025/nav_ws/install/px4_msgs/include/px4_msgs/px4_msgs/msg/detail/landing_target_innovations__rosidl_typesupport_fastrtps_cpp.hpp\n'}
[9.348174] (px4_msgs) StdoutLine: {'line': b'-- Up-to-date: /home/em/ros_workspace_2025/nav_ws/install/px4_msgs/include/px4_msgs/px4_msgs/msg/detail/parameter_update__rosidl_typesupport_fastrtps_cpp.hpp\n'}
[9.348195] (px4_msgs) StdoutLine: {'line': b'-- Up-to-date: /home/em/ros_workspace_2025/nav_ws/install/px4_msgs/include/px4_msgs/px4_msgs/msg/detail/iridiumsbd_status__rosidl_typesupport_fastrtps_cpp.hpp\n'}
[9.348214] (px4_msgs) StdoutLine: {'line': b'-- Up-to-date: /home/em/ros_workspace_2025/nav_ws/install/px4_msgs/include/px4_msgs/px4_msgs/msg/detail/rate_ctrl_status__rosidl_typesupport_fastrtps_cpp.hpp\n'}
[9.348234] (px4_msgs) StdoutLine: {'line': b'-- Up-to-date: /home/em/ros_workspace_2025/nav_ws/install/px4_msgs/include/px4_msgs/px4_msgs/msg/detail/sensor_hygrometer__rosidl_typesupport_fastrtps_cpp.hpp\n'}
[9.348256] (px4_msgs) StdoutLine: {'line': b'-- Up-to-date: /home/em/ros_workspace_2025/nav_ws/install/px4_msgs/include/px4_msgs/px4_msgs/msg/detail/rover_differential_status__rosidl_typesupport_fastrtps_cpp.hpp\n'}
[9.348276] (px4_msgs) StdoutLine: {'line': b'-- Up-to-date: /home/em/ros_workspace_2025/nav_ws/install/px4_msgs/include/px4_msgs/px4_msgs/msg/detail/estimator_event_flags__rosidl_typesupport_fastrtps_cpp.hpp\n'}
[9.348296] (px4_msgs) StdoutLine: {'line': b'-- Up-to-date: /home/em/ros_workspace_2025/nav_ws/install/px4_msgs/include/px4_msgs/px4_msgs/msg/detail/vehicle_rates_setpoint__rosidl_typesupport_fastrtps_cpp.hpp\n'}
[9.348318] (px4_msgs) StdoutLine: {'line': b'-- Up-to-date: /home/em/ros_workspace_2025/nav_ws/install/px4_msgs/include/px4_msgs/px4_msgs/msg/detail/vehicle_trajectory_bezier__rosidl_typesupport_fastrtps_cpp.hpp\n'}
[9.348337] (px4_msgs) StdoutLine: {'line': b'-- Up-to-date: /home/em/ros_workspace_2025/nav_ws/install/px4_msgs/include/px4_msgs/px4_msgs/msg/detail/vehicle_trajectory_waypoint__rosidl_typesupport_fastrtps_cpp.hpp\n'}
[9.348358] (px4_msgs) StdoutLine: {'line': b'-- Up-to-date: /home/em/ros_workspace_2025/nav_ws/install/px4_msgs/include/px4_msgs/px4_msgs/msg/detail/vehicle_imu__rosidl_typesupport_fastrtps_cpp.hpp\n'}
[9.348377] (px4_msgs) StdoutLine: {'line': b'-- Up-to-date: /home/em/ros_workspace_2025/nav_ws/install/px4_msgs/include/px4_msgs/px4_msgs/msg/detail/system_power__rosidl_typesupport_fastrtps_cpp.hpp\n'}
[9.348396] (px4_msgs) StdoutLine: {'line': b'-- Up-to-date: /home/em/ros_workspace_2025/nav_ws/install/px4_msgs/include/px4_msgs/px4_msgs/msg/detail/vehicle_attitude__rosidl_typesupport_fastrtps_cpp.hpp\n'}
[9.348423] (px4_msgs) StdoutLine: {'line': b'-- Up-to-date: /home/em/ros_workspace_2025/nav_ws/install/px4_msgs/include/px4_msgs/px4_msgs/msg/detail/adc_report__rosidl_typesupport_fastrtps_cpp.hpp\n'}
[9.348447] (px4_msgs) StdoutLine: {'line': b'-- Up-to-date: /home/em/ros_workspace_2025/nav_ws/install/px4_msgs/include/px4_msgs/px4_msgs/msg/detail/mode_completed__rosidl_typesupport_fastrtps_cpp.hpp\n'}
[9.348467] (px4_msgs) StdoutLine: {'line': b'-- Up-to-date: /home/em/ros_workspace_2025/nav_ws/install/px4_msgs/include/px4_msgs/px4_msgs/msg/detail/npfg_status__rosidl_typesupport_fastrtps_cpp.hpp\n'}
[9.348487] (px4_msgs) StdoutLine: {'line': b'-- Up-to-date: /home/em/ros_workspace_2025/nav_ws/install/px4_msgs/include/px4_msgs/px4_msgs/msg/detail/logger_status__rosidl_typesupport_fastrtps_cpp.hpp\n'}
[9.348507] (px4_msgs) StdoutLine: {'line': b'-- Up-to-date: /home/em/ros_workspace_2025/nav_ws/install/px4_msgs/include/px4_msgs/px4_msgs/msg/detail/parameter_reset_request__rosidl_typesupport_fastrtps_cpp.hpp\n'}
[9.348528] (px4_msgs) StdoutLine: {'line': b'-- Up-to-date: /home/em/ros_workspace_2025/nav_ws/install/px4_msgs/include/px4_msgs/px4_msgs/msg/detail/geofence_result__rosidl_typesupport_fastrtps_cpp.hpp\n'}
[9.348549] (px4_msgs) StdoutLine: {'line': b'-- Up-to-date: /home/em/ros_workspace_2025/nav_ws/install/px4_msgs/include/px4_msgs/px4_msgs/msg/detail/gimbal_manager_status__rosidl_typesupport_fastrtps_cpp.hpp\n'}
[9.348569] (px4_msgs) StdoutLine: {'line': b'-- Up-to-date: /home/em/ros_workspace_2025/nav_ws/install/px4_msgs/include/px4_msgs/px4_msgs/msg/detail/manual_control_switches__rosidl_typesupport_fastrtps_cpp.hpp\n'}
[9.348590] (px4_msgs) StdoutLine: {'line': b'-- Up-to-date: /home/em/ros_workspace_2025/nav_ws/install/px4_msgs/include/px4_msgs/px4_msgs/msg/detail/ping__rosidl_typesupport_fastrtps_cpp.hpp\n'}
[9.348610] (px4_msgs) StdoutLine: {'line': b'-- Up-to-date: /home/em/ros_workspace_2025/nav_ws/install/px4_msgs/include/px4_msgs/px4_msgs/msg/detail/parameter_set_value_response__rosidl_typesupport_fastrtps_cpp.hpp\n'}
[9.348630] (px4_msgs) StdoutLine: {'line': b'-- Up-to-date: /home/em/ros_workspace_2025/nav_ws/install/px4_msgs/include/px4_msgs/px4_msgs/msg/detail/collision_constraints__rosidl_typesupport_fastrtps_cpp.hpp\n'}
[9.348650] (px4_msgs) StdoutLine: {'line': b'-- Up-to-date: /home/em/ros_workspace_2025/nav_ws/install/px4_msgs/include/px4_msgs/px4_msgs/msg/detail/vehicle_acceleration__rosidl_typesupport_fastrtps_cpp.hpp\n'}
[9.348670] (px4_msgs) StdoutLine: {'line': b'-- Up-to-date: /home/em/ros_workspace_2025/nav_ws/install/px4_msgs/include/px4_msgs/px4_msgs/msg/detail/follow_target__rosidl_typesupport_fastrtps_cpp.hpp\n'}
[9.348690] (px4_msgs) StdoutLine: {'line': b'-- Up-to-date: /home/em/ros_workspace_2025/nav_ws/install/px4_msgs/include/px4_msgs/px4_msgs/msg/detail/rover_differential_setpoint__rosidl_typesupport_fastrtps_cpp.hpp\n'}
[9.348714] (px4_msgs) StdoutLine: {'line': b'-- Up-to-date: /home/em/ros_workspace_2025/nav_ws/install/px4_msgs/include/px4_msgs/px4_msgs/msg/detail/cellular_status__rosidl_typesupport_fastrtps_cpp.hpp\n'}
[9.348743] (px4_msgs) StdoutLine: {'line': b'-- Up-to-date: /home/em/ros_workspace_2025/nav_ws/install/px4_msgs/include/px4_msgs/px4_msgs/msg/detail/vehicle_optical_flow_vel__rosidl_typesupport_fastrtps_cpp.hpp\n'}
[9.348763] (px4_msgs) StdoutLine: {'line': b'-- Up-to-date: /home/em/ros_workspace_2025/nav_ws/install/px4_msgs/lib/libpx4_msgs__rosidl_typesupport_fastrtps_cpp.so\n'}
[9.348783] (px4_msgs) StdoutLine: {'line': b'-- Up-to-date: /home/em/ros_workspace_2025/nav_ws/install/px4_msgs/include/px4_msgs/px4_msgs\n'}
[9.348805] (px4_msgs) StdoutLine: {'line': b'-- Up-to-date: /home/em/ros_workspace_2025/nav_ws/install/px4_msgs/include/px4_msgs/px4_msgs/srv\n'}
[9.348824] (px4_msgs) StdoutLine: {'line': b'-- Up-to-date: /home/em/ros_workspace_2025/nav_ws/install/px4_msgs/include/px4_msgs/px4_msgs/srv/detail\n'}
[9.348843] (px4_msgs) StdoutLine: {'line': b'-- Up-to-date: /home/em/ros_workspace_2025/nav_ws/install/px4_msgs/include/px4_msgs/px4_msgs/srv/detail/vehicle_command__rosidl_typesupport_introspection_c.h\n'}
[9.348863] (px4_msgs) StdoutLine: {'line': b'-- Up-to-date: /home/em/ros_workspace_2025/nav_ws/install/px4_msgs/include/px4_msgs/px4_msgs/srv/detail/vehicle_command__type_support.c\n'}
[9.348881] (px4_msgs) StdoutLine: {'line': b'-- Up-to-date: /home/em/ros_workspace_2025/nav_ws/install/px4_msgs/include/px4_msgs/px4_msgs/msg\n'}
[9.348899] (px4_msgs) StdoutLine: {'line': b'-- Up-to-date: /home/em/ros_workspace_2025/nav_ws/install/px4_msgs/include/px4_msgs/px4_msgs/msg/rosidl_typesupport_introspection_c__visibility_control.h\n'}
[9.348918] (px4_msgs) StdoutLine: {'line': b'-- Up-to-date: /home/em/ros_workspace_2025/nav_ws/install/px4_msgs/include/px4_msgs/px4_msgs/msg/detail\n'}
[9.348944] (px4_msgs) StdoutLine: {'line': b'-- Up-to-date: /home/em/ros_workspace_2025/nav_ws/install/px4_msgs/include/px4_msgs/px4_msgs/msg/detail/vtol_vehicle_status__rosidl_typesupport_introspection_c.h\n'}
[9.348971] (px4_msgs) StdoutLine: {'line': b'-- Up-to-date: /home/em/ros_workspace_2025/nav_ws/install/px4_msgs/include/px4_msgs/px4_msgs/msg/detail/distance_sensor_mode_change_request__rosidl_typesupport_introspection_c.h\n'}
[9.349006] (px4_msgs) StdoutLine: {'line': b'-- Up-to-date: /home/em/ros_workspace_2025/nav_ws/install/px4_msgs/include/px4_msgs/px4_msgs/msg/detail/tune_control__rosidl_typesupport_introspection_c.h\n'}
[9.349036] (px4_msgs) StdoutLine: {'line': b'-- Up-to-date: /home/em/ros_workspace_2025/nav_ws/install/px4_msgs/include/px4_msgs/px4_msgs/msg/detail/power_monitor__type_support.c\n'}
[9.349063] (px4_msgs) StdoutLine: {'line': b'-- Up-to-date: /home/em/ros_workspace_2025/nav_ws/install/px4_msgs/include/px4_msgs/px4_msgs/msg/detail/mavlink_log__rosidl_typesupport_introspection_c.h\n'}
[9.349084] (px4_msgs) StdoutLine: {'line': b'-- Up-to-date: /home/em/ros_workspace_2025/nav_ws/install/px4_msgs/include/px4_msgs/px4_msgs/msg/detail/parameter_set_value_response__rosidl_typesupport_introspection_c.h\n'}
[9.349103] (px4_msgs) StdoutLine: {'line': b'-- Up-to-date: /home/em/ros_workspace_2025/nav_ws/install/px4_msgs/include/px4_msgs/px4_msgs/msg/detail/battery_status__rosidl_typesupport_introspection_c.h\n'}
[9.349123] (px4_msgs) StdoutLine: {'line': b'-- Up-to-date: /home/em/ros_workspace_2025/nav_ws/install/px4_msgs/include/px4_msgs/px4_msgs/msg/detail/satellite_info__type_support.c\n'}
[9.349142] (px4_msgs) StdoutLine: {'line': b'-- Up-to-date: /home/em/ros_workspace_2025/nav_ws/install/px4_msgs/include/px4_msgs/px4_msgs/msg/detail/sensor_selection__type_support.c\n'}
[9.349161] (px4_msgs) StdoutLine: {'line': b'-- Up-to-date: /home/em/ros_workspace_2025/nav_ws/install/px4_msgs/include/px4_msgs/px4_msgs/msg/detail/rpm__type_support.c\n'}
[9.349180] (px4_msgs) StdoutLine: {'line': b'-- Up-to-date: /home/em/ros_workspace_2025/nav_ws/install/px4_msgs/include/px4_msgs/px4_msgs/msg/detail/esc_status__rosidl_typesupport_introspection_c.h\n'}
[9.349200] (px4_msgs) StdoutLine: {'line': b'-- Up-to-date: /home/em/ros_workspace_2025/nav_ws/install/px4_msgs/include/px4_msgs/px4_msgs/msg/detail/differential_pressure__type_support.c\n'}
[9.349219] (px4_msgs) StdoutLine: {'line': b'-- Up-to-date: /home/em/ros_workspace_2025/nav_ws/install/px4_msgs/include/px4_msgs/px4_msgs/msg/detail/obstacle_distance__type_support.c\n'}
[9.349238] (px4_msgs) StdoutLine: {'line': b'-- Up-to-date: /home/em/ros_workspace_2025/nav_ws/install/px4_msgs/include/px4_msgs/px4_msgs/msg/detail/fuel_tank_status__type_support.c\n'}
[9.349258] (px4_msgs) StdoutLine: {'line': b'-- Up-to-date: /home/em/ros_workspace_2025/nav_ws/install/px4_msgs/include/px4_msgs/px4_msgs/msg/detail/collision_constraints__rosidl_typesupport_introspection_c.h\n'}
[9.349276] (px4_msgs) StdoutLine: {'line': b'-- Up-to-date: /home/em/ros_workspace_2025/nav_ws/install/px4_msgs/include/px4_msgs/px4_msgs/msg/detail/config_overrides__rosidl_typesupport_introspection_c.h\n'}
[9.349295] (px4_msgs) StdoutLine: {'line': b'-- Up-to-date: /home/em/ros_workspace_2025/nav_ws/install/px4_msgs/include/px4_msgs/px4_msgs/msg/detail/qshell_retval__type_support.c\n'}
[9.349314] (px4_msgs) StdoutLine: {'line': b'-- Up-to-date: /home/em/ros_workspace_2025/nav_ws/install/px4_msgs/include/px4_msgs/px4_msgs/msg/detail/unregister_ext_component__rosidl_typesupport_introspection_c.h\n'}
[9.349333] (px4_msgs) StdoutLine: {'line': b'-- Up-to-date: /home/em/ros_workspace_2025/nav_ws/install/px4_msgs/include/px4_msgs/px4_msgs/msg/detail/trajectory_setpoint__rosidl_typesupport_introspection_c.h\n'}
[9.349352] (px4_msgs) StdoutLine: {'line': b'-- Up-to-date: /home/em/ros_workspace_2025/nav_ws/install/px4_msgs/include/px4_msgs/px4_msgs/msg/detail/camera_status__rosidl_typesupport_introspection_c.h\n'}
[9.349398] (px4_msgs) StdoutLine: {'line': b'-- Up-to-date: /home/em/ros_workspace_2025/nav_ws/install/px4_msgs/include/px4_msgs/px4_msgs/msg/detail/vehicle_command__rosidl_typesupport_introspection_c.h\n'}
[9.349426] (px4_msgs) StdoutLine: {'line': b'-- Up-to-date: /home/em/ros_workspace_2025/nav_ws/install/px4_msgs/include/px4_msgs/px4_msgs/msg/detail/parameter_set_value_response__type_support.c\n'}
[9.349462] (px4_msgs) StdoutLine: {'line': b'-- Up-to-date: /home/em/ros_workspace_2025/nav_ws/install/px4_msgs/include/px4_msgs/px4_msgs/msg/detail/sensor_gnss_relative__rosidl_typesupport_introspection_c.h\n'}
[9.349500] (px4_msgs) StdoutLine: {'line': b'-- Up-to-date: /home/em/ros_workspace_2025/nav_ws/install/px4_msgs/include/px4_msgs/px4_msgs/msg/detail/actuator_servos_trim__type_support.c\n'}
[9.349547] (px4_msgs) StdoutLine: {'line': b'-- Up-to-date: /home/em/ros_workspace_2025/nav_ws/install/px4_msgs/include/px4_msgs/px4_msgs/msg/detail/rc_channels__type_support.c\n'}
[9.349577] (px4_msgs) StdoutLine: {'line': b'-- Up-to-date: /home/em/ros_workspace_2025/nav_ws/install/px4_msgs/include/px4_msgs/px4_msgs/msg/detail/estimator_aid_source1d__rosidl_typesupport_introspection_c.h\n'}
[9.349602] (px4_msgs) StdoutLine: {'line': b'-- Up-to-date: /home/em/ros_workspace_2025/nav_ws/install/px4_msgs/include/px4_msgs/px4_msgs/msg/detail/log_message__type_support.c\n'}
[9.349623] (px4_msgs) StdoutLine: {'line': b'-- Up-to-date: /home/em/ros_workspace_2025/nav_ws/install/px4_msgs/include/px4_msgs/px4_msgs/msg/detail/control_allocator_status__type_support.c\n'}
[9.349645] (px4_msgs) StdoutLine: {'line': b'-- Up-to-date: /home/em/ros_workspace_2025/nav_ws/install/px4_msgs/include/px4_msgs/px4_msgs/msg/detail/px4io_status__rosidl_typesupport_introspection_c.h\n'}
[9.349665] (px4_msgs) StdoutLine: {'line': b'-- Up-to-date: /home/em/ros_workspace_2025/nav_ws/install/px4_msgs/include/px4_msgs/px4_msgs/msg/detail/geofence_result__rosidl_typesupport_introspection_c.h\n'}
[9.349686] (px4_msgs) StdoutLine: {'line': b'-- Up-to-date: /home/em/ros_workspace_2025/nav_ws/install/px4_msgs/include/px4_msgs/px4_msgs/msg/detail/estimator_selector_status__type_support.c\n'}
[9.349707] (px4_msgs) StdoutLine: {'line': b'-- Up-to-date: /home/em/ros_workspace_2025/nav_ws/install/px4_msgs/include/px4_msgs/px4_msgs/msg/detail/sensor_selection__rosidl_typesupport_introspection_c.h\n'}
[9.349729] (px4_msgs) StdoutLine: {'line': b'-- Up-to-date: /home/em/ros_workspace_2025/nav_ws/install/px4_msgs/include/px4_msgs/px4_msgs/msg/detail/tecs_status__rosidl_typesupport_introspection_c.h\n'}
[9.349749] (px4_msgs) StdoutLine: {'line': b'-- Up-to-date: /home/em/ros_workspace_2025/nav_ws/install/px4_msgs/include/px4_msgs/px4_msgs/msg/detail/vehicle_torque_setpoint__type_support.c\n'}
[9.349768] (px4_msgs) StdoutLine: {'line': b'-- Up-to-date: /home/em/ros_workspace_2025/nav_ws/install/px4_msgs/include/px4_msgs/px4_msgs/msg/detail/wheel_encoders__type_support.c\n'}
[9.349787] (px4_msgs) StdoutLine: {'line': b'-- Up-to-date: /home/em/ros_workspace_2025/nav_ws/install/px4_msgs/include/px4_msgs/px4_msgs/msg/detail/orb_test__type_support.c\n'}
[9.349806] (px4_msgs) StdoutLine: {'line': b'-- Up-to-date: /home/em/ros_workspace_2025/nav_ws/install/px4_msgs/include/px4_msgs/px4_msgs/msg/detail/rate_ctrl_status__type_support.c\n'}
[9.349825] (px4_msgs) StdoutLine: {'line': b'-- Up-to-date: /home/em/ros_workspace_2025/nav_ws/install/px4_msgs/include/px4_msgs/px4_msgs/msg/detail/mavlink_tunnel__type_support.c\n'}
[9.349843] (px4_msgs) StdoutLine: {'line': b'-- Up-to-date: /home/em/ros_workspace_2025/nav_ws/install/px4_msgs/include/px4_msgs/px4_msgs/msg/detail/estimator_sensor_bias__rosidl_typesupport_introspection_c.h\n'}
[9.349861] (px4_msgs) StdoutLine: {'line': b'-- Up-to-date: /home/em/ros_workspace_2025/nav_ws/install/px4_msgs/include/px4_msgs/px4_msgs/msg/detail/rover_differential_guidance_status__type_support.c\n'}
[9.349880] (px4_msgs) StdoutLine: {'line': b'-- Up-to-date: /home/em/ros_workspace_2025/nav_ws/install/px4_msgs/include/px4_msgs/px4_msgs/msg/detail/vehicle_local_position_setpoint__type_support.c\n'}
[9.349899] (px4_msgs) StdoutLine: {'line': b'-- Up-to-date: /home/em/ros_workspace_2025/nav_ws/install/px4_msgs/include/px4_msgs/px4_msgs/msg/detail/estimator_bias__rosidl_typesupport_introspection_c.h\n'}
[9.349917] (px4_msgs) StdoutLine: {'line': b'-- Up-to-date: /home/em/ros_workspace_2025/nav_ws/install/px4_msgs/include/px4_msgs/px4_msgs/msg/detail/position_setpoint_triplet__type_support.c\n'}
[9.349938] (px4_msgs) StdoutLine: {'line': b'-- Up-to-date: /home/em/ros_workspace_2025/nav_ws/install/px4_msgs/include/px4_msgs/px4_msgs/msg/detail/parameter_reset_request__rosidl_typesupport_introspection_c.h\n'}
[9.349956] (px4_msgs) StdoutLine: {'line': b'-- Up-to-date: /home/em/ros_workspace_2025/nav_ws/install/px4_msgs/include/px4_msgs/px4_msgs/msg/detail/vehicle_global_position__type_support.c\n'}
[9.349975] (px4_msgs) StdoutLine: {'line': b'-- Up-to-date: /home/em/ros_workspace_2025/nav_ws/install/px4_msgs/include/px4_msgs/px4_msgs/msg/detail/autotune_attitude_control_status__rosidl_typesupport_introspection_c.h\n'}
[9.349994] (px4_msgs) StdoutLine: {'line': b'-- Up-to-date: /home/em/ros_workspace_2025/nav_ws/install/px4_msgs/include/px4_msgs/px4_msgs/msg/detail/sensor_gnss_relative__type_support.c\n'}
[9.350013] (px4_msgs) StdoutLine: {'line': b'-- Up-to-date: /home/em/ros_workspace_2025/nav_ws/install/px4_msgs/include/px4_msgs/px4_msgs/msg/detail/offboard_control_mode__type_support.c\n'}
[9.350032] (px4_msgs) StdoutLine: {'line': b'-- Up-to-date: /home/em/ros_workspace_2025/nav_ws/install/px4_msgs/include/px4_msgs/px4_msgs/msg/detail/parameter_set_value_request__rosidl_typesupport_introspection_c.h\n'}
[9.350053] (px4_msgs) StdoutLine: {'line': b'-- Up-to-date: /home/em/ros_workspace_2025/nav_ws/install/px4_msgs/include/px4_msgs/px4_msgs/msg/detail/log_message__rosidl_typesupport_introspection_c.h\n'}
[9.350072] (px4_msgs) StdoutLine: {'line': b'-- Up-to-date: /home/em/ros_workspace_2025/nav_ws/install/px4_msgs/include/px4_msgs/px4_msgs/msg/detail/manual_control_setpoint__rosidl_typesupport_introspection_c.h\n'}
[9.350090] (px4_msgs) StdoutLine: {'line': b'-- Up-to-date: /home/em/ros_workspace_2025/nav_ws/install/px4_msgs/include/px4_msgs/px4_msgs/msg/detail/actuator_outputs__type_support.c\n'}
[9.350109] (px4_msgs) StdoutLine: {'line': b'-- Up-to-date: /home/em/ros_workspace_2025/nav_ws/install/px4_msgs/include/px4_msgs/px4_msgs/msg/detail/estimator_gps_status__rosidl_typesupport_introspection_c.h\n'}
[9.350127] (px4_msgs) StdoutLine: {'line': b'-- Up-to-date: /home/em/ros_workspace_2025/nav_ws/install/px4_msgs/include/px4_msgs/px4_msgs/msg/detail/airspeed_wind__type_support.c\n'}
[9.350146] (px4_msgs) StdoutLine: {'line': b'-- Up-to-date: /home/em/ros_workspace_2025/nav_ws/install/px4_msgs/include/px4_msgs/px4_msgs/msg/detail/rc_parameter_map__rosidl_typesupport_introspection_c.h\n'}
[9.350165] (px4_msgs) StdoutLine: {'line': b'-- Up-to-date: /home/em/ros_workspace_2025/nav_ws/install/px4_msgs/include/px4_msgs/px4_msgs/msg/detail/vehicle_angular_acceleration_setpoint__rosidl_typesupport_introspection_c.h\n'}
[9.350184] (px4_msgs) StdoutLine: {'line': b'-- Up-to-date: /home/em/ros_workspace_2025/nav_ws/install/px4_msgs/include/px4_msgs/px4_msgs/msg/detail/offboard_control_mode__rosidl_typesupport_introspection_c.h\n'}
[9.350203] (px4_msgs) StdoutLine: {'line': b'-- Up-to-date: /home/em/ros_workspace_2025/nav_ws/install/px4_msgs/include/px4_msgs/px4_msgs/msg/detail/camera_capture__type_support.c\n'}
[9.350222] (px4_msgs) StdoutLine: {'line': b'-- Up-to-date: /home/em/ros_workspace_2025/nav_ws/install/px4_msgs/include/px4_msgs/px4_msgs/msg/detail/vehicle_magnetometer__rosidl_typesupport_introspection_c.h\n'}
[9.350240] (px4_msgs) StdoutLine: {'line': b'-- Up-to-date: /home/em/ros_workspace_2025/nav_ws/install/px4_msgs/include/px4_msgs/px4_msgs/msg/detail/gpio_in__rosidl_typesupport_introspection_c.h\n'}
[9.350259] (px4_msgs) StdoutLine: {'line': b'-- Up-to-date: /home/em/ros_workspace_2025/nav_ws/install/px4_msgs/include/px4_msgs/px4_msgs/msg/detail/launch_detection_status__type_support.c\n'}
[9.350279] (px4_msgs) StdoutLine: {'line': b'-- Up-to-date: /home/em/ros_workspace_2025/nav_ws/install/px4_msgs/include/px4_msgs/px4_msgs/msg/detail/adc_report__rosidl_typesupport_introspection_c.h\n'}
[9.350298] (px4_msgs) StdoutLine: {'line': b'-- Up-to-date: /home/em/ros_workspace_2025/nav_ws/install/px4_msgs/include/px4_msgs/px4_msgs/msg/detail/open_drone_id_system__type_support.c\n'}
[9.350320] (px4_msgs) StdoutLine: {'line': b'-- Up-to-date: /home/em/ros_workspace_2025/nav_ws/install/px4_msgs/include/px4_msgs/px4_msgs/msg/detail/vehicle_attitude_setpoint__rosidl_typesupport_introspection_c.h\n'}
[9.350339] (px4_msgs) StdoutLine: {'line': b'-- Up-to-date: /home/em/ros_workspace_2025/nav_ws/install/px4_msgs/include/px4_msgs/px4_msgs/msg/detail/debug_key_value__type_support.c\n'}
[9.350358] (px4_msgs) StdoutLine: {'line': b'-- Up-to-date: /home/em/ros_workspace_2025/nav_ws/install/px4_msgs/include/px4_msgs/px4_msgs/msg/detail/figure_eight_status__type_support.c\n'}
[9.350376] (px4_msgs) StdoutLine: {'line': b'-- Up-to-date: /home/em/ros_workspace_2025/nav_ws/install/px4_msgs/include/px4_msgs/px4_msgs/msg/detail/sensor_baro__rosidl_typesupport_introspection_c.h\n'}
[9.350395] (px4_msgs) StdoutLine: {'line': b'-- Up-to-date: /home/em/ros_workspace_2025/nav_ws/install/px4_msgs/include/px4_msgs/px4_msgs/msg/detail/follow_target_status__rosidl_typesupport_introspection_c.h\n'}
[9.350423] (px4_msgs) StdoutLine: {'line': b'-- Up-to-date: /home/em/ros_workspace_2025/nav_ws/install/px4_msgs/include/px4_msgs/px4_msgs/msg/detail/rate_ctrl_status__rosidl_typesupport_introspection_c.h\n'}
[9.350521] (px4_msgs) StdoutLine: {'line': b'-- Up-to-date: /home/em/ros_workspace_2025/nav_ws/install/px4_msgs/include/px4_msgs/px4_msgs/msg/detail/sensor_baro__type_support.c\n'}
[9.350558] (px4_msgs) StdoutLine: {'line': b'-- Up-to-date: /home/em/ros_workspace_2025/nav_ws/install/px4_msgs/include/px4_msgs/px4_msgs/msg/detail/gps_dump__type_support.c\n'}
[9.350583] (px4_msgs) StdoutLine: {'line': b'-- Up-to-date: /home/em/ros_workspace_2025/nav_ws/install/px4_msgs/include/px4_msgs/px4_msgs/msg/detail/irlock_report__type_support.c\n'}
[9.350605] (px4_msgs) StdoutLine: {'line': b'-- Up-to-date: /home/em/ros_workspace_2025/nav_ws/install/px4_msgs/include/px4_msgs/px4_msgs/msg/detail/figure_eight_status__rosidl_typesupport_introspection_c.h\n'}
[9.350634] (px4_msgs) StdoutLine: {'line': b'-- Up-to-date: /home/em/ros_workspace_2025/nav_ws/install/px4_msgs/include/px4_msgs/px4_msgs/msg/detail/arming_check_request__rosidl_typesupport_introspection_c.h\n'}
[9.350655] (px4_msgs) StdoutLine: {'line': b'-- Up-to-date: /home/em/ros_workspace_2025/nav_ws/install/px4_msgs/include/px4_msgs/px4_msgs/msg/detail/gimbal_manager_set_manual_control__rosidl_typesupport_introspection_c.h\n'}
[9.350675] (px4_msgs) StdoutLine: {'line': b'-- Up-to-date: /home/em/ros_workspace_2025/nav_ws/install/px4_msgs/include/px4_msgs/px4_msgs/msg/detail/system_power__rosidl_typesupport_introspection_c.h\n'}
[9.350698] (px4_msgs) StdoutLine: {'line': b'-- Up-to-date: /home/em/ros_workspace_2025/nav_ws/install/px4_msgs/include/px4_msgs/px4_msgs/msg/detail/message_format_request__rosidl_typesupport_introspection_c.h\n'}
[9.350718] (px4_msgs) StdoutLine: {'line': b'-- Up-to-date: /home/em/ros_workspace_2025/nav_ws/install/px4_msgs/include/px4_msgs/px4_msgs/msg/detail/arming_check_request__type_support.c\n'}
[9.350740] (px4_msgs) StdoutLine: {'line': b'-- Up-to-date: /home/em/ros_workspace_2025/nav_ws/install/px4_msgs/include/px4_msgs/px4_msgs/msg/detail/health_report__type_support.c\n'}
[9.350758] (px4_msgs) StdoutLine: {'line': b'-- Up-to-date: /home/em/ros_workspace_2025/nav_ws/install/px4_msgs/include/px4_msgs/px4_msgs/msg/detail/gimbal_manager_set_attitude__rosidl_typesupport_introspection_c.h\n'}
[9.350778] (px4_msgs) StdoutLine: {'line': b'-- Up-to-date: /home/em/ros_workspace_2025/nav_ws/install/px4_msgs/include/px4_msgs/px4_msgs/msg/detail/parameter_update__type_support.c\n'}
[9.350797] (px4_msgs) StdoutLine: {'line': b'-- Up-to-date: /home/em/ros_workspace_2025/nav_ws/install/px4_msgs/include/px4_msgs/px4_msgs/msg/detail/timesync_status__rosidl_typesupport_introspection_c.h\n'}
[9.350816] (px4_msgs) StdoutLine: {'line': b'-- Up-to-date: /home/em/ros_workspace_2025/nav_ws/install/px4_msgs/include/px4_msgs/px4_msgs/msg/detail/rover_ackermann_setpoint__type_support.c\n'}
[9.350835] (px4_msgs) StdoutLine: {'line': b'-- Up-to-date: /home/em/ros_workspace_2025/nav_ws/install/px4_msgs/include/px4_msgs/px4_msgs/msg/detail/vehicle_command_ack__type_support.c\n'}
[9.350855] (px4_msgs) StdoutLine: {'line': b'-- Up-to-date: /home/em/ros_workspace_2025/nav_ws/install/px4_msgs/include/px4_msgs/px4_msgs/msg/detail/rover_mecanum_guidance_status__rosidl_typesupport_introspection_c.h\n'}
[9.350873] (px4_msgs) StdoutLine: {'line': b'-- Up-to-date: /home/em/ros_workspace_2025/nav_ws/install/px4_msgs/include/px4_msgs/px4_msgs/msg/detail/ekf2_timestamps__rosidl_typesupport_introspection_c.h\n'}
[9.350891] (px4_msgs) StdoutLine: {'line': b'-- Up-to-date: /home/em/ros_workspace_2025/nav_ws/install/px4_msgs/include/px4_msgs/px4_msgs/msg/detail/cpuload__type_support.c\n'}
[9.350910] (px4_msgs) StdoutLine: {'line': b'-- Up-to-date: /home/em/ros_workspace_2025/nav_ws/install/px4_msgs/include/px4_msgs/px4_msgs/msg/detail/vehicle_control_mode__rosidl_typesupport_introspection_c.h\n'}
[9.350930] (px4_msgs) StdoutLine: {'line': b'-- Up-to-date: /home/em/ros_workspace_2025/nav_ws/install/px4_msgs/include/px4_msgs/px4_msgs/msg/detail/mission_result__rosidl_typesupport_introspection_c.h\n'}
[9.350958] (px4_msgs) StdoutLine: {'line': b'-- Up-to-date: /home/em/ros_workspace_2025/nav_ws/install/px4_msgs/include/px4_msgs/px4_msgs/msg/detail/airspeed__type_support.c\n'}
[9.350989] (px4_msgs) StdoutLine: {'line': b'-- Up-to-date: /home/em/ros_workspace_2025/nav_ws/install/px4_msgs/include/px4_msgs/px4_msgs/msg/detail/actuator_armed__rosidl_typesupport_introspection_c.h\n'}
[9.351019] (px4_msgs) StdoutLine: {'line': b'-- Up-to-date: /home/em/ros_workspace_2025/nav_ws/install/px4_msgs/include/px4_msgs/px4_msgs/msg/detail/vehicle_trajectory_bezier__rosidl_typesupport_introspection_c.h\n'}
[9.351049] (px4_msgs) StdoutLine: {'line': b'-- Up-to-date: /home/em/ros_workspace_2025/nav_ws/install/px4_msgs/include/px4_msgs/px4_msgs/msg/detail/estimator_bias__type_support.c\n'}
[9.351079] (px4_msgs) StdoutLine: {'line': b'-- Up-to-date: /home/em/ros_workspace_2025/nav_ws/install/px4_msgs/include/px4_msgs/px4_msgs/msg/detail/sensor_correction__type_support.c\n'}
[9.351108] (px4_msgs) StdoutLine: {'line': b'-- Up-to-date: /home/em/ros_workspace_2025/nav_ws/install/px4_msgs/include/px4_msgs/px4_msgs/msg/detail/esc_status__type_support.c\n'}
[9.351137] (px4_msgs) StdoutLine: {'line': b'-- Up-to-date: /home/em/ros_workspace_2025/nav_ws/install/px4_msgs/include/px4_msgs/px4_msgs/msg/detail/gimbal_manager_set_manual_control__type_support.c\n'}
[9.351167] (px4_msgs) StdoutLine: {'line': b'-- Up-to-date: /home/em/ros_workspace_2025/nav_ws/install/px4_msgs/include/px4_msgs/px4_msgs/msg/detail/vehicle_local_position__rosidl_typesupport_introspection_c.h\n'}
[9.351196] (px4_msgs) StdoutLine: {'line': b'-- Up-to-date: /home/em/ros_workspace_2025/nav_ws/install/px4_msgs/include/px4_msgs/px4_msgs/msg/detail/vehicle_attitude_setpoint__type_support.c\n'}
[9.351225] (px4_msgs) StdoutLine: {'line': b'-- Up-to-date: /home/em/ros_workspace_2025/nav_ws/install/px4_msgs/include/px4_msgs/px4_msgs/msg/detail/sensor_uwb__type_support.c\n'}
[9.351257] (px4_msgs) StdoutLine: {'line': b'-- Up-to-date: /home/em/ros_workspace_2025/nav_ws/install/px4_msgs/include/px4_msgs/px4_msgs/msg/detail/vehicle_imu__rosidl_typesupport_introspection_c.h\n'}
[9.351286] (px4_msgs) StdoutLine: {'line': b'-- Up-to-date: /home/em/ros_workspace_2025/nav_ws/install/px4_msgs/include/px4_msgs/px4_msgs/msg/detail/vehicle_odometry__type_support.c\n'}
[9.351315] (px4_msgs) StdoutLine: {'line': b'-- Up-to-date: /home/em/ros_workspace_2025/nav_ws/install/px4_msgs/include/px4_msgs/px4_msgs/msg/detail/obstacle_distance__rosidl_typesupport_introspection_c.h\n'}
[9.351345] (px4_msgs) StdoutLine: {'line': b'-- Up-to-date: /home/em/ros_workspace_2025/nav_ws/install/px4_msgs/include/px4_msgs/px4_msgs/msg/detail/sensors_status_imu__type_support.c\n'}
[9.351377] (px4_msgs) StdoutLine: {'line': b'-- Up-to-date: /home/em/ros_workspace_2025/nav_ws/install/px4_msgs/include/px4_msgs/px4_msgs/msg/detail/rover_differential_status__type_support.c\n'}
[9.351419] (px4_msgs) StdoutLine: {'line': b'-- Up-to-date: /home/em/ros_workspace_2025/nav_ws/install/px4_msgs/include/px4_msgs/px4_msgs/msg/detail/mission_result__type_support.c\n'}
[9.351451] (px4_msgs) StdoutLine: {'line': b'-- Up-to-date: /home/em/ros_workspace_2025/nav_ws/install/px4_msgs/include/px4_msgs/px4_msgs/msg/detail/button_event__type_support.c\n'}
[9.351483] (px4_msgs) StdoutLine: {'line': b'-- Up-to-date: /home/em/ros_workspace_2025/nav_ws/install/px4_msgs/include/px4_msgs/px4_msgs/msg/detail/estimator_aid_source3d__rosidl_typesupport_introspection_c.h\n'}
[9.351513] (px4_msgs) StdoutLine: {'line': b'-- Up-to-date: /home/em/ros_workspace_2025/nav_ws/install/px4_msgs/include/px4_msgs/px4_msgs/msg/detail/rover_mecanum_status__type_support.c\n'}
[9.351543] (px4_msgs) StdoutLine: {'line': b'-- Up-to-date: /home/em/ros_workspace_2025/nav_ws/install/px4_msgs/include/px4_msgs/px4_msgs/msg/detail/vehicle_trajectory_waypoint__type_support.c\n'}
[9.351573] (px4_msgs) StdoutLine: {'line': b'-- Up-to-date: /home/em/ros_workspace_2025/nav_ws/install/px4_msgs/include/px4_msgs/px4_msgs/msg/detail/landing_gear_wheel__rosidl_typesupport_introspection_c.h\n'}
[9.351604] (px4_msgs) StdoutLine: {'line': b'-- Up-to-date: /home/em/ros_workspace_2025/nav_ws/install/px4_msgs/include/px4_msgs/px4_msgs/msg/detail/gripper__rosidl_typesupport_introspection_c.h\n'}
[9.351634] (px4_msgs) StdoutLine: {'line': b'-- Up-to-date: /home/em/ros_workspace_2025/nav_ws/install/px4_msgs/include/px4_msgs/px4_msgs/msg/detail/actuator_controls_status__rosidl_typesupport_introspection_c.h\n'}
[9.351661] (px4_msgs) StdoutLine: {'line': b'-- Up-to-date: /home/em/ros_workspace_2025/nav_ws/install/px4_msgs/include/px4_msgs/px4_msgs/msg/detail/sensor_mag__type_support.c\n'}
[9.351695] (px4_msgs) StdoutLine: {'line': b'-- Up-to-date: /home/em/ros_workspace_2025/nav_ws/install/px4_msgs/include/px4_msgs/px4_msgs/msg/detail/ping__rosidl_typesupport_introspection_c.h\n'}
[9.351728] (px4_msgs) StdoutLine: {'line': b'-- Up-to-date: /home/em/ros_workspace_2025/nav_ws/install/px4_msgs/include/px4_msgs/px4_msgs/msg/detail/estimator_aid_source3d__type_support.c\n'}
[9.351750] (px4_msgs) StdoutLine: {'line': b'-- Up-to-date: /home/em/ros_workspace_2025/nav_ws/install/px4_msgs/include/px4_msgs/px4_msgs/msg/detail/sensor_mag__rosidl_typesupport_introspection_c.h\n'}
[9.351769] (px4_msgs) StdoutLine: {'line': b'-- Up-to-date: /home/em/ros_workspace_2025/nav_ws/install/px4_msgs/include/px4_msgs/px4_msgs/msg/detail/transponder_report__type_support.c\n'}
[9.351787] (px4_msgs) StdoutLine: {'line': b'-- Up-to-date: /home/em/ros_workspace_2025/nav_ws/install/px4_msgs/include/px4_msgs/px4_msgs/msg/detail/airspeed_wind__rosidl_typesupport_introspection_c.h\n'}
[9.351805] (px4_msgs) StdoutLine: {'line': b'-- Up-to-date: /home/em/ros_workspace_2025/nav_ws/install/px4_msgs/include/px4_msgs/px4_msgs/msg/detail/debug_array__type_support.c\n'}
[9.351823] (px4_msgs) StdoutLine: {'line': b'-- Up-to-date: /home/em/ros_workspace_2025/nav_ws/install/px4_msgs/include/px4_msgs/px4_msgs/msg/detail/collision_report__rosidl_typesupport_introspection_c.h\n'}
[9.351840] (px4_msgs) StdoutLine: {'line': b'-- Up-to-date: /home/em/ros_workspace_2025/nav_ws/install/px4_msgs/include/px4_msgs/px4_msgs/msg/detail/generator_status__type_support.c\n'}
[9.351860] (px4_msgs) StdoutLine: {'line': b'-- Up-to-date: /home/em/ros_workspace_2025/nav_ws/install/px4_msgs/include/px4_msgs/px4_msgs/msg/detail/vehicle_roi__rosidl_typesupport_introspection_c.h\n'}
[9.351890] (px4_msgs) StdoutLine: {'line': b'-- Up-to-date: /home/em/ros_workspace_2025/nav_ws/install/px4_msgs/include/px4_msgs/px4_msgs/msg/detail/buffer128__rosidl_typesupport_introspection_c.h\n'}
[9.351918] (px4_msgs) StdoutLine: {'line': b'-- Up-to-date: /home/em/ros_workspace_2025/nav_ws/install/px4_msgs/include/px4_msgs/px4_msgs/msg/detail/landing_target_pose__type_support.c\n'}
[9.351947] (px4_msgs) StdoutLine: {'line': b'-- Up-to-date: /home/em/ros_workspace_2025/nav_ws/install/px4_msgs/include/px4_msgs/px4_msgs/msg/detail/sensor_combined__type_support.c\n'}
[9.351980] (px4_msgs) StdoutLine: {'line': b'-- Up-to-date: /home/em/ros_workspace_2025/nav_ws/install/px4_msgs/include/px4_msgs/px4_msgs/msg/detail/system_power__type_support.c\n'}
[9.352009] (px4_msgs) StdoutLine: {'line': b'-- Up-to-date: /home/em/ros_workspace_2025/nav_ws/install/px4_msgs/include/px4_msgs/px4_msgs/msg/detail/can_interface_status__type_support.c\n'}
[9.352037] (px4_msgs) StdoutLine: {'line': b'-- Up-to-date: /home/em/ros_workspace_2025/nav_ws/install/px4_msgs/include/px4_msgs/px4_msgs/msg/detail/wheel_encoders__rosidl_typesupport_introspection_c.h\n'}
[9.352065] (px4_msgs) StdoutLine: {'line': b'-- Up-to-date: /home/em/ros_workspace_2025/nav_ws/install/px4_msgs/include/px4_msgs/px4_msgs/msg/detail/rover_differential_setpoint__type_support.c\n'}
[9.352093] (px4_msgs) StdoutLine: {'line': b'-- Up-to-date: /home/em/ros_workspace_2025/nav_ws/install/px4_msgs/include/px4_msgs/px4_msgs/msg/detail/position_setpoint_triplet__rosidl_typesupport_introspection_c.h\n'}
[9.352120] (px4_msgs) StdoutLine: {'line': b'-- Up-to-date: /home/em/ros_workspace_2025/nav_ws/install/px4_msgs/include/px4_msgs/px4_msgs/msg/detail/debug_key_value__rosidl_typesupport_introspection_c.h\n'}
[9.352151] (px4_msgs) StdoutLine: {'line': b'-- Up-to-date: /home/em/ros_workspace_2025/nav_ws/install/px4_msgs/include/px4_msgs/px4_msgs/msg/detail/unregister_ext_component__type_support.c\n'}
[9.352179] (px4_msgs) StdoutLine: {'line': b'-- Up-to-date: /home/em/ros_workspace_2025/nav_ws/install/px4_msgs/include/px4_msgs/px4_msgs/msg/detail/qshell_retval__rosidl_typesupport_introspection_c.h\n'}
[9.352207] (px4_msgs) StdoutLine: {'line': b'-- Up-to-date: /home/em/ros_workspace_2025/nav_ws/install/px4_msgs/include/px4_msgs/px4_msgs/msg/detail/gpio_request__type_support.c\n'}
[9.352236] (px4_msgs) StdoutLine: {'line': b'-- Up-to-date: /home/em/ros_workspace_2025/nav_ws/install/px4_msgs/include/px4_msgs/px4_msgs/msg/detail/rtl_time_estimate__type_support.c\n'}
[9.352263] (px4_msgs) StdoutLine: {'line': b'-- Up-to-date: /home/em/ros_workspace_2025/nav_ws/install/px4_msgs/include/px4_msgs/px4_msgs/msg/detail/gps_dump__rosidl_typesupport_introspection_c.h\n'}
[9.352291] (px4_msgs) StdoutLine: {'line': b'-- Up-to-date: /home/em/ros_workspace_2025/nav_ws/install/px4_msgs/include/px4_msgs/px4_msgs/msg/detail/pwm_input__type_support.c\n'}
[9.352320] (px4_msgs) StdoutLine: {'line': b'-- Up-to-date: /home/em/ros_workspace_2025/nav_ws/install/px4_msgs/include/px4_msgs/px4_msgs/msg/detail/rover_differential_status__rosidl_typesupport_introspection_c.h\n'}
[9.352348] (px4_msgs) StdoutLine: {'line': b'-- Up-to-date: /home/em/ros_workspace_2025/nav_ws/install/px4_msgs/include/px4_msgs/px4_msgs/msg/detail/parameter_reset_request__type_support.c\n'}
[9.352376] (px4_msgs) StdoutLine: {'line': b'-- Up-to-date: /home/em/ros_workspace_2025/nav_ws/install/px4_msgs/include/px4_msgs/px4_msgs/msg/detail/vehicle_constraints__type_support.c\n'}
[9.352406] (px4_msgs) StdoutLine: {'line': b'-- Up-to-date: /home/em/ros_workspace_2025/nav_ws/install/px4_msgs/include/px4_msgs/px4_msgs/msg/detail/estimator_states__rosidl_typesupport_introspection_c.h\n'}
[9.352440] (px4_msgs) StdoutLine: {'line': b'-- Up-to-date: /home/em/ros_workspace_2025/nav_ws/install/px4_msgs/include/px4_msgs/px4_msgs/msg/detail/rover_ackermann_setpoint__rosidl_typesupport_introspection_c.h\n'}
[9.352470] (px4_msgs) StdoutLine: {'line': b'-- Up-to-date: /home/em/ros_workspace_2025/nav_ws/install/px4_msgs/include/px4_msgs/px4_msgs/msg/detail/sensor_gyro_fifo__type_support.c\n'}
[9.352503] (px4_msgs) StdoutLine: {'line': b'-- Up-to-date: /home/em/ros_workspace_2025/nav_ws/install/px4_msgs/include/px4_msgs/px4_msgs/msg/detail/goto_setpoint__rosidl_typesupport_introspection_c.h\n'}
[9.352536] (px4_msgs) StdoutLine: {'line': b'-- Up-to-date: /home/em/ros_workspace_2025/nav_ws/install/px4_msgs/include/px4_msgs/px4_msgs/msg/detail/button_event__rosidl_typesupport_introspection_c.h\n'}
[9.352571] (px4_msgs) StdoutLine: {'line': b'-- Up-to-date: /home/em/ros_workspace_2025/nav_ws/install/px4_msgs/include/px4_msgs/px4_msgs/msg/detail/gpio_config__type_support.c\n'}
[9.352604] (px4_msgs) StdoutLine: {'line': b'-- Up-to-date: /home/em/ros_workspace_2025/nav_ws/install/px4_msgs/include/px4_msgs/px4_msgs/msg/detail/orb_test_large__type_support.c\n'}
[9.352635] (px4_msgs) StdoutLine: {'line': b'-- Up-to-date: /home/em/ros_workspace_2025/nav_ws/install/px4_msgs/include/px4_msgs/px4_msgs/msg/detail/velocity_limits__rosidl_typesupport_introspection_c.h\n'}
[9.352666] (px4_msgs) StdoutLine: {'line': b'-- Up-to-date: /home/em/ros_workspace_2025/nav_ws/install/px4_msgs/include/px4_msgs/px4_msgs/msg/detail/estimator_bias3d__rosidl_typesupport_introspection_c.h\n'}
[9.352696] (px4_msgs) StdoutLine: {'line': b'-- Up-to-date: /home/em/ros_workspace_2025/nav_ws/install/px4_msgs/include/px4_msgs/px4_msgs/msg/detail/vehicle_air_data__rosidl_typesupport_introspection_c.h\n'}
[9.352727] (px4_msgs) StdoutLine: {'line': b'-- Up-to-date: /home/em/ros_workspace_2025/nav_ws/install/px4_msgs/include/px4_msgs/px4_msgs/msg/detail/open_drone_id_self_id__rosidl_typesupport_introspection_c.h\n'}
[9.352759] (px4_msgs) StdoutLine: {'line': b'-- Up-to-date: /home/em/ros_workspace_2025/nav_ws/install/px4_msgs/include/px4_msgs/px4_msgs/msg/detail/ulog_stream_ack__rosidl_typesupport_introspection_c.h\n'}
[9.352789] (px4_msgs) StdoutLine: {'line': b'-- Up-to-date: /home/em/ros_workspace_2025/nav_ws/install/px4_msgs/include/px4_msgs/px4_msgs/msg/detail/distance_sensor__rosidl_typesupport_introspection_c.h\n'}
[9.352818] (px4_msgs) StdoutLine: {'line': b'-- Up-to-date: /home/em/ros_workspace_2025/nav_ws/install/px4_msgs/include/px4_msgs/px4_msgs/msg/detail/follow_target__rosidl_typesupport_introspection_c.h\n'}
[9.352848] (px4_msgs) StdoutLine: {'line': b'-- Up-to-date: /home/em/ros_workspace_2025/nav_ws/install/px4_msgs/include/px4_msgs/px4_msgs/msg/detail/dataman_response__rosidl_typesupport_introspection_c.h\n'}
[9.352878] (px4_msgs) StdoutLine: {'line': b'-- Up-to-date: /home/em/ros_workspace_2025/nav_ws/install/px4_msgs/include/px4_msgs/px4_msgs/msg/detail/gimbal_manager_set_attitude__type_support.c\n'}
[9.352909] (px4_msgs) StdoutLine: {'line': b'-- Up-to-date: /home/em/ros_workspace_2025/nav_ws/install/px4_msgs/include/px4_msgs/px4_msgs/msg/detail/position_controller_status__type_support.c\n'}
[9.352937] (px4_msgs) StdoutLine: {'line': b'-- Up-to-date: /home/em/ros_workspace_2025/nav_ws/install/px4_msgs/include/px4_msgs/px4_msgs/msg/detail/vehicle_global_position__rosidl_typesupport_introspection_c.h\n'}
[9.352965] (px4_msgs) StdoutLine: {'line': b'-- Up-to-date: /home/em/ros_workspace_2025/nav_ws/install/px4_msgs/include/px4_msgs/px4_msgs/msg/detail/geofence_status__type_support.c\n'}
[9.352996] (px4_msgs) StdoutLine: {'line': b'-- Up-to-date: /home/em/ros_workspace_2025/nav_ws/install/px4_msgs/include/px4_msgs/px4_msgs/msg/detail/qshell_req__rosidl_typesupport_introspection_c.h\n'}
[9.353024] (px4_msgs) StdoutLine: {'line': b'-- Up-to-date: /home/em/ros_workspace_2025/nav_ws/install/px4_msgs/include/px4_msgs/px4_msgs/msg/detail/vehicle_local_position__type_support.c\n'}
[9.353051] (px4_msgs) StdoutLine: {'line': b'-- Up-to-date: /home/em/ros_workspace_2025/nav_ws/install/px4_msgs/include/px4_msgs/px4_msgs/msg/detail/position_controller_status__rosidl_typesupport_introspection_c.h\n'}
[9.353094] (px4_msgs) StdoutLine: {'line': b'-- Up-to-date: /home/em/ros_workspace_2025/nav_ws/install/px4_msgs/include/px4_msgs/px4_msgs/msg/detail/normalized_unsigned_setpoint__type_support.c\n'}
[9.353113] (px4_msgs) StdoutLine: {'line': b'-- Up-to-date: /home/em/ros_workspace_2025/nav_ws/install/px4_msgs/include/px4_msgs/px4_msgs/msg/detail/rtl_status__type_support.c\n'}
[9.353130] (px4_msgs) StdoutLine: {'line': b'-- Up-to-date: /home/em/ros_workspace_2025/nav_ws/install/px4_msgs/include/px4_msgs/px4_msgs/msg/detail/estimator_event_flags__type_support.c\n'}
[9.353150] (px4_msgs) StdoutLine: {'line': b'-- Up-to-date: /home/em/ros_workspace_2025/nav_ws/install/px4_msgs/include/px4_msgs/px4_msgs/msg/detail/estimator_aid_source2d__type_support.c\n'}
[9.353170] (px4_msgs) StdoutLine: {'line': b'-- Up-to-date: /home/em/ros_workspace_2025/nav_ws/install/px4_msgs/include/px4_msgs/px4_msgs/msg/detail/vehicle_optical_flow__type_support.c\n'}
[9.353190] (px4_msgs) StdoutLine: {'line': b'-- Up-to-date: /home/em/ros_workspace_2025/nav_ws/install/px4_msgs/include/px4_msgs/px4_msgs/msg/detail/vehicle_roi__type_support.c\n'}
[9.353223] (px4_msgs) StdoutLine: {'line': b'-- Up-to-date: /home/em/ros_workspace_2025/nav_ws/install/px4_msgs/include/px4_msgs/px4_msgs/msg/detail/manual_control_switches__rosidl_typesupport_introspection_c.h\n'}
[9.353252] (px4_msgs) StdoutLine: {'line': b'-- Up-to-date: /home/em/ros_workspace_2025/nav_ws/install/px4_msgs/include/px4_msgs/px4_msgs/msg/detail/open_drone_id_self_id__type_support.c\n'}
[9.353281] (px4_msgs) StdoutLine: {'line': b'-- Up-to-date: /home/em/ros_workspace_2025/nav_ws/install/px4_msgs/include/px4_msgs/px4_msgs/msg/detail/health_report__rosidl_typesupport_introspection_c.h\n'}
[9.353312] (px4_msgs) StdoutLine: {'line': b'-- Up-to-date: /home/em/ros_workspace_2025/nav_ws/install/px4_msgs/include/px4_msgs/px4_msgs/msg/detail/sensor_gyro__type_support.c\n'}
[9.353341] (px4_msgs) StdoutLine: {'line': b'-- Up-to-date: /home/em/ros_workspace_2025/nav_ws/install/px4_msgs/include/px4_msgs/px4_msgs/msg/detail/input_rc__type_support.c\n'}
[9.353370] (px4_msgs) StdoutLine: {'line': b'-- Up-to-date: /home/em/ros_workspace_2025/nav_ws/install/px4_msgs/include/px4_msgs/px4_msgs/msg/detail/message_format_response__type_support.c\n'}
[9.353405] (px4_msgs) StdoutLine: {'line': b'-- Up-to-date: /home/em/ros_workspace_2025/nav_ws/install/px4_msgs/include/px4_msgs/px4_msgs/msg/detail/event__type_support.c\n'}
[9.353438] (px4_msgs) StdoutLine: {'line': b'-- Up-to-date: /home/em/ros_workspace_2025/nav_ws/install/px4_msgs/include/px4_msgs/px4_msgs/msg/detail/open_drone_id_arm_status__rosidl_typesupport_introspection_c.h\n'}
[9.353470] (px4_msgs) StdoutLine: {'line': b'-- Up-to-date: /home/em/ros_workspace_2025/nav_ws/install/px4_msgs/include/px4_msgs/px4_msgs/msg/detail/vehicle_trajectory_waypoint__rosidl_typesupport_introspection_c.h\n'}
[9.353502] (px4_msgs) StdoutLine: {'line': b'-- Up-to-date: /home/em/ros_workspace_2025/nav_ws/install/px4_msgs/include/px4_msgs/px4_msgs/msg/detail/landing_target_innovations__rosidl_typesupport_introspection_c.h\n'}
[9.353531] (px4_msgs) StdoutLine: {'line': b'-- Up-to-date: /home/em/ros_workspace_2025/nav_ws/install/px4_msgs/include/px4_msgs/px4_msgs/msg/detail/task_stack_info__rosidl_typesupport_introspection_c.h\n'}
[9.353560] (px4_msgs) StdoutLine: {'line': b'-- Up-to-date: /home/em/ros_workspace_2025/nav_ws/install/px4_msgs/include/px4_msgs/px4_msgs/msg/detail/gimbal_controls__rosidl_typesupport_introspection_c.h\n'}
[9.353589] (px4_msgs) StdoutLine: {'line': b'-- Up-to-date: /home/em/ros_workspace_2025/nav_ws/install/px4_msgs/include/px4_msgs/px4_msgs/msg/detail/ulog_stream__rosidl_typesupport_introspection_c.h\n'}
[9.353618] (px4_msgs) StdoutLine: {'line': b'-- Up-to-date: /home/em/ros_workspace_2025/nav_ws/install/px4_msgs/include/px4_msgs/px4_msgs/msg/detail/actuator_test__type_support.c\n'}
[9.353647] (px4_msgs) StdoutLine: {'line': b'-- Up-to-date: /home/em/ros_workspace_2025/nav_ws/install/px4_msgs/include/px4_msgs/px4_msgs/msg/detail/actuator_motors__rosidl_typesupport_introspection_c.h\n'}
[9.353679] (px4_msgs) StdoutLine: {'line': b'-- Up-to-date: /home/em/ros_workspace_2025/nav_ws/install/px4_msgs/include/px4_msgs/px4_msgs/msg/detail/mode_completed__type_support.c\n'}
[9.353715] (px4_msgs) StdoutLine: {'line': b'-- Up-to-date: /home/em/ros_workspace_2025/nav_ws/install/px4_msgs/include/px4_msgs/px4_msgs/msg/detail/sensor_gps__rosidl_typesupport_introspection_c.h\n'}
[9.353748] (px4_msgs) StdoutLine: {'line': b'-- Up-to-date: /home/em/ros_workspace_2025/nav_ws/install/px4_msgs/include/px4_msgs/px4_msgs/msg/detail/led_control__type_support.c\n'}
[9.353782] (px4_msgs) StdoutLine: {'line': b'-- Up-to-date: /home/em/ros_workspace_2025/nav_ws/install/px4_msgs/include/px4_msgs/px4_msgs/msg/detail/estimator_innovations__type_support.c\n'}
[9.353814] (px4_msgs) StdoutLine: {'line': b'-- Up-to-date: /home/em/ros_workspace_2025/nav_ws/install/px4_msgs/include/px4_msgs/px4_msgs/msg/detail/sensors_status_imu__rosidl_typesupport_introspection_c.h\n'}
[9.353835] (px4_msgs) StdoutLine: {'line': b'-- Up-to-date: /home/em/ros_workspace_2025/nav_ws/install/px4_msgs/include/px4_msgs/px4_msgs/msg/detail/actuator_controls_status__type_support.c\n'}
[9.353867] (px4_msgs) StdoutLine: {'line': b'-- Up-to-date: /home/em/ros_workspace_2025/nav_ws/install/px4_msgs/include/px4_msgs/px4_msgs/msg/detail/vehicle_angular_velocity__type_support.c\n'}
[9.353900] (px4_msgs) StdoutLine: {'line': b'-- Up-to-date: /home/em/ros_workspace_2025/nav_ws/install/px4_msgs/include/px4_msgs/px4_msgs/msg/detail/rover_ackermann_status__type_support.c\n'}
[9.353932] (px4_msgs) StdoutLine: {'line': b'-- Up-to-date: /home/em/ros_workspace_2025/nav_ws/install/px4_msgs/include/px4_msgs/px4_msgs/msg/detail/rover_mecanum_guidance_status__type_support.c\n'}
[9.353967] (px4_msgs) StdoutLine: {'line': b'-- Up-to-date: /home/em/ros_workspace_2025/nav_ws/install/px4_msgs/include/px4_msgs/px4_msgs/msg/detail/telemetry_status__rosidl_typesupport_introspection_c.h\n'}
[9.353999] (px4_msgs) StdoutLine: {'line': b'-- Up-to-date: /home/em/ros_workspace_2025/nav_ws/install/px4_msgs/include/px4_msgs/px4_msgs/msg/detail/home_position__rosidl_typesupport_introspection_c.h\n'}
[9.354030] (px4_msgs) StdoutLine: {'line': b'-- Up-to-date: /home/em/ros_workspace_2025/nav_ws/install/px4_msgs/include/px4_msgs/px4_msgs/msg/detail/home_position__type_support.c\n'}
[9.354063] (px4_msgs) StdoutLine: {'line': b'-- Up-to-date: /home/em/ros_workspace_2025/nav_ws/install/px4_msgs/include/px4_msgs/px4_msgs/msg/detail/estimator_event_flags__rosidl_typesupport_introspection_c.h\n'}
[9.354097] (px4_msgs) StdoutLine: {'line': b'-- Up-to-date: /home/em/ros_workspace_2025/nav_ws/install/px4_msgs/include/px4_msgs/px4_msgs/msg/detail/can_interface_status__rosidl_typesupport_introspection_c.h\n'}
[9.354131] (px4_msgs) StdoutLine: {'line': b'-- Up-to-date: /home/em/ros_workspace_2025/nav_ws/install/px4_msgs/include/px4_msgs/px4_msgs/msg/detail/open_drone_id_operator_id__rosidl_typesupport_introspection_c.h\n'}
[9.354168] (px4_msgs) StdoutLine: {'line': b'-- Up-to-date: /home/em/ros_workspace_2025/nav_ws/install/px4_msgs/include/px4_msgs/px4_msgs/msg/detail/orb_test_medium__type_support.c\n'}
[9.354197] (px4_msgs) StdoutLine: {'line': b'-- Up-to-date: /home/em/ros_workspace_2025/nav_ws/install/px4_msgs/include/px4_msgs/px4_msgs/msg/detail/ping__type_support.c\n'}
[9.354229] (px4_msgs) StdoutLine: {'line': b'-- Up-to-date: /home/em/ros_workspace_2025/nav_ws/install/px4_msgs/include/px4_msgs/px4_msgs/msg/detail/control_allocator_status__rosidl_typesupport_introspection_c.h\n'}
[9.354259] (px4_msgs) StdoutLine: {'line': b'-- Up-to-date: /home/em/ros_workspace_2025/nav_ws/install/px4_msgs/include/px4_msgs/px4_msgs/msg/detail/actuator_test__rosidl_typesupport_introspection_c.h\n'}
[9.354287] (px4_msgs) StdoutLine: {'line': b'-- Up-to-date: /home/em/ros_workspace_2025/nav_ws/install/px4_msgs/include/px4_msgs/px4_msgs/msg/detail/open_drone_id_system__rosidl_typesupport_introspection_c.h\n'}
[9.354321] (px4_msgs) StdoutLine: {'line': b'-- Up-to-date: /home/em/ros_workspace_2025/nav_ws/install/px4_msgs/include/px4_msgs/px4_msgs/msg/detail/power_monitor__rosidl_typesupport_introspection_c.h\n'}
[9.354353] (px4_msgs) StdoutLine: {'line': b'-- Up-to-date: /home/em/ros_workspace_2025/nav_ws/install/px4_msgs/include/px4_msgs/px4_msgs/msg/detail/vehicle_attitude__rosidl_typesupport_introspection_c.h\n'}
[9.354384] (px4_msgs) StdoutLine: {'line': b'-- Up-to-date: /home/em/ros_workspace_2025/nav_ws/install/px4_msgs/include/px4_msgs/px4_msgs/msg/detail/vtol_vehicle_status__type_support.c\n'}
[9.354426] (px4_msgs) StdoutLine: {'line': b'-- Up-to-date: /home/em/ros_workspace_2025/nav_ws/install/px4_msgs/include/px4_msgs/px4_msgs/msg/detail/navigator_mission_item__type_support.c\n'}
[9.354461] (px4_msgs) StdoutLine: {'line': b'-- Up-to-date: /home/em/ros_workspace_2025/nav_ws/install/px4_msgs/include/px4_msgs/px4_msgs/msg/detail/trajectory_waypoint__rosidl_typesupport_introspection_c.h\n'}
[9.354492] (px4_msgs) StdoutLine: {'line': b'-- Up-to-date: /home/em/ros_workspace_2025/nav_ws/install/px4_msgs/include/px4_msgs/px4_msgs/msg/detail/vehicle_status__rosidl_typesupport_introspection_c.h\n'}
[9.354521] (px4_msgs) StdoutLine: {'line': b'-- Up-to-date: /home/em/ros_workspace_2025/nav_ws/install/px4_msgs/include/px4_msgs/px4_msgs/msg/detail/vehicle_angular_acceleration_setpoint__type_support.c\n'}
[9.354550] (px4_msgs) StdoutLine: {'line': b'-- Up-to-date: /home/em/ros_workspace_2025/nav_ws/install/px4_msgs/include/px4_msgs/px4_msgs/msg/detail/actuator_outputs__rosidl_typesupport_introspection_c.h\n'}
[9.354578] (px4_msgs) StdoutLine: {'line': b'-- Up-to-date: /home/em/ros_workspace_2025/nav_ws/install/px4_msgs/include/px4_msgs/px4_msgs/msg/detail/sensor_accel_fifo__type_support.c\n'}
[9.354606] (px4_msgs) StdoutLine: {'line': b'-- Up-to-date: /home/em/ros_workspace_2025/nav_ws/install/px4_msgs/include/px4_msgs/px4_msgs/msg/detail/esc_report__type_support.c\n'}
[9.354636] (px4_msgs) StdoutLine: {'line': b'-- Up-to-date: /home/em/ros_workspace_2025/nav_ws/install/px4_msgs/include/px4_msgs/px4_msgs/msg/detail/vehicle_angular_velocity__rosidl_typesupport_introspection_c.h\n'}
[9.354672] (px4_msgs) StdoutLine: {'line': b'-- Up-to-date: /home/em/ros_workspace_2025/nav_ws/install/px4_msgs/include/px4_msgs/px4_msgs/msg/detail/mission__type_support.c\n'}
[9.354702] (px4_msgs) StdoutLine: {'line': b'-- Up-to-date: /home/em/ros_workspace_2025/nav_ws/install/px4_msgs/include/px4_msgs/px4_msgs/msg/detail/actuator_armed__type_support.c\n'}
[9.354732] (px4_msgs) StdoutLine: {'line': b'-- Up-to-date: /home/em/ros_workspace_2025/nav_ws/install/px4_msgs/include/px4_msgs/px4_msgs/msg/detail/message_format_response__rosidl_typesupport_introspection_c.h\n'}
[9.354760] (px4_msgs) StdoutLine: {'line': b'-- Up-to-date: /home/em/ros_workspace_2025/nav_ws/install/px4_msgs/include/px4_msgs/px4_msgs/msg/detail/goto_setpoint__type_support.c\n'}
[9.354788] (px4_msgs) StdoutLine: {'line': b'-- Up-to-date: /home/em/ros_workspace_2025/nav_ws/install/px4_msgs/include/px4_msgs/px4_msgs/msg/detail/task_stack_info__type_support.c\n'}
[9.354816] (px4_msgs) StdoutLine: {'line': b'-- Up-to-date: /home/em/ros_workspace_2025/nav_ws/install/px4_msgs/include/px4_msgs/px4_msgs/msg/detail/sensor_gyro_fft__rosidl_typesupport_introspection_c.h\n'}
[9.354844] (px4_msgs) StdoutLine: {'line': b'-- Up-to-date: /home/em/ros_workspace_2025/nav_ws/install/px4_msgs/include/px4_msgs/px4_msgs/msg/detail/hover_thrust_estimate__rosidl_typesupport_introspection_c.h\n'}
[9.354874] (px4_msgs) StdoutLine: {'line': b'-- Up-to-date: /home/em/ros_workspace_2025/nav_ws/install/px4_msgs/include/px4_msgs/px4_msgs/msg/detail/geofence_status__rosidl_typesupport_introspection_c.h\n'}
[9.354905] (px4_msgs) StdoutLine: {'line': b'-- Up-to-date: /home/em/ros_workspace_2025/nav_ws/install/px4_msgs/include/px4_msgs/px4_msgs/msg/detail/gimbal_manager_status__rosidl_typesupport_introspection_c.h\n'}
[9.354940] (px4_msgs) StdoutLine: {'line': b'-- Up-to-date: /home/em/ros_workspace_2025/nav_ws/install/px4_msgs/include/px4_msgs/px4_msgs/msg/detail/px4io_status__type_support.c\n'}
[9.354972] (px4_msgs) StdoutLine: {'line': b'-- Up-to-date: /home/em/ros_workspace_2025/nav_ws/install/px4_msgs/include/px4_msgs/px4_msgs/msg/detail/npfg_status__rosidl_typesupport_introspection_c.h\n'}
[9.355004] (px4_msgs) StdoutLine: {'line': b'-- Up-to-date: /home/em/ros_workspace_2025/nav_ws/install/px4_msgs/include/px4_msgs/px4_msgs/msg/detail/flight_phase_estimation__rosidl_typesupport_introspection_c.h\n'}
[9.355041] (px4_msgs) StdoutLine: {'line': b'-- Up-to-date: /home/em/ros_workspace_2025/nav_ws/install/px4_msgs/include/px4_msgs/px4_msgs/msg/detail/arming_check_reply__rosidl_typesupport_introspection_c.h\n'}
[9.355073] (px4_msgs) StdoutLine: {'line': b'-- Up-to-date: /home/em/ros_workspace_2025/nav_ws/install/px4_msgs/include/px4_msgs/px4_msgs/msg/detail/satellite_info__rosidl_typesupport_introspection_c.h\n'}
[9.355119] (px4_msgs) StdoutLine: {'line': b'-- Up-to-date: /home/em/ros_workspace_2025/nav_ws/install/px4_msgs/include/px4_msgs/px4_msgs/msg/detail/action_request__type_support.c\n'}
[9.355182] (px4_msgs) StdoutLine: {'line': b'-- Up-to-date: /home/em/ros_workspace_2025/nav_ws/install/px4_msgs/include/px4_msgs/px4_msgs/msg/detail/dataman_request__type_support.c\n'}
[9.355395] (px4_msgs) StdoutLine: {'line': b'-- Up-to-date: /home/em/ros_workspace_2025/nav_ws/install/px4_msgs/include/px4_msgs/px4_msgs/msg/detail/estimator_aid_source1d__type_support.c\n'}
[9.355491] (px4_msgs) StdoutLine: {'line': b'-- Up-to-date: /home/em/ros_workspace_2025/nav_ws/install/px4_msgs/include/px4_msgs/px4_msgs/msg/detail/camera_trigger__type_support.c\n'}
[9.355551] (px4_msgs) StdoutLine: {'line': b'-- Up-to-date: /home/em/ros_workspace_2025/nav_ws/install/px4_msgs/include/px4_msgs/px4_msgs/msg/detail/vehicle_rates_setpoint__type_support.c\n'}
[9.355606] (px4_msgs) StdoutLine: {'line': b'-- Up-to-date: /home/em/ros_workspace_2025/nav_ws/install/px4_msgs/include/px4_msgs/px4_msgs/msg/detail/rover_differential_setpoint__rosidl_typesupport_introspection_c.h\n'}
[9.355698] (px4_msgs) StdoutLine: {'line': b'-- Up-to-date: /home/em/ros_workspace_2025/nav_ws/install/px4_msgs/include/px4_msgs/px4_msgs/msg/detail/magnetometer_bias_estimate__rosidl_typesupport_introspection_c.h\n'}
[9.355753] (px4_msgs) StdoutLine: {'line': b'-- Up-to-date: /home/em/ros_workspace_2025/nav_ws/install/px4_msgs/include/px4_msgs/px4_msgs/msg/detail/flight_phase_estimation__type_support.c\n'}
[9.355785] (px4_msgs) StdoutLine: {'line': b'-- Up-to-date: /home/em/ros_workspace_2025/nav_ws/install/px4_msgs/include/px4_msgs/px4_msgs/msg/detail/pps_capture__rosidl_typesupport_introspection_c.h\n'}
[9.355810] (px4_msgs) StdoutLine: {'line': b'-- Up-to-date: /home/em/ros_workspace_2025/nav_ws/install/px4_msgs/include/px4_msgs/px4_msgs/msg/detail/dataman_request__rosidl_typesupport_introspection_c.h\n'}
[9.355838] (px4_msgs) StdoutLine: {'line': b'-- Up-to-date: /home/em/ros_workspace_2025/nav_ws/install/px4_msgs/include/px4_msgs/px4_msgs/msg/detail/sensor_accel_fifo__rosidl_typesupport_introspection_c.h\n'}
[9.355942] (px4_msgs) StdoutLine: {'line': b'-- Up-to-date: /home/em/ros_workspace_2025/nav_ws/install/px4_msgs/include/px4_msgs/px4_msgs/msg/detail/rpm__rosidl_typesupport_introspection_c.h\n'}
[9.356005] (px4_msgs) StdoutLine: {'line': b'-- Up-to-date: /home/em/ros_workspace_2025/nav_ws/install/px4_msgs/include/px4_msgs/px4_msgs/msg/detail/hover_thrust_estimate__type_support.c\n'}
[9.356078] (px4_msgs) StdoutLine: {'line': b'-- Up-to-date: /home/em/ros_workspace_2025/nav_ws/install/px4_msgs/include/px4_msgs/px4_msgs/msg/detail/mavlink_tunnel__rosidl_typesupport_introspection_c.h\n'}
[9.356134] (px4_msgs) StdoutLine: {'line': b'-- Up-to-date: /home/em/ros_workspace_2025/nav_ws/install/px4_msgs/include/px4_msgs/px4_msgs/msg/detail/landing_target_pose__rosidl_typesupport_introspection_c.h\n'}
[9.356187] (px4_msgs) StdoutLine: {'line': b'-- Up-to-date: /home/em/ros_workspace_2025/nav_ws/install/px4_msgs/include/px4_msgs/px4_msgs/msg/detail/mode_completed__rosidl_typesupport_introspection_c.h\n'}
[9.356259] (px4_msgs) StdoutLine: {'line': b'-- Up-to-date: /home/em/ros_workspace_2025/nav_ws/install/px4_msgs/include/px4_msgs/px4_msgs/msg/detail/event__rosidl_typesupport_introspection_c.h\n'}
[9.356307] (px4_msgs) StdoutLine: {'line': b'-- Up-to-date: /home/em/ros_workspace_2025/nav_ws/install/px4_msgs/include/px4_msgs/px4_msgs/msg/detail/estimator_selector_status__rosidl_typesupport_introspection_c.h\n'}
[9.356332] (px4_msgs) StdoutLine: {'line': b'-- Up-to-date: /home/em/ros_workspace_2025/nav_ws/install/px4_msgs/include/px4_msgs/px4_msgs/msg/detail/gimbal_device_attitude_status__rosidl_typesupport_introspection_c.h\n'}
[9.356355] (px4_msgs) StdoutLine: {'line': b'-- Up-to-date: /home/em/ros_workspace_2025/nav_ws/install/px4_msgs/include/px4_msgs/px4_msgs/msg/detail/failsafe_flags__rosidl_typesupport_introspection_c.h\n'}
[9.356382] (px4_msgs) StdoutLine: {'line': b'-- Up-to-date: /home/em/ros_workspace_2025/nav_ws/install/px4_msgs/include/px4_msgs/px4_msgs/msg/detail/gimbal_controls__type_support.c\n'}
[9.356424] (px4_msgs) StdoutLine: {'line': b'-- Up-to-date: /home/em/ros_workspace_2025/nav_ws/install/px4_msgs/include/px4_msgs/px4_msgs/msg/detail/estimator_innovations__rosidl_typesupport_introspection_c.h\n'}
[9.356447] (px4_msgs) StdoutLine: {'line': b'-- Up-to-date: /home/em/ros_workspace_2025/nav_ws/install/px4_msgs/include/px4_msgs/px4_msgs/msg/detail/wind__type_support.c\n'}
[9.356474] (px4_msgs) StdoutLine: {'line': b'-- Up-to-date: /home/em/ros_workspace_2025/nav_ws/install/px4_msgs/include/px4_msgs/px4_msgs/msg/detail/register_ext_component_reply__rosidl_typesupport_introspection_c.h\n'}
[9.356500] (px4_msgs) StdoutLine: {'line': b'-- Up-to-date: /home/em/ros_workspace_2025/nav_ws/install/px4_msgs/include/px4_msgs/px4_msgs/msg/detail/sensor_optical_flow__rosidl_typesupport_introspection_c.h\n'}
[9.356526] (px4_msgs) StdoutLine: {'line': b'-- Up-to-date: /home/em/ros_workspace_2025/nav_ws/install/px4_msgs/include/px4_msgs/px4_msgs/msg/detail/camera_trigger__rosidl_typesupport_introspection_c.h\n'}
[9.356550] (px4_msgs) StdoutLine: {'line': b'-- Up-to-date: /home/em/ros_workspace_2025/nav_ws/install/px4_msgs/include/px4_msgs/px4_msgs/msg/detail/distance_sensor_mode_change_request__type_support.c\n'}
[9.356570] (px4_msgs) StdoutLine: {'line': b'-- Up-to-date: /home/em/ros_workspace_2025/nav_ws/install/px4_msgs/include/px4_msgs/px4_msgs/msg/detail/timesync_status__type_support.c\n'}
[9.356590] (px4_msgs) StdoutLine: {'line': b'-- Up-to-date: /home/em/ros_workspace_2025/nav_ws/install/px4_msgs/include/px4_msgs/px4_msgs/msg/detail/vehicle_status__type_support.c\n'}
[9.356611] (px4_msgs) StdoutLine: {'line': b'-- Up-to-date: /home/em/ros_workspace_2025/nav_ws/install/px4_msgs/include/px4_msgs/px4_msgs/msg/detail/vehicle_acceleration__rosidl_typesupport_introspection_c.h\n'}
[9.356631] (px4_msgs) StdoutLine: {'line': b'-- Up-to-date: /home/em/ros_workspace_2025/nav_ws/install/px4_msgs/include/px4_msgs/px4_msgs/msg/detail/cellular_status__rosidl_typesupport_introspection_c.h\n'}
[9.356650] (px4_msgs) StdoutLine: {'line': b'-- Up-to-date: /home/em/ros_workspace_2025/nav_ws/install/px4_msgs/include/px4_msgs/px4_msgs/msg/detail/orb_test_large__rosidl_typesupport_introspection_c.h\n'}
[9.356669] (px4_msgs) StdoutLine: {'line': b'-- Up-to-date: /home/em/ros_workspace_2025/nav_ws/install/px4_msgs/include/px4_msgs/px4_msgs/msg/detail/actuator_servos_trim__rosidl_typesupport_introspection_c.h\n'}
[9.356689] (px4_msgs) StdoutLine: {'line': b'-- Up-to-date: /home/em/ros_workspace_2025/nav_ws/install/px4_msgs/include/px4_msgs/px4_msgs/msg/detail/estimator_states__type_support.c\n'}
[9.356708] (px4_msgs) StdoutLine: {'line': b'-- Up-to-date: /home/em/ros_workspace_2025/nav_ws/install/px4_msgs/include/px4_msgs/px4_msgs/msg/detail/uavcan_parameter_request__rosidl_typesupport_introspection_c.h\n'}
[9.356734] (px4_msgs) StdoutLine: {'line': b'-- Up-to-date: /home/em/ros_workspace_2025/nav_ws/install/px4_msgs/include/px4_msgs/px4_msgs/msg/detail/mount_orientation__rosidl_typesupport_introspection_c.h\n'}
[9.356761] (px4_msgs) StdoutLine: {'line': b'-- Up-to-date: /home/em/ros_workspace_2025/nav_ws/install/px4_msgs/include/px4_msgs/px4_msgs/msg/detail/ulog_stream__type_support.c\n'}
[9.356790] (px4_msgs) StdoutLine: {'line': b'-- Up-to-date: /home/em/ros_workspace_2025/nav_ws/install/px4_msgs/include/px4_msgs/px4_msgs/msg/detail/debug_vect__rosidl_typesupport_introspection_c.h\n'}
[9.356822] (px4_msgs) StdoutLine: {'line': b'-- Up-to-date: /home/em/ros_workspace_2025/nav_ws/install/px4_msgs/include/px4_msgs/px4_msgs/msg/detail/yaw_estimator_status__rosidl_typesupport_introspection_c.h\n'}
[9.356855] (px4_msgs) StdoutLine: {'line': b'-- Up-to-date: /home/em/ros_workspace_2025/nav_ws/install/px4_msgs/include/px4_msgs/px4_msgs/msg/detail/uavcan_parameter_request__type_support.c\n'}
[9.356885] (px4_msgs) StdoutLine: {'line': b'-- Up-to-date: /home/em/ros_workspace_2025/nav_ws/install/px4_msgs/include/px4_msgs/px4_msgs/msg/detail/estimator_status_flags__type_support.c\n'}
[9.356906] (px4_msgs) StdoutLine: {'line': b'-- Up-to-date: /home/em/ros_workspace_2025/nav_ws/install/px4_msgs/include/px4_msgs/px4_msgs/msg/detail/vehicle_imu_status__type_support.c\n'}
[9.356926] (px4_msgs) StdoutLine: {'line': b'-- Up-to-date: /home/em/ros_workspace_2025/nav_ws/install/px4_msgs/include/px4_msgs/px4_msgs/msg/detail/gpio_out__rosidl_typesupport_introspection_c.h\n'}
[9.356945] (px4_msgs) StdoutLine: {'line': b'-- Up-to-date: /home/em/ros_workspace_2025/nav_ws/install/px4_msgs/include/px4_msgs/px4_msgs/msg/detail/gpio_out__type_support.c\n'}
[9.356967] (px4_msgs) StdoutLine: {'line': b'-- Up-to-date: /home/em/ros_workspace_2025/nav_ws/install/px4_msgs/include/px4_msgs/px4_msgs/msg/detail/gpio_request__rosidl_typesupport_introspection_c.h\n'}
[9.356989] (px4_msgs) StdoutLine: {'line': b'-- Up-to-date: /home/em/ros_workspace_2025/nav_ws/install/px4_msgs/include/px4_msgs/px4_msgs/msg/detail/battery_status__type_support.c\n'}
[9.357011] (px4_msgs) StdoutLine: {'line': b'-- Up-to-date: /home/em/ros_workspace_2025/nav_ws/install/px4_msgs/include/px4_msgs/px4_msgs/msg/detail/register_ext_component_reply__type_support.c\n'}
[9.357035] (px4_msgs) StdoutLine: {'line': b'-- Up-to-date: /home/em/ros_workspace_2025/nav_ws/install/px4_msgs/include/px4_msgs/px4_msgs/msg/detail/tecs_status__type_support.c\n'}
[9.357055] (px4_msgs) StdoutLine: {'line': b'-- Up-to-date: /home/em/ros_workspace_2025/nav_ws/install/px4_msgs/include/px4_msgs/px4_msgs/msg/detail/estimator_status__rosidl_typesupport_introspection_c.h\n'}
[9.357075] (px4_msgs) StdoutLine: {'line': b'-- Up-to-date: /home/em/ros_workspace_2025/nav_ws/install/px4_msgs/include/px4_msgs/px4_msgs/msg/detail/vehicle_acceleration__type_support.c\n'}
[9.357095] (px4_msgs) StdoutLine: {'line': b'-- Up-to-date: /home/em/ros_workspace_2025/nav_ws/install/px4_msgs/include/px4_msgs/px4_msgs/msg/detail/collision_report__type_support.c\n'}
[9.357115] (px4_msgs) StdoutLine: {'line': b'-- Up-to-date: /home/em/ros_workspace_2025/nav_ws/install/px4_msgs/include/px4_msgs/px4_msgs/msg/detail/takeoff_status__rosidl_typesupport_introspection_c.h\n'}
[9.357138] (px4_msgs) StdoutLine: {'line': b'-- Up-to-date: /home/em/ros_workspace_2025/nav_ws/install/px4_msgs/include/px4_msgs/px4_msgs/msg/detail/rover_differential_guidance_status__rosidl_typesupport_introspection_c.h\n'}
[9.357159] (px4_msgs) StdoutLine: {'line': b'-- Up-to-date: /home/em/ros_workspace_2025/nav_ws/install/px4_msgs/include/px4_msgs/px4_msgs/msg/detail/trajectory_setpoint__type_support.c\n'}
[9.357180] (px4_msgs) StdoutLine: {'line': b'-- Up-to-date: /home/em/ros_workspace_2025/nav_ws/install/px4_msgs/include/px4_msgs/px4_msgs/msg/detail/tune_control__type_support.c\n'}
[9.357199] (px4_msgs) StdoutLine: {'line': b'-- Up-to-date: /home/em/ros_workspace_2025/nav_ws/install/px4_msgs/include/px4_msgs/px4_msgs/msg/detail/internal_combustion_engine_status__rosidl_typesupport_introspection_c.h\n'}
[9.357221] (px4_msgs) StdoutLine: {'line': b'-- Up-to-date: /home/em/ros_workspace_2025/nav_ws/install/px4_msgs/include/px4_msgs/px4_msgs/msg/detail/heater_status__rosidl_typesupport_introspection_c.h\n'}
[9.357243] (px4_msgs) StdoutLine: {'line': b'-- Up-to-date: /home/em/ros_workspace_2025/nav_ws/install/px4_msgs/include/px4_msgs/px4_msgs/msg/detail/telemetry_status__type_support.c\n'}
[9.357264] (px4_msgs) StdoutLine: {'line': b'-- Up-to-date: /home/em/ros_workspace_2025/nav_ws/install/px4_msgs/include/px4_msgs/px4_msgs/msg/detail/orbit_status__rosidl_typesupport_introspection_c.h\n'}
[9.357286] (px4_msgs) StdoutLine: {'line': b'-- Up-to-date: /home/em/ros_workspace_2025/nav_ws/install/px4_msgs/include/px4_msgs/px4_msgs/msg/detail/manual_control_switches__type_support.c\n'}
[9.357309] (px4_msgs) StdoutLine: {'line': b'-- Up-to-date: /home/em/ros_workspace_2025/nav_ws/install/px4_msgs/include/px4_msgs/px4_msgs/msg/detail/gimbal_device_information__type_support.c\n'}
[9.357330] (px4_msgs) StdoutLine: {'line': b'-- Up-to-date: /home/em/ros_workspace_2025/nav_ws/install/px4_msgs/include/px4_msgs/px4_msgs/msg/detail/debug_array__rosidl_typesupport_introspection_c.h\n'}
[9.357354] (px4_msgs) StdoutLine: {'line': b'-- Up-to-date: /home/em/ros_workspace_2025/nav_ws/install/px4_msgs/include/px4_msgs/px4_msgs/msg/detail/vehicle_command_ack__rosidl_typesupport_introspection_c.h\n'}
[9.357375] (px4_msgs) StdoutLine: {'line': b'-- Up-to-date: /home/em/ros_workspace_2025/nav_ws/install/px4_msgs/include/px4_msgs/px4_msgs/msg/detail/position_setpoint__type_support.c\n'}
[9.357399] (px4_msgs) StdoutLine: {'line': b'-- Up-to-date: /home/em/ros_workspace_2025/nav_ws/install/px4_msgs/include/px4_msgs/px4_msgs/msg/detail/vehicle_thrust_setpoint__type_support.c\n'}
[9.357432] (px4_msgs) StdoutLine: {'line': b'-- Up-to-date: /home/em/ros_workspace_2025/nav_ws/install/px4_msgs/include/px4_msgs/px4_msgs/msg/detail/led_control__rosidl_typesupport_introspection_c.h\n'}
[9.357454] (px4_msgs) StdoutLine: {'line': b'-- Up-to-date: /home/em/ros_workspace_2025/nav_ws/install/px4_msgs/include/px4_msgs/px4_msgs/msg/detail/transponder_report__rosidl_typesupport_introspection_c.h\n'}
[9.357479] (px4_msgs) StdoutLine: {'line': b'-- Up-to-date: /home/em/ros_workspace_2025/nav_ws/install/px4_msgs/include/px4_msgs/px4_msgs/msg/detail/vehicle_constraints__rosidl_typesupport_introspection_c.h\n'}
[9.357502] (px4_msgs) StdoutLine: {'line': b'-- Up-to-date: /home/em/ros_workspace_2025/nav_ws/install/px4_msgs/include/px4_msgs/px4_msgs/msg/detail/failsafe_flags__type_support.c\n'}
[9.357524] (px4_msgs) StdoutLine: {'line': b'-- Up-to-date: /home/em/ros_workspace_2025/nav_ws/install/px4_msgs/include/px4_msgs/px4_msgs/msg/detail/sensor_airflow__type_support.c\n'}
[9.357544] (px4_msgs) StdoutLine: {'line': b'-- Up-to-date: /home/em/ros_workspace_2025/nav_ws/install/px4_msgs/include/px4_msgs/px4_msgs/msg/detail/vehicle_thrust_setpoint__rosidl_typesupport_introspection_c.h\n'}
[9.357567] (px4_msgs) StdoutLine: {'line': b'-- Up-to-date: /home/em/ros_workspace_2025/nav_ws/install/px4_msgs/include/px4_msgs/px4_msgs/msg/detail/sensors_status__rosidl_typesupport_introspection_c.h\n'}
[9.357599] (px4_msgs) StdoutLine: {'line': b'-- Up-to-date: /home/em/ros_workspace_2025/nav_ws/install/px4_msgs/include/px4_msgs/px4_msgs/msg/detail/sensor_uwb__rosidl_typesupport_introspection_c.h\n'}
[9.357645] (px4_msgs) StdoutLine: {'line': b'-- Up-to-date: /home/em/ros_workspace_2025/nav_ws/install/px4_msgs/include/px4_msgs/px4_msgs/msg/detail/vehicle_optical_flow__rosidl_typesupport_introspection_c.h\n'}
[9.357679] (px4_msgs) StdoutLine: {'line': b'-- Up-to-date: /home/em/ros_workspace_2025/nav_ws/install/px4_msgs/include/px4_msgs/px4_msgs/msg/detail/normalized_unsigned_setpoint__rosidl_typesupport_introspection_c.h\n'}
[9.357710] (px4_msgs) StdoutLine: {'line': b'-- Up-to-date: /home/em/ros_workspace_2025/nav_ws/install/px4_msgs/include/px4_msgs/px4_msgs/msg/detail/pwm_input__rosidl_typesupport_introspection_c.h\n'}
[9.357738] (px4_msgs) StdoutLine: {'line': b'-- Up-to-date: /home/em/ros_workspace_2025/nav_ws/install/px4_msgs/include/px4_msgs/px4_msgs/msg/detail/esc_report__rosidl_typesupport_introspection_c.h\n'}
[9.357763] (px4_msgs) StdoutLine: {'line': b'-- Up-to-date: /home/em/ros_workspace_2025/nav_ws/install/px4_msgs/include/px4_msgs/px4_msgs/msg/detail/sensor_accel__rosidl_typesupport_introspection_c.h\n'}
[9.357786] (px4_msgs) StdoutLine: {'line': b'-- Up-to-date: /home/em/ros_workspace_2025/nav_ws/install/px4_msgs/include/px4_msgs/px4_msgs/msg/detail/airspeed__rosidl_typesupport_introspection_c.h\n'}
[9.357812] (px4_msgs) StdoutLine: {'line': b'-- Up-to-date: /home/em/ros_workspace_2025/nav_ws/install/px4_msgs/include/px4_msgs/px4_msgs/msg/detail/npfg_status__type_support.c\n'}
[9.357836] (px4_msgs) StdoutLine: {'line': b'-- Up-to-date: /home/em/ros_workspace_2025/nav_ws/install/px4_msgs/include/px4_msgs/px4_msgs/msg/detail/gimbal_manager_information__type_support.c\n'}
[9.357861] (px4_msgs) StdoutLine: {'line': b'-- Up-to-date: /home/em/ros_workspace_2025/nav_ws/install/px4_msgs/include/px4_msgs/px4_msgs/msg/detail/parameter_set_used_request__type_support.c\n'}
[9.357887] (px4_msgs) StdoutLine: {'line': b'-- Up-to-date: /home/em/ros_workspace_2025/nav_ws/install/px4_msgs/include/px4_msgs/px4_msgs/msg/detail/airspeed_validated__rosidl_typesupport_introspection_c.h\n'}
[9.357912] (px4_msgs) StdoutLine: {'line': b'-- Up-to-date: /home/em/ros_workspace_2025/nav_ws/install/px4_msgs/include/px4_msgs/px4_msgs/msg/detail/arming_check_reply__type_support.c\n'}
[9.357932] (px4_msgs) StdoutLine: {'line': b'-- Up-to-date: /home/em/ros_workspace_2025/nav_ws/install/px4_msgs/include/px4_msgs/px4_msgs/msg/detail/power_button_state__type_support.c\n'}
[9.357958] (px4_msgs) StdoutLine: {'line': b'-- Up-to-date: /home/em/ros_workspace_2025/nav_ws/install/px4_msgs/include/px4_msgs/px4_msgs/msg/detail/radio_status__type_support.c\n'}
[9.357996] (px4_msgs) StdoutLine: {'line': b'-- Up-to-date: /home/em/ros_workspace_2025/nav_ws/install/px4_msgs/include/px4_msgs/px4_msgs/msg/detail/sensor_optical_flow__type_support.c\n'}
[9.358030] (px4_msgs) StdoutLine: {'line': b'-- Up-to-date: /home/em/ros_workspace_2025/nav_ws/install/px4_msgs/include/px4_msgs/px4_msgs/msg/detail/sensor_gyro__rosidl_typesupport_introspection_c.h\n'}
[9.358066] (px4_msgs) StdoutLine: {'line': b'-- Up-to-date: /home/em/ros_workspace_2025/nav_ws/install/px4_msgs/include/px4_msgs/px4_msgs/msg/detail/failure_detector_status__rosidl_typesupport_introspection_c.h\n'}
[9.358099] (px4_msgs) StdoutLine: {'line': b'-- Up-to-date: /home/em/ros_workspace_2025/nav_ws/install/px4_msgs/include/px4_msgs/px4_msgs/msg/detail/register_ext_component_request__type_support.c\n'}
[9.358133] (px4_msgs) StdoutLine: {'line': b'-- Up-to-date: /home/em/ros_workspace_2025/nav_ws/install/px4_msgs/include/px4_msgs/px4_msgs/msg/detail/debug_vect__type_support.c\n'}
[9.358166] (px4_msgs) StdoutLine: {'line': b'-- Up-to-date: /home/em/ros_workspace_2025/nav_ws/install/px4_msgs/include/px4_msgs/px4_msgs/msg/detail/debug_value__rosidl_typesupport_introspection_c.h\n'}
[9.358196] (px4_msgs) StdoutLine: {'line': b'-- Up-to-date: /home/em/ros_workspace_2025/nav_ws/install/px4_msgs/include/px4_msgs/px4_msgs/msg/detail/heater_status__type_support.c\n'}
[9.358226] (px4_msgs) StdoutLine: {'line': b'-- Up-to-date: /home/em/ros_workspace_2025/nav_ws/install/px4_msgs/include/px4_msgs/px4_msgs/msg/detail/generator_status__rosidl_typesupport_introspection_c.h\n'}
[9.358260] (px4_msgs) StdoutLine: {'line': b'-- Up-to-date: /home/em/ros_workspace_2025/nav_ws/install/px4_msgs/include/px4_msgs/px4_msgs/msg/detail/ekf2_timestamps__type_support.c\n'}
[9.358292] (px4_msgs) StdoutLine: {'line': b'-- Up-to-date: /home/em/ros_workspace_2025/nav_ws/install/px4_msgs/include/px4_msgs/px4_msgs/msg/detail/message_format_request__type_support.c\n'}
[9.358324] (px4_msgs) StdoutLine: {'line': b'-- Up-to-date: /home/em/ros_workspace_2025/nav_ws/install/px4_msgs/include/px4_msgs/px4_msgs/msg/detail/airspeed_validated__type_support.c\n'}
[9.358354] (px4_msgs) StdoutLine: {'line': b'-- Up-to-date: /home/em/ros_workspace_2025/nav_ws/install/px4_msgs/include/px4_msgs/px4_msgs/msg/detail/mission__rosidl_typesupport_introspection_c.h\n'}
[9.358387] (px4_msgs) StdoutLine: {'line': b'-- Up-to-date: /home/em/ros_workspace_2025/nav_ws/install/px4_msgs/include/px4_msgs/px4_msgs/msg/detail/gpio_config__rosidl_typesupport_introspection_c.h\n'}
[9.358450] (px4_msgs) StdoutLine: {'line': b'-- Up-to-date: /home/em/ros_workspace_2025/nav_ws/install/px4_msgs/include/px4_msgs/px4_msgs/msg/detail/sensor_hygrometer__rosidl_typesupport_introspection_c.h\n'}
[9.358487] (px4_msgs) StdoutLine: {'line': b'-- Up-to-date: /home/em/ros_workspace_2025/nav_ws/install/px4_msgs/include/px4_msgs/px4_msgs/msg/detail/register_ext_component_request__rosidl_typesupport_introspection_c.h\n'}
[9.358520] (px4_msgs) StdoutLine: {'line': b'-- Up-to-date: /home/em/ros_workspace_2025/nav_ws/install/px4_msgs/include/px4_msgs/px4_msgs/msg/detail/geofence_result__type_support.c\n'}
[9.358551] (px4_msgs) StdoutLine: {'line': b'-- Up-to-date: /home/em/ros_workspace_2025/nav_ws/install/px4_msgs/include/px4_msgs/px4_msgs/msg/detail/sensor_gps__type_support.c\n'}
[9.358585] (px4_msgs) StdoutLine: {'line': b'-- Up-to-date: /home/em/ros_workspace_2025/nav_ws/install/px4_msgs/include/px4_msgs/px4_msgs/msg/detail/onboard_computer_status__type_support.c\n'}
[9.358615] (px4_msgs) StdoutLine: {'line': b'-- Up-to-date: /home/em/ros_workspace_2025/nav_ws/install/px4_msgs/include/px4_msgs/px4_msgs/msg/detail/mavlink_log__type_support.c\n'}
[9.358644] (px4_msgs) StdoutLine: {'line': b'-- Up-to-date: /home/em/ros_workspace_2025/nav_ws/install/px4_msgs/include/px4_msgs/px4_msgs/msg/detail/gps_inject_data__type_support.c\n'}
[9.358674] (px4_msgs) StdoutLine: {'line': b'-- Up-to-date: /home/em/ros_workspace_2025/nav_ws/install/px4_msgs/include/px4_msgs/px4_msgs/msg/detail/sensors_status__type_support.c\n'}
[9.358694] (px4_msgs) StdoutLine: {'line': b'-- Up-to-date: /home/em/ros_workspace_2025/nav_ws/install/px4_msgs/include/px4_msgs/px4_msgs/msg/detail/sensor_combined__rosidl_typesupport_introspection_c.h\n'}
[9.358715] (px4_msgs) StdoutLine: {'line': b'-- Up-to-date: /home/em/ros_workspace_2025/nav_ws/install/px4_msgs/include/px4_msgs/px4_msgs/msg/detail/debug_value__type_support.c\n'}
[9.358735] (px4_msgs) StdoutLine: {'line': b'-- Up-to-date: /home/em/ros_workspace_2025/nav_ws/install/px4_msgs/include/px4_msgs/px4_msgs/msg/detail/iridiumsbd_status__rosidl_typesupport_introspection_c.h\n'}
[9.358759] (px4_msgs) StdoutLine: {'line': b'-- Up-to-date: /home/em/ros_workspace_2025/nav_ws/install/px4_msgs/include/px4_msgs/px4_msgs/msg/detail/gimbal_device_set_attitude__type_support.c\n'}
[9.358778] (px4_msgs) StdoutLine: {'line': b'-- Up-to-date: /home/em/ros_workspace_2025/nav_ws/install/px4_msgs/include/px4_msgs/px4_msgs/msg/detail/mag_worker_data__type_support.c\n'}
[9.358796] (px4_msgs) StdoutLine: {'line': b'-- Up-to-date: /home/em/ros_workspace_2025/nav_ws/install/px4_msgs/include/px4_msgs/px4_msgs/msg/detail/actuator_servos__type_support.c\n'}
[9.358815] (px4_msgs) StdoutLine: {'line': b'-- Up-to-date: /home/em/ros_workspace_2025/nav_ws/install/px4_msgs/include/px4_msgs/px4_msgs/msg/detail/logger_status__type_support.c\n'}
[9.358835] (px4_msgs) StdoutLine: {'line': b'-- Up-to-date: /home/em/ros_workspace_2025/nav_ws/install/px4_msgs/include/px4_msgs/px4_msgs/msg/detail/cellular_status__type_support.c\n'}
[9.358853] (px4_msgs) StdoutLine: {'line': b'-- Up-to-date: /home/em/ros_workspace_2025/nav_ws/install/px4_msgs/include/px4_msgs/px4_msgs/msg/detail/vehicle_optical_flow_vel__type_support.c\n'}
[9.358873] (px4_msgs) StdoutLine: {'line': b'-- Up-to-date: /home/em/ros_workspace_2025/nav_ws/install/px4_msgs/include/px4_msgs/px4_msgs/msg/detail/follow_target_estimator__rosidl_typesupport_introspection_c.h\n'}
[9.358892] (px4_msgs) StdoutLine: {'line': b'-- Up-to-date: /home/em/ros_workspace_2025/nav_ws/install/px4_msgs/include/px4_msgs/px4_msgs/msg/detail/estimator_sensor_bias__type_support.c\n'}
[9.358913] (px4_msgs) StdoutLine: {'line': b'-- Up-to-date: /home/em/ros_workspace_2025/nav_ws/install/px4_msgs/include/px4_msgs/px4_msgs/msg/detail/gps_inject_data__rosidl_typesupport_introspection_c.h\n'}
[9.358932] (px4_msgs) StdoutLine: {'line': b'-- Up-to-date: /home/em/ros_workspace_2025/nav_ws/install/px4_msgs/include/px4_msgs/px4_msgs/msg/detail/vehicle_magnetometer__type_support.c\n'}
[9.358952] (px4_msgs) StdoutLine: {'line': b'-- Up-to-date: /home/em/ros_workspace_2025/nav_ws/install/px4_msgs/include/px4_msgs/px4_msgs/msg/detail/sensor_airflow__rosidl_typesupport_introspection_c.h\n'}
[9.358972] (px4_msgs) StdoutLine: {'line': b'-- Up-to-date: /home/em/ros_workspace_2025/nav_ws/install/px4_msgs/include/px4_msgs/px4_msgs/msg/detail/config_overrides__type_support.c\n'}
[9.358992] (px4_msgs) StdoutLine: {'line': b'-- Up-to-date: /home/em/ros_workspace_2025/nav_ws/install/px4_msgs/include/px4_msgs/px4_msgs/msg/detail/follow_target_estimator__type_support.c\n'}
[9.359025] (px4_msgs) StdoutLine: {'line': b'-- Up-to-date: /home/em/ros_workspace_2025/nav_ws/install/px4_msgs/include/px4_msgs/px4_msgs/msg/detail/trajectory_bezier__type_support.c\n'}
[9.359047] (px4_msgs) StdoutLine: {'line': b'-- Up-to-date: /home/em/ros_workspace_2025/nav_ws/install/px4_msgs/include/px4_msgs/px4_msgs/msg/detail/rover_mecanum_setpoint__rosidl_typesupport_introspection_c.h\n'}
[9.359069] (px4_msgs) StdoutLine: {'line': b'-- Up-to-date: /home/em/ros_workspace_2025/nav_ws/install/px4_msgs/include/px4_msgs/px4_msgs/msg/detail/vehicle_imu__type_support.c\n'}
[9.359088] (px4_msgs) StdoutLine: {'line': b'-- Up-to-date: /home/em/ros_workspace_2025/nav_ws/install/px4_msgs/include/px4_msgs/px4_msgs/msg/detail/failure_detector_status__type_support.c\n'}
[9.359107] (px4_msgs) StdoutLine: {'line': b'-- Up-to-date: /home/em/ros_workspace_2025/nav_ws/install/px4_msgs/include/px4_msgs/px4_msgs/msg/detail/pps_capture__type_support.c\n'}
[9.359126] (px4_msgs) StdoutLine: {'line': b'-- Up-to-date: /home/em/ros_workspace_2025/nav_ws/install/px4_msgs/include/px4_msgs/px4_msgs/msg/detail/gimbal_device_information__rosidl_typesupport_introspection_c.h\n'}
[9.359145] (px4_msgs) StdoutLine: {'line': b'-- Up-to-date: /home/em/ros_workspace_2025/nav_ws/install/px4_msgs/include/px4_msgs/px4_msgs/msg/detail/distance_sensor__type_support.c\n'}
[9.359165] (px4_msgs) StdoutLine: {'line': b'-- Up-to-date: /home/em/ros_workspace_2025/nav_ws/install/px4_msgs/include/px4_msgs/px4_msgs/msg/detail/autotune_attitude_control_status__type_support.c\n'}
[9.359187] (px4_msgs) StdoutLine: {'line': b'-- Up-to-date: /home/em/ros_workspace_2025/nav_ws/install/px4_msgs/include/px4_msgs/px4_msgs/msg/detail/navigator_status__type_support.c\n'}
[9.359214] (px4_msgs) StdoutLine: {'line': b'-- Up-to-date: /home/em/ros_workspace_2025/nav_ws/install/px4_msgs/include/px4_msgs/px4_msgs/msg/detail/iridiumsbd_status__type_support.c\n'}
[9.359245] (px4_msgs) StdoutLine: {'line': b'-- Up-to-date: /home/em/ros_workspace_2025/nav_ws/install/px4_msgs/include/px4_msgs/px4_msgs/msg/detail/actuator_servos__rosidl_typesupport_introspection_c.h\n'}
[9.359268] (px4_msgs) StdoutLine: {'line': b'-- Up-to-date: /home/em/ros_workspace_2025/nav_ws/install/px4_msgs/include/px4_msgs/px4_msgs/msg/detail/estimator_bias3d__type_support.c\n'}
[9.359288] (px4_msgs) StdoutLine: {'line': b'-- Up-to-date: /home/em/ros_workspace_2025/nav_ws/install/px4_msgs/include/px4_msgs/px4_msgs/msg/detail/mount_orientation__type_support.c\n'}
[9.359309] (px4_msgs) StdoutLine: {'line': b'-- Up-to-date: /home/em/ros_workspace_2025/nav_ws/install/px4_msgs/include/px4_msgs/px4_msgs/msg/detail/rover_mecanum_setpoint__type_support.c\n'}
[9.359329] (px4_msgs) StdoutLine: {'line': b'-- Up-to-date: /home/em/ros_workspace_2025/nav_ws/install/px4_msgs/include/px4_msgs/px4_msgs/msg/detail/sensor_hygrometer__type_support.c\n'}
[9.359349] (px4_msgs) StdoutLine: {'line': b'-- Up-to-date: /home/em/ros_workspace_2025/nav_ws/install/px4_msgs/include/px4_msgs/px4_msgs/msg/detail/buffer128__type_support.c\n'}
[9.359369] (px4_msgs) StdoutLine: {'line': b'-- Up-to-date: /home/em/ros_workspace_2025/nav_ws/install/px4_msgs/include/px4_msgs/px4_msgs/msg/detail/ulog_stream_ack__type_support.c\n'}
[9.359389] (px4_msgs) StdoutLine: {'line': b'-- Up-to-date: /home/em/ros_workspace_2025/nav_ws/install/px4_msgs/include/px4_msgs/px4_msgs/msg/detail/uavcan_parameter_value__rosidl_typesupport_introspection_c.h\n'}
[9.359416] (px4_msgs) StdoutLine: {'line': b'-- Up-to-date: /home/em/ros_workspace_2025/nav_ws/install/px4_msgs/include/px4_msgs/px4_msgs/msg/detail/gpio_in__type_support.c\n'}
[9.359438] (px4_msgs) StdoutLine: {'line': b'-- Up-to-date: /home/em/ros_workspace_2025/nav_ws/install/px4_msgs/include/px4_msgs/px4_msgs/msg/detail/gimbal_manager_information__rosidl_typesupport_introspection_c.h\n'}
[9.359458] (px4_msgs) StdoutLine: {'line': b'-- Up-to-date: /home/em/ros_workspace_2025/nav_ws/install/px4_msgs/include/px4_msgs/px4_msgs/msg/detail/vehicle_air_data__type_support.c\n'}
[9.359482] (px4_msgs) StdoutLine: {'line': b'-- Up-to-date: /home/em/ros_workspace_2025/nav_ws/install/px4_msgs/include/px4_msgs/px4_msgs/msg/detail/collision_constraints__type_support.c\n'}
[9.359512] (px4_msgs) StdoutLine: {'line': b'-- Up-to-date: /home/em/ros_workspace_2025/nav_ws/install/px4_msgs/include/px4_msgs/px4_msgs/msg/detail/sensor_preflight_mag__rosidl_typesupport_introspection_c.h\n'}
[9.359547] (px4_msgs) StdoutLine: {'line': b'-- Up-to-date: /home/em/ros_workspace_2025/nav_ws/install/px4_msgs/include/px4_msgs/px4_msgs/msg/detail/gimbal_manager_status__type_support.c\n'}
[9.359569] (px4_msgs) StdoutLine: {'line': b'-- Up-to-date: /home/em/ros_workspace_2025/nav_ws/install/px4_msgs/include/px4_msgs/px4_msgs/msg/detail/vehicle_rates_setpoint__rosidl_typesupport_introspection_c.h\n'}
[9.359589] (px4_msgs) StdoutLine: {'line': b'-- Up-to-date: /home/em/ros_workspace_2025/nav_ws/install/px4_msgs/include/px4_msgs/px4_msgs/msg/detail/landing_gear__rosidl_typesupport_introspection_c.h\n'}
[9.359609] (px4_msgs) StdoutLine: {'line': b'-- Up-to-date: /home/em/ros_workspace_2025/nav_ws/install/px4_msgs/include/px4_msgs/px4_msgs/msg/detail/dataman_response__type_support.c\n'}
[9.359637] (px4_msgs) StdoutLine: {'line': b'-- Up-to-date: /home/em/ros_workspace_2025/nav_ws/install/px4_msgs/include/px4_msgs/px4_msgs/msg/detail/trajectory_waypoint__type_support.c\n'}
[9.359726] (px4_msgs) StdoutLine: {'line': b'-- Up-to-date: /home/em/ros_workspace_2025/nav_ws/install/px4_msgs/include/px4_msgs/px4_msgs/msg/detail/action_request__rosidl_typesupport_introspection_c.h\n'}
[9.359757] (px4_msgs) StdoutLine: {'line': b'-- Up-to-date: /home/em/ros_workspace_2025/nav_ws/install/px4_msgs/include/px4_msgs/px4_msgs/msg/detail/position_controller_landing_status__rosidl_typesupport_introspection_c.h\n'}
[9.359780] (px4_msgs) StdoutLine: {'line': b'-- Up-to-date: /home/em/ros_workspace_2025/nav_ws/install/px4_msgs/include/px4_msgs/px4_msgs/msg/detail/rover_mecanum_status__rosidl_typesupport_introspection_c.h\n'}
[9.359803] (px4_msgs) StdoutLine: {'line': b'-- Up-to-date: /home/em/ros_workspace_2025/nav_ws/install/px4_msgs/include/px4_msgs/px4_msgs/msg/detail/tiltrotor_extra_controls__rosidl_typesupport_introspection_c.h\n'}
[9.359825] (px4_msgs) StdoutLine: {'line': b'-- Up-to-date: /home/em/ros_workspace_2025/nav_ws/install/px4_msgs/include/px4_msgs/px4_msgs/msg/detail/adc_report__type_support.c\n'}
[9.359847] (px4_msgs) StdoutLine: {'line': b'-- Up-to-date: /home/em/ros_workspace_2025/nav_ws/install/px4_msgs/include/px4_msgs/px4_msgs/msg/detail/vehicle_control_mode__type_support.c\n'}
[9.359869] (px4_msgs) StdoutLine: {'line': b'-- Up-to-date: /home/em/ros_workspace_2025/nav_ws/install/px4_msgs/include/px4_msgs/px4_msgs/msg/detail/orb_test_medium__rosidl_typesupport_introspection_c.h\n'}
[9.359889] (px4_msgs) StdoutLine: {'line': b'-- Up-to-date: /home/em/ros_workspace_2025/nav_ws/install/px4_msgs/include/px4_msgs/px4_msgs/msg/detail/irlock_report__rosidl_typesupport_introspection_c.h\n'}
[9.359909] (px4_msgs) StdoutLine: {'line': b'-- Up-to-date: /home/em/ros_workspace_2025/nav_ws/install/px4_msgs/include/px4_msgs/px4_msgs/msg/detail/parameter_set_used_request__rosidl_typesupport_introspection_c.h\n'}
[9.359928] (px4_msgs) StdoutLine: {'line': b'-- Up-to-date: /home/em/ros_workspace_2025/nav_ws/install/px4_msgs/include/px4_msgs/px4_msgs/msg/detail/rover_ackermann_status__rosidl_typesupport_introspection_c.h\n'}
[9.359947] (px4_msgs) StdoutLine: {'line': b'-- Up-to-date: /home/em/ros_workspace_2025/nav_ws/install/px4_msgs/include/px4_msgs/px4_msgs/msg/detail/trajectory_bezier__rosidl_typesupport_introspection_c.h\n'}
[9.359966] (px4_msgs) StdoutLine: {'line': b'-- Up-to-date: /home/em/ros_workspace_2025/nav_ws/install/px4_msgs/include/px4_msgs/px4_msgs/msg/detail/sensor_accel__type_support.c\n'}
[9.359984] (px4_msgs) StdoutLine: {'line': b'-- Up-to-date: /home/em/ros_workspace_2025/nav_ws/install/px4_msgs/include/px4_msgs/px4_msgs/msg/detail/vehicle_trajectory_bezier__type_support.c\n'}
[9.360002] (px4_msgs) StdoutLine: {'line': b'-- Up-to-date: /home/em/ros_workspace_2025/nav_ws/install/px4_msgs/include/px4_msgs/px4_msgs/msg/detail/power_button_state__rosidl_typesupport_introspection_c.h\n'}
[9.360019] (px4_msgs) StdoutLine: {'line': b'-- Up-to-date: /home/em/ros_workspace_2025/nav_ws/install/px4_msgs/include/px4_msgs/px4_msgs/msg/detail/landing_gear__type_support.c\n'}
[9.360038] (px4_msgs) StdoutLine: {'line': b'-- Up-to-date: /home/em/ros_workspace_2025/nav_ws/install/px4_msgs/include/px4_msgs/px4_msgs/msg/detail/landing_target_innovations__type_support.c\n'}
[9.360056] (px4_msgs) StdoutLine: {'line': b'-- Up-to-date: /home/em/ros_workspace_2025/nav_ws/install/px4_msgs/include/px4_msgs/px4_msgs/msg/detail/gimbal_device_set_attitude__rosidl_typesupport_introspection_c.h\n'}
[9.360073] (px4_msgs) StdoutLine: {'line': b'-- Up-to-date: /home/em/ros_workspace_2025/nav_ws/install/px4_msgs/include/px4_msgs/px4_msgs/msg/detail/camera_capture__rosidl_typesupport_introspection_c.h\n'}
[9.360091] (px4_msgs) StdoutLine: {'line': b'-- Up-to-date: /home/em/ros_workspace_2025/nav_ws/install/px4_msgs/include/px4_msgs/px4_msgs/msg/detail/follow_target_status__type_support.c\n'}
[9.360109] (px4_msgs) StdoutLine: {'line': b'-- Up-to-date: /home/em/ros_workspace_2025/nav_ws/install/px4_msgs/include/px4_msgs/px4_msgs/msg/detail/mag_worker_data__rosidl_typesupport_introspection_c.h\n'}
[9.360127] (px4_msgs) StdoutLine: {'line': b'-- Up-to-date: /home/em/ros_workspace_2025/nav_ws/install/px4_msgs/include/px4_msgs/px4_msgs/msg/detail/wind__rosidl_typesupport_introspection_c.h\n'}
[9.360144] (px4_msgs) StdoutLine: {'line': b'-- Up-to-date: /home/em/ros_workspace_2025/nav_ws/install/px4_msgs/include/px4_msgs/px4_msgs/msg/detail/logger_status__rosidl_typesupport_introspection_c.h\n'}
[9.360162] (px4_msgs) StdoutLine: {'line': b'-- Up-to-date: /home/em/ros_workspace_2025/nav_ws/install/px4_msgs/include/px4_msgs/px4_msgs/msg/detail/rover_ackermann_guidance_status__type_support.c\n'}
[9.360181] (px4_msgs) StdoutLine: {'line': b'-- Up-to-date: /home/em/ros_workspace_2025/nav_ws/install/px4_msgs/include/px4_msgs/px4_msgs/msg/detail/magnetometer_bias_estimate__type_support.c\n'}
[9.360207] (px4_msgs) StdoutLine: {'line': b'-- Up-to-date: /home/em/ros_workspace_2025/nav_ws/install/px4_msgs/include/px4_msgs/px4_msgs/msg/detail/sensor_preflight_mag__type_support.c\n'}
[9.360232] (px4_msgs) StdoutLine: {'line': b'-- Up-to-date: /home/em/ros_workspace_2025/nav_ws/install/px4_msgs/include/px4_msgs/px4_msgs/msg/detail/position_controller_landing_status__type_support.c\n'}
[9.360261] (px4_msgs) StdoutLine: {'line': b'-- Up-to-date: /home/em/ros_workspace_2025/nav_ws/install/px4_msgs/include/px4_msgs/px4_msgs/msg/detail/vehicle_imu_status__rosidl_typesupport_introspection_c.h\n'}
[9.360295] (px4_msgs) StdoutLine: {'line': b'-- Up-to-date: /home/em/ros_workspace_2025/nav_ws/install/px4_msgs/include/px4_msgs/px4_msgs/msg/detail/qshell_req__type_support.c\n'}
[9.360326] (px4_msgs) StdoutLine: {'line': b'-- Up-to-date: /home/em/ros_workspace_2025/nav_ws/install/px4_msgs/include/px4_msgs/px4_msgs/msg/detail/sensor_correction__rosidl_typesupport_introspection_c.h\n'}
[9.360357] (px4_msgs) StdoutLine: {'line': b'-- Up-to-date: /home/em/ros_workspace_2025/nav_ws/install/px4_msgs/include/px4_msgs/px4_msgs/msg/detail/open_drone_id_arm_status__type_support.c\n'}
[9.360396] (px4_msgs) StdoutLine: {'line': b'-- Up-to-date: /home/em/ros_workspace_2025/nav_ws/install/px4_msgs/include/px4_msgs/px4_msgs/msg/detail/vehicle_odometry__rosidl_typesupport_introspection_c.h\n'}
[9.360441] (px4_msgs) StdoutLine: {'line': b'-- Up-to-date: /home/em/ros_workspace_2025/nav_ws/install/px4_msgs/include/px4_msgs/px4_msgs/msg/detail/takeoff_status__type_support.c\n'}
[9.360477] (px4_msgs) StdoutLine: {'line': b'-- Up-to-date: /home/em/ros_workspace_2025/nav_ws/install/px4_msgs/include/px4_msgs/px4_msgs/msg/detail/internal_combustion_engine_status__type_support.c\n'}
[9.360507] (px4_msgs) StdoutLine: {'line': b'-- Up-to-date: /home/em/ros_workspace_2025/nav_ws/install/px4_msgs/include/px4_msgs/px4_msgs/msg/detail/launch_detection_status__rosidl_typesupport_introspection_c.h\n'}
[9.360540] (px4_msgs) StdoutLine: {'line': b'-- Up-to-date: /home/em/ros_workspace_2025/nav_ws/install/px4_msgs/include/px4_msgs/px4_msgs/msg/detail/vehicle_local_position_setpoint__rosidl_typesupport_introspection_c.h\n'}
[9.360575] (px4_msgs) StdoutLine: {'line': b'-- Up-to-date: /home/em/ros_workspace_2025/nav_ws/install/px4_msgs/include/px4_msgs/px4_msgs/msg/detail/navigator_mission_item__rosidl_typesupport_introspection_c.h\n'}
[9.360609] (px4_msgs) StdoutLine: {'line': b'-- Up-to-date: /home/em/ros_workspace_2025/nav_ws/install/px4_msgs/include/px4_msgs/px4_msgs/msg/detail/vehicle_torque_setpoint__rosidl_typesupport_introspection_c.h\n'}
[9.360643] (px4_msgs) StdoutLine: {'line': b'-- Up-to-date: /home/em/ros_workspace_2025/nav_ws/install/px4_msgs/include/px4_msgs/px4_msgs/msg/detail/parameter_set_value_request__type_support.c\n'}
[9.360675] (px4_msgs) StdoutLine: {'line': b'-- Up-to-date: /home/em/ros_workspace_2025/nav_ws/install/px4_msgs/include/px4_msgs/px4_msgs/msg/detail/vehicle_command__type_support.c\n'}
[9.360706] (px4_msgs) StdoutLine: {'line': b'-- Up-to-date: /home/em/ros_workspace_2025/nav_ws/install/px4_msgs/include/px4_msgs/px4_msgs/msg/detail/input_rc__rosidl_typesupport_introspection_c.h\n'}
[9.360738] (px4_msgs) StdoutLine: {'line': b'-- Up-to-date: /home/em/ros_workspace_2025/nav_ws/install/px4_msgs/include/px4_msgs/px4_msgs/msg/detail/differential_pressure__rosidl_typesupport_introspection_c.h\n'}
[9.360767] (px4_msgs) StdoutLine: {'line': b'-- Up-to-date: /home/em/ros_workspace_2025/nav_ws/install/px4_msgs/include/px4_msgs/px4_msgs/msg/detail/sensor_gyro_fifo__rosidl_typesupport_introspection_c.h\n'}
[9.360797] (px4_msgs) StdoutLine: {'line': b'-- Up-to-date: /home/em/ros_workspace_2025/nav_ws/install/px4_msgs/include/px4_msgs/px4_msgs/msg/detail/navigator_status__rosidl_typesupport_introspection_c.h\n'}
[9.360826] (px4_msgs) StdoutLine: {'line': b'-- Up-to-date: /home/em/ros_workspace_2025/nav_ws/install/px4_msgs/include/px4_msgs/px4_msgs/msg/detail/gimbal_device_attitude_status__type_support.c\n'}
[9.360856] (px4_msgs) StdoutLine: {'line': b'-- Up-to-date: /home/em/ros_workspace_2025/nav_ws/install/px4_msgs/include/px4_msgs/px4_msgs/msg/detail/gripper__type_support.c\n'}
[9.360887] (px4_msgs) StdoutLine: {'line': b'-- Up-to-date: /home/em/ros_workspace_2025/nav_ws/install/px4_msgs/include/px4_msgs/px4_msgs/msg/detail/orb_test__rosidl_typesupport_introspection_c.h\n'}
[9.360918] (px4_msgs) StdoutLine: {'line': b'-- Up-to-date: /home/em/ros_workspace_2025/nav_ws/install/px4_msgs/include/px4_msgs/px4_msgs/msg/detail/tiltrotor_extra_controls__type_support.c\n'}
[9.360948] (px4_msgs) StdoutLine: {'line': b'-- Up-to-date: /home/em/ros_workspace_2025/nav_ws/install/px4_msgs/include/px4_msgs/px4_msgs/msg/detail/onboard_computer_status__rosidl_typesupport_introspection_c.h\n'}
[9.360976] (px4_msgs) StdoutLine: {'line': b'-- Up-to-date: /home/em/ros_workspace_2025/nav_ws/install/px4_msgs/include/px4_msgs/px4_msgs/msg/detail/velocity_limits__type_support.c\n'}
[9.361011] (px4_msgs) StdoutLine: {'line': b'-- Up-to-date: /home/em/ros_workspace_2025/nav_ws/install/px4_msgs/include/px4_msgs/px4_msgs/msg/detail/estimator_gps_status__type_support.c\n'}
[9.361045] (px4_msgs) StdoutLine: {'line': b'-- Up-to-date: /home/em/ros_workspace_2025/nav_ws/install/px4_msgs/include/px4_msgs/px4_msgs/msg/detail/manual_control_setpoint__type_support.c\n'}
[9.361080] (px4_msgs) StdoutLine: {'line': b'-- Up-to-date: /home/em/ros_workspace_2025/nav_ws/install/px4_msgs/include/px4_msgs/px4_msgs/msg/detail/actuator_motors__type_support.c\n'}
[9.361110] (px4_msgs) StdoutLine: {'line': b'-- Up-to-date: /home/em/ros_workspace_2025/nav_ws/install/px4_msgs/include/px4_msgs/px4_msgs/msg/detail/yaw_estimator_status__type_support.c\n'}
[9.361138] (px4_msgs) StdoutLine: {'line': b'-- Up-to-date: /home/em/ros_workspace_2025/nav_ws/install/px4_msgs/include/px4_msgs/px4_msgs/msg/detail/estimator_status_flags__rosidl_typesupport_introspection_c.h\n'}
[9.361171] (px4_msgs) StdoutLine: {'line': b'-- Up-to-date: /home/em/ros_workspace_2025/nav_ws/install/px4_msgs/include/px4_msgs/px4_msgs/msg/detail/rover_ackermann_guidance_status__rosidl_typesupport_introspection_c.h\n'}
[9.361200] (px4_msgs) StdoutLine: {'line': b'-- Up-to-date: /home/em/ros_workspace_2025/nav_ws/install/px4_msgs/include/px4_msgs/px4_msgs/msg/detail/parameter_update__rosidl_typesupport_introspection_c.h\n'}
[9.361230] (px4_msgs) StdoutLine: {'line': b'-- Up-to-date: /home/em/ros_workspace_2025/nav_ws/install/px4_msgs/include/px4_msgs/px4_msgs/msg/detail/rc_channels__rosidl_typesupport_introspection_c.h\n'}
[9.361259] (px4_msgs) StdoutLine: {'line': b'-- Up-to-date: /home/em/ros_workspace_2025/nav_ws/install/px4_msgs/include/px4_msgs/px4_msgs/msg/detail/position_setpoint__rosidl_typesupport_introspection_c.h\n'}
[9.361288] (px4_msgs) StdoutLine: {'line': b'-- Up-to-date: /home/em/ros_workspace_2025/nav_ws/install/px4_msgs/include/px4_msgs/px4_msgs/msg/detail/estimator_status__type_support.c\n'}
[9.361318] (px4_msgs) StdoutLine: {'line': b'-- Up-to-date: /home/em/ros_workspace_2025/nav_ws/install/px4_msgs/include/px4_msgs/px4_msgs/msg/detail/vehicle_optical_flow_vel__rosidl_typesupport_introspection_c.h\n'}
[9.361349] (px4_msgs) StdoutLine: {'line': b'-- Up-to-date: /home/em/ros_workspace_2025/nav_ws/install/px4_msgs/include/px4_msgs/px4_msgs/msg/detail/rtl_status__rosidl_typesupport_introspection_c.h\n'}
[9.361381] (px4_msgs) StdoutLine: {'line': b'-- Up-to-date: /home/em/ros_workspace_2025/nav_ws/install/px4_msgs/include/px4_msgs/px4_msgs/msg/detail/orbit_status__type_support.c\n'}
[9.361421] (px4_msgs) StdoutLine: {'line': b'-- Up-to-date: /home/em/ros_workspace_2025/nav_ws/install/px4_msgs/include/px4_msgs/px4_msgs/msg/detail/vehicle_land_detected__type_support.c\n'}
[9.361461] (px4_msgs) StdoutLine: {'line': b'-- Up-to-date: /home/em/ros_workspace_2025/nav_ws/install/px4_msgs/include/px4_msgs/px4_msgs/msg/detail/cpuload__rosidl_typesupport_introspection_c.h\n'}
[9.361494] (px4_msgs) StdoutLine: {'line': b'-- Up-to-date: /home/em/ros_workspace_2025/nav_ws/install/px4_msgs/include/px4_msgs/px4_msgs/msg/detail/landing_gear_wheel__type_support.c\n'}
[9.361527] (px4_msgs) StdoutLine: {'line': b'-- Up-to-date: /home/em/ros_workspace_2025/nav_ws/install/px4_msgs/include/px4_msgs/px4_msgs/msg/detail/vehicle_attitude__type_support.c\n'}
[9.361560] (px4_msgs) StdoutLine: {'line': b'-- Up-to-date: /home/em/ros_workspace_2025/nav_ws/install/px4_msgs/include/px4_msgs/px4_msgs/msg/detail/open_drone_id_operator_id__type_support.c\n'}
[9.361592] (px4_msgs) StdoutLine: {'line': b'-- Up-to-date: /home/em/ros_workspace_2025/nav_ws/install/px4_msgs/include/px4_msgs/px4_msgs/msg/detail/fuel_tank_status__rosidl_typesupport_introspection_c.h\n'}
[9.361625] (px4_msgs) StdoutLine: {'line': b'-- Up-to-date: /home/em/ros_workspace_2025/nav_ws/install/px4_msgs/include/px4_msgs/px4_msgs/msg/detail/follow_target__type_support.c\n'}
[9.361657] (px4_msgs) StdoutLine: {'line': b'-- Up-to-date: /home/em/ros_workspace_2025/nav_ws/install/px4_msgs/include/px4_msgs/px4_msgs/msg/detail/uavcan_parameter_value__type_support.c\n'}
[9.361689] (px4_msgs) StdoutLine: {'line': b'-- Up-to-date: /home/em/ros_workspace_2025/nav_ws/install/px4_msgs/include/px4_msgs/px4_msgs/msg/detail/rc_parameter_map__type_support.c\n'}
[9.361722] (px4_msgs) StdoutLine: {'line': b'-- Up-to-date: /home/em/ros_workspace_2025/nav_ws/install/px4_msgs/include/px4_msgs/px4_msgs/msg/detail/estimator_aid_source2d__rosidl_typesupport_introspection_c.h\n'}
[9.361750] (px4_msgs) StdoutLine: {'line': b'-- Up-to-date: /home/em/ros_workspace_2025/nav_ws/install/px4_msgs/include/px4_msgs/px4_msgs/msg/detail/radio_status__rosidl_typesupport_introspection_c.h\n'}
[9.361781] (px4_msgs) StdoutLine: {'line': b'-- Up-to-date: /home/em/ros_workspace_2025/nav_ws/install/px4_msgs/include/px4_msgs/px4_msgs/msg/detail/camera_status__type_support.c\n'}
[9.361810] (px4_msgs) StdoutLine: {'line': b'-- Up-to-date: /home/em/ros_workspace_2025/nav_ws/install/px4_msgs/include/px4_msgs/px4_msgs/msg/detail/rtl_time_estimate__rosidl_typesupport_introspection_c.h\n'}
[9.361862] (px4_msgs) StdoutLine: {'line': b'-- Up-to-date: /home/em/ros_workspace_2025/nav_ws/install/px4_msgs/include/px4_msgs/px4_msgs/msg/detail/vehicle_land_detected__rosidl_typesupport_introspection_c.h\n'}
[9.361928] (px4_msgs) StdoutLine: {'line': b'-- Up-to-date: /home/em/ros_workspace_2025/nav_ws/install/px4_msgs/include/px4_msgs/px4_msgs/msg/detail/sensor_gyro_fft__type_support.c\n'}
[9.361956] (px4_msgs) StdoutLine: {'line': b'-- Up-to-date: /home/em/ros_workspace_2025/nav_ws/install/px4_msgs/lib/libpx4_msgs__rosidl_typesupport_introspection_c.so\n'}
[9.361979] (px4_msgs) StdoutLine: {'line': b'-- Up-to-date: /home/em/ros_workspace_2025/nav_ws/install/px4_msgs/lib/libpx4_msgs__rosidl_typesupport_c.so\n'}
[9.362002] (px4_msgs) StdoutLine: {'line': b'-- Up-to-date: /home/em/ros_workspace_2025/nav_ws/install/px4_msgs/include/px4_msgs/px4_msgs\n'}
[9.362022] (px4_msgs) StdoutLine: {'line': b'-- Up-to-date: /home/em/ros_workspace_2025/nav_ws/install/px4_msgs/include/px4_msgs/px4_msgs/srv\n'}
[9.362041] (px4_msgs) StdoutLine: {'line': b'-- Up-to-date: /home/em/ros_workspace_2025/nav_ws/install/px4_msgs/include/px4_msgs/px4_msgs/srv/detail\n'}
[9.362065] (px4_msgs) StdoutLine: {'line': b'-- Up-to-date: /home/em/ros_workspace_2025/nav_ws/install/px4_msgs/include/px4_msgs/px4_msgs/srv/detail/vehicle_command__type_support.cpp\n'}
[9.362084] (px4_msgs) StdoutLine: {'line': b'-- Up-to-date: /home/em/ros_workspace_2025/nav_ws/install/px4_msgs/include/px4_msgs/px4_msgs/srv/detail/vehicle_command__rosidl_typesupport_introspection_cpp.hpp\n'}
[9.362105] (px4_msgs) StdoutLine: {'line': b'-- Up-to-date: /home/em/ros_workspace_2025/nav_ws/install/px4_msgs/include/px4_msgs/px4_msgs/msg\n'}
[9.362124] (px4_msgs) StdoutLine: {'line': b'-- Up-to-date: /home/em/ros_workspace_2025/nav_ws/install/px4_msgs/include/px4_msgs/px4_msgs/msg/detail\n'}
[9.362144] (px4_msgs) StdoutLine: {'line': b'-- Up-to-date: /home/em/ros_workspace_2025/nav_ws/install/px4_msgs/include/px4_msgs/px4_msgs/msg/detail/vehicle_thrust_setpoint__type_support.cpp\n'}
[9.362163] (px4_msgs) StdoutLine: {'line': b'-- Up-to-date: /home/em/ros_workspace_2025/nav_ws/install/px4_msgs/include/px4_msgs/px4_msgs/msg/detail/vehicle_control_mode__rosidl_typesupport_introspection_cpp.hpp\n'}
[9.362183] (px4_msgs) StdoutLine: {'line': b'-- Up-to-date: /home/em/ros_workspace_2025/nav_ws/install/px4_msgs/include/px4_msgs/px4_msgs/msg/detail/sensor_combined__rosidl_typesupport_introspection_cpp.hpp\n'}
[9.362203] (px4_msgs) StdoutLine: {'line': b'-- Up-to-date: /home/em/ros_workspace_2025/nav_ws/install/px4_msgs/include/px4_msgs/px4_msgs/msg/detail/vehicle_magnetometer__type_support.cpp\n'}
[9.362223] (px4_msgs) StdoutLine: {'line': b'-- Up-to-date: /home/em/ros_workspace_2025/nav_ws/install/px4_msgs/include/px4_msgs/px4_msgs/msg/detail/battery_status__rosidl_typesupport_introspection_cpp.hpp\n'}
[9.362242] (px4_msgs) StdoutLine: {'line': b'-- Up-to-date: /home/em/ros_workspace_2025/nav_ws/install/px4_msgs/include/px4_msgs/px4_msgs/msg/detail/actuator_servos_trim__type_support.cpp\n'}
[9.362262] (px4_msgs) StdoutLine: {'line': b'-- Up-to-date: /home/em/ros_workspace_2025/nav_ws/install/px4_msgs/include/px4_msgs/px4_msgs/msg/detail/rtl_status__rosidl_typesupport_introspection_cpp.hpp\n'}
[9.362283] (px4_msgs) StdoutLine: {'line': b'-- Up-to-date: /home/em/ros_workspace_2025/nav_ws/install/px4_msgs/include/px4_msgs/px4_msgs/msg/detail/sensor_accel__rosidl_typesupport_introspection_cpp.hpp\n'}
[9.362302] (px4_msgs) StdoutLine: {'line': b'-- Up-to-date: /home/em/ros_workspace_2025/nav_ws/install/px4_msgs/include/px4_msgs/px4_msgs/msg/detail/power_monitor__type_support.cpp\n'}
[9.362321] (px4_msgs) StdoutLine: {'line': b'-- Up-to-date: /home/em/ros_workspace_2025/nav_ws/install/px4_msgs/include/px4_msgs/px4_msgs/msg/detail/button_event__type_support.cpp\n'}
[9.362339] (px4_msgs) StdoutLine: {'line': b'-- Up-to-date: /home/em/ros_workspace_2025/nav_ws/install/px4_msgs/include/px4_msgs/px4_msgs/msg/detail/sensor_selection__rosidl_typesupport_introspection_cpp.hpp\n'}
[9.362358] (px4_msgs) StdoutLine: {'line': b'-- Up-to-date: /home/em/ros_workspace_2025/nav_ws/install/px4_msgs/include/px4_msgs/px4_msgs/msg/detail/vehicle_air_data__type_support.cpp\n'}
[9.362378] (px4_msgs) StdoutLine: {'line': b'-- Up-to-date: /home/em/ros_workspace_2025/nav_ws/install/px4_msgs/include/px4_msgs/px4_msgs/msg/detail/config_overrides__rosidl_typesupport_introspection_cpp.hpp\n'}
[9.362397] (px4_msgs) StdoutLine: {'line': b'-- Up-to-date: /home/em/ros_workspace_2025/nav_ws/install/px4_msgs/include/px4_msgs/px4_msgs/msg/detail/arming_check_reply__rosidl_typesupport_introspection_cpp.hpp\n'}
[9.362421] (px4_msgs) StdoutLine: {'line': b'-- Up-to-date: /home/em/ros_workspace_2025/nav_ws/install/px4_msgs/include/px4_msgs/px4_msgs/msg/detail/mavlink_tunnel__type_support.cpp\n'}
[9.362441] (px4_msgs) StdoutLine: {'line': b'-- Up-to-date: /home/em/ros_workspace_2025/nav_ws/install/px4_msgs/include/px4_msgs/px4_msgs/msg/detail/differential_pressure__rosidl_typesupport_introspection_cpp.hpp\n'}
[9.362461] (px4_msgs) StdoutLine: {'line': b'-- Up-to-date: /home/em/ros_workspace_2025/nav_ws/install/px4_msgs/include/px4_msgs/px4_msgs/msg/detail/internal_combustion_engine_status__rosidl_typesupport_introspection_cpp.hpp\n'}
[9.362481] (px4_msgs) StdoutLine: {'line': b'-- Up-to-date: /home/em/ros_workspace_2025/nav_ws/install/px4_msgs/include/px4_msgs/px4_msgs/msg/detail/qshell_req__rosidl_typesupport_introspection_cpp.hpp\n'}
[9.362500] (px4_msgs) StdoutLine: {'line': b'-- Up-to-date: /home/em/ros_workspace_2025/nav_ws/install/px4_msgs/include/px4_msgs/px4_msgs/msg/detail/iridiumsbd_status__rosidl_typesupport_introspection_cpp.hpp\n'}
[9.362519] (px4_msgs) StdoutLine: {'line': b'-- Up-to-date: /home/em/ros_workspace_2025/nav_ws/install/px4_msgs/include/px4_msgs/px4_msgs/msg/detail/estimator_aid_source2d__type_support.cpp\n'}
[9.362538] (px4_msgs) StdoutLine: {'line': b'-- Up-to-date: /home/em/ros_workspace_2025/nav_ws/install/px4_msgs/include/px4_msgs/px4_msgs/msg/detail/hover_thrust_estimate__type_support.cpp\n'}
[9.362558] (px4_msgs) StdoutLine: {'line': b'-- Up-to-date: /home/em/ros_workspace_2025/nav_ws/install/px4_msgs/include/px4_msgs/px4_msgs/msg/detail/rate_ctrl_status__type_support.cpp\n'}
[9.362578] (px4_msgs) StdoutLine: {'line': b'-- Up-to-date: /home/em/ros_workspace_2025/nav_ws/install/px4_msgs/include/px4_msgs/px4_msgs/msg/detail/sensor_airflow__rosidl_typesupport_introspection_cpp.hpp\n'}
[9.362599] (px4_msgs) StdoutLine: {'line': b'-- Up-to-date: /home/em/ros_workspace_2025/nav_ws/install/px4_msgs/include/px4_msgs/px4_msgs/msg/detail/telemetry_status__rosidl_typesupport_introspection_cpp.hpp\n'}
[9.362620] (px4_msgs) StdoutLine: {'line': b'-- Up-to-date: /home/em/ros_workspace_2025/nav_ws/install/px4_msgs/include/px4_msgs/px4_msgs/msg/detail/rover_mecanum_status__type_support.cpp\n'}
[9.362639] (px4_msgs) StdoutLine: {'line': b'-- Up-to-date: /home/em/ros_workspace_2025/nav_ws/install/px4_msgs/include/px4_msgs/px4_msgs/msg/detail/rover_ackermann_setpoint__rosidl_typesupport_introspection_cpp.hpp\n'}
[9.362658] (px4_msgs) StdoutLine: {'line': b'-- Up-to-date: /home/em/ros_workspace_2025/nav_ws/install/px4_msgs/include/px4_msgs/px4_msgs/msg/detail/register_ext_component_reply__type_support.cpp\n'}
[9.362677] (px4_msgs) StdoutLine: {'line': b'-- Up-to-date: /home/em/ros_workspace_2025/nav_ws/install/px4_msgs/include/px4_msgs/px4_msgs/msg/detail/orb_test_medium__rosidl_typesupport_introspection_cpp.hpp\n'}
[9.362696] (px4_msgs) StdoutLine: {'line': b'-- Up-to-date: /home/em/ros_workspace_2025/nav_ws/install/px4_msgs/include/px4_msgs/px4_msgs/msg/detail/parameter_set_value_request__type_support.cpp\n'}
[9.362716] (px4_msgs) StdoutLine: {'line': b'-- Up-to-date: /home/em/ros_workspace_2025/nav_ws/install/px4_msgs/include/px4_msgs/px4_msgs/msg/detail/sensors_status__rosidl_typesupport_introspection_cpp.hpp\n'}
[9.362737] (px4_msgs) StdoutLine: {'line': b'-- Up-to-date: /home/em/ros_workspace_2025/nav_ws/install/px4_msgs/include/px4_msgs/px4_msgs/msg/detail/rover_mecanum_setpoint__rosidl_typesupport_introspection_cpp.hpp\n'}
[9.362756] (px4_msgs) StdoutLine: {'line': b'-- Up-to-date: /home/em/ros_workspace_2025/nav_ws/install/px4_msgs/include/px4_msgs/px4_msgs/msg/detail/rc_channels__rosidl_typesupport_introspection_cpp.hpp\n'}
[9.362775] (px4_msgs) StdoutLine: {'line': b'-- Up-to-date: /home/em/ros_workspace_2025/nav_ws/install/px4_msgs/include/px4_msgs/px4_msgs/msg/detail/radio_status__type_support.cpp\n'}
[9.362793] (px4_msgs) StdoutLine: {'line': b'-- Up-to-date: /home/em/ros_workspace_2025/nav_ws/install/px4_msgs/include/px4_msgs/px4_msgs/msg/detail/parameter_set_used_request__type_support.cpp\n'}
[9.362811] (px4_msgs) StdoutLine: {'line': b'-- Up-to-date: /home/em/ros_workspace_2025/nav_ws/install/px4_msgs/include/px4_msgs/px4_msgs/msg/detail/open_drone_id_arm_status__type_support.cpp\n'}
[9.362830] (px4_msgs) StdoutLine: {'line': b'-- Up-to-date: /home/em/ros_workspace_2025/nav_ws/install/px4_msgs/include/px4_msgs/px4_msgs/msg/detail/ping__type_support.cpp\n'}
[9.362848] (px4_msgs) StdoutLine: {'line': b'-- Up-to-date: /home/em/ros_workspace_2025/nav_ws/install/px4_msgs/include/px4_msgs/px4_msgs/msg/detail/rover_mecanum_setpoint__type_support.cpp\n'}
[9.362866] (px4_msgs) StdoutLine: {'line': b'-- Up-to-date: /home/em/ros_workspace_2025/nav_ws/install/px4_msgs/include/px4_msgs/px4_msgs/msg/detail/wheel_encoders__type_support.cpp\n'}
[9.362884] (px4_msgs) StdoutLine: {'line': b'-- Up-to-date: /home/em/ros_workspace_2025/nav_ws/install/px4_msgs/include/px4_msgs/px4_msgs/msg/detail/can_interface_status__type_support.cpp\n'}
[9.362902] (px4_msgs) StdoutLine: {'line': b'-- Up-to-date: /home/em/ros_workspace_2025/nav_ws/install/px4_msgs/include/px4_msgs/px4_msgs/msg/detail/gpio_out__type_support.cpp\n'}
[9.362921] (px4_msgs) StdoutLine: {'line': b'-- Up-to-date: /home/em/ros_workspace_2025/nav_ws/install/px4_msgs/include/px4_msgs/px4_msgs/msg/detail/fuel_tank_status__rosidl_typesupport_introspection_cpp.hpp\n'}
[9.362940] (px4_msgs) StdoutLine: {'line': b'-- Up-to-date: /home/em/ros_workspace_2025/nav_ws/install/px4_msgs/include/px4_msgs/px4_msgs/msg/detail/button_event__rosidl_typesupport_introspection_cpp.hpp\n'}
[9.362958] (px4_msgs) StdoutLine: {'line': b'-- Up-to-date: /home/em/ros_workspace_2025/nav_ws/install/px4_msgs/include/px4_msgs/px4_msgs/msg/detail/offboard_control_mode__type_support.cpp\n'}
[9.362976] (px4_msgs) StdoutLine: {'line': b'-- Up-to-date: /home/em/ros_workspace_2025/nav_ws/install/px4_msgs/include/px4_msgs/px4_msgs/msg/detail/position_controller_landing_status__type_support.cpp\n'}
[9.362995] (px4_msgs) StdoutLine: {'line': b'-- Up-to-date: /home/em/ros_workspace_2025/nav_ws/install/px4_msgs/include/px4_msgs/px4_msgs/msg/detail/estimator_aid_source3d__rosidl_typesupport_introspection_cpp.hpp\n'}
[9.363016] (px4_msgs) StdoutLine: {'line': b'-- Up-to-date: /home/em/ros_workspace_2025/nav_ws/install/px4_msgs/include/px4_msgs/px4_msgs/msg/detail/vehicle_attitude_setpoint__rosidl_typesupport_introspection_cpp.hpp\n'}
[9.363036] (px4_msgs) StdoutLine: {'line': b'-- Up-to-date: /home/em/ros_workspace_2025/nav_ws/install/px4_msgs/include/px4_msgs/px4_msgs/msg/detail/landing_target_pose__type_support.cpp\n'}
[9.363054] (px4_msgs) StdoutLine: {'line': b'-- Up-to-date: /home/em/ros_workspace_2025/nav_ws/install/px4_msgs/include/px4_msgs/px4_msgs/msg/detail/vehicle_constraints__rosidl_typesupport_introspection_cpp.hpp\n'}
[9.363074] (px4_msgs) StdoutLine: {'line': b'-- Up-to-date: /home/em/ros_workspace_2025/nav_ws/install/px4_msgs/include/px4_msgs/px4_msgs/msg/detail/px4io_status__type_support.cpp\n'}
[9.363094] (px4_msgs) StdoutLine: {'line': b'-- Up-to-date: /home/em/ros_workspace_2025/nav_ws/install/px4_msgs/include/px4_msgs/px4_msgs/msg/detail/normalized_unsigned_setpoint__rosidl_typesupport_introspection_cpp.hpp\n'}
[9.363113] (px4_msgs) StdoutLine: {'line': b'-- Up-to-date: /home/em/ros_workspace_2025/nav_ws/install/px4_msgs/include/px4_msgs/px4_msgs/msg/detail/sensor_gyro_fft__rosidl_typesupport_introspection_cpp.hpp\n'}
[9.363135] (px4_msgs) StdoutLine: {'line': b'-- Up-to-date: /home/em/ros_workspace_2025/nav_ws/install/px4_msgs/include/px4_msgs/px4_msgs/msg/detail/offboard_control_mode__rosidl_typesupport_introspection_cpp.hpp\n'}
[9.363155] (px4_msgs) StdoutLine: {'line': b'-- Up-to-date: /home/em/ros_workspace_2025/nav_ws/install/px4_msgs/include/px4_msgs/px4_msgs/msg/detail/uavcan_parameter_value__rosidl_typesupport_introspection_cpp.hpp\n'}
[9.363176] (px4_msgs) StdoutLine: {'line': b'-- Up-to-date: /home/em/ros_workspace_2025/nav_ws/install/px4_msgs/include/px4_msgs/px4_msgs/msg/detail/tecs_status__type_support.cpp\n'}
[9.363194] (px4_msgs) StdoutLine: {'line': b'-- Up-to-date: /home/em/ros_workspace_2025/nav_ws/install/px4_msgs/include/px4_msgs/px4_msgs/msg/detail/estimator_status__rosidl_typesupport_introspection_cpp.hpp\n'}
[9.363215] (px4_msgs) StdoutLine: {'line': b'-- Up-to-date: /home/em/ros_workspace_2025/nav_ws/install/px4_msgs/include/px4_msgs/px4_msgs/msg/detail/estimator_gps_status__type_support.cpp\n'}
[9.363234] (px4_msgs) StdoutLine: {'line': b'-- Up-to-date: /home/em/ros_workspace_2025/nav_ws/install/px4_msgs/include/px4_msgs/px4_msgs/msg/detail/rover_differential_guidance_status__type_support.cpp\n'}
[9.363254] (px4_msgs) StdoutLine: {'line': b'-- Up-to-date: /home/em/ros_workspace_2025/nav_ws/install/px4_msgs/include/px4_msgs/px4_msgs/msg/detail/arming_check_request__rosidl_typesupport_introspection_cpp.hpp\n'}
[9.363273] (px4_msgs) StdoutLine: {'line': b'-- Up-to-date: /home/em/ros_workspace_2025/nav_ws/install/px4_msgs/include/px4_msgs/px4_msgs/msg/detail/irlock_report__rosidl_typesupport_introspection_cpp.hpp\n'}
[9.363293] (px4_msgs) StdoutLine: {'line': b'-- Up-to-date: /home/em/ros_workspace_2025/nav_ws/install/px4_msgs/include/px4_msgs/px4_msgs/msg/detail/debug_value__rosidl_typesupport_introspection_cpp.hpp\n'}
[9.363313] (px4_msgs) StdoutLine: {'line': b'-- Up-to-date: /home/em/ros_workspace_2025/nav_ws/install/px4_msgs/include/px4_msgs/px4_msgs/msg/detail/failsafe_flags__type_support.cpp\n'}
[9.363332] (px4_msgs) StdoutLine: {'line': b'-- Up-to-date: /home/em/ros_workspace_2025/nav_ws/install/px4_msgs/include/px4_msgs/px4_msgs/msg/detail/camera_capture__rosidl_typesupport_introspection_cpp.hpp\n'}
[9.363350] (px4_msgs) StdoutLine: {'line': b'-- Up-to-date: /home/em/ros_workspace_2025/nav_ws/install/px4_msgs/include/px4_msgs/px4_msgs/msg/detail/vehicle_control_mode__type_support.cpp\n'}
[9.363371] (px4_msgs) StdoutLine: {'line': b'-- Up-to-date: /home/em/ros_workspace_2025/nav_ws/install/px4_msgs/include/px4_msgs/px4_msgs/msg/detail/gpio_config__rosidl_typesupport_introspection_cpp.hpp\n'}
[9.363390] (px4_msgs) StdoutLine: {'line': b'-- Up-to-date: /home/em/ros_workspace_2025/nav_ws/install/px4_msgs/include/px4_msgs/px4_msgs/msg/detail/airspeed__rosidl_typesupport_introspection_cpp.hpp\n'}
[9.363415] (px4_msgs) StdoutLine: {'line': b'-- Up-to-date: /home/em/ros_workspace_2025/nav_ws/install/px4_msgs/include/px4_msgs/px4_msgs/msg/detail/collision_constraints__type_support.cpp\n'}
[9.363436] (px4_msgs) StdoutLine: {'line': b'-- Up-to-date: /home/em/ros_workspace_2025/nav_ws/install/px4_msgs/include/px4_msgs/px4_msgs/msg/detail/debug_key_value__type_support.cpp\n'}
[9.363456] (px4_msgs) StdoutLine: {'line': b'-- Up-to-date: /home/em/ros_workspace_2025/nav_ws/install/px4_msgs/include/px4_msgs/px4_msgs/msg/detail/gpio_request__type_support.cpp\n'}
[9.363476] (px4_msgs) StdoutLine: {'line': b'-- Up-to-date: /home/em/ros_workspace_2025/nav_ws/install/px4_msgs/include/px4_msgs/px4_msgs/msg/detail/follow_target_status__type_support.cpp\n'}
[9.363495] (px4_msgs) StdoutLine: {'line': b'-- Up-to-date: /home/em/ros_workspace_2025/nav_ws/install/px4_msgs/include/px4_msgs/px4_msgs/msg/detail/message_format_response__type_support.cpp\n'}
[9.363515] (px4_msgs) StdoutLine: {'line': b'-- Up-to-date: /home/em/ros_workspace_2025/nav_ws/install/px4_msgs/include/px4_msgs/px4_msgs/msg/detail/autotune_attitude_control_status__rosidl_typesupport_introspection_cpp.hpp\n'}
[9.363535] (px4_msgs) StdoutLine: {'line': b'-- Up-to-date: /home/em/ros_workspace_2025/nav_ws/install/px4_msgs/include/px4_msgs/px4_msgs/msg/detail/estimator_innovations__rosidl_typesupport_introspection_cpp.hpp\n'}
[9.363556] (px4_msgs) StdoutLine: {'line': b'-- Up-to-date: /home/em/ros_workspace_2025/nav_ws/install/px4_msgs/include/px4_msgs/px4_msgs/msg/detail/sensor_gyro__type_support.cpp\n'}
[9.363576] (px4_msgs) StdoutLine: {'line': b'-- Up-to-date: /home/em/ros_workspace_2025/nav_ws/install/px4_msgs/include/px4_msgs/px4_msgs/msg/detail/gpio_in__type_support.cpp\n'}
[9.363597] (px4_msgs) StdoutLine: {'line': b'-- Up-to-date: /home/em/ros_workspace_2025/nav_ws/install/px4_msgs/include/px4_msgs/px4_msgs/msg/detail/gimbal_manager_status__type_support.cpp\n'}
[9.363617] (px4_msgs) StdoutLine: {'line': b'-- Up-to-date: /home/em/ros_workspace_2025/nav_ws/install/px4_msgs/include/px4_msgs/px4_msgs/msg/detail/parameter_reset_request__rosidl_typesupport_introspection_cpp.hpp\n'}
[9.363637] (px4_msgs) StdoutLine: {'line': b'-- Up-to-date: /home/em/ros_workspace_2025/nav_ws/install/px4_msgs/include/px4_msgs/px4_msgs/msg/detail/gpio_request__rosidl_typesupport_introspection_cpp.hpp\n'}
[9.363658] (px4_msgs) StdoutLine: {'line': b'-- Up-to-date: /home/em/ros_workspace_2025/nav_ws/install/px4_msgs/include/px4_msgs/px4_msgs/msg/detail/gimbal_manager_information__rosidl_typesupport_introspection_cpp.hpp\n'}
[9.363682] (px4_msgs) StdoutLine: {'line': b'-- Up-to-date: /home/em/ros_workspace_2025/nav_ws/install/px4_msgs/include/px4_msgs/px4_msgs/msg/detail/estimator_status__type_support.cpp\n'}
[9.363702] (px4_msgs) StdoutLine: {'line': b'-- Up-to-date: /home/em/ros_workspace_2025/nav_ws/install/px4_msgs/include/px4_msgs/px4_msgs/msg/detail/actuator_test__type_support.cpp\n'}
[9.363721] (px4_msgs) StdoutLine: {'line': b'-- Up-to-date: /home/em/ros_workspace_2025/nav_ws/install/px4_msgs/include/px4_msgs/px4_msgs/msg/detail/vehicle_local_position__type_support.cpp\n'}
[9.363744] (px4_msgs) StdoutLine: {'line': b'-- Up-to-date: /home/em/ros_workspace_2025/nav_ws/install/px4_msgs/include/px4_msgs/px4_msgs/msg/detail/orb_test_large__type_support.cpp\n'}
[9.363763] (px4_msgs) StdoutLine: {'line': b'-- Up-to-date: /home/em/ros_workspace_2025/nav_ws/install/px4_msgs/include/px4_msgs/px4_msgs/msg/detail/tiltrotor_extra_controls__rosidl_typesupport_introspection_cpp.hpp\n'}
[9.363783] (px4_msgs) StdoutLine: {'line': b'-- Up-to-date: /home/em/ros_workspace_2025/nav_ws/install/px4_msgs/include/px4_msgs/px4_msgs/msg/detail/adc_report__type_support.cpp\n'}
[9.363803] (px4_msgs) StdoutLine: {'line': b'-- Up-to-date: /home/em/ros_workspace_2025/nav_ws/install/px4_msgs/include/px4_msgs/px4_msgs/msg/detail/sensors_status_imu__type_support.cpp\n'}
[9.363823] (px4_msgs) StdoutLine: {'line': b'-- Up-to-date: /home/em/ros_workspace_2025/nav_ws/install/px4_msgs/include/px4_msgs/px4_msgs/msg/detail/event__rosidl_typesupport_introspection_cpp.hpp\n'}
[9.363845] (px4_msgs) StdoutLine: {'line': b'-- Up-to-date: /home/em/ros_workspace_2025/nav_ws/install/px4_msgs/include/px4_msgs/px4_msgs/msg/detail/sensor_correction__type_support.cpp\n'}
[9.363871] (px4_msgs) StdoutLine: {'line': b'-- Up-to-date: /home/em/ros_workspace_2025/nav_ws/install/px4_msgs/include/px4_msgs/px4_msgs/msg/detail/estimator_bias3d__rosidl_typesupport_introspection_cpp.hpp\n'}
[9.363890] (px4_msgs) StdoutLine: {'line': b'-- Up-to-date: /home/em/ros_workspace_2025/nav_ws/install/px4_msgs/include/px4_msgs/px4_msgs/msg/detail/vehicle_rates_setpoint__type_support.cpp\n'}
[9.363910] (px4_msgs) StdoutLine: {'line': b'-- Up-to-date: /home/em/ros_workspace_2025/nav_ws/install/px4_msgs/include/px4_msgs/px4_msgs/msg/detail/mag_worker_data__rosidl_typesupport_introspection_cpp.hpp\n'}
[9.363929] (px4_msgs) StdoutLine: {'line': b'-- Up-to-date: /home/em/ros_workspace_2025/nav_ws/install/px4_msgs/include/px4_msgs/px4_msgs/msg/detail/launch_detection_status__rosidl_typesupport_introspection_cpp.hpp\n'}
[9.363949] (px4_msgs) StdoutLine: {'line': b'-- Up-to-date: /home/em/ros_workspace_2025/nav_ws/install/px4_msgs/include/px4_msgs/px4_msgs/msg/detail/power_monitor__rosidl_typesupport_introspection_cpp.hpp\n'}
[9.363968] (px4_msgs) StdoutLine: {'line': b'-- Up-to-date: /home/em/ros_workspace_2025/nav_ws/install/px4_msgs/include/px4_msgs/px4_msgs/msg/detail/gimbal_manager_status__rosidl_typesupport_introspection_cpp.hpp\n'}
[9.363992] (px4_msgs) StdoutLine: {'line': b'-- Up-to-date: /home/em/ros_workspace_2025/nav_ws/install/px4_msgs/include/px4_msgs/px4_msgs/msg/detail/open_drone_id_system__rosidl_typesupport_introspection_cpp.hpp\n'}
[9.364014] (px4_msgs) StdoutLine: {'line': b'-- Up-to-date: /home/em/ros_workspace_2025/nav_ws/install/px4_msgs/include/px4_msgs/px4_msgs/msg/detail/rover_differential_setpoint__type_support.cpp\n'}
[9.364034] (px4_msgs) StdoutLine: {'line': b'-- Up-to-date: /home/em/ros_workspace_2025/nav_ws/install/px4_msgs/include/px4_msgs/px4_msgs/msg/detail/uavcan_parameter_value__type_support.cpp\n'}
[9.364056] (px4_msgs) StdoutLine: {'line': b'-- Up-to-date: /home/em/ros_workspace_2025/nav_ws/install/px4_msgs/include/px4_msgs/px4_msgs/msg/detail/rpm__type_support.cpp\n'}
[9.364075] (px4_msgs) StdoutLine: {'line': b'-- Up-to-date: /home/em/ros_workspace_2025/nav_ws/install/px4_msgs/include/px4_msgs/px4_msgs/msg/detail/rover_ackermann_guidance_status__rosidl_typesupport_introspection_cpp.hpp\n'}
[9.364100] (px4_msgs) StdoutLine: {'line': b'-- Up-to-date: /home/em/ros_workspace_2025/nav_ws/install/px4_msgs/include/px4_msgs/px4_msgs/msg/detail/ekf2_timestamps__type_support.cpp\n'}
[9.364126] (px4_msgs) StdoutLine: {'line': b'-- Up-to-date: /home/em/ros_workspace_2025/nav_ws/install/px4_msgs/include/px4_msgs/px4_msgs/msg/detail/vehicle_magnetometer__rosidl_typesupport_introspection_cpp.hpp\n'}
[9.364148] (px4_msgs) StdoutLine: {'line': b'-- Up-to-date: /home/em/ros_workspace_2025/nav_ws/install/px4_msgs/include/px4_msgs/px4_msgs/msg/detail/obstacle_distance__type_support.cpp\n'}
[9.364168] (px4_msgs) StdoutLine: {'line': b'-- Up-to-date: /home/em/ros_workspace_2025/nav_ws/install/px4_msgs/include/px4_msgs/px4_msgs/msg/detail/vehicle_optical_flow__type_support.cpp\n'}
[9.364186] (px4_msgs) StdoutLine: {'line': b'-- Up-to-date: /home/em/ros_workspace_2025/nav_ws/install/px4_msgs/include/px4_msgs/px4_msgs/msg/detail/open_drone_id_self_id__type_support.cpp\n'}
[9.364206] (px4_msgs) StdoutLine: {'line': b'-- Up-to-date: /home/em/ros_workspace_2025/nav_ws/install/px4_msgs/include/px4_msgs/px4_msgs/msg/detail/estimator_status_flags__rosidl_typesupport_introspection_cpp.hpp\n'}
[9.364228] (px4_msgs) StdoutLine: {'line': b'-- Up-to-date: /home/em/ros_workspace_2025/nav_ws/install/px4_msgs/include/px4_msgs/px4_msgs/msg/detail/takeoff_status__type_support.cpp\n'}
[9.364247] (px4_msgs) StdoutLine: {'line': b'-- Up-to-date: /home/em/ros_workspace_2025/nav_ws/install/px4_msgs/include/px4_msgs/px4_msgs/msg/detail/mavlink_log__type_support.cpp\n'}
[9.364266] (px4_msgs) StdoutLine: {'line': b'-- Up-to-date: /home/em/ros_workspace_2025/nav_ws/install/px4_msgs/include/px4_msgs/px4_msgs/msg/detail/failure_detector_status__rosidl_typesupport_introspection_cpp.hpp\n'}
[9.364285] (px4_msgs) StdoutLine: {'line': b'-- Up-to-date: /home/em/ros_workspace_2025/nav_ws/install/px4_msgs/include/px4_msgs/px4_msgs/msg/detail/normalized_unsigned_setpoint__type_support.cpp\n'}
[9.364303] (px4_msgs) StdoutLine: {'line': b'-- Up-to-date: /home/em/ros_workspace_2025/nav_ws/install/px4_msgs/include/px4_msgs/px4_msgs/msg/detail/logger_status__rosidl_typesupport_introspection_cpp.hpp\n'}
[9.364322] (px4_msgs) StdoutLine: {'line': b'-- Up-to-date: /home/em/ros_workspace_2025/nav_ws/install/px4_msgs/include/px4_msgs/px4_msgs/msg/detail/mount_orientation__rosidl_typesupport_introspection_cpp.hpp\n'}
[9.364340] (px4_msgs) StdoutLine: {'line': b'-- Up-to-date: /home/em/ros_workspace_2025/nav_ws/install/px4_msgs/include/px4_msgs/px4_msgs/msg/detail/geofence_result__rosidl_typesupport_introspection_cpp.hpp\n'}
[9.364359] (px4_msgs) StdoutLine: {'line': b'-- Up-to-date: /home/em/ros_workspace_2025/nav_ws/install/px4_msgs/include/px4_msgs/px4_msgs/msg/detail/unregister_ext_component__type_support.cpp\n'}
[9.364377] (px4_msgs) StdoutLine: {'line': b'-- Up-to-date: /home/em/ros_workspace_2025/nav_ws/install/px4_msgs/include/px4_msgs/px4_msgs/msg/detail/open_drone_id_self_id__rosidl_typesupport_introspection_cpp.hpp\n'}
[9.364396] (px4_msgs) StdoutLine: {'line': b'-- Up-to-date: /home/em/ros_workspace_2025/nav_ws/install/px4_msgs/include/px4_msgs/px4_msgs/msg/detail/sensor_gyro_fifo__type_support.cpp\n'}
[9.364422] (px4_msgs) StdoutLine: {'line': b'-- Up-to-date: /home/em/ros_workspace_2025/nav_ws/install/px4_msgs/include/px4_msgs/px4_msgs/msg/detail/velocity_limits__type_support.cpp\n'}
[9.364442] (px4_msgs) StdoutLine: {'line': b'-- Up-to-date: /home/em/ros_workspace_2025/nav_ws/install/px4_msgs/include/px4_msgs/px4_msgs/msg/detail/tune_control__rosidl_typesupport_introspection_cpp.hpp\n'}
[9.364464] (px4_msgs) StdoutLine: {'line': b'-- Up-to-date: /home/em/ros_workspace_2025/nav_ws/install/px4_msgs/include/px4_msgs/px4_msgs/msg/detail/vehicle_angular_velocity__rosidl_typesupport_introspection_cpp.hpp\n'}
[9.364485] (px4_msgs) StdoutLine: {'line': b'-- Up-to-date: /home/em/ros_workspace_2025/nav_ws/install/px4_msgs/include/px4_msgs/px4_msgs/msg/detail/vehicle_global_position__type_support.cpp\n'}
[9.364504] (px4_msgs) StdoutLine: {'line': b'-- Up-to-date: /home/em/ros_workspace_2025/nav_ws/install/px4_msgs/include/px4_msgs/px4_msgs/msg/detail/dataman_request__rosidl_typesupport_introspection_cpp.hpp\n'}
[9.364525] (px4_msgs) StdoutLine: {'line': b'-- Up-to-date: /home/em/ros_workspace_2025/nav_ws/install/px4_msgs/include/px4_msgs/px4_msgs/msg/detail/vehicle_acceleration__type_support.cpp\n'}
[9.364546] (px4_msgs) StdoutLine: {'line': b'-- Up-to-date: /home/em/ros_workspace_2025/nav_ws/install/px4_msgs/include/px4_msgs/px4_msgs/msg/detail/landing_target_pose__rosidl_typesupport_introspection_cpp.hpp\n'}
[9.364567] (px4_msgs) StdoutLine: {'line': b'-- Up-to-date: /home/em/ros_workspace_2025/nav_ws/install/px4_msgs/include/px4_msgs/px4_msgs/msg/detail/actuator_outputs__rosidl_typesupport_introspection_cpp.hpp\n'}
[9.364589] (px4_msgs) StdoutLine: {'line': b'-- Up-to-date: /home/em/ros_workspace_2025/nav_ws/install/px4_msgs/include/px4_msgs/px4_msgs/msg/detail/airspeed_validated__rosidl_typesupport_introspection_cpp.hpp\n'}
[9.364611] (px4_msgs) StdoutLine: {'line': b'-- Up-to-date: /home/em/ros_workspace_2025/nav_ws/install/px4_msgs/include/px4_msgs/px4_msgs/msg/detail/gimbal_device_set_attitude__rosidl_typesupport_introspection_cpp.hpp\n'}
[9.364634] (px4_msgs) StdoutLine: {'line': b'-- Up-to-date: /home/em/ros_workspace_2025/nav_ws/install/px4_msgs/include/px4_msgs/px4_msgs/msg/detail/vehicle_constraints__type_support.cpp\n'}
[9.364657] (px4_msgs) StdoutLine: {'line': b'-- Up-to-date: /home/em/ros_workspace_2025/nav_ws/install/px4_msgs/include/px4_msgs/px4_msgs/msg/detail/trajectory_setpoint__type_support.cpp\n'}
[9.364678] (px4_msgs) StdoutLine: {'line': b'-- Up-to-date: /home/em/ros_workspace_2025/nav_ws/install/px4_msgs/include/px4_msgs/px4_msgs/msg/detail/vehicle_land_detected__type_support.cpp\n'}
[9.364701] (px4_msgs) StdoutLine: {'line': b'-- Up-to-date: /home/em/ros_workspace_2025/nav_ws/install/px4_msgs/include/px4_msgs/px4_msgs/msg/detail/orb_test__type_support.cpp\n'}
[9.364731] (px4_msgs) StdoutLine: {'line': b'-- Up-to-date: /home/em/ros_workspace_2025/nav_ws/install/px4_msgs/include/px4_msgs/px4_msgs/msg/detail/uavcan_parameter_request__rosidl_typesupport_introspection_cpp.hpp\n'}
[9.364764] (px4_msgs) StdoutLine: {'line': b'-- Up-to-date: /home/em/ros_workspace_2025/nav_ws/install/px4_msgs/include/px4_msgs/px4_msgs/msg/detail/vehicle_roi__rosidl_typesupport_introspection_cpp.hpp\n'}
[9.364806] (px4_msgs) StdoutLine: {'line': b'-- Up-to-date: /home/em/ros_workspace_2025/nav_ws/install/px4_msgs/include/px4_msgs/px4_msgs/msg/detail/debug_key_value__rosidl_typesupport_introspection_cpp.hpp\n'}
[9.364883] (px4_msgs) StdoutLine: {'line': b'-- Up-to-date: /home/em/ros_workspace_2025/nav_ws/install/px4_msgs/include/px4_msgs/px4_msgs/msg/detail/vehicle_imu__type_support.cpp\n'}
[9.364996] (px4_msgs) StdoutLine: {'line': b'-- Up-to-date: /home/em/ros_workspace_2025/nav_ws/install/px4_msgs/include/px4_msgs/px4_msgs/msg/detail/open_drone_id_operator_id__rosidl_typesupport_introspection_cpp.hpp\n'}
[9.365066] (px4_msgs) StdoutLine: {'line': b'-- Up-to-date: /home/em/ros_workspace_2025/nav_ws/install/px4_msgs/include/px4_msgs/px4_msgs/msg/detail/orb_test_medium__type_support.cpp\n'}
[9.365104] (px4_msgs) StdoutLine: {'line': b'-- Up-to-date: /home/em/ros_workspace_2025/nav_ws/install/px4_msgs/include/px4_msgs/px4_msgs/msg/detail/cellular_status__rosidl_typesupport_introspection_cpp.hpp\n'}
[9.365128] (px4_msgs) StdoutLine: {'line': b'-- Up-to-date: /home/em/ros_workspace_2025/nav_ws/install/px4_msgs/include/px4_msgs/px4_msgs/msg/detail/ping__rosidl_typesupport_introspection_cpp.hpp\n'}
[9.365151] (px4_msgs) StdoutLine: {'line': b'-- Up-to-date: /home/em/ros_workspace_2025/nav_ws/install/px4_msgs/include/px4_msgs/px4_msgs/msg/detail/debug_vect__rosidl_typesupport_introspection_cpp.hpp\n'}
[9.365173] (px4_msgs) StdoutLine: {'line': b'-- Up-to-date: /home/em/ros_workspace_2025/nav_ws/install/px4_msgs/include/px4_msgs/px4_msgs/msg/detail/vehicle_global_position__rosidl_typesupport_introspection_cpp.hpp\n'}
[9.365193] (px4_msgs) StdoutLine: {'line': b'-- Up-to-date: /home/em/ros_workspace_2025/nav_ws/install/px4_msgs/include/px4_msgs/px4_msgs/msg/detail/trajectory_setpoint__rosidl_typesupport_introspection_cpp.hpp\n'}
[9.365213] (px4_msgs) StdoutLine: {'line': b'-- Up-to-date: /home/em/ros_workspace_2025/nav_ws/install/px4_msgs/include/px4_msgs/px4_msgs/msg/detail/parameter_set_used_request__rosidl_typesupport_introspection_cpp.hpp\n'}
[9.365233] (px4_msgs) StdoutLine: {'line': b'-- Up-to-date: /home/em/ros_workspace_2025/nav_ws/install/px4_msgs/include/px4_msgs/px4_msgs/msg/detail/camera_trigger__type_support.cpp\n'}
[9.365253] (px4_msgs) StdoutLine: {'line': b'-- Up-to-date: /home/em/ros_workspace_2025/nav_ws/install/px4_msgs/include/px4_msgs/px4_msgs/msg/detail/internal_combustion_engine_status__type_support.cpp\n'}
[9.365272] (px4_msgs) StdoutLine: {'line': b'-- Up-to-date: /home/em/ros_workspace_2025/nav_ws/install/px4_msgs/include/px4_msgs/px4_msgs/msg/detail/esc_report__type_support.cpp\n'}
[9.365291] (px4_msgs) StdoutLine: {'line': b'-- Up-to-date: /home/em/ros_workspace_2025/nav_ws/install/px4_msgs/include/px4_msgs/px4_msgs/msg/detail/sensor_airflow__type_support.cpp\n'}
[9.365311] (px4_msgs) StdoutLine: {'line': b'-- Up-to-date: /home/em/ros_workspace_2025/nav_ws/install/px4_msgs/include/px4_msgs/px4_msgs/msg/detail/sensor_optical_flow__type_support.cpp\n'}
[9.365331] (px4_msgs) StdoutLine: {'line': b'-- Up-to-date: /home/em/ros_workspace_2025/nav_ws/install/px4_msgs/include/px4_msgs/px4_msgs/msg/detail/input_rc__type_support.cpp\n'}
[9.365351] (px4_msgs) StdoutLine: {'line': b'-- Up-to-date: /home/em/ros_workspace_2025/nav_ws/install/px4_msgs/include/px4_msgs/px4_msgs/msg/detail/distance_sensor__rosidl_typesupport_introspection_cpp.hpp\n'}
[9.365377] (px4_msgs) StdoutLine: {'line': b'-- Up-to-date: /home/em/ros_workspace_2025/nav_ws/install/px4_msgs/include/px4_msgs/px4_msgs/msg/detail/adc_report__rosidl_typesupport_introspection_cpp.hpp\n'}
[9.365398] (px4_msgs) StdoutLine: {'line': b'-- Up-to-date: /home/em/ros_workspace_2025/nav_ws/install/px4_msgs/include/px4_msgs/px4_msgs/msg/detail/register_ext_component_reply__rosidl_typesupport_introspection_cpp.hpp\n'}
[9.365427] (px4_msgs) StdoutLine: {'line': b'-- Up-to-date: /home/em/ros_workspace_2025/nav_ws/install/px4_msgs/include/px4_msgs/px4_msgs/msg/detail/gimbal_manager_set_attitude__type_support.cpp\n'}
[9.365452] (px4_msgs) StdoutLine: {'line': b'-- Up-to-date: /home/em/ros_workspace_2025/nav_ws/install/px4_msgs/include/px4_msgs/px4_msgs/msg/detail/orbit_status__rosidl_typesupport_introspection_cpp.hpp\n'}
[9.365474] (px4_msgs) StdoutLine: {'line': b'-- Up-to-date: /home/em/ros_workspace_2025/nav_ws/install/px4_msgs/include/px4_msgs/px4_msgs/msg/detail/vehicle_angular_velocity__type_support.cpp\n'}
[9.365495] (px4_msgs) StdoutLine: {'line': b'-- Up-to-date: /home/em/ros_workspace_2025/nav_ws/install/px4_msgs/include/px4_msgs/px4_msgs/msg/detail/parameter_set_value_request__rosidl_typesupport_introspection_cpp.hpp\n'}
[9.365514] (px4_msgs) StdoutLine: {'line': b'-- Up-to-date: /home/em/ros_workspace_2025/nav_ws/install/px4_msgs/include/px4_msgs/px4_msgs/msg/detail/config_overrides__type_support.cpp\n'}
[9.365535] (px4_msgs) StdoutLine: {'line': b'-- Up-to-date: /home/em/ros_workspace_2025/nav_ws/install/px4_msgs/include/px4_msgs/px4_msgs/msg/detail/actuator_armed__type_support.cpp\n'}
[9.365561] (px4_msgs) StdoutLine: {'line': b'-- Up-to-date: /home/em/ros_workspace_2025/nav_ws/install/px4_msgs/include/px4_msgs/px4_msgs/msg/detail/pwm_input__rosidl_typesupport_introspection_cpp.hpp\n'}
[9.365583] (px4_msgs) StdoutLine: {'line': b'-- Up-to-date: /home/em/ros_workspace_2025/nav_ws/install/px4_msgs/include/px4_msgs/px4_msgs/msg/detail/message_format_request__type_support.cpp\n'}
[9.365603] (px4_msgs) StdoutLine: {'line': b'-- Up-to-date: /home/em/ros_workspace_2025/nav_ws/install/px4_msgs/include/px4_msgs/px4_msgs/msg/detail/ulog_stream_ack__type_support.cpp\n'}
[9.365625] (px4_msgs) StdoutLine: {'line': b'-- Up-to-date: /home/em/ros_workspace_2025/nav_ws/install/px4_msgs/include/px4_msgs/px4_msgs/msg/detail/actuator_servos__type_support.cpp\n'}
[9.365645] (px4_msgs) StdoutLine: {'line': b'-- Up-to-date: /home/em/ros_workspace_2025/nav_ws/install/px4_msgs/include/px4_msgs/px4_msgs/msg/detail/launch_detection_status__type_support.cpp\n'}
[9.365664] (px4_msgs) StdoutLine: {'line': b'-- Up-to-date: /home/em/ros_workspace_2025/nav_ws/install/px4_msgs/include/px4_msgs/px4_msgs/msg/detail/register_ext_component_request__rosidl_typesupport_introspection_cpp.hpp\n'}
[9.365684] (px4_msgs) StdoutLine: {'line': b'-- Up-to-date: /home/em/ros_workspace_2025/nav_ws/install/px4_msgs/include/px4_msgs/px4_msgs/msg/detail/parameter_reset_request__type_support.cpp\n'}
[9.365703] (px4_msgs) StdoutLine: {'line': b'-- Up-to-date: /home/em/ros_workspace_2025/nav_ws/install/px4_msgs/include/px4_msgs/px4_msgs/msg/detail/sensor_hygrometer__type_support.cpp\n'}
[9.365728] (px4_msgs) StdoutLine: {'line': b'-- Up-to-date: /home/em/ros_workspace_2025/nav_ws/install/px4_msgs/include/px4_msgs/px4_msgs/msg/detail/gimbal_controls__type_support.cpp\n'}
[9.365750] (px4_msgs) StdoutLine: {'line': b'-- Up-to-date: /home/em/ros_workspace_2025/nav_ws/install/px4_msgs/include/px4_msgs/px4_msgs/msg/detail/telemetry_status__type_support.cpp\n'}
[9.365769] (px4_msgs) StdoutLine: {'line': b'-- Up-to-date: /home/em/ros_workspace_2025/nav_ws/install/px4_msgs/include/px4_msgs/px4_msgs/msg/detail/pwm_input__type_support.cpp\n'}
[9.365789] (px4_msgs) StdoutLine: {'line': b'-- Up-to-date: /home/em/ros_workspace_2025/nav_ws/install/px4_msgs/include/px4_msgs/px4_msgs/msg/detail/satellite_info__rosidl_typesupport_introspection_cpp.hpp\n'}
[9.365808] (px4_msgs) StdoutLine: {'line': b'-- Up-to-date: /home/em/ros_workspace_2025/nav_ws/install/px4_msgs/include/px4_msgs/px4_msgs/msg/detail/gimbal_manager_set_attitude__rosidl_typesupport_introspection_cpp.hpp\n'}
[9.365830] (px4_msgs) StdoutLine: {'line': b'-- Up-to-date: /home/em/ros_workspace_2025/nav_ws/install/px4_msgs/include/px4_msgs/px4_msgs/msg/detail/mavlink_log__rosidl_typesupport_introspection_cpp.hpp\n'}
[9.365853] (px4_msgs) StdoutLine: {'line': b'-- Up-to-date: /home/em/ros_workspace_2025/nav_ws/install/px4_msgs/include/px4_msgs/px4_msgs/msg/detail/orbit_status__type_support.cpp\n'}
[9.365886] (px4_msgs) StdoutLine: {'line': b'-- Up-to-date: /home/em/ros_workspace_2025/nav_ws/install/px4_msgs/include/px4_msgs/px4_msgs/msg/detail/vehicle_command__type_support.cpp\n'}
[9.365916] (px4_msgs) StdoutLine: {'line': b'-- Up-to-date: /home/em/ros_workspace_2025/nav_ws/install/px4_msgs/include/px4_msgs/px4_msgs/msg/detail/arming_check_request__type_support.cpp\n'}
[9.365949] (px4_msgs) StdoutLine: {'line': b'-- Up-to-date: /home/em/ros_workspace_2025/nav_ws/install/px4_msgs/include/px4_msgs/px4_msgs/msg/detail/open_drone_id_operator_id__type_support.cpp\n'}
[9.365981] (px4_msgs) StdoutLine: {'line': b'-- Up-to-date: /home/em/ros_workspace_2025/nav_ws/install/px4_msgs/include/px4_msgs/px4_msgs/msg/detail/sensor_combined__type_support.cpp\n'}
[9.366009] (px4_msgs) StdoutLine: {'line': b'-- Up-to-date: /home/em/ros_workspace_2025/nav_ws/install/px4_msgs/include/px4_msgs/px4_msgs/msg/detail/rover_mecanum_status__rosidl_typesupport_introspection_cpp.hpp\n'}
[9.366033] (px4_msgs) StdoutLine: {'line': b'-- Up-to-date: /home/em/ros_workspace_2025/nav_ws/install/px4_msgs/include/px4_msgs/px4_msgs/msg/detail/vehicle_local_position_setpoint__rosidl_typesupport_introspection_cpp.hpp\n'}
[9.366057] (px4_msgs) StdoutLine: {'line': b'-- Up-to-date: /home/em/ros_workspace_2025/nav_ws/install/px4_msgs/include/px4_msgs/px4_msgs/msg/detail/timesync_status__type_support.cpp\n'}
[9.366078] (px4_msgs) StdoutLine: {'line': b'-- Up-to-date: /home/em/ros_workspace_2025/nav_ws/install/px4_msgs/include/px4_msgs/px4_msgs/msg/detail/estimator_gps_status__rosidl_typesupport_introspection_cpp.hpp\n'}
[9.366097] (px4_msgs) StdoutLine: {'line': b'-- Up-to-date: /home/em/ros_workspace_2025/nav_ws/install/px4_msgs/include/px4_msgs/px4_msgs/msg/detail/qshell_retval__type_support.cpp\n'}
[9.366122] (px4_msgs) StdoutLine: {'line': b'-- Up-to-date: /home/em/ros_workspace_2025/nav_ws/install/px4_msgs/include/px4_msgs/px4_msgs/msg/detail/message_format_request__rosidl_typesupport_introspection_cpp.hpp\n'}
[9.366148] (px4_msgs) StdoutLine: {'line': b'-- Up-to-date: /home/em/ros_workspace_2025/nav_ws/install/px4_msgs/include/px4_msgs/px4_msgs/msg/detail/satellite_info__type_support.cpp\n'}
[9.366168] (px4_msgs) StdoutLine: {'line': b'-- Up-to-date: /home/em/ros_workspace_2025/nav_ws/install/px4_msgs/include/px4_msgs/px4_msgs/msg/detail/gpio_config__type_support.cpp\n'}
[9.366188] (px4_msgs) StdoutLine: {'line': b'-- Up-to-date: /home/em/ros_workspace_2025/nav_ws/install/px4_msgs/include/px4_msgs/px4_msgs/msg/detail/sensor_optical_flow__rosidl_typesupport_introspection_cpp.hpp\n'}
[9.366207] (px4_msgs) StdoutLine: {'line': b'-- Up-to-date: /home/em/ros_workspace_2025/nav_ws/install/px4_msgs/include/px4_msgs/px4_msgs/msg/detail/generator_status__type_support.cpp\n'}
[9.366231] (px4_msgs) StdoutLine: {'line': b'-- Up-to-date: /home/em/ros_workspace_2025/nav_ws/install/px4_msgs/include/px4_msgs/px4_msgs/msg/detail/estimator_bias__type_support.cpp\n'}
[9.366252] (px4_msgs) StdoutLine: {'line': b'-- Up-to-date: /home/em/ros_workspace_2025/nav_ws/install/px4_msgs/include/px4_msgs/px4_msgs/msg/detail/vehicle_torque_setpoint__rosidl_typesupport_introspection_cpp.hpp\n'}
[9.366274] (px4_msgs) StdoutLine: {'line': b'-- Up-to-date: /home/em/ros_workspace_2025/nav_ws/install/px4_msgs/include/px4_msgs/px4_msgs/msg/detail/actuator_armed__rosidl_typesupport_introspection_cpp.hpp\n'}
[9.366293] (px4_msgs) StdoutLine: {'line': b'-- Up-to-date: /home/em/ros_workspace_2025/nav_ws/install/px4_msgs/include/px4_msgs/px4_msgs/msg/detail/arming_check_reply__type_support.cpp\n'}
[9.366312] (px4_msgs) StdoutLine: {'line': b'-- Up-to-date: /home/em/ros_workspace_2025/nav_ws/install/px4_msgs/include/px4_msgs/px4_msgs/msg/detail/sensor_mag__rosidl_typesupport_introspection_cpp.hpp\n'}
[9.366332] (px4_msgs) StdoutLine: {'line': b'-- Up-to-date: /home/em/ros_workspace_2025/nav_ws/install/px4_msgs/include/px4_msgs/px4_msgs/msg/detail/health_report__type_support.cpp\n'}
[9.366351] (px4_msgs) StdoutLine: {'line': b'-- Up-to-date: /home/em/ros_workspace_2025/nav_ws/install/px4_msgs/include/px4_msgs/px4_msgs/msg/detail/sensor_accel_fifo__rosidl_typesupport_introspection_cpp.hpp\n'}
[9.366379] (px4_msgs) StdoutLine: {'line': b'-- Up-to-date: /home/em/ros_workspace_2025/nav_ws/install/px4_msgs/include/px4_msgs/px4_msgs/msg/detail/gimbal_device_attitude_status__type_support.cpp\n'}
[9.366410] (px4_msgs) StdoutLine: {'line': b'-- Up-to-date: /home/em/ros_workspace_2025/nav_ws/install/px4_msgs/include/px4_msgs/px4_msgs/msg/detail/actuator_servos_trim__rosidl_typesupport_introspection_cpp.hpp\n'}
[9.366444] (px4_msgs) StdoutLine: {'line': b'-- Up-to-date: /home/em/ros_workspace_2025/nav_ws/install/px4_msgs/include/px4_msgs/px4_msgs/msg/detail/estimator_aid_source2d__rosidl_typesupport_introspection_cpp.hpp\n'}
[9.366476] (px4_msgs) StdoutLine: {'line': b'-- Up-to-date: /home/em/ros_workspace_2025/nav_ws/install/px4_msgs/include/px4_msgs/px4_msgs/msg/detail/vehicle_status__rosidl_typesupport_introspection_cpp.hpp\n'}
[9.366513] (px4_msgs) StdoutLine: {'line': b'-- Up-to-date: /home/em/ros_workspace_2025/nav_ws/install/px4_msgs/include/px4_msgs/px4_msgs/msg/detail/follow_target__rosidl_typesupport_introspection_cpp.hpp\n'}
[9.366541] (px4_msgs) StdoutLine: {'line': b'-- Up-to-date: /home/em/ros_workspace_2025/nav_ws/install/px4_msgs/include/px4_msgs/px4_msgs/msg/detail/rover_differential_guidance_status__rosidl_typesupport_introspection_cpp.hpp\n'}
[9.366563] (px4_msgs) StdoutLine: {'line': b'-- Up-to-date: /home/em/ros_workspace_2025/nav_ws/install/px4_msgs/include/px4_msgs/px4_msgs/msg/detail/actuator_outputs__type_support.cpp\n'}
[9.366584] (px4_msgs) StdoutLine: {'line': b'-- Up-to-date: /home/em/ros_workspace_2025/nav_ws/install/px4_msgs/include/px4_msgs/px4_msgs/msg/detail/landing_target_innovations__type_support.cpp\n'}
[9.366605] (px4_msgs) StdoutLine: {'line': b'-- Up-to-date: /home/em/ros_workspace_2025/nav_ws/install/px4_msgs/include/px4_msgs/px4_msgs/msg/detail/collision_report__rosidl_typesupport_introspection_cpp.hpp\n'}
[9.366625] (px4_msgs) StdoutLine: {'line': b'-- Up-to-date: /home/em/ros_workspace_2025/nav_ws/install/px4_msgs/include/px4_msgs/px4_msgs/msg/detail/estimator_states__type_support.cpp\n'}
[9.366647] (px4_msgs) StdoutLine: {'line': b'-- Up-to-date: /home/em/ros_workspace_2025/nav_ws/install/px4_msgs/include/px4_msgs/px4_msgs/msg/detail/debug_vect__type_support.cpp\n'}
[9.366667] (px4_msgs) StdoutLine: {'line': b'-- Up-to-date: /home/em/ros_workspace_2025/nav_ws/install/px4_msgs/include/px4_msgs/px4_msgs/msg/detail/mission__type_support.cpp\n'}
[9.366687] (px4_msgs) StdoutLine: {'line': b'-- Up-to-date: /home/em/ros_workspace_2025/nav_ws/install/px4_msgs/include/px4_msgs/px4_msgs/msg/detail/action_request__type_support.cpp\n'}
[9.366707] (px4_msgs) StdoutLine: {'line': b'-- Up-to-date: /home/em/ros_workspace_2025/nav_ws/install/px4_msgs/include/px4_msgs/px4_msgs/msg/detail/battery_status__type_support.cpp\n'}
[9.366730] (px4_msgs) StdoutLine: {'line': b'-- Up-to-date: /home/em/ros_workspace_2025/nav_ws/install/px4_msgs/include/px4_msgs/px4_msgs/msg/detail/rover_ackermann_status__rosidl_typesupport_introspection_cpp.hpp\n'}
[9.366752] (px4_msgs) StdoutLine: {'line': b'-- Up-to-date: /home/em/ros_workspace_2025/nav_ws/install/px4_msgs/include/px4_msgs/px4_msgs/msg/detail/mode_completed__type_support.cpp\n'}
[9.366772] (px4_msgs) StdoutLine: {'line': b'-- Up-to-date: /home/em/ros_workspace_2025/nav_ws/install/px4_msgs/include/px4_msgs/px4_msgs/msg/detail/estimator_aid_source3d__type_support.cpp\n'}
[9.366793] (px4_msgs) StdoutLine: {'line': b'-- Up-to-date: /home/em/ros_workspace_2025/nav_ws/install/px4_msgs/include/px4_msgs/px4_msgs/msg/detail/dataman_request__type_support.cpp\n'}
[9.366814] (px4_msgs) StdoutLine: {'line': b'-- Up-to-date: /home/em/ros_workspace_2025/nav_ws/install/px4_msgs/include/px4_msgs/px4_msgs/msg/detail/vehicle_local_position__rosidl_typesupport_introspection_cpp.hpp\n'}
[9.366835] (px4_msgs) StdoutLine: {'line': b'-- Up-to-date: /home/em/ros_workspace_2025/nav_ws/install/px4_msgs/include/px4_msgs/px4_msgs/msg/detail/geofence_result__type_support.cpp\n'}
[9.366855] (px4_msgs) StdoutLine: {'line': b'-- Up-to-date: /home/em/ros_workspace_2025/nav_ws/install/px4_msgs/include/px4_msgs/px4_msgs/msg/detail/failure_detector_status__type_support.cpp\n'}
[9.366876] (px4_msgs) StdoutLine: {'line': b'-- Up-to-date: /home/em/ros_workspace_2025/nav_ws/install/px4_msgs/include/px4_msgs/px4_msgs/msg/detail/estimator_sensor_bias__rosidl_typesupport_introspection_cpp.hpp\n'}
[9.366900] (px4_msgs) StdoutLine: {'line': b'-- Up-to-date: /home/em/ros_workspace_2025/nav_ws/install/px4_msgs/include/px4_msgs/px4_msgs/msg/detail/rover_differential_status__type_support.cpp\n'}
[9.366919] (px4_msgs) StdoutLine: {'line': b'-- Up-to-date: /home/em/ros_workspace_2025/nav_ws/install/px4_msgs/include/px4_msgs/px4_msgs/msg/detail/velocity_limits__rosidl_typesupport_introspection_cpp.hpp\n'}
[9.366939] (px4_msgs) StdoutLine: {'line': b'-- Up-to-date: /home/em/ros_workspace_2025/nav_ws/install/px4_msgs/include/px4_msgs/px4_msgs/msg/detail/wind__rosidl_typesupport_introspection_cpp.hpp\n'}
[9.366961] (px4_msgs) StdoutLine: {'line': b'-- Up-to-date: /home/em/ros_workspace_2025/nav_ws/install/px4_msgs/include/px4_msgs/px4_msgs/msg/detail/vehicle_trajectory_bezier__rosidl_typesupport_introspection_cpp.hpp\n'}
[9.366985] (px4_msgs) StdoutLine: {'line': b'-- Up-to-date: /home/em/ros_workspace_2025/nav_ws/install/px4_msgs/include/px4_msgs/px4_msgs/msg/detail/estimator_event_flags__type_support.cpp\n'}
[9.367005] (px4_msgs) StdoutLine: {'line': b'-- Up-to-date: /home/em/ros_workspace_2025/nav_ws/install/px4_msgs/include/px4_msgs/px4_msgs/msg/detail/position_setpoint__type_support.cpp\n'}
[9.367024] (px4_msgs) StdoutLine: {'line': b'-- Up-to-date: /home/em/ros_workspace_2025/nav_ws/install/px4_msgs/include/px4_msgs/px4_msgs/msg/detail/vehicle_attitude__type_support.cpp\n'}
[9.367044] (px4_msgs) StdoutLine: {'line': b'-- Up-to-date: /home/em/ros_workspace_2025/nav_ws/install/px4_msgs/include/px4_msgs/px4_msgs/msg/detail/system_power__type_support.cpp\n'}
[9.367064] (px4_msgs) StdoutLine: {'line': b'-- Up-to-date: /home/em/ros_workspace_2025/nav_ws/install/px4_msgs/include/px4_msgs/px4_msgs/msg/detail/heater_status__type_support.cpp\n'}
[9.367085] (px4_msgs) StdoutLine: {'line': b'-- Up-to-date: /home/em/ros_workspace_2025/nav_ws/install/px4_msgs/include/px4_msgs/px4_msgs/msg/detail/trajectory_waypoint__rosidl_typesupport_introspection_cpp.hpp\n'}
[9.367110] (px4_msgs) StdoutLine: {'line': b'-- Up-to-date: /home/em/ros_workspace_2025/nav_ws/install/px4_msgs/include/px4_msgs/px4_msgs/msg/detail/action_request__rosidl_typesupport_introspection_cpp.hpp\n'}
[9.367130] (px4_msgs) StdoutLine: {'line': b'-- Up-to-date: /home/em/ros_workspace_2025/nav_ws/install/px4_msgs/include/px4_msgs/px4_msgs/msg/detail/airspeed__type_support.cpp\n'}
[9.367150] (px4_msgs) StdoutLine: {'line': b'-- Up-to-date: /home/em/ros_workspace_2025/nav_ws/install/px4_msgs/include/px4_msgs/px4_msgs/msg/detail/estimator_sensor_bias__type_support.cpp\n'}
[9.367171] (px4_msgs) StdoutLine: {'line': b'-- Up-to-date: /home/em/ros_workspace_2025/nav_ws/install/px4_msgs/include/px4_msgs/px4_msgs/msg/detail/irlock_report__type_support.cpp\n'}
[9.367198] (px4_msgs) StdoutLine: {'line': b'-- Up-to-date: /home/em/ros_workspace_2025/nav_ws/install/px4_msgs/include/px4_msgs/px4_msgs/msg/detail/tecs_status__rosidl_typesupport_introspection_cpp.hpp\n'}
[9.367221] (px4_msgs) StdoutLine: {'line': b'-- Up-to-date: /home/em/ros_workspace_2025/nav_ws/install/px4_msgs/include/px4_msgs/px4_msgs/msg/detail/actuator_motors__type_support.cpp\n'}
[9.367246] (px4_msgs) StdoutLine: {'line': b'-- Up-to-date: /home/em/ros_workspace_2025/nav_ws/install/px4_msgs/include/px4_msgs/px4_msgs/msg/detail/figure_eight_status__type_support.cpp\n'}
[9.367269] (px4_msgs) StdoutLine: {'line': b'-- Up-to-date: /home/em/ros_workspace_2025/nav_ws/install/px4_msgs/include/px4_msgs/px4_msgs/msg/detail/sensor_gyro__rosidl_typesupport_introspection_cpp.hpp\n'}
[9.367292] (px4_msgs) StdoutLine: {'line': b'-- Up-to-date: /home/em/ros_workspace_2025/nav_ws/install/px4_msgs/include/px4_msgs/px4_msgs/msg/detail/estimator_status_flags__type_support.cpp\n'}
[9.367313] (px4_msgs) StdoutLine: {'line': b'-- Up-to-date: /home/em/ros_workspace_2025/nav_ws/install/px4_msgs/include/px4_msgs/px4_msgs/msg/detail/estimator_selector_status__type_support.cpp\n'}
[9.367335] (px4_msgs) StdoutLine: {'line': b'-- Up-to-date: /home/em/ros_workspace_2025/nav_ws/install/px4_msgs/include/px4_msgs/px4_msgs/msg/detail/flight_phase_estimation__type_support.cpp\n'}
[9.367357] (px4_msgs) StdoutLine: {'line': b'-- Up-to-date: /home/em/ros_workspace_2025/nav_ws/install/px4_msgs/include/px4_msgs/px4_msgs/msg/detail/figure_eight_status__rosidl_typesupport_introspection_cpp.hpp\n'}
[9.367378] (px4_msgs) StdoutLine: {'line': b'-- Up-to-date: /home/em/ros_workspace_2025/nav_ws/install/px4_msgs/include/px4_msgs/px4_msgs/msg/detail/vehicle_local_position_setpoint__type_support.cpp\n'}
[9.367408] (px4_msgs) StdoutLine: {'line': b'-- Up-to-date: /home/em/ros_workspace_2025/nav_ws/install/px4_msgs/include/px4_msgs/px4_msgs/msg/detail/vehicle_command__rosidl_typesupport_introspection_cpp.hpp\n'}
[9.367452] (px4_msgs) StdoutLine: {'line': b'-- Up-to-date: /home/em/ros_workspace_2025/nav_ws/install/px4_msgs/include/px4_msgs/px4_msgs/msg/detail/ulog_stream__type_support.cpp\n'}
[9.367490] (px4_msgs) StdoutLine: {'line': b'-- Up-to-date: /home/em/ros_workspace_2025/nav_ws/install/px4_msgs/include/px4_msgs/px4_msgs/msg/detail/actuator_servos__rosidl_typesupport_introspection_cpp.hpp\n'}
[9.367522] (px4_msgs) StdoutLine: {'line': b'-- Up-to-date: /home/em/ros_workspace_2025/nav_ws/install/px4_msgs/include/px4_msgs/px4_msgs/msg/detail/sensors_status__type_support.cpp\n'}
[9.367560] (px4_msgs) StdoutLine: {'line': b'-- Up-to-date: /home/em/ros_workspace_2025/nav_ws/install/px4_msgs/include/px4_msgs/px4_msgs/msg/detail/input_rc__rosidl_typesupport_introspection_cpp.hpp\n'}
[9.367594] (px4_msgs) StdoutLine: {'line': b'-- Up-to-date: /home/em/ros_workspace_2025/nav_ws/install/px4_msgs/include/px4_msgs/px4_msgs/msg/detail/message_format_response__rosidl_typesupport_introspection_cpp.hpp\n'}
[9.367628] (px4_msgs) StdoutLine: {'line': b'-- Up-to-date: /home/em/ros_workspace_2025/nav_ws/install/px4_msgs/include/px4_msgs/px4_msgs/msg/detail/sensor_gyro_fft__type_support.cpp\n'}
[9.367661] (px4_msgs) StdoutLine: {'line': b'-- Up-to-date: /home/em/ros_workspace_2025/nav_ws/install/px4_msgs/include/px4_msgs/px4_msgs/msg/detail/task_stack_info__type_support.cpp\n'}
[9.367692] (px4_msgs) StdoutLine: {'line': b'-- Up-to-date: /home/em/ros_workspace_2025/nav_ws/install/px4_msgs/include/px4_msgs/px4_msgs/msg/detail/rc_parameter_map__rosidl_typesupport_introspection_cpp.hpp\n'}
[9.367724] (px4_msgs) StdoutLine: {'line': b'-- Up-to-date: /home/em/ros_workspace_2025/nav_ws/install/px4_msgs/include/px4_msgs/px4_msgs/msg/detail/cpuload__type_support.cpp\n'}
[9.367756] (px4_msgs) StdoutLine: {'line': b'-- Up-to-date: /home/em/ros_workspace_2025/nav_ws/install/px4_msgs/include/px4_msgs/px4_msgs/msg/detail/landing_target_innovations__rosidl_typesupport_introspection_cpp.hpp\n'}
[9.367789] (px4_msgs) StdoutLine: {'line': b'-- Up-to-date: /home/em/ros_workspace_2025/nav_ws/install/px4_msgs/include/px4_msgs/px4_msgs/msg/detail/vehicle_status__type_support.cpp\n'}
[9.367819] (px4_msgs) StdoutLine: {'line': b'-- Up-to-date: /home/em/ros_workspace_2025/nav_ws/install/px4_msgs/include/px4_msgs/px4_msgs/msg/detail/sensor_gnss_relative__type_support.cpp\n'}
[9.367850] (px4_msgs) StdoutLine: {'line': b'-- Up-to-date: /home/em/ros_workspace_2025/nav_ws/install/px4_msgs/include/px4_msgs/px4_msgs/msg/detail/rover_mecanum_guidance_status__type_support.cpp\n'}
[9.367896] (px4_msgs) StdoutLine: {'line': b'-- Up-to-date: /home/em/ros_workspace_2025/nav_ws/install/px4_msgs/include/px4_msgs/px4_msgs/msg/detail/airspeed_wind__type_support.cpp\n'}
[9.367993] (px4_msgs) StdoutLine: {'line': b'-- Up-to-date: /home/em/ros_workspace_2025/nav_ws/install/px4_msgs/include/px4_msgs/px4_msgs/msg/detail/iridiumsbd_status__type_support.cpp\n'}
[9.368043] (px4_msgs) StdoutLine: {'line': b'-- Up-to-date: /home/em/ros_workspace_2025/nav_ws/install/px4_msgs/include/px4_msgs/px4_msgs/msg/detail/buffer128__rosidl_typesupport_introspection_cpp.hpp\n'}
[9.368085] (px4_msgs) StdoutLine: {'line': b'-- Up-to-date: /home/em/ros_workspace_2025/nav_ws/install/px4_msgs/include/px4_msgs/px4_msgs/msg/detail/open_drone_id_arm_status__rosidl_typesupport_introspection_cpp.hpp\n'}
[9.368119] (px4_msgs) StdoutLine: {'line': b'-- Up-to-date: /home/em/ros_workspace_2025/nav_ws/install/px4_msgs/include/px4_msgs/px4_msgs/msg/detail/goto_setpoint__type_support.cpp\n'}
[9.368150] (px4_msgs) StdoutLine: {'line': b'-- Up-to-date: /home/em/ros_workspace_2025/nav_ws/install/px4_msgs/include/px4_msgs/px4_msgs/msg/detail/vehicle_odometry__type_support.cpp\n'}
[9.368182] (px4_msgs) StdoutLine: {'line': b'-- Up-to-date: /home/em/ros_workspace_2025/nav_ws/install/px4_msgs/include/px4_msgs/px4_msgs/msg/detail/distance_sensor__type_support.cpp\n'}
[9.368215] (px4_msgs) StdoutLine: {'line': b'-- Up-to-date: /home/em/ros_workspace_2025/nav_ws/install/px4_msgs/include/px4_msgs/px4_msgs/msg/detail/goto_setpoint__rosidl_typesupport_introspection_cpp.hpp\n'}
[9.368245] (px4_msgs) StdoutLine: {'line': b'-- Up-to-date: /home/em/ros_workspace_2025/nav_ws/install/px4_msgs/include/px4_msgs/px4_msgs/msg/detail/vehicle_optical_flow_vel__rosidl_typesupport_introspection_cpp.hpp\n'}
[9.368277] (px4_msgs) StdoutLine: {'line': b'-- Up-to-date: /home/em/ros_workspace_2025/nav_ws/install/px4_msgs/include/px4_msgs/px4_msgs/msg/detail/gps_inject_data__rosidl_typesupport_introspection_cpp.hpp\n'}
[9.368309] (px4_msgs) StdoutLine: {'line': b'-- Up-to-date: /home/em/ros_workspace_2025/nav_ws/install/px4_msgs/include/px4_msgs/px4_msgs/msg/detail/px4io_status__rosidl_typesupport_introspection_cpp.hpp\n'}
[9.368340] (px4_msgs) StdoutLine: {'line': b'-- Up-to-date: /home/em/ros_workspace_2025/nav_ws/install/px4_msgs/include/px4_msgs/px4_msgs/msg/detail/estimator_bias__rosidl_typesupport_introspection_cpp.hpp\n'}
[9.368370] (px4_msgs) StdoutLine: {'line': b'-- Up-to-date: /home/em/ros_workspace_2025/nav_ws/install/px4_msgs/include/px4_msgs/px4_msgs/msg/detail/radio_status__rosidl_typesupport_introspection_cpp.hpp\n'}
[9.368402] (px4_msgs) StdoutLine: {'line': b'-- Up-to-date: /home/em/ros_workspace_2025/nav_ws/install/px4_msgs/include/px4_msgs/px4_msgs/msg/detail/gpio_out__rosidl_typesupport_introspection_cpp.hpp\n'}
[9.368445] (px4_msgs) StdoutLine: {'line': b'-- Up-to-date: /home/em/ros_workspace_2025/nav_ws/install/px4_msgs/include/px4_msgs/px4_msgs/msg/detail/position_setpoint__rosidl_typesupport_introspection_cpp.hpp\n'}
[9.368476] (px4_msgs) StdoutLine: {'line': b'-- Up-to-date: /home/em/ros_workspace_2025/nav_ws/install/px4_msgs/include/px4_msgs/px4_msgs/msg/detail/vehicle_optical_flow_vel__type_support.cpp\n'}
[9.368508] (px4_msgs) StdoutLine: {'line': b'-- Up-to-date: /home/em/ros_workspace_2025/nav_ws/install/px4_msgs/include/px4_msgs/px4_msgs/msg/detail/vehicle_imu_status__rosidl_typesupport_introspection_cpp.hpp\n'}
[9.368544] (px4_msgs) StdoutLine: {'line': b'-- Up-to-date: /home/em/ros_workspace_2025/nav_ws/install/px4_msgs/include/px4_msgs/px4_msgs/msg/detail/mission__rosidl_typesupport_introspection_cpp.hpp\n'}
[9.368571] (px4_msgs) StdoutLine: {'line': b'-- Up-to-date: /home/em/ros_workspace_2025/nav_ws/install/px4_msgs/include/px4_msgs/px4_msgs/msg/detail/gimbal_device_set_attitude__type_support.cpp\n'}
[9.368591] (px4_msgs) StdoutLine: {'line': b'-- Up-to-date: /home/em/ros_workspace_2025/nav_ws/install/px4_msgs/include/px4_msgs/px4_msgs/msg/detail/uavcan_parameter_request__type_support.cpp\n'}
[9.368614] (px4_msgs) StdoutLine: {'line': b'-- Up-to-date: /home/em/ros_workspace_2025/nav_ws/install/px4_msgs/include/px4_msgs/px4_msgs/msg/detail/sensor_preflight_mag__type_support.cpp\n'}
[9.368634] (px4_msgs) StdoutLine: {'line': b'-- Up-to-date: /home/em/ros_workspace_2025/nav_ws/install/px4_msgs/include/px4_msgs/px4_msgs/msg/detail/vtol_vehicle_status__rosidl_typesupport_introspection_cpp.hpp\n'}
[9.368656] (px4_msgs) StdoutLine: {'line': b'-- Up-to-date: /home/em/ros_workspace_2025/nav_ws/install/px4_msgs/include/px4_msgs/px4_msgs/msg/detail/esc_report__rosidl_typesupport_introspection_cpp.hpp\n'}
[9.368676] (px4_msgs) StdoutLine: {'line': b'-- Up-to-date: /home/em/ros_workspace_2025/nav_ws/install/px4_msgs/include/px4_msgs/px4_msgs/msg/detail/actuator_motors__rosidl_typesupport_introspection_cpp.hpp\n'}
[9.368697] (px4_msgs) StdoutLine: {'line': b'-- Up-to-date: /home/em/ros_workspace_2025/nav_ws/install/px4_msgs/include/px4_msgs/px4_msgs/msg/detail/gripper__rosidl_typesupport_introspection_cpp.hpp\n'}
[9.368717] (px4_msgs) StdoutLine: {'line': b'-- Up-to-date: /home/em/ros_workspace_2025/nav_ws/install/px4_msgs/include/px4_msgs/px4_msgs/msg/detail/yaw_estimator_status__type_support.cpp\n'}
[9.368738] (px4_msgs) StdoutLine: {'line': b'-- Up-to-date: /home/em/ros_workspace_2025/nav_ws/install/px4_msgs/include/px4_msgs/px4_msgs/msg/detail/ekf2_timestamps__rosidl_typesupport_introspection_cpp.hpp\n'}
[9.368759] (px4_msgs) StdoutLine: {'line': b'-- Up-to-date: /home/em/ros_workspace_2025/nav_ws/install/px4_msgs/include/px4_msgs/px4_msgs/msg/detail/dataman_response__rosidl_typesupport_introspection_cpp.hpp\n'}
[9.368779] (px4_msgs) StdoutLine: {'line': b'-- Up-to-date: /home/em/ros_workspace_2025/nav_ws/install/px4_msgs/include/px4_msgs/px4_msgs/msg/detail/led_control__type_support.cpp\n'}
[9.368800] (px4_msgs) StdoutLine: {'line': b'-- Up-to-date: /home/em/ros_workspace_2025/nav_ws/install/px4_msgs/include/px4_msgs/px4_msgs/msg/detail/landing_gear__rosidl_typesupport_introspection_cpp.hpp\n'}
[9.368821] (px4_msgs) StdoutLine: {'line': b'-- Up-to-date: /home/em/ros_workspace_2025/nav_ws/install/px4_msgs/include/px4_msgs/px4_msgs/msg/detail/position_controller_status__type_support.cpp\n'}
[9.368840] (px4_msgs) StdoutLine: {'line': b'-- Up-to-date: /home/em/ros_workspace_2025/nav_ws/install/px4_msgs/include/px4_msgs/px4_msgs/msg/detail/health_report__rosidl_typesupport_introspection_cpp.hpp\n'}
[9.368858] (px4_msgs) StdoutLine: {'line': b'-- Up-to-date: /home/em/ros_workspace_2025/nav_ws/install/px4_msgs/include/px4_msgs/px4_msgs/msg/detail/yaw_estimator_status__rosidl_typesupport_introspection_cpp.hpp\n'}
[9.368889] (px4_msgs) StdoutLine: {'line': b'-- Up-to-date: /home/em/ros_workspace_2025/nav_ws/install/px4_msgs/include/px4_msgs/px4_msgs/msg/detail/gimbal_manager_set_manual_control__rosidl_typesupport_introspection_cpp.hpp\n'}
[9.368958] (px4_msgs) StdoutLine: {'line': b'-- Up-to-date: /home/em/ros_workspace_2025/nav_ws/install/px4_msgs/include/px4_msgs/px4_msgs/msg/detail/estimator_states__rosidl_typesupport_introspection_cpp.hpp\n'}
[9.369008] (px4_msgs) StdoutLine: {'line': b'-- Up-to-date: /home/em/ros_workspace_2025/nav_ws/install/px4_msgs/include/px4_msgs/px4_msgs/msg/detail/position_controller_status__rosidl_typesupport_introspection_cpp.hpp\n'}
[9.369044] (px4_msgs) StdoutLine: {'line': b'-- Up-to-date: /home/em/ros_workspace_2025/nav_ws/install/px4_msgs/include/px4_msgs/px4_msgs/msg/detail/manual_control_setpoint__rosidl_typesupport_introspection_cpp.hpp\n'}
[9.369070] (px4_msgs) StdoutLine: {'line': b'-- Up-to-date: /home/em/ros_workspace_2025/nav_ws/install/px4_msgs/include/px4_msgs/px4_msgs/msg/detail/cpuload__rosidl_typesupport_introspection_cpp.hpp\n'}
[9.369093] (px4_msgs) StdoutLine: {'line': b'-- Up-to-date: /home/em/ros_workspace_2025/nav_ws/install/px4_msgs/include/px4_msgs/px4_msgs/msg/detail/power_button_state__rosidl_typesupport_introspection_cpp.hpp\n'}
[9.369115] (px4_msgs) StdoutLine: {'line': b'-- Up-to-date: /home/em/ros_workspace_2025/nav_ws/install/px4_msgs/include/px4_msgs/px4_msgs/msg/detail/transponder_report__type_support.cpp\n'}
[9.369136] (px4_msgs) StdoutLine: {'line': b'-- Up-to-date: /home/em/ros_workspace_2025/nav_ws/install/px4_msgs/include/px4_msgs/px4_msgs/msg/detail/dataman_response__type_support.cpp\n'}
[9.369157] (px4_msgs) StdoutLine: {'line': b'-- Up-to-date: /home/em/ros_workspace_2025/nav_ws/install/px4_msgs/include/px4_msgs/px4_msgs/msg/detail/rover_differential_status__rosidl_typesupport_introspection_cpp.hpp\n'}
[9.369177] (px4_msgs) StdoutLine: {'line': b'-- Up-to-date: /home/em/ros_workspace_2025/nav_ws/install/px4_msgs/include/px4_msgs/px4_msgs/msg/detail/vehicle_trajectory_bezier__type_support.cpp\n'}
[9.369203] (px4_msgs) StdoutLine: {'line': b'-- Up-to-date: /home/em/ros_workspace_2025/nav_ws/install/px4_msgs/include/px4_msgs/px4_msgs/msg/detail/camera_status__type_support.cpp\n'}
[9.369223] (px4_msgs) StdoutLine: {'line': b'-- Up-to-date: /home/em/ros_workspace_2025/nav_ws/install/px4_msgs/include/px4_msgs/px4_msgs/msg/detail/estimator_selector_status__rosidl_typesupport_introspection_cpp.hpp\n'}
[9.369242] (px4_msgs) StdoutLine: {'line': b'-- Up-to-date: /home/em/ros_workspace_2025/nav_ws/install/px4_msgs/include/px4_msgs/px4_msgs/msg/detail/hover_thrust_estimate__rosidl_typesupport_introspection_cpp.hpp\n'}
[9.369261] (px4_msgs) StdoutLine: {'line': b'-- Up-to-date: /home/em/ros_workspace_2025/nav_ws/install/px4_msgs/include/px4_msgs/px4_msgs/msg/detail/power_button_state__type_support.cpp\n'}
[9.369284] (px4_msgs) StdoutLine: {'line': b'-- Up-to-date: /home/em/ros_workspace_2025/nav_ws/install/px4_msgs/include/px4_msgs/px4_msgs/msg/detail/follow_target_estimator__type_support.cpp\n'}
[9.369303] (px4_msgs) StdoutLine: {'line': b'-- Up-to-date: /home/em/ros_workspace_2025/nav_ws/install/px4_msgs/include/px4_msgs/px4_msgs/msg/detail/gimbal_controls__rosidl_typesupport_introspection_cpp.hpp\n'}
[9.369321] (px4_msgs) StdoutLine: {'line': b'-- Up-to-date: /home/em/ros_workspace_2025/nav_ws/install/px4_msgs/include/px4_msgs/px4_msgs/msg/detail/sensor_baro__type_support.cpp\n'}
[9.369340] (px4_msgs) StdoutLine: {'line': b'-- Up-to-date: /home/em/ros_workspace_2025/nav_ws/install/px4_msgs/include/px4_msgs/px4_msgs/msg/detail/position_controller_landing_status__rosidl_typesupport_introspection_cpp.hpp\n'}
[9.369360] (px4_msgs) StdoutLine: {'line': b'-- Up-to-date: /home/em/ros_workspace_2025/nav_ws/install/px4_msgs/include/px4_msgs/px4_msgs/msg/detail/rover_ackermann_setpoint__type_support.cpp\n'}
[9.369379] (px4_msgs) StdoutLine: {'line': b'-- Up-to-date: /home/em/ros_workspace_2025/nav_ws/install/px4_msgs/include/px4_msgs/px4_msgs/msg/detail/actuator_controls_status__type_support.cpp\n'}
[9.369399] (px4_msgs) StdoutLine: {'line': b'-- Up-to-date: /home/em/ros_workspace_2025/nav_ws/install/px4_msgs/include/px4_msgs/px4_msgs/msg/detail/gimbal_device_information__rosidl_typesupport_introspection_cpp.hpp\n'}
[9.369429] (px4_msgs) StdoutLine: {'line': b'-- Up-to-date: /home/em/ros_workspace_2025/nav_ws/install/px4_msgs/include/px4_msgs/px4_msgs/msg/detail/collision_report__type_support.cpp\n'}
[9.369449] (px4_msgs) StdoutLine: {'line': b'-- Up-to-date: /home/em/ros_workspace_2025/nav_ws/install/px4_msgs/include/px4_msgs/px4_msgs/msg/detail/position_setpoint_triplet__rosidl_typesupport_introspection_cpp.hpp\n'}
[9.369477] (px4_msgs) StdoutLine: {'line': b'-- Up-to-date: /home/em/ros_workspace_2025/nav_ws/install/px4_msgs/include/px4_msgs/px4_msgs/msg/detail/home_position__type_support.cpp\n'}
[9.369498] (px4_msgs) StdoutLine: {'line': b'-- Up-to-date: /home/em/ros_workspace_2025/nav_ws/install/px4_msgs/include/px4_msgs/px4_msgs/msg/detail/sensor_gyro_fifo__rosidl_typesupport_introspection_cpp.hpp\n'}
[9.369518] (px4_msgs) StdoutLine: {'line': b'-- Up-to-date: /home/em/ros_workspace_2025/nav_ws/install/px4_msgs/include/px4_msgs/px4_msgs/msg/detail/rtl_time_estimate__rosidl_typesupport_introspection_cpp.hpp\n'}
[9.369538] (px4_msgs) StdoutLine: {'line': b'-- Up-to-date: /home/em/ros_workspace_2025/nav_ws/install/px4_msgs/include/px4_msgs/px4_msgs/msg/detail/estimator_aid_source1d__type_support.cpp\n'}
[9.369559] (px4_msgs) StdoutLine: {'line': b'-- Up-to-date: /home/em/ros_workspace_2025/nav_ws/install/px4_msgs/include/px4_msgs/px4_msgs/msg/detail/event__type_support.cpp\n'}
[9.369580] (px4_msgs) StdoutLine: {'line': b'-- Up-to-date: /home/em/ros_workspace_2025/nav_ws/install/px4_msgs/include/px4_msgs/px4_msgs/msg/detail/fuel_tank_status__type_support.cpp\n'}
[9.369601] (px4_msgs) StdoutLine: {'line': b'-- Up-to-date: /home/em/ros_workspace_2025/nav_ws/install/px4_msgs/include/px4_msgs/px4_msgs/msg/detail/tiltrotor_extra_controls__type_support.cpp\n'}
[9.369622] (px4_msgs) StdoutLine: {'line': b'-- Up-to-date: /home/em/ros_workspace_2025/nav_ws/install/px4_msgs/include/px4_msgs/px4_msgs/msg/detail/camera_capture__type_support.cpp\n'}
[9.369643] (px4_msgs) StdoutLine: {'line': b'-- Up-to-date: /home/em/ros_workspace_2025/nav_ws/install/px4_msgs/include/px4_msgs/px4_msgs/msg/detail/gripper__type_support.cpp\n'}
[9.369663] (px4_msgs) StdoutLine: {'line': b'-- Up-to-date: /home/em/ros_workspace_2025/nav_ws/install/px4_msgs/include/px4_msgs/px4_msgs/msg/detail/follow_target_status__rosidl_typesupport_introspection_cpp.hpp\n'}
[9.369684] (px4_msgs) StdoutLine: {'line': b'-- Up-to-date: /home/em/ros_workspace_2025/nav_ws/install/px4_msgs/include/px4_msgs/px4_msgs/msg/detail/gimbal_manager_set_manual_control__type_support.cpp\n'}
[9.369706] (px4_msgs) StdoutLine: {'line': b'-- Up-to-date: /home/em/ros_workspace_2025/nav_ws/install/px4_msgs/include/px4_msgs/px4_msgs/msg/detail/ulog_stream_ack__rosidl_typesupport_introspection_cpp.hpp\n'}
[9.369733] (px4_msgs) StdoutLine: {'line': b'-- Up-to-date: /home/em/ros_workspace_2025/nav_ws/install/px4_msgs/include/px4_msgs/px4_msgs/msg/detail/sensor_preflight_mag__rosidl_typesupport_introspection_cpp.hpp\n'}
[9.369752] (px4_msgs) StdoutLine: {'line': b'-- Up-to-date: /home/em/ros_workspace_2025/nav_ws/install/px4_msgs/include/px4_msgs/px4_msgs/msg/detail/vehicle_optical_flow__rosidl_typesupport_introspection_cpp.hpp\n'}
[9.369787] (px4_msgs) StdoutLine: {'line': b'-- Up-to-date: /home/em/ros_workspace_2025/nav_ws/install/px4_msgs/include/px4_msgs/px4_msgs/msg/detail/vehicle_torque_setpoint__type_support.cpp\n'}
[9.369823] (px4_msgs) StdoutLine: {'line': b'-- Up-to-date: /home/em/ros_workspace_2025/nav_ws/install/px4_msgs/include/px4_msgs/px4_msgs/msg/detail/generator_status__rosidl_typesupport_introspection_cpp.hpp\n'}
[9.369848] (px4_msgs) StdoutLine: {'line': b'-- Up-to-date: /home/em/ros_workspace_2025/nav_ws/install/px4_msgs/include/px4_msgs/px4_msgs/msg/detail/mavlink_tunnel__rosidl_typesupport_introspection_cpp.hpp\n'}
[9.369870] (px4_msgs) StdoutLine: {'line': b'-- Up-to-date: /home/em/ros_workspace_2025/nav_ws/install/px4_msgs/include/px4_msgs/px4_msgs/msg/detail/register_ext_component_request__type_support.cpp\n'}
[9.369891] (px4_msgs) StdoutLine: {'line': b'-- Up-to-date: /home/em/ros_workspace_2025/nav_ws/install/px4_msgs/include/px4_msgs/px4_msgs/msg/detail/geofence_status__type_support.cpp\n'}
[9.369911] (px4_msgs) StdoutLine: {'line': b'-- Up-to-date: /home/em/ros_workspace_2025/nav_ws/install/px4_msgs/include/px4_msgs/px4_msgs/msg/detail/home_position__rosidl_typesupport_introspection_cpp.hpp\n'}
[9.369932] (px4_msgs) StdoutLine: {'line': b'-- Up-to-date: /home/em/ros_workspace_2025/nav_ws/install/px4_msgs/include/px4_msgs/px4_msgs/msg/detail/timesync_status__rosidl_typesupport_introspection_cpp.hpp\n'}
[9.369954] (px4_msgs) StdoutLine: {'line': b'-- Up-to-date: /home/em/ros_workspace_2025/nav_ws/install/px4_msgs/include/px4_msgs/px4_msgs/msg/detail/sensor_gnss_relative__rosidl_typesupport_introspection_cpp.hpp\n'}
[9.369977] (px4_msgs) StdoutLine: {'line': b'-- Up-to-date: /home/em/ros_workspace_2025/nav_ws/install/px4_msgs/include/px4_msgs/px4_msgs/msg/detail/esc_status__type_support.cpp\n'}
[9.369999] (px4_msgs) StdoutLine: {'line': b'-- Up-to-date: /home/em/ros_workspace_2025/nav_ws/install/px4_msgs/include/px4_msgs/px4_msgs/msg/detail/autotune_attitude_control_status__type_support.cpp\n'}
[9.370018] (px4_msgs) StdoutLine: {'line': b'-- Up-to-date: /home/em/ros_workspace_2025/nav_ws/install/px4_msgs/include/px4_msgs/px4_msgs/msg/detail/ulog_stream__rosidl_typesupport_introspection_cpp.hpp\n'}
[9.370076] (px4_msgs) StdoutLine: {'line': b'-- Up-to-date: /home/em/ros_workspace_2025/nav_ws/install/px4_msgs/include/px4_msgs/px4_msgs/msg/detail/led_control__rosidl_typesupport_introspection_cpp.hpp\n'}
[9.370101] (px4_msgs) StdoutLine: {'line': b'-- Up-to-date: /home/em/ros_workspace_2025/nav_ws/install/px4_msgs/include/px4_msgs/px4_msgs/msg/detail/landing_gear__type_support.cpp\n'}
[9.370120] (px4_msgs) StdoutLine: {'line': b'-- Up-to-date: /home/em/ros_workspace_2025/nav_ws/install/px4_msgs/include/px4_msgs/px4_msgs/msg/detail/gimbal_device_information__type_support.cpp\n'}
[9.370140] (px4_msgs) StdoutLine: {'line': b'-- Up-to-date: /home/em/ros_workspace_2025/nav_ws/install/px4_msgs/include/px4_msgs/px4_msgs/msg/detail/airspeed_validated__type_support.cpp\n'}
[9.370159] (px4_msgs) StdoutLine: {'line': b'-- Up-to-date: /home/em/ros_workspace_2025/nav_ws/install/px4_msgs/include/px4_msgs/px4_msgs/msg/detail/vehicle_trajectory_waypoint__rosidl_typesupport_introspection_cpp.hpp\n'}
[9.370179] (px4_msgs) StdoutLine: {'line': b'-- Up-to-date: /home/em/ros_workspace_2025/nav_ws/install/px4_msgs/include/px4_msgs/px4_msgs/msg/detail/parameter_set_value_response__type_support.cpp\n'}
[9.370198] (px4_msgs) StdoutLine: {'line': b'-- Up-to-date: /home/em/ros_workspace_2025/nav_ws/install/px4_msgs/include/px4_msgs/px4_msgs/msg/detail/system_power__rosidl_typesupport_introspection_cpp.hpp\n'}
[9.370220] (px4_msgs) StdoutLine: {'line': b'-- Up-to-date: /home/em/ros_workspace_2025/nav_ws/install/px4_msgs/include/px4_msgs/px4_msgs/msg/detail/vehicle_acceleration__rosidl_typesupport_introspection_cpp.hpp\n'}
[9.370240] (px4_msgs) StdoutLine: {'line': b'-- Up-to-date: /home/em/ros_workspace_2025/nav_ws/install/px4_msgs/include/px4_msgs/px4_msgs/msg/detail/onboard_computer_status__type_support.cpp\n'}
[9.370258] (px4_msgs) StdoutLine: {'line': b'-- Up-to-date: /home/em/ros_workspace_2025/nav_ws/install/px4_msgs/include/px4_msgs/px4_msgs/msg/detail/sensor_accel__type_support.cpp\n'}
[9.370277] (px4_msgs) StdoutLine: {'line': b'-- Up-to-date: /home/em/ros_workspace_2025/nav_ws/install/px4_msgs/include/px4_msgs/px4_msgs/msg/detail/rpm__rosidl_typesupport_introspection_cpp.hpp\n'}
[9.370296] (px4_msgs) StdoutLine: {'line': b'-- Up-to-date: /home/em/ros_workspace_2025/nav_ws/install/px4_msgs/include/px4_msgs/px4_msgs/msg/detail/vehicle_air_data__rosidl_typesupport_introspection_cpp.hpp\n'}
[9.370315] (px4_msgs) StdoutLine: {'line': b'-- Up-to-date: /home/em/ros_workspace_2025/nav_ws/install/px4_msgs/include/px4_msgs/px4_msgs/msg/detail/vehicle_angular_acceleration_setpoint__rosidl_typesupport_introspection_cpp.hpp\n'}
[9.370334] (px4_msgs) StdoutLine: {'line': b'-- Up-to-date: /home/em/ros_workspace_2025/nav_ws/install/px4_msgs/include/px4_msgs/px4_msgs/msg/detail/follow_target__type_support.cpp\n'}
[9.370353] (px4_msgs) StdoutLine: {'line': b'-- Up-to-date: /home/em/ros_workspace_2025/nav_ws/install/px4_msgs/include/px4_msgs/px4_msgs/msg/detail/geofence_status__rosidl_typesupport_introspection_cpp.hpp\n'}
[9.370375] (px4_msgs) StdoutLine: {'line': b'-- Up-to-date: /home/em/ros_workspace_2025/nav_ws/install/px4_msgs/include/px4_msgs/px4_msgs/msg/detail/qshell_req__type_support.cpp\n'}
[9.370393] (px4_msgs) StdoutLine: {'line': b'-- Up-to-date: /home/em/ros_workspace_2025/nav_ws/install/px4_msgs/include/px4_msgs/px4_msgs/msg/detail/open_drone_id_system__type_support.cpp\n'}
[9.370419] (px4_msgs) StdoutLine: {'line': b'-- Up-to-date: /home/em/ros_workspace_2025/nav_ws/install/px4_msgs/include/px4_msgs/px4_msgs/msg/detail/cellular_status__type_support.cpp\n'}
[9.370443] (px4_msgs) StdoutLine: {'line': b'-- Up-to-date: /home/em/ros_workspace_2025/nav_ws/install/px4_msgs/include/px4_msgs/px4_msgs/msg/detail/sensor_gps__type_support.cpp\n'}
[9.370463] (px4_msgs) StdoutLine: {'line': b'-- Up-to-date: /home/em/ros_workspace_2025/nav_ws/install/px4_msgs/include/px4_msgs/px4_msgs/msg/detail/navigator_mission_item__type_support.cpp\n'}
[9.370483] (px4_msgs) StdoutLine: {'line': b'-- Up-to-date: /home/em/ros_workspace_2025/nav_ws/install/px4_msgs/include/px4_msgs/px4_msgs/msg/detail/gps_inject_data__type_support.cpp\n'}
[9.370502] (px4_msgs) StdoutLine: {'line': b'-- Up-to-date: /home/em/ros_workspace_2025/nav_ws/install/px4_msgs/include/px4_msgs/px4_msgs/msg/detail/gpio_in__rosidl_typesupport_introspection_cpp.hpp\n'}
[9.370522] (px4_msgs) StdoutLine: {'line': b'-- Up-to-date: /home/em/ros_workspace_2025/nav_ws/install/px4_msgs/include/px4_msgs/px4_msgs/msg/detail/onboard_computer_status__rosidl_typesupport_introspection_cpp.hpp\n'}
[9.370542] (px4_msgs) StdoutLine: {'line': b'-- Up-to-date: /home/em/ros_workspace_2025/nav_ws/install/px4_msgs/include/px4_msgs/px4_msgs/msg/detail/rtl_time_estimate__type_support.cpp\n'}
[9.370562] (px4_msgs) StdoutLine: {'line': b'-- Up-to-date: /home/em/ros_workspace_2025/nav_ws/install/px4_msgs/include/px4_msgs/px4_msgs/msg/detail/landing_gear_wheel__type_support.cpp\n'}
[9.370582] (px4_msgs) StdoutLine: {'line': b'-- Up-to-date: /home/em/ros_workspace_2025/nav_ws/install/px4_msgs/include/px4_msgs/px4_msgs/msg/detail/estimator_bias3d__type_support.cpp\n'}
[9.370602] (px4_msgs) StdoutLine: {'line': b'-- Up-to-date: /home/em/ros_workspace_2025/nav_ws/install/px4_msgs/include/px4_msgs/px4_msgs/msg/detail/mount_orientation__type_support.cpp\n'}
[9.370621] (px4_msgs) StdoutLine: {'line': b'-- Up-to-date: /home/em/ros_workspace_2025/nav_ws/install/px4_msgs/include/px4_msgs/px4_msgs/msg/detail/control_allocator_status__rosidl_typesupport_introspection_cpp.hpp\n'}
[9.370643] (px4_msgs) StdoutLine: {'line': b'-- Up-to-date: /home/em/ros_workspace_2025/nav_ws/install/px4_msgs/include/px4_msgs/px4_msgs/msg/detail/sensor_uwb__type_support.cpp\n'}
[9.370663] (px4_msgs) StdoutLine: {'line': b'-- Up-to-date: /home/em/ros_workspace_2025/nav_ws/install/px4_msgs/include/px4_msgs/px4_msgs/msg/detail/manual_control_setpoint__type_support.cpp\n'}
[9.370682] (px4_msgs) StdoutLine: {'line': b'-- Up-to-date: /home/em/ros_workspace_2025/nav_ws/install/px4_msgs/include/px4_msgs/px4_msgs/msg/detail/gps_dump__type_support.cpp\n'}
[9.370703] (px4_msgs) StdoutLine: {'line': b'-- Up-to-date: /home/em/ros_workspace_2025/nav_ws/install/px4_msgs/include/px4_msgs/px4_msgs/msg/detail/sensor_selection__type_support.cpp\n'}
[9.370725] (px4_msgs) StdoutLine: {'line': b'-- Up-to-date: /home/em/ros_workspace_2025/nav_ws/install/px4_msgs/include/px4_msgs/px4_msgs/msg/detail/rover_differential_setpoint__rosidl_typesupport_introspection_cpp.hpp\n'}
[9.370744] (px4_msgs) StdoutLine: {'line': b'-- Up-to-date: /home/em/ros_workspace_2025/nav_ws/install/px4_msgs/include/px4_msgs/px4_msgs/msg/detail/landing_gear_wheel__rosidl_typesupport_introspection_cpp.hpp\n'}
[9.370762] (px4_msgs) StdoutLine: {'line': b'-- Up-to-date: /home/em/ros_workspace_2025/nav_ws/install/px4_msgs/include/px4_msgs/px4_msgs/msg/detail/esc_status__rosidl_typesupport_introspection_cpp.hpp\n'}
[9.370781] (px4_msgs) StdoutLine: {'line': b'-- Up-to-date: /home/em/ros_workspace_2025/nav_ws/install/px4_msgs/include/px4_msgs/px4_msgs/msg/detail/actuator_controls_status__rosidl_typesupport_introspection_cpp.hpp\n'}
[9.370804] (px4_msgs) StdoutLine: {'line': b'-- Up-to-date: /home/em/ros_workspace_2025/nav_ws/install/px4_msgs/include/px4_msgs/px4_msgs/msg/detail/position_setpoint_triplet__type_support.cpp\n'}
[9.370826] (px4_msgs) StdoutLine: {'line': b'-- Up-to-date: /home/em/ros_workspace_2025/nav_ws/install/px4_msgs/include/px4_msgs/px4_msgs/msg/detail/debug_array__rosidl_typesupport_introspection_cpp.hpp\n'}
[9.370847] (px4_msgs) StdoutLine: {'line': b'-- Up-to-date: /home/em/ros_workspace_2025/nav_ws/install/px4_msgs/include/px4_msgs/px4_msgs/msg/detail/can_interface_status__rosidl_typesupport_introspection_cpp.hpp\n'}
[9.370867] (px4_msgs) StdoutLine: {'line': b'-- Up-to-date: /home/em/ros_workspace_2025/nav_ws/install/px4_msgs/include/px4_msgs/px4_msgs/msg/detail/npfg_status__type_support.cpp\n'}
[9.370886] (px4_msgs) StdoutLine: {'line': b'-- Up-to-date: /home/em/ros_workspace_2025/nav_ws/install/px4_msgs/include/px4_msgs/px4_msgs/msg/detail/vehicle_imu_status__type_support.cpp\n'}
[9.370905] (px4_msgs) StdoutLine: {'line': b'-- Up-to-date: /home/em/ros_workspace_2025/nav_ws/install/px4_msgs/include/px4_msgs/px4_msgs/msg/detail/sensor_uwb__rosidl_typesupport_introspection_cpp.hpp\n'}
[9.370923] (px4_msgs) StdoutLine: {'line': b'-- Up-to-date: /home/em/ros_workspace_2025/nav_ws/install/px4_msgs/include/px4_msgs/px4_msgs/msg/detail/vehicle_thrust_setpoint__rosidl_typesupport_introspection_cpp.hpp\n'}
[9.370945] (px4_msgs) StdoutLine: {'line': b'-- Up-to-date: /home/em/ros_workspace_2025/nav_ws/install/px4_msgs/include/px4_msgs/px4_msgs/msg/detail/camera_trigger__rosidl_typesupport_introspection_cpp.hpp\n'}
[9.370963] (px4_msgs) StdoutLine: {'line': b'-- Up-to-date: /home/em/ros_workspace_2025/nav_ws/install/px4_msgs/include/px4_msgs/px4_msgs/msg/detail/control_allocator_status__type_support.cpp\n'}
[9.370982] (px4_msgs) StdoutLine: {'line': b'-- Up-to-date: /home/em/ros_workspace_2025/nav_ws/install/px4_msgs/include/px4_msgs/px4_msgs/msg/detail/vehicle_imu__rosidl_typesupport_introspection_cpp.hpp\n'}
[9.371001] (px4_msgs) StdoutLine: {'line': b'-- Up-to-date: /home/em/ros_workspace_2025/nav_ws/install/px4_msgs/include/px4_msgs/px4_msgs/msg/detail/manual_control_switches__rosidl_typesupport_introspection_cpp.hpp\n'}
[9.371020] (px4_msgs) StdoutLine: {'line': b'-- Up-to-date: /home/em/ros_workspace_2025/nav_ws/install/px4_msgs/include/px4_msgs/px4_msgs/msg/detail/rc_channels__type_support.cpp\n'}
[9.371049] (px4_msgs) StdoutLine: {'line': b'-- Up-to-date: /home/em/ros_workspace_2025/nav_ws/install/px4_msgs/include/px4_msgs/px4_msgs/msg/detail/sensor_gps__rosidl_typesupport_introspection_cpp.hpp\n'}
[9.371077] (px4_msgs) StdoutLine: {'line': b'-- Up-to-date: /home/em/ros_workspace_2025/nav_ws/install/px4_msgs/include/px4_msgs/px4_msgs/msg/detail/takeoff_status__rosidl_typesupport_introspection_cpp.hpp\n'}
[9.371098] (px4_msgs) StdoutLine: {'line': b'-- Up-to-date: /home/em/ros_workspace_2025/nav_ws/install/px4_msgs/include/px4_msgs/px4_msgs/msg/detail/gps_dump__rosidl_typesupport_introspection_cpp.hpp\n'}
[9.371120] (px4_msgs) StdoutLine: {'line': b'-- Up-to-date: /home/em/ros_workspace_2025/nav_ws/install/px4_msgs/include/px4_msgs/px4_msgs/msg/detail/sensor_baro__rosidl_typesupport_introspection_cpp.hpp\n'}
[9.371141] (px4_msgs) StdoutLine: {'line': b'-- Up-to-date: /home/em/ros_workspace_2025/nav_ws/install/px4_msgs/include/px4_msgs/px4_msgs/msg/detail/follow_target_estimator__rosidl_typesupport_introspection_cpp.hpp\n'}
[9.371162] (px4_msgs) StdoutLine: {'line': b'-- Up-to-date: /home/em/ros_workspace_2025/nav_ws/install/px4_msgs/include/px4_msgs/px4_msgs/msg/detail/distance_sensor_mode_change_request__type_support.cpp\n'}
[9.371181] (px4_msgs) StdoutLine: {'line': b'-- Up-to-date: /home/em/ros_workspace_2025/nav_ws/install/px4_msgs/include/px4_msgs/px4_msgs/msg/detail/transponder_report__rosidl_typesupport_introspection_cpp.hpp\n'}
[9.371202] (px4_msgs) StdoutLine: {'line': b'-- Up-to-date: /home/em/ros_workspace_2025/nav_ws/install/px4_msgs/include/px4_msgs/px4_msgs/msg/detail/estimator_event_flags__rosidl_typesupport_introspection_cpp.hpp\n'}
[9.371222] (px4_msgs) StdoutLine: {'line': b'-- Up-to-date: /home/em/ros_workspace_2025/nav_ws/install/px4_msgs/include/px4_msgs/px4_msgs/msg/detail/vehicle_attitude__rosidl_typesupport_introspection_cpp.hpp\n'}
[9.371242] (px4_msgs) StdoutLine: {'line': b'-- Up-to-date: /home/em/ros_workspace_2025/nav_ws/install/px4_msgs/include/px4_msgs/px4_msgs/msg/detail/estimator_innovations__type_support.cpp\n'}
[9.371262] (px4_msgs) StdoutLine: {'line': b'-- Up-to-date: /home/em/ros_workspace_2025/nav_ws/install/px4_msgs/include/px4_msgs/px4_msgs/msg/detail/trajectory_bezier__type_support.cpp\n'}
[9.371285] (px4_msgs) StdoutLine: {'line': b'-- Up-to-date: /home/em/ros_workspace_2025/nav_ws/install/px4_msgs/include/px4_msgs/px4_msgs/msg/detail/pps_capture__type_support.cpp\n'}
[9.371316] (px4_msgs) StdoutLine: {'line': b'-- Up-to-date: /home/em/ros_workspace_2025/nav_ws/install/px4_msgs/include/px4_msgs/px4_msgs/msg/detail/qshell_retval__rosidl_typesupport_introspection_cpp.hpp\n'}
[9.371342] (px4_msgs) StdoutLine: {'line': b'-- Up-to-date: /home/em/ros_workspace_2025/nav_ws/install/px4_msgs/include/px4_msgs/px4_msgs/msg/detail/rover_mecanum_guidance_status__rosidl_typesupport_introspection_cpp.hpp\n'}
[9.371372] (px4_msgs) StdoutLine: {'line': b'-- Up-to-date: /home/em/ros_workspace_2025/nav_ws/install/px4_msgs/include/px4_msgs/px4_msgs/msg/detail/flight_phase_estimation__rosidl_typesupport_introspection_cpp.hpp\n'}
[9.371397] (px4_msgs) StdoutLine: {'line': b'-- Up-to-date: /home/em/ros_workspace_2025/nav_ws/install/px4_msgs/include/px4_msgs/px4_msgs/msg/detail/collision_constraints__rosidl_typesupport_introspection_cpp.hpp\n'}
[9.371425] (px4_msgs) StdoutLine: {'line': b'-- Up-to-date: /home/em/ros_workspace_2025/nav_ws/install/px4_msgs/include/px4_msgs/px4_msgs/msg/detail/vehicle_command_ack__rosidl_typesupport_introspection_cpp.hpp\n'}
[9.371446] (px4_msgs) StdoutLine: {'line': b'-- Up-to-date: /home/em/ros_workspace_2025/nav_ws/install/px4_msgs/include/px4_msgs/px4_msgs/msg/detail/airspeed_wind__rosidl_typesupport_introspection_cpp.hpp\n'}
[9.371467] (px4_msgs) StdoutLine: {'line': b'-- Up-to-date: /home/em/ros_workspace_2025/nav_ws/install/px4_msgs/include/px4_msgs/px4_msgs/msg/detail/parameter_update__type_support.cpp\n'}
[9.371491] (px4_msgs) StdoutLine: {'line': b'-- Up-to-date: /home/em/ros_workspace_2025/nav_ws/install/px4_msgs/include/px4_msgs/px4_msgs/msg/detail/log_message__type_support.cpp\n'}
[9.371511] (px4_msgs) StdoutLine: {'line': b'-- Up-to-date: /home/em/ros_workspace_2025/nav_ws/install/px4_msgs/include/px4_msgs/px4_msgs/msg/detail/navigator_status__rosidl_typesupport_introspection_cpp.hpp\n'}
[9.371534] (px4_msgs) StdoutLine: {'line': b'-- Up-to-date: /home/em/ros_workspace_2025/nav_ws/install/px4_msgs/include/px4_msgs/px4_msgs/msg/detail/orb_test__rosidl_typesupport_introspection_cpp.hpp\n'}
[9.371555] (px4_msgs) StdoutLine: {'line': b'-- Up-to-date: /home/em/ros_workspace_2025/nav_ws/install/px4_msgs/include/px4_msgs/px4_msgs/msg/detail/sensor_accel_fifo__type_support.cpp\n'}
[9.371575] (px4_msgs) StdoutLine: {'line': b'-- Up-to-date: /home/em/ros_workspace_2025/nav_ws/install/px4_msgs/include/px4_msgs/px4_msgs/msg/detail/sensor_mag__type_support.cpp\n'}
[9.371594] (px4_msgs) StdoutLine: {'line': b'-- Up-to-date: /home/em/ros_workspace_2025/nav_ws/install/px4_msgs/include/px4_msgs/px4_msgs/msg/detail/mag_worker_data__type_support.cpp\n'}
[9.371616] (px4_msgs) StdoutLine: {'line': b'-- Up-to-date: /home/em/ros_workspace_2025/nav_ws/install/px4_msgs/include/px4_msgs/px4_msgs/msg/detail/rover_ackermann_status__type_support.cpp\n'}
[9.371636] (px4_msgs) StdoutLine: {'line': b'-- Up-to-date: /home/em/ros_workspace_2025/nav_ws/install/px4_msgs/include/px4_msgs/px4_msgs/msg/detail/vehicle_roi__type_support.cpp\n'}
[9.371656] (px4_msgs) StdoutLine: {'line': b'-- Up-to-date: /home/em/ros_workspace_2025/nav_ws/install/px4_msgs/include/px4_msgs/px4_msgs/msg/detail/rover_ackermann_guidance_status__type_support.cpp\n'}
[9.371676] (px4_msgs) StdoutLine: {'line': b'-- Up-to-date: /home/em/ros_workspace_2025/nav_ws/install/px4_msgs/include/px4_msgs/px4_msgs/msg/detail/navigator_mission_item__rosidl_typesupport_introspection_cpp.hpp\n'}
[9.371695] (px4_msgs) StdoutLine: {'line': b'-- Up-to-date: /home/em/ros_workspace_2025/nav_ws/install/px4_msgs/include/px4_msgs/px4_msgs/msg/detail/sensor_hygrometer__rosidl_typesupport_introspection_cpp.hpp\n'}
[9.371718] (px4_msgs) StdoutLine: {'line': b'-- Up-to-date: /home/em/ros_workspace_2025/nav_ws/install/px4_msgs/include/px4_msgs/px4_msgs/msg/detail/vehicle_command_ack__type_support.cpp\n'}
[9.371736] (px4_msgs) StdoutLine: {'line': b'-- Up-to-date: /home/em/ros_workspace_2025/nav_ws/install/px4_msgs/include/px4_msgs/px4_msgs/msg/detail/trajectory_waypoint__type_support.cpp\n'}
[9.371755] (px4_msgs) StdoutLine: {'line': b'-- Up-to-date: /home/em/ros_workspace_2025/nav_ws/install/px4_msgs/include/px4_msgs/px4_msgs/msg/detail/unregister_ext_component__rosidl_typesupport_introspection_cpp.hpp\n'}
[9.371773] (px4_msgs) StdoutLine: {'line': b'-- Up-to-date: /home/em/ros_workspace_2025/nav_ws/install/px4_msgs/include/px4_msgs/px4_msgs/msg/detail/wind__type_support.cpp\n'}
[9.371792] (px4_msgs) StdoutLine: {'line': b'-- Up-to-date: /home/em/ros_workspace_2025/nav_ws/install/px4_msgs/include/px4_msgs/px4_msgs/msg/detail/heater_status__rosidl_typesupport_introspection_cpp.hpp\n'}
[9.371810] (px4_msgs) StdoutLine: {'line': b'-- Up-to-date: /home/em/ros_workspace_2025/nav_ws/install/px4_msgs/include/px4_msgs/px4_msgs/msg/detail/vehicle_odometry__rosidl_typesupport_introspection_cpp.hpp\n'}
[9.371829] (px4_msgs) StdoutLine: {'line': b'-- Up-to-date: /home/em/ros_workspace_2025/nav_ws/install/px4_msgs/include/px4_msgs/px4_msgs/msg/detail/trajectory_bezier__rosidl_typesupport_introspection_cpp.hpp\n'}
[9.371848] (px4_msgs) StdoutLine: {'line': b'-- Up-to-date: /home/em/ros_workspace_2025/nav_ws/install/px4_msgs/include/px4_msgs/px4_msgs/msg/detail/npfg_status__rosidl_typesupport_introspection_cpp.hpp\n'}
[9.371867] (px4_msgs) StdoutLine: {'line': b'-- Up-to-date: /home/em/ros_workspace_2025/nav_ws/install/px4_msgs/include/px4_msgs/px4_msgs/msg/detail/vehicle_attitude_setpoint__type_support.cpp\n'}
[9.371885] (px4_msgs) StdoutLine: {'line': b'-- Up-to-date: /home/em/ros_workspace_2025/nav_ws/install/px4_msgs/include/px4_msgs/px4_msgs/msg/detail/distance_sensor_mode_change_request__rosidl_typesupport_introspection_cpp.hpp\n'}
[9.371906] (px4_msgs) StdoutLine: {'line': b'-- Up-to-date: /home/em/ros_workspace_2025/nav_ws/install/px4_msgs/include/px4_msgs/px4_msgs/msg/detail/gimbal_device_attitude_status__rosidl_typesupport_introspection_cpp.hpp\n'}
[9.371926] (px4_msgs) StdoutLine: {'line': b'-- Up-to-date: /home/em/ros_workspace_2025/nav_ws/install/px4_msgs/include/px4_msgs/px4_msgs/msg/detail/wheel_encoders__rosidl_typesupport_introspection_cpp.hpp\n'}
[9.371944] (px4_msgs) StdoutLine: {'line': b'-- Up-to-date: /home/em/ros_workspace_2025/nav_ws/install/px4_msgs/include/px4_msgs/px4_msgs/msg/detail/camera_status__rosidl_typesupport_introspection_cpp.hpp\n'}
[9.371963] (px4_msgs) StdoutLine: {'line': b'-- Up-to-date: /home/em/ros_workspace_2025/nav_ws/install/px4_msgs/include/px4_msgs/px4_msgs/msg/detail/differential_pressure__type_support.cpp\n'}
[9.371983] (px4_msgs) StdoutLine: {'line': b'-- Up-to-date: /home/em/ros_workspace_2025/nav_ws/install/px4_msgs/include/px4_msgs/px4_msgs/msg/detail/navigator_status__type_support.cpp\n'}
[9.372002] (px4_msgs) StdoutLine: {'line': b'-- Up-to-date: /home/em/ros_workspace_2025/nav_ws/install/px4_msgs/include/px4_msgs/px4_msgs/msg/detail/vehicle_rates_setpoint__rosidl_typesupport_introspection_cpp.hpp\n'}
[9.372021] (px4_msgs) StdoutLine: {'line': b'-- Up-to-date: /home/em/ros_workspace_2025/nav_ws/install/px4_msgs/include/px4_msgs/px4_msgs/msg/detail/vehicle_trajectory_waypoint__type_support.cpp\n'}
[9.372040] (px4_msgs) StdoutLine: {'line': b'-- Up-to-date: /home/em/ros_workspace_2025/nav_ws/install/px4_msgs/include/px4_msgs/px4_msgs/msg/detail/log_message__rosidl_typesupport_introspection_cpp.hpp\n'}
[9.372062] (px4_msgs) StdoutLine: {'line': b'-- Up-to-date: /home/em/ros_workspace_2025/nav_ws/install/px4_msgs/include/px4_msgs/px4_msgs/msg/detail/gimbal_manager_information__type_support.cpp\n'}
[9.372081] (px4_msgs) StdoutLine: {'line': b'-- Up-to-date: /home/em/ros_workspace_2025/nav_ws/install/px4_msgs/include/px4_msgs/px4_msgs/msg/detail/rate_ctrl_status__rosidl_typesupport_introspection_cpp.hpp\n'}
[9.372102] (px4_msgs) StdoutLine: {'line': b'-- Up-to-date: /home/em/ros_workspace_2025/nav_ws/install/px4_msgs/include/px4_msgs/px4_msgs/msg/detail/magnetometer_bias_estimate__rosidl_typesupport_introspection_cpp.hpp\n'}
[9.372121] (px4_msgs) StdoutLine: {'line': b'-- Up-to-date: /home/em/ros_workspace_2025/nav_ws/install/px4_msgs/include/px4_msgs/px4_msgs/msg/detail/task_stack_info__rosidl_typesupport_introspection_cpp.hpp\n'}
[9.372140] (px4_msgs) StdoutLine: {'line': b'-- Up-to-date: /home/em/ros_workspace_2025/nav_ws/install/px4_msgs/include/px4_msgs/px4_msgs/msg/detail/pps_capture__rosidl_typesupport_introspection_cpp.hpp\n'}
[9.372159] (px4_msgs) StdoutLine: {'line': b'-- Up-to-date: /home/em/ros_workspace_2025/nav_ws/install/px4_msgs/include/px4_msgs/px4_msgs/msg/detail/sensor_correction__rosidl_typesupport_introspection_cpp.hpp\n'}
[9.372178] (px4_msgs) StdoutLine: {'line': b'-- Up-to-date: /home/em/ros_workspace_2025/nav_ws/install/px4_msgs/include/px4_msgs/px4_msgs/msg/detail/vehicle_land_detected__rosidl_typesupport_introspection_cpp.hpp\n'}
[9.372196] (px4_msgs) StdoutLine: {'line': b'-- Up-to-date: /home/em/ros_workspace_2025/nav_ws/install/px4_msgs/include/px4_msgs/px4_msgs/msg/detail/mission_result__rosidl_typesupport_introspection_cpp.hpp\n'}
[9.372216] (px4_msgs) StdoutLine: {'line': b'-- Up-to-date: /home/em/ros_workspace_2025/nav_ws/install/px4_msgs/include/px4_msgs/px4_msgs/msg/detail/mission_result__type_support.cpp\n'}
[9.372238] (px4_msgs) StdoutLine: {'line': b'-- Up-to-date: /home/em/ros_workspace_2025/nav_ws/install/px4_msgs/include/px4_msgs/px4_msgs/msg/detail/magnetometer_bias_estimate__type_support.cpp\n'}
[9.372261] (px4_msgs) StdoutLine: {'line': b'-- Up-to-date: /home/em/ros_workspace_2025/nav_ws/install/px4_msgs/include/px4_msgs/px4_msgs/msg/detail/rtl_status__type_support.cpp\n'}
[9.372285] (px4_msgs) StdoutLine: {'line': b'-- Up-to-date: /home/em/ros_workspace_2025/nav_ws/install/px4_msgs/include/px4_msgs/px4_msgs/msg/detail/sensors_status_imu__rosidl_typesupport_introspection_cpp.hpp\n'}
[9.372309] (px4_msgs) StdoutLine: {'line': b'-- Up-to-date: /home/em/ros_workspace_2025/nav_ws/install/px4_msgs/include/px4_msgs/px4_msgs/msg/detail/logger_status__type_support.cpp\n'}
[9.372331] (px4_msgs) StdoutLine: {'line': b'-- Up-to-date: /home/em/ros_workspace_2025/nav_ws/install/px4_msgs/include/px4_msgs/px4_msgs/msg/detail/parameter_set_value_response__rosidl_typesupport_introspection_cpp.hpp\n'}
[9.372351] (px4_msgs) StdoutLine: {'line': b'-- Up-to-date: /home/em/ros_workspace_2025/nav_ws/install/px4_msgs/include/px4_msgs/px4_msgs/msg/detail/rc_parameter_map__type_support.cpp\n'}
[9.372371] (px4_msgs) StdoutLine: {'line': b'-- Up-to-date: /home/em/ros_workspace_2025/nav_ws/install/px4_msgs/include/px4_msgs/px4_msgs/msg/detail/manual_control_switches__type_support.cpp\n'}
[9.372392] (px4_msgs) StdoutLine: {'line': b'-- Up-to-date: /home/em/ros_workspace_2025/nav_ws/install/px4_msgs/include/px4_msgs/px4_msgs/msg/detail/debug_array__type_support.cpp\n'}
[9.372418] (px4_msgs) StdoutLine: {'line': b'-- Up-to-date: /home/em/ros_workspace_2025/nav_ws/install/px4_msgs/include/px4_msgs/px4_msgs/msg/detail/mode_completed__rosidl_typesupport_introspection_cpp.hpp\n'}
[9.372440] (px4_msgs) StdoutLine: {'line': b'-- Up-to-date: /home/em/ros_workspace_2025/nav_ws/install/px4_msgs/include/px4_msgs/px4_msgs/msg/detail/tune_control__type_support.cpp\n'}
[9.372461] (px4_msgs) StdoutLine: {'line': b'-- Up-to-date: /home/em/ros_workspace_2025/nav_ws/install/px4_msgs/include/px4_msgs/px4_msgs/msg/detail/buffer128__type_support.cpp\n'}
[9.372490] (px4_msgs) StdoutLine: {'line': b'-- Up-to-date: /home/em/ros_workspace_2025/nav_ws/install/px4_msgs/include/px4_msgs/px4_msgs/msg/detail/failsafe_flags__rosidl_typesupport_introspection_cpp.hpp\n'}
[9.372513] (px4_msgs) StdoutLine: {'line': b'-- Up-to-date: /home/em/ros_workspace_2025/nav_ws/install/px4_msgs/include/px4_msgs/px4_msgs/msg/detail/vehicle_angular_acceleration_setpoint__type_support.cpp\n'}
[9.372537] (px4_msgs) StdoutLine: {'line': b'-- Up-to-date: /home/em/ros_workspace_2025/nav_ws/install/px4_msgs/include/px4_msgs/px4_msgs/msg/detail/estimator_aid_source1d__rosidl_typesupport_introspection_cpp.hpp\n'}
[9.372559] (px4_msgs) StdoutLine: {'line': b'-- Up-to-date: /home/em/ros_workspace_2025/nav_ws/install/px4_msgs/include/px4_msgs/px4_msgs/msg/detail/actuator_test__rosidl_typesupport_introspection_cpp.hpp\n'}
[9.372580] (px4_msgs) StdoutLine: {'line': b'-- Up-to-date: /home/em/ros_workspace_2025/nav_ws/install/px4_msgs/include/px4_msgs/px4_msgs/msg/detail/parameter_update__rosidl_typesupport_introspection_cpp.hpp\n'}
[9.372601] (px4_msgs) StdoutLine: {'line': b'-- Up-to-date: /home/em/ros_workspace_2025/nav_ws/install/px4_msgs/include/px4_msgs/px4_msgs/msg/detail/orb_test_large__rosidl_typesupport_introspection_cpp.hpp\n'}
[9.372625] (px4_msgs) StdoutLine: {'line': b'-- Up-to-date: /home/em/ros_workspace_2025/nav_ws/install/px4_msgs/include/px4_msgs/px4_msgs/msg/detail/obstacle_distance__rosidl_typesupport_introspection_cpp.hpp\n'}
[9.372647] (px4_msgs) StdoutLine: {'line': b'-- Up-to-date: /home/em/ros_workspace_2025/nav_ws/install/px4_msgs/include/px4_msgs/px4_msgs/msg/detail/debug_value__type_support.cpp\n'}
[9.372668] (px4_msgs) StdoutLine: {'line': b'-- Up-to-date: /home/em/ros_workspace_2025/nav_ws/install/px4_msgs/include/px4_msgs/px4_msgs/msg/detail/vtol_vehicle_status__type_support.cpp\n'}
[9.372688] (px4_msgs) StdoutLine: {'line': b'-- Up-to-date: /home/em/ros_workspace_2025/nav_ws/install/px4_msgs/lib/libpx4_msgs__rosidl_typesupport_introspection_cpp.so\n'}
[9.372710] (px4_msgs) StdoutLine: {'line': b'-- Up-to-date: /home/em/ros_workspace_2025/nav_ws/install/px4_msgs/lib/libpx4_msgs__rosidl_typesupport_cpp.so\n'}
[9.372733] (px4_msgs) StdoutLine: {'line': b'-- Up-to-date: /home/em/ros_workspace_2025/nav_ws/install/px4_msgs/share/px4_msgs/environment/pythonpath.sh\n'}
[9.372760] (px4_msgs) StdoutLine: {'line': b'-- Up-to-date: /home/em/ros_workspace_2025/nav_ws/install/px4_msgs/share/px4_msgs/environment/pythonpath.dsv\n'}
[9.372782] (px4_msgs) StdoutLine: {'line': b'-- Up-to-date: /home/em/ros_workspace_2025/nav_ws/install/px4_msgs/local/lib/python3.10/dist-packages/px4_msgs-2.0.1-py3.10.egg-info\n'}
[9.372804] (px4_msgs) StdoutLine: {'line': b'-- Installing: /home/em/ros_workspace_2025/nav_ws/install/px4_msgs/local/lib/python3.10/dist-packages/px4_msgs-2.0.1-py3.10.egg-info/top_level.txt\n'}
[9.372825] (px4_msgs) StdoutLine: {'line': b'-- Installing: /home/em/ros_workspace_2025/nav_ws/install/px4_msgs/local/lib/python3.10/dist-packages/px4_msgs-2.0.1-py3.10.egg-info/PKG-INFO\n'}
[9.372846] (px4_msgs) StdoutLine: {'line': b'-- Installing: /home/em/ros_workspace_2025/nav_ws/install/px4_msgs/local/lib/python3.10/dist-packages/px4_msgs-2.0.1-py3.10.egg-info/dependency_links.txt\n'}
[9.372866] (px4_msgs) StdoutLine: {'line': b'-- Installing: /home/em/ros_workspace_2025/nav_ws/install/px4_msgs/local/lib/python3.10/dist-packages/px4_msgs-2.0.1-py3.10.egg-info/SOURCES.txt\n'}
[9.372885] (px4_msgs) StdoutLine: {'line': b'-- Up-to-date: /home/em/ros_workspace_2025/nav_ws/install/px4_msgs/local/lib/python3.10/dist-packages/px4_msgs\n'}
[9.372904] (px4_msgs) StdoutLine: {'line': b'-- Up-to-date: /home/em/ros_workspace_2025/nav_ws/install/px4_msgs/local/lib/python3.10/dist-packages/px4_msgs/_px4_msgs_s.ep.rosidl_typesupport_c.c\n'}
[9.372923] (px4_msgs) StdoutLine: {'line': b'-- Up-to-date: /home/em/ros_workspace_2025/nav_ws/install/px4_msgs/local/lib/python3.10/dist-packages/px4_msgs/libpx4_msgs__rosidl_generator_py.so\n'}
[9.372944] (px4_msgs) StdoutLine: {'line': b'-- Up-to-date: /home/em/ros_workspace_2025/nav_ws/install/px4_msgs/local/lib/python3.10/dist-packages/px4_msgs/__init__.py\n'}
[9.372964] (px4_msgs) StdoutLine: {'line': b'-- Up-to-date: /home/em/ros_workspace_2025/nav_ws/install/px4_msgs/local/lib/python3.10/dist-packages/px4_msgs/srv\n'}
[9.372983] (px4_msgs) StdoutLine: {'line': b'-- Up-to-date: /home/em/ros_workspace_2025/nav_ws/install/px4_msgs/local/lib/python3.10/dist-packages/px4_msgs/srv/__init__.py\n'}
[9.373003] (px4_msgs) StdoutLine: {'line': b'-- Up-to-date: /home/em/ros_workspace_2025/nav_ws/install/px4_msgs/local/lib/python3.10/dist-packages/px4_msgs/srv/_vehicle_command.py\n'}
[9.373025] (px4_msgs) StdoutLine: {'line': b'-- Up-to-date: /home/em/ros_workspace_2025/nav_ws/install/px4_msgs/local/lib/python3.10/dist-packages/px4_msgs/srv/_vehicle_command_s.c\n'}
[9.373048] (px4_msgs) StdoutLine: {'line': b'-- Up-to-date: /home/em/ros_workspace_2025/nav_ws/install/px4_msgs/local/lib/python3.10/dist-packages/px4_msgs/px4_msgs_s__rosidl_typesupport_c.cpython-310-x86_64-linux-gnu.so\n'}
[9.373071] (px4_msgs) StdoutLine: {'line': b'-- Up-to-date: /home/em/ros_workspace_2025/nav_ws/install/px4_msgs/local/lib/python3.10/dist-packages/px4_msgs/px4_msgs_s__rosidl_typesupport_introspection_c.cpython-310-x86_64-linux-gnu.so\n'}
[9.373092] (px4_msgs) StdoutLine: {'line': b'-- Up-to-date: /home/em/ros_workspace_2025/nav_ws/install/px4_msgs/local/lib/python3.10/dist-packages/px4_msgs/px4_msgs_s__rosidl_typesupport_fastrtps_c.cpython-310-x86_64-linux-gnu.so\n'}
[9.373112] (px4_msgs) StdoutLine: {'line': b'-- Up-to-date: /home/em/ros_workspace_2025/nav_ws/install/px4_msgs/local/lib/python3.10/dist-packages/px4_msgs/msg\n'}
[9.373133] (px4_msgs) StdoutLine: {'line': b'-- Up-to-date: /home/em/ros_workspace_2025/nav_ws/install/px4_msgs/local/lib/python3.10/dist-packages/px4_msgs/msg/_sensor_mag_s.c\n'}
[9.373154] (px4_msgs) StdoutLine: {'line': b'-- Up-to-date: /home/em/ros_workspace_2025/nav_ws/install/px4_msgs/local/lib/python3.10/dist-packages/px4_msgs/msg/_can_interface_status_s.c\n'}
[9.373175] (px4_msgs) StdoutLine: {'line': b'-- Up-to-date: /home/em/ros_workspace_2025/nav_ws/install/px4_msgs/local/lib/python3.10/dist-packages/px4_msgs/msg/_distance_sensor_mode_change_request.py\n'}
[9.373195] (px4_msgs) StdoutLine: {'line': b'-- Up-to-date: /home/em/ros_workspace_2025/nav_ws/install/px4_msgs/local/lib/python3.10/dist-packages/px4_msgs/msg/_mavlink_tunnel_s.c\n'}
[9.373218] (px4_msgs) StdoutLine: {'line': b'-- Up-to-date: /home/em/ros_workspace_2025/nav_ws/install/px4_msgs/local/lib/python3.10/dist-packages/px4_msgs/msg/_unregister_ext_component.py\n'}
[9.373240] (px4_msgs) StdoutLine: {'line': b'-- Up-to-date: /home/em/ros_workspace_2025/nav_ws/install/px4_msgs/local/lib/python3.10/dist-packages/px4_msgs/msg/_vehicle_trajectory_waypoint_s.c\n'}
[9.373264] (px4_msgs) StdoutLine: {'line': b'-- Up-to-date: /home/em/ros_workspace_2025/nav_ws/install/px4_msgs/local/lib/python3.10/dist-packages/px4_msgs/msg/_vehicle_thrust_setpoint_s.c\n'}
[9.373284] (px4_msgs) StdoutLine: {'line': b'-- Up-to-date: /home/em/ros_workspace_2025/nav_ws/install/px4_msgs/local/lib/python3.10/dist-packages/px4_msgs/msg/_parameter_set_value_request.py\n'}
[9.373305] (px4_msgs) StdoutLine: {'line': b'-- Up-to-date: /home/em/ros_workspace_2025/nav_ws/install/px4_msgs/local/lib/python3.10/dist-packages/px4_msgs/msg/_estimator_sensor_bias.py\n'}
[9.373327] (px4_msgs) StdoutLine: {'line': b'-- Up-to-date: /home/em/ros_workspace_2025/nav_ws/install/px4_msgs/local/lib/python3.10/dist-packages/px4_msgs/msg/_offboard_control_mode.py\n'}
[9.373349] (px4_msgs) StdoutLine: {'line': b'-- Up-to-date: /home/em/ros_workspace_2025/nav_ws/install/px4_msgs/local/lib/python3.10/dist-packages/px4_msgs/msg/_open_drone_id_system_s.c\n'}
[9.373372] (px4_msgs) StdoutLine: {'line': b'-- Up-to-date: /home/em/ros_workspace_2025/nav_ws/install/px4_msgs/local/lib/python3.10/dist-packages/px4_msgs/msg/_sensor_mag.py\n'}
[9.373393] (px4_msgs) StdoutLine: {'line': b'-- Up-to-date: /home/em/ros_workspace_2025/nav_ws/install/px4_msgs/local/lib/python3.10/dist-packages/px4_msgs/msg/_dataman_response.py\n'}
[9.373514] (px4_msgs) StdoutLine: {'line': b'-- Up-to-date: /home/em/ros_workspace_2025/nav_ws/install/px4_msgs/local/lib/python3.10/dist-packages/px4_msgs/msg/_home_position.py\n'}
[9.373548] (px4_msgs) StdoutLine: {'line': b'-- Up-to-date: /home/em/ros_workspace_2025/nav_ws/install/px4_msgs/local/lib/python3.10/dist-packages/px4_msgs/msg/_goto_setpoint.py\n'}
[9.373572] (px4_msgs) StdoutLine: {'line': b'-- Up-to-date: /home/em/ros_workspace_2025/nav_ws/install/px4_msgs/local/lib/python3.10/dist-packages/px4_msgs/msg/_gpio_config.py\n'}
[9.373597] (px4_msgs) StdoutLine: {'line': b'-- Up-to-date: /home/em/ros_workspace_2025/nav_ws/install/px4_msgs/local/lib/python3.10/dist-packages/px4_msgs/msg/_npfg_status.py\n'}
[9.373619] (px4_msgs) StdoutLine: {'line': b'-- Up-to-date: /home/em/ros_workspace_2025/nav_ws/install/px4_msgs/local/lib/python3.10/dist-packages/px4_msgs/msg/_rover_mecanum_setpoint.py\n'}
[9.373640] (px4_msgs) StdoutLine: {'line': b'-- Up-to-date: /home/em/ros_workspace_2025/nav_ws/install/px4_msgs/local/lib/python3.10/dist-packages/px4_msgs/msg/_uavcan_parameter_request_s.c\n'}
[9.373661] (px4_msgs) StdoutLine: {'line': b'-- Up-to-date: /home/em/ros_workspace_2025/nav_ws/install/px4_msgs/local/lib/python3.10/dist-packages/px4_msgs/msg/_tune_control.py\n'}
[9.373682] (px4_msgs) StdoutLine: {'line': b'-- Up-to-date: /home/em/ros_workspace_2025/nav_ws/install/px4_msgs/local/lib/python3.10/dist-packages/px4_msgs/msg/_estimator_status.py\n'}
[9.373702] (px4_msgs) StdoutLine: {'line': b'-- Up-to-date: /home/em/ros_workspace_2025/nav_ws/install/px4_msgs/local/lib/python3.10/dist-packages/px4_msgs/msg/_sensor_accel_fifo_s.c\n'}
[9.373722] (px4_msgs) StdoutLine: {'line': b'-- Up-to-date: /home/em/ros_workspace_2025/nav_ws/install/px4_msgs/local/lib/python3.10/dist-packages/px4_msgs/msg/_flight_phase_estimation_s.c\n'}
[9.373742] (px4_msgs) StdoutLine: {'line': b'-- Up-to-date: /home/em/ros_workspace_2025/nav_ws/install/px4_msgs/local/lib/python3.10/dist-packages/px4_msgs/msg/_parameter_set_used_request.py\n'}
[9.373762] (px4_msgs) StdoutLine: {'line': b'-- Up-to-date: /home/em/ros_workspace_2025/nav_ws/install/px4_msgs/local/lib/python3.10/dist-packages/px4_msgs/msg/_camera_trigger.py\n'}
[9.373783] (px4_msgs) StdoutLine: {'line': b'-- Up-to-date: /home/em/ros_workspace_2025/nav_ws/install/px4_msgs/local/lib/python3.10/dist-packages/px4_msgs/msg/_sensors_status.py\n'}
[9.373809] (px4_msgs) StdoutLine: {'line': b'-- Up-to-date: /home/em/ros_workspace_2025/nav_ws/install/px4_msgs/local/lib/python3.10/dist-packages/px4_msgs/msg/_esc_status_s.c\n'}
[9.373830] (px4_msgs) StdoutLine: {'line': b'-- Up-to-date: /home/em/ros_workspace_2025/nav_ws/install/px4_msgs/local/lib/python3.10/dist-packages/px4_msgs/msg/_action_request.py\n'}
[9.373849] (px4_msgs) StdoutLine: {'line': b'-- Up-to-date: /home/em/ros_workspace_2025/nav_ws/install/px4_msgs/local/lib/python3.10/dist-packages/px4_msgs/msg/_button_event_s.c\n'}
[9.373868] (px4_msgs) StdoutLine: {'line': b'-- Up-to-date: /home/em/ros_workspace_2025/nav_ws/install/px4_msgs/local/lib/python3.10/dist-packages/px4_msgs/msg/_control_allocator_status.py\n'}
[9.373889] (px4_msgs) StdoutLine: {'line': b'-- Up-to-date: /home/em/ros_workspace_2025/nav_ws/install/px4_msgs/local/lib/python3.10/dist-packages/px4_msgs/msg/_gps_dump.py\n'}
[9.373909] (px4_msgs) StdoutLine: {'line': b'-- Up-to-date: /home/em/ros_workspace_2025/nav_ws/install/px4_msgs/local/lib/python3.10/dist-packages/px4_msgs/msg/_gimbal_device_set_attitude_s.c\n'}
[9.373928] (px4_msgs) StdoutLine: {'line': b'-- Up-to-date: /home/em/ros_workspace_2025/nav_ws/install/px4_msgs/local/lib/python3.10/dist-packages/px4_msgs/msg/_orbit_status.py\n'}
[9.373949] (px4_msgs) StdoutLine: {'line': b'-- Up-to-date: /home/em/ros_workspace_2025/nav_ws/install/px4_msgs/local/lib/python3.10/dist-packages/px4_msgs/msg/_goto_setpoint_s.c\n'}
[9.373968] (px4_msgs) StdoutLine: {'line': b'-- Up-to-date: /home/em/ros_workspace_2025/nav_ws/install/px4_msgs/local/lib/python3.10/dist-packages/px4_msgs/msg/_actuator_outputs.py\n'}
[9.373992] (px4_msgs) StdoutLine: {'line': b'-- Up-to-date: /home/em/ros_workspace_2025/nav_ws/install/px4_msgs/local/lib/python3.10/dist-packages/px4_msgs/msg/_satellite_info_s.c\n'}
[9.374014] (px4_msgs) StdoutLine: {'line': b'-- Up-to-date: /home/em/ros_workspace_2025/nav_ws/install/px4_msgs/local/lib/python3.10/dist-packages/px4_msgs/msg/_health_report.py\n'}
[9.374034] (px4_msgs) StdoutLine: {'line': b'-- Up-to-date: /home/em/ros_workspace_2025/nav_ws/install/px4_msgs/local/lib/python3.10/dist-packages/px4_msgs/msg/_rtl_status_s.c\n'}
[9.374053] (px4_msgs) StdoutLine: {'line': b'-- Up-to-date: /home/em/ros_workspace_2025/nav_ws/install/px4_msgs/local/lib/python3.10/dist-packages/px4_msgs/msg/_vehicle_acceleration.py\n'}
[9.374072] (px4_msgs) StdoutLine: {'line': b'-- Up-to-date: /home/em/ros_workspace_2025/nav_ws/install/px4_msgs/local/lib/python3.10/dist-packages/px4_msgs/msg/_action_request_s.c\n'}
[9.374092] (px4_msgs) StdoutLine: {'line': b'-- Up-to-date: /home/em/ros_workspace_2025/nav_ws/install/px4_msgs/local/lib/python3.10/dist-packages/px4_msgs/msg/_timesync_status.py\n'}
[9.374111] (px4_msgs) StdoutLine: {'line': b'-- Up-to-date: /home/em/ros_workspace_2025/nav_ws/install/px4_msgs/local/lib/python3.10/dist-packages/px4_msgs/msg/_wheel_encoders_s.c\n'}
[9.374130] (px4_msgs) StdoutLine: {'line': b'-- Up-to-date: /home/em/ros_workspace_2025/nav_ws/install/px4_msgs/local/lib/python3.10/dist-packages/px4_msgs/msg/_vehicle_attitude.py\n'}
[9.374158] (px4_msgs) StdoutLine: {'line': b'-- Up-to-date: /home/em/ros_workspace_2025/nav_ws/install/px4_msgs/local/lib/python3.10/dist-packages/px4_msgs/msg/_satellite_info.py\n'}
[9.374198] (px4_msgs) StdoutLine: {'line': b'-- Up-to-date: /home/em/ros_workspace_2025/nav_ws/install/px4_msgs/local/lib/python3.10/dist-packages/px4_msgs/msg/_rate_ctrl_status.py\n'}
[9.374219] (px4_msgs) StdoutLine: {'line': b'-- Up-to-date: /home/em/ros_workspace_2025/nav_ws/install/px4_msgs/local/lib/python3.10/dist-packages/px4_msgs/msg/_actuator_armed.py\n'}
[9.374240] (px4_msgs) StdoutLine: {'line': b'-- Up-to-date: /home/em/ros_workspace_2025/nav_ws/install/px4_msgs/local/lib/python3.10/dist-packages/px4_msgs/msg/_magnetometer_bias_estimate_s.c\n'}
[9.374261] (px4_msgs) StdoutLine: {'line': b'-- Up-to-date: /home/em/ros_workspace_2025/nav_ws/install/px4_msgs/local/lib/python3.10/dist-packages/px4_msgs/msg/_vehicle_optical_flow_vel_s.c\n'}
[9.374282] (px4_msgs) StdoutLine: {'line': b'-- Up-to-date: /home/em/ros_workspace_2025/nav_ws/install/px4_msgs/local/lib/python3.10/dist-packages/px4_msgs/msg/_estimator_selector_status_s.c\n'}
[9.374303] (px4_msgs) StdoutLine: {'line': b'-- Up-to-date: /home/em/ros_workspace_2025/nav_ws/install/px4_msgs/local/lib/python3.10/dist-packages/px4_msgs/msg/_parameter_update_s.c\n'}
[9.374324] (px4_msgs) StdoutLine: {'line': b'-- Up-to-date: /home/em/ros_workspace_2025/nav_ws/install/px4_msgs/local/lib/python3.10/dist-packages/px4_msgs/msg/_magnetometer_bias_estimate.py\n'}
[9.374345] (px4_msgs) StdoutLine: {'line': b'-- Up-to-date: /home/em/ros_workspace_2025/nav_ws/install/px4_msgs/local/lib/python3.10/dist-packages/px4_msgs/msg/_rover_differential_setpoint.py\n'}
[9.374365] (px4_msgs) StdoutLine: {'line': b'-- Up-to-date: /home/em/ros_workspace_2025/nav_ws/install/px4_msgs/local/lib/python3.10/dist-packages/px4_msgs/msg/_open_drone_id_operator_id_s.c\n'}
[9.374384] (px4_msgs) StdoutLine: {'line': b'-- Up-to-date: /home/em/ros_workspace_2025/nav_ws/install/px4_msgs/local/lib/python3.10/dist-packages/px4_msgs/msg/_system_power_s.c\n'}
[9.374410] (px4_msgs) StdoutLine: {'line': b'-- Up-to-date: /home/em/ros_workspace_2025/nav_ws/install/px4_msgs/local/lib/python3.10/dist-packages/px4_msgs/msg/_vehicle_control_mode_s.c\n'}
[9.374435] (px4_msgs) StdoutLine: {'line': b'-- Up-to-date: /home/em/ros_workspace_2025/nav_ws/install/px4_msgs/local/lib/python3.10/dist-packages/px4_msgs/msg/_rover_differential_status_s.c\n'}
[9.374469] (px4_msgs) StdoutLine: {'line': b'-- Up-to-date: /home/em/ros_workspace_2025/nav_ws/install/px4_msgs/local/lib/python3.10/dist-packages/px4_msgs/msg/_rate_ctrl_status_s.c\n'}
[9.374493] (px4_msgs) StdoutLine: {'line': b'-- Up-to-date: /home/em/ros_workspace_2025/nav_ws/install/px4_msgs/local/lib/python3.10/dist-packages/px4_msgs/msg/_trajectory_setpoint_s.c\n'}
[9.374519] (px4_msgs) StdoutLine: {'line': b'-- Up-to-date: /home/em/ros_workspace_2025/nav_ws/install/px4_msgs/local/lib/python3.10/dist-packages/px4_msgs/msg/_rtl_time_estimate_s.c\n'}
[9.374551] (px4_msgs) StdoutLine: {'line': b'-- Up-to-date: /home/em/ros_workspace_2025/nav_ws/install/px4_msgs/local/lib/python3.10/dist-packages/px4_msgs/msg/_vehicle_rates_setpoint_s.c\n'}
[9.374602] (px4_msgs) StdoutLine: {'line': b'-- Up-to-date: /home/em/ros_workspace_2025/nav_ws/install/px4_msgs/local/lib/python3.10/dist-packages/px4_msgs/msg/_collision_report_s.c\n'}
[9.374651] (px4_msgs) StdoutLine: {'line': b'-- Up-to-date: /home/em/ros_workspace_2025/nav_ws/install/px4_msgs/local/lib/python3.10/dist-packages/px4_msgs/msg/_navigator_mission_item_s.c\n'}
[9.374695] (px4_msgs) StdoutLine: {'line': b'-- Up-to-date: /home/em/ros_workspace_2025/nav_ws/install/px4_msgs/local/lib/python3.10/dist-packages/px4_msgs/msg/_vehicle_magnetometer.py\n'}
[9.374770] (px4_msgs) StdoutLine: {'line': b'-- Up-to-date: /home/em/ros_workspace_2025/nav_ws/install/px4_msgs/local/lib/python3.10/dist-packages/px4_msgs/msg/_vehicle_local_position_s.c\n'}
[9.374878] (px4_msgs) StdoutLine: {'line': b'-- Up-to-date: /home/em/ros_workspace_2025/nav_ws/install/px4_msgs/local/lib/python3.10/dist-packages/px4_msgs/msg/_vehicle_odometry_s.c\n'}
[9.374949] (px4_msgs) StdoutLine: {'line': b'-- Up-to-date: /home/em/ros_workspace_2025/nav_ws/install/px4_msgs/local/lib/python3.10/dist-packages/px4_msgs/msg/_onboard_computer_status.py\n'}
[9.374981] (px4_msgs) StdoutLine: {'line': b'-- Up-to-date: /home/em/ros_workspace_2025/nav_ws/install/px4_msgs/local/lib/python3.10/dist-packages/px4_msgs/msg/_gimbal_device_attitude_status_s.c\n'}
[9.375005] (px4_msgs) StdoutLine: {'line': b'-- Up-to-date: /home/em/ros_workspace_2025/nav_ws/install/px4_msgs/local/lib/python3.10/dist-packages/px4_msgs/msg/_estimator_gps_status.py\n'}
[9.375027] (px4_msgs) StdoutLine: {'line': b'-- Up-to-date: /home/em/ros_workspace_2025/nav_ws/install/px4_msgs/local/lib/python3.10/dist-packages/px4_msgs/msg/_sensor_gyro_fft.py\n'}
[9.375055] (px4_msgs) StdoutLine: {'line': b'-- Up-to-date: /home/em/ros_workspace_2025/nav_ws/install/px4_msgs/local/lib/python3.10/dist-packages/px4_msgs/msg/_figure_eight_status.py\n'}
[9.375089] (px4_msgs) StdoutLine: {'line': b'-- Up-to-date: /home/em/ros_workspace_2025/nav_ws/install/px4_msgs/local/lib/python3.10/dist-packages/px4_msgs/msg/_arming_check_reply_s.c\n'}
[9.375112] (px4_msgs) StdoutLine: {'line': b'-- Up-to-date: /home/em/ros_workspace_2025/nav_ws/install/px4_msgs/local/lib/python3.10/dist-packages/px4_msgs/msg/_sensors_status_imu.py\n'}
[9.375139] (px4_msgs) StdoutLine: {'line': b'-- Up-to-date: /home/em/ros_workspace_2025/nav_ws/install/px4_msgs/local/lib/python3.10/dist-packages/px4_msgs/msg/__init__.py\n'}
[9.375169] (px4_msgs) StdoutLine: {'line': b'-- Up-to-date: /home/em/ros_workspace_2025/nav_ws/install/px4_msgs/local/lib/python3.10/dist-packages/px4_msgs/msg/_manual_control_switches_s.c\n'}
[9.375192] (px4_msgs) StdoutLine: {'line': b'-- Up-to-date: /home/em/ros_workspace_2025/nav_ws/install/px4_msgs/local/lib/python3.10/dist-packages/px4_msgs/msg/_ping.py\n'}
[9.375214] (px4_msgs) StdoutLine: {'line': b'-- Up-to-date: /home/em/ros_workspace_2025/nav_ws/install/px4_msgs/local/lib/python3.10/dist-packages/px4_msgs/msg/_sensor_accel.py\n'}
[9.375235] (px4_msgs) StdoutLine: {'line': b'-- Up-to-date: /home/em/ros_workspace_2025/nav_ws/install/px4_msgs/local/lib/python3.10/dist-packages/px4_msgs/msg/_failure_detector_status.py\n'}
[9.375255] (px4_msgs) StdoutLine: {'line': b'-- Up-to-date: /home/em/ros_workspace_2025/nav_ws/install/px4_msgs/local/lib/python3.10/dist-packages/px4_msgs/msg/_onboard_computer_status_s.c\n'}
[9.375276] (px4_msgs) StdoutLine: {'line': b'-- Up-to-date: /home/em/ros_workspace_2025/nav_ws/install/px4_msgs/local/lib/python3.10/dist-packages/px4_msgs/msg/_fuel_tank_status_s.c\n'}
[9.375300] (px4_msgs) StdoutLine: {'line': b'-- Up-to-date: /home/em/ros_workspace_2025/nav_ws/install/px4_msgs/local/lib/python3.10/dist-packages/px4_msgs/msg/_gimbal_manager_set_manual_control_s.c\n'}
[9.375323] (px4_msgs) StdoutLine: {'line': b'-- Up-to-date: /home/em/ros_workspace_2025/nav_ws/install/px4_msgs/local/lib/python3.10/dist-packages/px4_msgs/msg/_open_drone_id_self_id_s.c\n'}
[9.375346] (px4_msgs) StdoutLine: {'line': b'-- Up-to-date: /home/em/ros_workspace_2025/nav_ws/install/px4_msgs/local/lib/python3.10/dist-packages/px4_msgs/msg/_debug_array.py\n'}
[9.375368] (px4_msgs) StdoutLine: {'line': b'-- Up-to-date: /home/em/ros_workspace_2025/nav_ws/install/px4_msgs/local/lib/python3.10/dist-packages/px4_msgs/msg/_led_control_s.c\n'}
[9.375394] (px4_msgs) StdoutLine: {'line': b'-- Up-to-date: /home/em/ros_workspace_2025/nav_ws/install/px4_msgs/local/lib/python3.10/dist-packages/px4_msgs/msg/_vehicle_roi_s.c\n'}
[9.375429] (px4_msgs) StdoutLine: {'line': b'-- Up-to-date: /home/em/ros_workspace_2025/nav_ws/install/px4_msgs/local/lib/python3.10/dist-packages/px4_msgs/msg/_pwm_input.py\n'}
[9.375455] (px4_msgs) StdoutLine: {'line': b'-- Up-to-date: /home/em/ros_workspace_2025/nav_ws/install/px4_msgs/local/lib/python3.10/dist-packages/px4_msgs/msg/_vehicle_attitude_setpoint.py\n'}
[9.375486] (px4_msgs) StdoutLine: {'line': b'-- Up-to-date: /home/em/ros_workspace_2025/nav_ws/install/px4_msgs/local/lib/python3.10/dist-packages/px4_msgs/msg/_sensor_uwb.py\n'}
[9.375517] (px4_msgs) StdoutLine: {'line': b'-- Up-to-date: /home/em/ros_workspace_2025/nav_ws/install/px4_msgs/local/lib/python3.10/dist-packages/px4_msgs/msg/_estimator_event_flags_s.c\n'}
[9.375558] (px4_msgs) StdoutLine: {'line': b'-- Up-to-date: /home/em/ros_workspace_2025/nav_ws/install/px4_msgs/local/lib/python3.10/dist-packages/px4_msgs/msg/_orb_test_large.py\n'}
[9.375590] (px4_msgs) StdoutLine: {'line': b'-- Up-to-date: /home/em/ros_workspace_2025/nav_ws/install/px4_msgs/local/lib/python3.10/dist-packages/px4_msgs/msg/_vehicle_imu.py\n'}
[9.375625] (px4_msgs) StdoutLine: {'line': b'-- Up-to-date: /home/em/ros_workspace_2025/nav_ws/install/px4_msgs/local/lib/python3.10/dist-packages/px4_msgs/msg/_rpm_s.c\n'}
[9.375649] (px4_msgs) StdoutLine: {'line': b'-- Up-to-date: /home/em/ros_workspace_2025/nav_ws/install/px4_msgs/local/lib/python3.10/dist-packages/px4_msgs/msg/_estimator_bias.py\n'}
[9.375787] (px4_msgs) StdoutLine: {'line': b'-- Up-to-date: /home/em/ros_workspace_2025/nav_ws/install/px4_msgs/local/lib/python3.10/dist-packages/px4_msgs/msg/_estimator_status_flags.py\n'}
[9.375852] (px4_msgs) StdoutLine: {'line': b'-- Up-to-date: /home/em/ros_workspace_2025/nav_ws/install/px4_msgs/local/lib/python3.10/dist-packages/px4_msgs/msg/_hover_thrust_estimate_s.c\n'}
[9.375909] (px4_msgs) StdoutLine: {'line': b'-- Up-to-date: /home/em/ros_workspace_2025/nav_ws/install/px4_msgs/local/lib/python3.10/dist-packages/px4_msgs/msg/_estimator_sensor_bias_s.c\n'}
[9.375981] (px4_msgs) StdoutLine: {'line': b'-- Up-to-date: /home/em/ros_workspace_2025/nav_ws/install/px4_msgs/local/lib/python3.10/dist-packages/px4_msgs/msg/_actuator_test_s.c\n'}
[9.376036] (px4_msgs) StdoutLine: {'line': b'-- Up-to-date: /home/em/ros_workspace_2025/nav_ws/install/px4_msgs/local/lib/python3.10/dist-packages/px4_msgs/msg/_camera_capture_s.c\n'}
[9.376088] (px4_msgs) StdoutLine: {'line': b'-- Up-to-date: /home/em/ros_workspace_2025/nav_ws/install/px4_msgs/local/lib/python3.10/dist-packages/px4_msgs/msg/_vehicle_constraints_s.c\n'}
[9.376142] (px4_msgs) StdoutLine: {'line': b'-- Up-to-date: /home/em/ros_workspace_2025/nav_ws/install/px4_msgs/local/lib/python3.10/dist-packages/px4_msgs/msg/_gimbal_device_set_attitude.py\n'}
[9.376194] (px4_msgs) StdoutLine: {'line': b'-- Up-to-date: /home/em/ros_workspace_2025/nav_ws/install/px4_msgs/local/lib/python3.10/dist-packages/px4_msgs/msg/_velocity_limits_s.c\n'}
[9.376247] (px4_msgs) StdoutLine: {'line': b'-- Up-to-date: /home/em/ros_workspace_2025/nav_ws/install/px4_msgs/local/lib/python3.10/dist-packages/px4_msgs/msg/_vehicle_land_detected.py\n'}
[9.376300] (px4_msgs) StdoutLine: {'line': b'-- Up-to-date: /home/em/ros_workspace_2025/nav_ws/install/px4_msgs/local/lib/python3.10/dist-packages/px4_msgs/msg/_gimbal_device_attitude_status.py\n'}
[9.376356] (px4_msgs) StdoutLine: {'line': b'-- Up-to-date: /home/em/ros_workspace_2025/nav_ws/install/px4_msgs/local/lib/python3.10/dist-packages/px4_msgs/msg/_task_stack_info_s.c\n'}
[9.376421] (px4_msgs) StdoutLine: {'line': b'-- Up-to-date: /home/em/ros_workspace_2025/nav_ws/install/px4_msgs/local/lib/python3.10/dist-packages/px4_msgs/msg/_ping_s.c\n'}
[9.376506] (px4_msgs) StdoutLine: {'line': b'-- Up-to-date: /home/em/ros_workspace_2025/nav_ws/install/px4_msgs/local/lib/python3.10/dist-packages/px4_msgs/msg/_sensor_hygrometer.py\n'}
[9.376560] (px4_msgs) StdoutLine: {'line': b'-- Up-to-date: /home/em/ros_workspace_2025/nav_ws/install/px4_msgs/local/lib/python3.10/dist-packages/px4_msgs/msg/_sensor_airflow.py\n'}
[9.376613] (px4_msgs) StdoutLine: {'line': b'-- Up-to-date: /home/em/ros_workspace_2025/nav_ws/install/px4_msgs/local/lib/python3.10/dist-packages/px4_msgs/msg/_tune_control_s.c\n'}
[9.376668] (px4_msgs) StdoutLine: {'line': b'-- Up-to-date: /home/em/ros_workspace_2025/nav_ws/install/px4_msgs/local/lib/python3.10/dist-packages/px4_msgs/msg/_cellular_status_s.c\n'}
[9.376730] (px4_msgs) StdoutLine: {'line': b'-- Up-to-date: /home/em/ros_workspace_2025/nav_ws/install/px4_msgs/local/lib/python3.10/dist-packages/px4_msgs/msg/_failure_detector_status_s.c\n'}
[9.376786] (px4_msgs) StdoutLine: {'line': b'-- Up-to-date: /home/em/ros_workspace_2025/nav_ws/install/px4_msgs/local/lib/python3.10/dist-packages/px4_msgs/msg/_arming_check_request.py\n'}
[9.376844] (px4_msgs) StdoutLine: {'line': b'-- Up-to-date: /home/em/ros_workspace_2025/nav_ws/install/px4_msgs/local/lib/python3.10/dist-packages/px4_msgs/msg/_sensor_selection.py\n'}
[9.376897] (px4_msgs) StdoutLine: {'line': b'-- Up-to-date: /home/em/ros_workspace_2025/nav_ws/install/px4_msgs/local/lib/python3.10/dist-packages/px4_msgs/msg/_vehicle_trajectory_bezier.py\n'}
[9.376953] (px4_msgs) StdoutLine: {'line': b'-- Up-to-date: /home/em/ros_workspace_2025/nav_ws/install/px4_msgs/local/lib/python3.10/dist-packages/px4_msgs/msg/_gimbal_device_information.py\n'}
[9.377008] (px4_msgs) StdoutLine: {'line': b'-- Up-to-date: /home/em/ros_workspace_2025/nav_ws/install/px4_msgs/local/lib/python3.10/dist-packages/px4_msgs/msg/_estimator_aid_source3d.py\n'}
[9.377098] (px4_msgs) StdoutLine: {'line': b'-- Up-to-date: /home/em/ros_workspace_2025/nav_ws/install/px4_msgs/local/lib/python3.10/dist-packages/px4_msgs/msg/_open_drone_id_arm_status.py\n'}
[9.377172] (px4_msgs) StdoutLine: {'line': b'-- Up-to-date: /home/em/ros_workspace_2025/nav_ws/install/px4_msgs/local/lib/python3.10/dist-packages/px4_msgs/msg/_sensors_status_s.c\n'}
[9.377265] (px4_msgs) StdoutLine: {'line': b'-- Up-to-date: /home/em/ros_workspace_2025/nav_ws/install/px4_msgs/local/lib/python3.10/dist-packages/px4_msgs/msg/_estimator_aid_source3d_s.c\n'}
[9.377334] (px4_msgs) StdoutLine: {'line': b'-- Up-to-date: /home/em/ros_workspace_2025/nav_ws/install/px4_msgs/local/lib/python3.10/dist-packages/px4_msgs/msg/_position_controller_landing_status_s.c\n'}
[9.377396] (px4_msgs) StdoutLine: {'line': b'-- Up-to-date: /home/em/ros_workspace_2025/nav_ws/install/px4_msgs/local/lib/python3.10/dist-packages/px4_msgs/msg/_vehicle_torque_setpoint_s.c\n'}
[9.377502] (px4_msgs) StdoutLine: {'line': b'-- Up-to-date: /home/em/ros_workspace_2025/nav_ws/install/px4_msgs/local/lib/python3.10/dist-packages/px4_msgs/msg/_geofence_result_s.c\n'}
[9.377574] (px4_msgs) StdoutLine: {'line': b'-- Up-to-date: /home/em/ros_workspace_2025/nav_ws/install/px4_msgs/local/lib/python3.10/dist-packages/px4_msgs/msg/_rover_differential_setpoint_s.c\n'}
[9.377604] (px4_msgs) StdoutLine: {'line': b'-- Up-to-date: /home/em/ros_workspace_2025/nav_ws/install/px4_msgs/local/lib/python3.10/dist-packages/px4_msgs/msg/_normalized_unsigned_setpoint.py\n'}
[9.377628] (px4_msgs) StdoutLine: {'line': b'-- Up-to-date: /home/em/ros_workspace_2025/nav_ws/install/px4_msgs/local/lib/python3.10/dist-packages/px4_msgs/msg/_rover_ackermann_guidance_status.py\n'}
[9.377650] (px4_msgs) StdoutLine: {'line': b'-- Up-to-date: /home/em/ros_workspace_2025/nav_ws/install/px4_msgs/local/lib/python3.10/dist-packages/px4_msgs/msg/_position_controller_status_s.c\n'}
[9.377680] (px4_msgs) StdoutLine: {'line': b'-- Up-to-date: /home/em/ros_workspace_2025/nav_ws/install/px4_msgs/local/lib/python3.10/dist-packages/px4_msgs/msg/_sensor_gyro_s.c\n'}
[9.377703] (px4_msgs) StdoutLine: {'line': b'-- Up-to-date: /home/em/ros_workspace_2025/nav_ws/install/px4_msgs/local/lib/python3.10/dist-packages/px4_msgs/msg/_gripper.py\n'}
[9.377725] (px4_msgs) StdoutLine: {'line': b'-- Up-to-date: /home/em/ros_workspace_2025/nav_ws/install/px4_msgs/local/lib/python3.10/dist-packages/px4_msgs/msg/_takeoff_status_s.c\n'}
[9.377755] (px4_msgs) StdoutLine: {'line': b'-- Up-to-date: /home/em/ros_workspace_2025/nav_ws/install/px4_msgs/local/lib/python3.10/dist-packages/px4_msgs/msg/_vehicle_torque_setpoint.py\n'}
[9.377779] (px4_msgs) StdoutLine: {'line': b'-- Up-to-date: /home/em/ros_workspace_2025/nav_ws/install/px4_msgs/local/lib/python3.10/dist-packages/px4_msgs/msg/_actuator_servos.py\n'}
[9.377803] (px4_msgs) StdoutLine: {'line': b'-- Up-to-date: /home/em/ros_workspace_2025/nav_ws/install/px4_msgs/local/lib/python3.10/dist-packages/px4_msgs/msg/_gimbal_manager_information_s.c\n'}
[9.377828] (px4_msgs) StdoutLine: {'line': b'-- Up-to-date: /home/em/ros_workspace_2025/nav_ws/install/px4_msgs/local/lib/python3.10/dist-packages/px4_msgs/msg/_autotune_attitude_control_status.py\n'}
[9.377852] (px4_msgs) StdoutLine: {'line': b'-- Up-to-date: /home/em/ros_workspace_2025/nav_ws/install/px4_msgs/local/lib/python3.10/dist-packages/px4_msgs/msg/_power_button_state.py\n'}
[9.377876] (px4_msgs) StdoutLine: {'line': b'-- Up-to-date: /home/em/ros_workspace_2025/nav_ws/install/px4_msgs/local/lib/python3.10/dist-packages/px4_msgs/msg/_vehicle_magnetometer_s.c\n'}
[9.377897] (px4_msgs) StdoutLine: {'line': b'-- Up-to-date: /home/em/ros_workspace_2025/nav_ws/install/px4_msgs/local/lib/python3.10/dist-packages/px4_msgs/msg/_vehicle_angular_velocity.py\n'}
[9.377920] (px4_msgs) StdoutLine: {'line': b'-- Up-to-date: /home/em/ros_workspace_2025/nav_ws/install/px4_msgs/local/lib/python3.10/dist-packages/px4_msgs/msg/_airspeed.py\n'}
[9.377956] (px4_msgs) StdoutLine: {'line': b'-- Up-to-date: /home/em/ros_workspace_2025/nav_ws/install/px4_msgs/local/lib/python3.10/dist-packages/px4_msgs/msg/_rtl_status.py\n'}
[9.377977] (px4_msgs) StdoutLine: {'line': b'-- Up-to-date: /home/em/ros_workspace_2025/nav_ws/install/px4_msgs/local/lib/python3.10/dist-packages/px4_msgs/msg/_sensor_correction_s.c\n'}
[9.377997] (px4_msgs) StdoutLine: {'line': b'-- Up-to-date: /home/em/ros_workspace_2025/nav_ws/install/px4_msgs/local/lib/python3.10/dist-packages/px4_msgs/msg/_actuator_test.py\n'}
[9.378019] (px4_msgs) StdoutLine: {'line': b'-- Up-to-date: /home/em/ros_workspace_2025/nav_ws/install/px4_msgs/local/lib/python3.10/dist-packages/px4_msgs/msg/_position_setpoint_triplet.py\n'}
[9.378042] (px4_msgs) StdoutLine: {'line': b'-- Up-to-date: /home/em/ros_workspace_2025/nav_ws/install/px4_msgs/local/lib/python3.10/dist-packages/px4_msgs/msg/_register_ext_component_request.py\n'}
[9.378063] (px4_msgs) StdoutLine: {'line': b'-- Up-to-date: /home/em/ros_workspace_2025/nav_ws/install/px4_msgs/local/lib/python3.10/dist-packages/px4_msgs/msg/_rtl_time_estimate.py\n'}
[9.378086] (px4_msgs) StdoutLine: {'line': b'-- Up-to-date: /home/em/ros_workspace_2025/nav_ws/install/px4_msgs/local/lib/python3.10/dist-packages/px4_msgs/msg/_vehicle_optical_flow_vel.py\n'}
[9.378109] (px4_msgs) StdoutLine: {'line': b'-- Up-to-date: /home/em/ros_workspace_2025/nav_ws/install/px4_msgs/local/lib/python3.10/dist-packages/px4_msgs/msg/_gpio_out.py\n'}
[9.378142] (px4_msgs) StdoutLine: {'line': b'-- Up-to-date: /home/em/ros_workspace_2025/nav_ws/install/px4_msgs/local/lib/python3.10/dist-packages/px4_msgs/msg/_follow_target_s.c\n'}
[9.378167] (px4_msgs) StdoutLine: {'line': b'-- Up-to-date: /home/em/ros_workspace_2025/nav_ws/install/px4_msgs/local/lib/python3.10/dist-packages/px4_msgs/msg/_landing_gear.py\n'}
[9.378190] (px4_msgs) StdoutLine: {'line': b'-- Up-to-date: /home/em/ros_workspace_2025/nav_ws/install/px4_msgs/local/lib/python3.10/dist-packages/px4_msgs/msg/_vehicle_global_position.py\n'}
[9.378213] (px4_msgs) StdoutLine: {'line': b'-- Up-to-date: /home/em/ros_workspace_2025/nav_ws/install/px4_msgs/local/lib/python3.10/dist-packages/px4_msgs/msg/_transponder_report.py\n'}
[9.378236] (px4_msgs) StdoutLine: {'line': b'-- Up-to-date: /home/em/ros_workspace_2025/nav_ws/install/px4_msgs/local/lib/python3.10/dist-packages/px4_msgs/msg/_control_allocator_status_s.c\n'}
[9.378260] (px4_msgs) StdoutLine: {'line': b'-- Up-to-date: /home/em/ros_workspace_2025/nav_ws/install/px4_msgs/local/lib/python3.10/dist-packages/px4_msgs/msg/_sensor_gyro_fft_s.c\n'}
[9.378283] (px4_msgs) StdoutLine: {'line': b'-- Up-to-date: /home/em/ros_workspace_2025/nav_ws/install/px4_msgs/local/lib/python3.10/dist-packages/px4_msgs/msg/_camera_trigger_s.c\n'}
[9.378306] (px4_msgs) StdoutLine: {'line': b'-- Up-to-date: /home/em/ros_workspace_2025/nav_ws/install/px4_msgs/local/lib/python3.10/dist-packages/px4_msgs/msg/_airspeed_validated_s.c\n'}
[9.378332] (px4_msgs) StdoutLine: {'line': b'-- Up-to-date: /home/em/ros_workspace_2025/nav_ws/install/px4_msgs/local/lib/python3.10/dist-packages/px4_msgs/msg/_gimbal_manager_set_manual_control.py\n'}
[9.378355] (px4_msgs) StdoutLine: {'line': b'-- Up-to-date: /home/em/ros_workspace_2025/nav_ws/install/px4_msgs/local/lib/python3.10/dist-packages/px4_msgs/msg/_telemetry_status.py\n'}
[9.378391] (px4_msgs) StdoutLine: {'line': b'-- Up-to-date: /home/em/ros_workspace_2025/nav_ws/install/px4_msgs/local/lib/python3.10/dist-packages/px4_msgs/msg/_position_setpoint_triplet_s.c\n'}
[9.378426] (px4_msgs) StdoutLine: {'line': b'-- Up-to-date: /home/em/ros_workspace_2025/nav_ws/install/px4_msgs/local/lib/python3.10/dist-packages/px4_msgs/msg/_input_rc_s.c\n'}
[9.378456] (px4_msgs) StdoutLine: {'line': b'-- Up-to-date: /home/em/ros_workspace_2025/nav_ws/install/px4_msgs/local/lib/python3.10/dist-packages/px4_msgs/msg/_actuator_servos_trim.py\n'}
[9.378479] (px4_msgs) StdoutLine: {'line': b'-- Up-to-date: /home/em/ros_workspace_2025/nav_ws/install/px4_msgs/local/lib/python3.10/dist-packages/px4_msgs/msg/_follow_target_status.py\n'}
[9.378512] (px4_msgs) StdoutLine: {'line': b'-- Up-to-date: /home/em/ros_workspace_2025/nav_ws/install/px4_msgs/local/lib/python3.10/dist-packages/px4_msgs/msg/_vehicle_attitude_setpoint_s.c\n'}
[9.378537] (px4_msgs) StdoutLine: {'line': b'-- Up-to-date: /home/em/ros_workspace_2025/nav_ws/install/px4_msgs/local/lib/python3.10/dist-packages/px4_msgs/msg/_rover_differential_guidance_status_s.c\n'}
[9.378559] (px4_msgs) StdoutLine: {'line': b'-- Up-to-date: /home/em/ros_workspace_2025/nav_ws/install/px4_msgs/local/lib/python3.10/dist-packages/px4_msgs/msg/_config_overrides.py\n'}
[9.378582] (px4_msgs) StdoutLine: {'line': b'-- Up-to-date: /home/em/ros_workspace_2025/nav_ws/install/px4_msgs/local/lib/python3.10/dist-packages/px4_msgs/msg/_estimator_status_flags_s.c\n'}
[9.378627] (px4_msgs) StdoutLine: {'line': b'-- Up-to-date: /home/em/ros_workspace_2025/nav_ws/install/px4_msgs/local/lib/python3.10/dist-packages/px4_msgs/msg/_collision_constraints.py\n'}
[9.378698] (px4_msgs) StdoutLine: {'line': b'-- Up-to-date: /home/em/ros_workspace_2025/nav_ws/install/px4_msgs/local/lib/python3.10/dist-packages/px4_msgs/msg/_orb_test_medium_s.c\n'}
[9.378790] (px4_msgs) StdoutLine: {'line': b'-- Up-to-date: /home/em/ros_workspace_2025/nav_ws/install/px4_msgs/local/lib/python3.10/dist-packages/px4_msgs/msg/_sensor_optical_flow.py\n'}
[9.378815] (px4_msgs) StdoutLine: {'line': b'-- Up-to-date: /home/em/ros_workspace_2025/nav_ws/install/px4_msgs/local/lib/python3.10/dist-packages/px4_msgs/msg/_vehicle_optical_flow_s.c\n'}
[9.378838] (px4_msgs) StdoutLine: {'line': b'-- Up-to-date: /home/em/ros_workspace_2025/nav_ws/install/px4_msgs/local/lib/python3.10/dist-packages/px4_msgs/msg/_autotune_attitude_control_status_s.c\n'}
[9.378863] (px4_msgs) StdoutLine: {'line': b'-- Up-to-date: /home/em/ros_workspace_2025/nav_ws/install/px4_msgs/local/lib/python3.10/dist-packages/px4_msgs/msg/_navigator_mission_item.py\n'}
[9.378888] (px4_msgs) StdoutLine: {'line': b'-- Up-to-date: /home/em/ros_workspace_2025/nav_ws/install/px4_msgs/local/lib/python3.10/dist-packages/px4_msgs/msg/_vehicle_command.py\n'}
[9.378911] (px4_msgs) StdoutLine: {'line': b'-- Up-to-date: /home/em/ros_workspace_2025/nav_ws/install/px4_msgs/local/lib/python3.10/dist-packages/px4_msgs/msg/_mission_result.py\n'}
[9.378934] (px4_msgs) StdoutLine: {'line': b'-- Up-to-date: /home/em/ros_workspace_2025/nav_ws/install/px4_msgs/local/lib/python3.10/dist-packages/px4_msgs/msg/_actuator_servos_trim_s.c\n'}
[9.378957] (px4_msgs) StdoutLine: {'line': b'-- Up-to-date: /home/em/ros_workspace_2025/nav_ws/install/px4_msgs/local/lib/python3.10/dist-packages/px4_msgs/msg/_tiltrotor_extra_controls.py\n'}
[9.378994] (px4_msgs) StdoutLine: {'line': b'-- Up-to-date: /home/em/ros_workspace_2025/nav_ws/install/px4_msgs/local/lib/python3.10/dist-packages/px4_msgs/msg/_navigator_status_s.c\n'}
[9.379027] (px4_msgs) StdoutLine: {'line': b'-- Up-to-date: /home/em/ros_workspace_2025/nav_ws/install/px4_msgs/local/lib/python3.10/dist-packages/px4_msgs/msg/_sensor_baro.py\n'}
[9.379060] (px4_msgs) StdoutLine: {'line': b'-- Up-to-date: /home/em/ros_workspace_2025/nav_ws/install/px4_msgs/local/lib/python3.10/dist-packages/px4_msgs/msg/_vehicle_angular_velocity_s.c\n'}
[9.379093] (px4_msgs) StdoutLine: {'line': b'-- Up-to-date: /home/em/ros_workspace_2025/nav_ws/install/px4_msgs/local/lib/python3.10/dist-packages/px4_msgs/msg/_vehicle_status_s.c\n'}
[9.379125] (px4_msgs) StdoutLine: {'line': b'-- Up-to-date: /home/em/ros_workspace_2025/nav_ws/install/px4_msgs/local/lib/python3.10/dist-packages/px4_msgs/msg/_event_s.c\n'}
[9.379159] (px4_msgs) StdoutLine: {'line': b'-- Up-to-date: /home/em/ros_workspace_2025/nav_ws/install/px4_msgs/local/lib/python3.10/dist-packages/px4_msgs/msg/_trajectory_setpoint.py\n'}
[9.379193] (px4_msgs) StdoutLine: {'line': b'-- Up-to-date: /home/em/ros_workspace_2025/nav_ws/install/px4_msgs/local/lib/python3.10/dist-packages/px4_msgs/msg/_gimbal_manager_set_attitude.py\n'}
[9.379227] (px4_msgs) StdoutLine: {'line': b'-- Up-to-date: /home/em/ros_workspace_2025/nav_ws/install/px4_msgs/local/lib/python3.10/dist-packages/px4_msgs/msg/_estimator_aid_source1d_s.c\n'}
[9.379272] (px4_msgs) StdoutLine: {'line': b'-- Up-to-date: /home/em/ros_workspace_2025/nav_ws/install/px4_msgs/local/lib/python3.10/dist-packages/px4_msgs/msg/_uavcan_parameter_value_s.c\n'}
[9.379310] (px4_msgs) StdoutLine: {'line': b'-- Up-to-date: /home/em/ros_workspace_2025/nav_ws/install/px4_msgs/local/lib/python3.10/dist-packages/px4_msgs/msg/_power_monitor_s.c\n'}
[9.379348] (px4_msgs) StdoutLine: {'line': b'-- Up-to-date: /home/em/ros_workspace_2025/nav_ws/install/px4_msgs/local/lib/python3.10/dist-packages/px4_msgs/msg/_iridiumsbd_status_s.c\n'}
[9.379383] (px4_msgs) StdoutLine: {'line': b'-- Up-to-date: /home/em/ros_workspace_2025/nav_ws/install/px4_msgs/local/lib/python3.10/dist-packages/px4_msgs/msg/_rover_mecanum_guidance_status_s.c\n'}
[9.379448] (px4_msgs) StdoutLine: {'line': b'-- Up-to-date: /home/em/ros_workspace_2025/nav_ws/install/px4_msgs/local/lib/python3.10/dist-packages/px4_msgs/msg/_position_setpoint.py\n'}
[9.379475] (px4_msgs) StdoutLine: {'line': b'-- Up-to-date: /home/em/ros_workspace_2025/nav_ws/install/px4_msgs/local/lib/python3.10/dist-packages/px4_msgs/msg/_failsafe_flags_s.c\n'}
[9.379505] (px4_msgs) StdoutLine: {'line': b'-- Up-to-date: /home/em/ros_workspace_2025/nav_ws/install/px4_msgs/local/lib/python3.10/dist-packages/px4_msgs/msg/_geofence_status.py\n'}
[9.379526] (px4_msgs) StdoutLine: {'line': b'-- Up-to-date: /home/em/ros_workspace_2025/nav_ws/install/px4_msgs/local/lib/python3.10/dist-packages/px4_msgs/msg/_sensor_hygrometer_s.c\n'}
[9.379546] (px4_msgs) StdoutLine: {'line': b'-- Up-to-date: /home/em/ros_workspace_2025/nav_ws/install/px4_msgs/local/lib/python3.10/dist-packages/px4_msgs/msg/_mission_result_s.c\n'}
[9.379568] (px4_msgs) StdoutLine: {'line': b'-- Up-to-date: /home/em/ros_workspace_2025/nav_ws/install/px4_msgs/local/lib/python3.10/dist-packages/px4_msgs/msg/_trajectory_waypoint.py\n'}
[9.379589] (px4_msgs) StdoutLine: {'line': b'-- Up-to-date: /home/em/ros_workspace_2025/nav_ws/install/px4_msgs/local/lib/python3.10/dist-packages/px4_msgs/msg/_geofence_status_s.c\n'}
[9.379611] (px4_msgs) StdoutLine: {'line': b'-- Up-to-date: /home/em/ros_workspace_2025/nav_ws/install/px4_msgs/local/lib/python3.10/dist-packages/px4_msgs/msg/_debug_value.py\n'}
[9.379634] (px4_msgs) StdoutLine: {'line': b'-- Up-to-date: /home/em/ros_workspace_2025/nav_ws/install/px4_msgs/local/lib/python3.10/dist-packages/px4_msgs/msg/_qshell_req.py\n'}
[9.379656] (px4_msgs) StdoutLine: {'line': b'-- Up-to-date: /home/em/ros_workspace_2025/nav_ws/install/px4_msgs/local/lib/python3.10/dist-packages/px4_msgs/msg/_landing_target_innovations_s.c\n'}
[9.379679] (px4_msgs) StdoutLine: {'line': b'-- Up-to-date: /home/em/ros_workspace_2025/nav_ws/install/px4_msgs/local/lib/python3.10/dist-packages/px4_msgs/msg/_rc_channels.py\n'}
[9.379702] (px4_msgs) StdoutLine: {'line': b'-- Up-to-date: /home/em/ros_workspace_2025/nav_ws/install/px4_msgs/local/lib/python3.10/dist-packages/px4_msgs/msg/_logger_status_s.c\n'}
[9.379724] (px4_msgs) StdoutLine: {'line': b'-- Up-to-date: /home/em/ros_workspace_2025/nav_ws/install/px4_msgs/local/lib/python3.10/dist-packages/px4_msgs/msg/_orbit_status_s.c\n'}
[9.379746] (px4_msgs) StdoutLine: {'line': b'-- Up-to-date: /home/em/ros_workspace_2025/nav_ws/install/px4_msgs/local/lib/python3.10/dist-packages/px4_msgs/msg/_sensor_accel_s.c\n'}
[9.379768] (px4_msgs) StdoutLine: {'line': b'-- Up-to-date: /home/em/ros_workspace_2025/nav_ws/install/px4_msgs/local/lib/python3.10/dist-packages/px4_msgs/msg/_actuator_motors.py\n'}
[9.379791] (px4_msgs) StdoutLine: {'line': b'-- Up-to-date: /home/em/ros_workspace_2025/nav_ws/install/px4_msgs/local/lib/python3.10/dist-packages/px4_msgs/msg/_internal_combustion_engine_status_s.c\n'}
[9.379822] (px4_msgs) StdoutLine: {'line': b'-- Up-to-date: /home/em/ros_workspace_2025/nav_ws/install/px4_msgs/local/lib/python3.10/dist-packages/px4_msgs/msg/_rc_parameter_map_s.c\n'}
[9.379846] (px4_msgs) StdoutLine: {'line': b'-- Up-to-date: /home/em/ros_workspace_2025/nav_ws/install/px4_msgs/local/lib/python3.10/dist-packages/px4_msgs/msg/_manual_control_setpoint_s.c\n'}
[9.379877] (px4_msgs) StdoutLine: {'line': b'-- Up-to-date: /home/em/ros_workspace_2025/nav_ws/install/px4_msgs/local/lib/python3.10/dist-packages/px4_msgs/msg/_geofence_result.py\n'}
[9.379898] (px4_msgs) StdoutLine: {'line': b'-- Up-to-date: /home/em/ros_workspace_2025/nav_ws/install/px4_msgs/local/lib/python3.10/dist-packages/px4_msgs/msg/_pwm_input_s.c\n'}
[9.379918] (px4_msgs) StdoutLine: {'line': b'-- Up-to-date: /home/em/ros_workspace_2025/nav_ws/install/px4_msgs/local/lib/python3.10/dist-packages/px4_msgs/msg/_orb_test_large_s.c\n'}
[9.379938] (px4_msgs) StdoutLine: {'line': b'-- Up-to-date: /home/em/ros_workspace_2025/nav_ws/install/px4_msgs/local/lib/python3.10/dist-packages/px4_msgs/msg/_landing_target_pose.py\n'}
[9.379958] (px4_msgs) StdoutLine: {'line': b'-- Up-to-date: /home/em/ros_workspace_2025/nav_ws/install/px4_msgs/local/lib/python3.10/dist-packages/px4_msgs/msg/_register_ext_component_reply.py\n'}
[9.379978] (px4_msgs) StdoutLine: {'line': b'-- Up-to-date: /home/em/ros_workspace_2025/nav_ws/install/px4_msgs/local/lib/python3.10/dist-packages/px4_msgs/msg/_log_message.py\n'}
[9.380033] (px4_msgs) StdoutLine: {'line': b'-- Up-to-date: /home/em/ros_workspace_2025/nav_ws/install/px4_msgs/local/lib/python3.10/dist-packages/px4_msgs/msg/_mavlink_log.py\n'}
[9.380060] (px4_msgs) StdoutLine: {'line': b'-- Up-to-date: /home/em/ros_workspace_2025/nav_ws/install/px4_msgs/local/lib/python3.10/dist-packages/px4_msgs/msg/_failsafe_flags.py\n'}
[9.380082] (px4_msgs) StdoutLine: {'line': b'-- Up-to-date: /home/em/ros_workspace_2025/nav_ws/install/px4_msgs/local/lib/python3.10/dist-packages/px4_msgs/msg/_rover_ackermann_status.py\n'}
[9.380105] (px4_msgs) StdoutLine: {'line': b'-- Up-to-date: /home/em/ros_workspace_2025/nav_ws/install/px4_msgs/local/lib/python3.10/dist-packages/px4_msgs/msg/_buffer128.py\n'}
[9.380127] (px4_msgs) StdoutLine: {'line': b'-- Up-to-date: /home/em/ros_workspace_2025/nav_ws/install/px4_msgs/local/lib/python3.10/dist-packages/px4_msgs/msg/_flight_phase_estimation.py\n'}
[9.380159] (px4_msgs) StdoutLine: {'line': b'-- Up-to-date: /home/em/ros_workspace_2025/nav_ws/install/px4_msgs/local/lib/python3.10/dist-packages/px4_msgs/msg/_vehicle_acceleration_s.c\n'}
[9.380180] (px4_msgs) StdoutLine: {'line': b'-- Up-to-date: /home/em/ros_workspace_2025/nav_ws/install/px4_msgs/local/lib/python3.10/dist-packages/px4_msgs/msg/_position_controller_status.py\n'}
[9.380201] (px4_msgs) StdoutLine: {'line': b'-- Up-to-date: /home/em/ros_workspace_2025/nav_ws/install/px4_msgs/local/lib/python3.10/dist-packages/px4_msgs/msg/_sensor_gyro_fifo.py\n'}
[9.380223] (px4_msgs) StdoutLine: {'line': b'-- Up-to-date: /home/em/ros_workspace_2025/nav_ws/install/px4_msgs/local/lib/python3.10/dist-packages/px4_msgs/msg/_gimbal_device_information_s.c\n'}
[9.380252] (px4_msgs) StdoutLine: {'line': b'-- Up-to-date: /home/em/ros_workspace_2025/nav_ws/install/px4_msgs/local/lib/python3.10/dist-packages/px4_msgs/msg/_open_drone_id_system.py\n'}
[9.380274] (px4_msgs) StdoutLine: {'line': b'-- Up-to-date: /home/em/ros_workspace_2025/nav_ws/install/px4_msgs/local/lib/python3.10/dist-packages/px4_msgs/msg/_irlock_report_s.c\n'}
[9.380296] (px4_msgs) StdoutLine: {'line': b'-- Up-to-date: /home/em/ros_workspace_2025/nav_ws/install/px4_msgs/local/lib/python3.10/dist-packages/px4_msgs/msg/_dataman_request.py\n'}
[9.380318] (px4_msgs) StdoutLine: {'line': b'-- Up-to-date: /home/em/ros_workspace_2025/nav_ws/install/px4_msgs/local/lib/python3.10/dist-packages/px4_msgs/msg/_vehicle_optical_flow.py\n'}
[9.380340] (px4_msgs) StdoutLine: {'line': b'-- Up-to-date: /home/em/ros_workspace_2025/nav_ws/install/px4_msgs/local/lib/python3.10/dist-packages/px4_msgs/msg/_sensor_gps_s.c\n'}
[9.380362] (px4_msgs) StdoutLine: {'line': b'-- Up-to-date: /home/em/ros_workspace_2025/nav_ws/install/px4_msgs/local/lib/python3.10/dist-packages/px4_msgs/msg/_mission_s.c\n'}
[9.380384] (px4_msgs) StdoutLine: {'line': b'-- Up-to-date: /home/em/ros_workspace_2025/nav_ws/install/px4_msgs/local/lib/python3.10/dist-packages/px4_msgs/msg/_iridiumsbd_status.py\n'}
[9.380433] (px4_msgs) StdoutLine: {'line': b'-- Up-to-date: /home/em/ros_workspace_2025/nav_ws/install/px4_msgs/local/lib/python3.10/dist-packages/px4_msgs/msg/_led_control.py\n'}
[9.380455] (px4_msgs) StdoutLine: {'line': b'-- Up-to-date: /home/em/ros_workspace_2025/nav_ws/install/px4_msgs/local/lib/python3.10/dist-packages/px4_msgs/msg/_obstacle_distance.py\n'}
[9.380476] (px4_msgs) StdoutLine: {'line': b'-- Up-to-date: /home/em/ros_workspace_2025/nav_ws/install/px4_msgs/local/lib/python3.10/dist-packages/px4_msgs/msg/_sensor_gps.py\n'}
[9.380498] (px4_msgs) StdoutLine: {'line': b'-- Up-to-date: /home/em/ros_workspace_2025/nav_ws/install/px4_msgs/local/lib/python3.10/dist-packages/px4_msgs/msg/_power_monitor.py\n'}
[9.380529] (px4_msgs) StdoutLine: {'line': b'-- Up-to-date: /home/em/ros_workspace_2025/nav_ws/install/px4_msgs/local/lib/python3.10/dist-packages/px4_msgs/msg/_config_overrides_s.c\n'}
[9.380550] (px4_msgs) StdoutLine: {'line': b'-- Up-to-date: /home/em/ros_workspace_2025/nav_ws/install/px4_msgs/local/lib/python3.10/dist-packages/px4_msgs/msg/_distance_sensor.py\n'}
[9.380570] (px4_msgs) StdoutLine: {'line': b'-- Up-to-date: /home/em/ros_workspace_2025/nav_ws/install/px4_msgs/local/lib/python3.10/dist-packages/px4_msgs/msg/_pps_capture_s.c\n'}
[9.380591] (px4_msgs) StdoutLine: {'line': b'-- Up-to-date: /home/em/ros_workspace_2025/nav_ws/install/px4_msgs/local/lib/python3.10/dist-packages/px4_msgs/msg/_parameter_set_value_response_s.c\n'}
[9.380611] (px4_msgs) StdoutLine: {'line': b'-- Up-to-date: /home/em/ros_workspace_2025/nav_ws/install/px4_msgs/local/lib/python3.10/dist-packages/px4_msgs/msg/_power_button_state_s.c\n'}
[9.380631] (px4_msgs) StdoutLine: {'line': b'-- Up-to-date: /home/em/ros_workspace_2025/nav_ws/install/px4_msgs/local/lib/python3.10/dist-packages/px4_msgs/msg/_debug_key_value_s.c\n'}
[9.380652] (px4_msgs) StdoutLine: {'line': b'-- Up-to-date: /home/em/ros_workspace_2025/nav_ws/install/px4_msgs/local/lib/python3.10/dist-packages/px4_msgs/msg/_parameter_reset_request_s.c\n'}
[9.380675] (px4_msgs) StdoutLine: {'line': b'-- Up-to-date: /home/em/ros_workspace_2025/nav_ws/install/px4_msgs/local/lib/python3.10/dist-packages/px4_msgs/msg/_message_format_response_s.c\n'}
[9.380697] (px4_msgs) StdoutLine: {'line': b'-- Up-to-date: /home/em/ros_workspace_2025/nav_ws/install/px4_msgs/local/lib/python3.10/dist-packages/px4_msgs/msg/_tiltrotor_extra_controls_s.c\n'}
[9.380719] (px4_msgs) StdoutLine: {'line': b'-- Up-to-date: /home/em/ros_workspace_2025/nav_ws/install/px4_msgs/local/lib/python3.10/dist-packages/px4_msgs/msg/_collision_report.py\n'}
[9.380741] (px4_msgs) StdoutLine: {'line': b'-- Up-to-date: /home/em/ros_workspace_2025/nav_ws/install/px4_msgs/local/lib/python3.10/dist-packages/px4_msgs/msg/_can_interface_status.py\n'}
[9.380763] (px4_msgs) StdoutLine: {'line': b'-- Up-to-date: /home/em/ros_workspace_2025/nav_ws/install/px4_msgs/local/lib/python3.10/dist-packages/px4_msgs/msg/_gps_inject_data.py\n'}
[9.380785] (px4_msgs) StdoutLine: {'line': b'-- Up-to-date: /home/em/ros_workspace_2025/nav_ws/install/px4_msgs/local/lib/python3.10/dist-packages/px4_msgs/msg/_home_position_s.c\n'}
[9.380807] (px4_msgs) StdoutLine: {'line': b'-- Up-to-date: /home/em/ros_workspace_2025/nav_ws/install/px4_msgs/local/lib/python3.10/dist-packages/px4_msgs/msg/_actuator_armed_s.c\n'}
[9.380828] (px4_msgs) StdoutLine: {'line': b'-- Up-to-date: /home/em/ros_workspace_2025/nav_ws/install/px4_msgs/local/lib/python3.10/dist-packages/px4_msgs/msg/_takeoff_status.py\n'}
[9.380863] (px4_msgs) StdoutLine: {'line': b'-- Up-to-date: /home/em/ros_workspace_2025/nav_ws/install/px4_msgs/local/lib/python3.10/dist-packages/px4_msgs/msg/_vehicle_attitude_s.c\n'}
[9.380884] (px4_msgs) StdoutLine: {'line': b'-- Up-to-date: /home/em/ros_workspace_2025/nav_ws/install/px4_msgs/local/lib/python3.10/dist-packages/px4_msgs/msg/_radio_status_s.c\n'}
[9.380904] (px4_msgs) StdoutLine: {'line': b'-- Up-to-date: /home/em/ros_workspace_2025/nav_ws/install/px4_msgs/local/lib/python3.10/dist-packages/px4_msgs/msg/_esc_status.py\n'}
[9.380926] (px4_msgs) StdoutLine: {'line': b'-- Up-to-date: /home/em/ros_workspace_2025/nav_ws/install/px4_msgs/local/lib/python3.10/dist-packages/px4_msgs/msg/_adc_report.py\n'}
[9.380945] (px4_msgs) StdoutLine: {'line': b'-- Up-to-date: /home/em/ros_workspace_2025/nav_ws/install/px4_msgs/local/lib/python3.10/dist-packages/px4_msgs/msg/_sensor_gnss_relative_s.c\n'}
[9.380965] (px4_msgs) StdoutLine: {'line': b'-- Up-to-date: /home/em/ros_workspace_2025/nav_ws/install/px4_msgs/local/lib/python3.10/dist-packages/px4_msgs/msg/_vtol_vehicle_status_s.c\n'}
[9.380987] (px4_msgs) StdoutLine: {'line': b'-- Up-to-date: /home/em/ros_workspace_2025/nav_ws/install/px4_msgs/local/lib/python3.10/dist-packages/px4_msgs/msg/_esc_report.py\n'}
[9.381009] (px4_msgs) StdoutLine: {'line': b'-- Up-to-date: /home/em/ros_workspace_2025/nav_ws/install/px4_msgs/local/lib/python3.10/dist-packages/px4_msgs/msg/_vehicle_thrust_setpoint.py\n'}
[9.381030] (px4_msgs) StdoutLine: {'line': b'-- Up-to-date: /home/em/ros_workspace_2025/nav_ws/install/px4_msgs/local/lib/python3.10/dist-packages/px4_msgs/msg/_vehicle_command_ack.py\n'}
[9.381053] (px4_msgs) StdoutLine: {'line': b'-- Up-to-date: /home/em/ros_workspace_2025/nav_ws/install/px4_msgs/local/lib/python3.10/dist-packages/px4_msgs/msg/_gps_dump_s.c\n'}
[9.381074] (px4_msgs) StdoutLine: {'line': b'-- Up-to-date: /home/em/ros_workspace_2025/nav_ws/install/px4_msgs/local/lib/python3.10/dist-packages/px4_msgs/msg/_airspeed_wind.py\n'}
[9.381097] (px4_msgs) StdoutLine: {'line': b'-- Up-to-date: /home/em/ros_workspace_2025/nav_ws/install/px4_msgs/local/lib/python3.10/dist-packages/px4_msgs/msg/_generator_status.py\n'}
[9.381119] (px4_msgs) StdoutLine: {'line': b'-- Up-to-date: /home/em/ros_workspace_2025/nav_ws/install/px4_msgs/local/lib/python3.10/dist-packages/px4_msgs/msg/_gimbal_manager_information.py\n'}
[9.381148] (px4_msgs) StdoutLine: {'line': b'-- Up-to-date: /home/em/ros_workspace_2025/nav_ws/install/px4_msgs/local/lib/python3.10/dist-packages/px4_msgs/msg/_estimator_status_s.c\n'}
[9.381170] (px4_msgs) StdoutLine: {'line': b'-- Up-to-date: /home/em/ros_workspace_2025/nav_ws/install/px4_msgs/local/lib/python3.10/dist-packages/px4_msgs/msg/_ulog_stream_ack_s.c\n'}
[9.381191] (px4_msgs) StdoutLine: {'line': b'-- Up-to-date: /home/em/ros_workspace_2025/nav_ws/install/px4_msgs/local/lib/python3.10/dist-packages/px4_msgs/msg/_hover_thrust_estimate.py\n'}
[9.381213] (px4_msgs) StdoutLine: {'line': b'-- Up-to-date: /home/em/ros_workspace_2025/nav_ws/install/px4_msgs/local/lib/python3.10/dist-packages/px4_msgs/msg/_manual_control_switches.py\n'}
[9.381235] (px4_msgs) StdoutLine: {'line': b'-- Up-to-date: /home/em/ros_workspace_2025/nav_ws/install/px4_msgs/local/lib/python3.10/dist-packages/px4_msgs/msg/_rover_mecanum_status.py\n'}
[9.381256] (px4_msgs) StdoutLine: {'line': b'-- Up-to-date: /home/em/ros_workspace_2025/nav_ws/install/px4_msgs/local/lib/python3.10/dist-packages/px4_msgs/msg/_rover_ackermann_status_s.c\n'}
[9.381303] (px4_msgs) StdoutLine: {'line': b'-- Up-to-date: /home/em/ros_workspace_2025/nav_ws/install/px4_msgs/local/lib/python3.10/dist-packages/px4_msgs/msg/_event.py\n'}
[9.381327] (px4_msgs) StdoutLine: {'line': b'-- Up-to-date: /home/em/ros_workspace_2025/nav_ws/install/px4_msgs/local/lib/python3.10/dist-packages/px4_msgs/msg/_adc_report_s.c\n'}
[9.381351] (px4_msgs) StdoutLine: {'line': b'-- Up-to-date: /home/em/ros_workspace_2025/nav_ws/install/px4_msgs/local/lib/python3.10/dist-packages/px4_msgs/msg/_distance_sensor_mode_change_request_s.c\n'}
[9.381373] (px4_msgs) StdoutLine: {'line': b'-- Up-to-date: /home/em/ros_workspace_2025/nav_ws/install/px4_msgs/local/lib/python3.10/dist-packages/px4_msgs/msg/_airspeed_s.c\n'}
[9.381395] (px4_msgs) StdoutLine: {'line': b'-- Up-to-date: /home/em/ros_workspace_2025/nav_ws/install/px4_msgs/local/lib/python3.10/dist-packages/px4_msgs/msg/_vehicle_imu_status.py\n'}
[9.381425] (px4_msgs) StdoutLine: {'line': b'-- Up-to-date: /home/em/ros_workspace_2025/nav_ws/install/px4_msgs/local/lib/python3.10/dist-packages/px4_msgs/msg/_vehicle_constraints.py\n'}
[9.381456] (px4_msgs) StdoutLine: {'line': b'-- Up-to-date: /home/em/ros_workspace_2025/nav_ws/install/px4_msgs/local/lib/python3.10/dist-packages/px4_msgs/msg/_sensor_preflight_mag_s.c\n'}
[9.381484] (px4_msgs) StdoutLine: {'line': b'-- Up-to-date: /home/em/ros_workspace_2025/nav_ws/install/px4_msgs/local/lib/python3.10/dist-packages/px4_msgs/msg/_differential_pressure.py\n'}
[9.381504] (px4_msgs) StdoutLine: {'line': b'-- Up-to-date: /home/em/ros_workspace_2025/nav_ws/install/px4_msgs/local/lib/python3.10/dist-packages/px4_msgs/msg/_ulog_stream_s.c\n'}
[9.381524] (px4_msgs) StdoutLine: {'line': b'-- Up-to-date: /home/em/ros_workspace_2025/nav_ws/install/px4_msgs/local/lib/python3.10/dist-packages/px4_msgs/msg/_sensor_uwb_s.c\n'}
[9.381545] (px4_msgs) StdoutLine: {'line': b'-- Up-to-date: /home/em/ros_workspace_2025/nav_ws/install/px4_msgs/local/lib/python3.10/dist-packages/px4_msgs/msg/_mode_completed_s.c\n'}
[9.381577] (px4_msgs) StdoutLine: {'line': b'-- Up-to-date: /home/em/ros_workspace_2025/nav_ws/install/px4_msgs/local/lib/python3.10/dist-packages/px4_msgs/msg/_trajectory_waypoint_s.c\n'}
[9.381598] (px4_msgs) StdoutLine: {'line': b'-- Up-to-date: /home/em/ros_workspace_2025/nav_ws/install/px4_msgs/local/lib/python3.10/dist-packages/px4_msgs/msg/_rc_channels_s.c\n'}
[9.381618] (px4_msgs) StdoutLine: {'line': b'-- Up-to-date: /home/em/ros_workspace_2025/nav_ws/install/px4_msgs/local/lib/python3.10/dist-packages/px4_msgs/msg/_vehicle_status.py\n'}
[9.381638] (px4_msgs) StdoutLine: {'line': b'-- Up-to-date: /home/em/ros_workspace_2025/nav_ws/install/px4_msgs/local/lib/python3.10/dist-packages/px4_msgs/msg/_follow_target_status_s.c\n'}
[9.381658] (px4_msgs) StdoutLine: {'line': b'-- Up-to-date: /home/em/ros_workspace_2025/nav_ws/install/px4_msgs/local/lib/python3.10/dist-packages/px4_msgs/msg/_distance_sensor_s.c\n'}
[9.381678] (px4_msgs) StdoutLine: {'line': b'-- Up-to-date: /home/em/ros_workspace_2025/nav_ws/install/px4_msgs/local/lib/python3.10/dist-packages/px4_msgs/msg/_cpuload.py\n'}
[9.381698] (px4_msgs) StdoutLine: {'line': b'-- Up-to-date: /home/em/ros_workspace_2025/nav_ws/install/px4_msgs/local/lib/python3.10/dist-packages/px4_msgs/msg/_debug_array_s.c\n'}
[9.381718] (px4_msgs) StdoutLine: {'line': b'-- Up-to-date: /home/em/ros_workspace_2025/nav_ws/install/px4_msgs/local/lib/python3.10/dist-packages/px4_msgs/msg/_estimator_bias_s.c\n'}
[9.381740] (px4_msgs) StdoutLine: {'line': b'-- Up-to-date: /home/em/ros_workspace_2025/nav_ws/install/px4_msgs/local/lib/python3.10/dist-packages/px4_msgs/msg/_figure_eight_status_s.c\n'}
[9.381762] (px4_msgs) StdoutLine: {'line': b'-- Up-to-date: /home/em/ros_workspace_2025/nav_ws/install/px4_msgs/local/lib/python3.10/dist-packages/px4_msgs/msg/_vehicle_angular_acceleration_setpoint.py\n'}
[9.381784] (px4_msgs) StdoutLine: {'line': b'-- Up-to-date: /home/em/ros_workspace_2025/nav_ws/install/px4_msgs/local/lib/python3.10/dist-packages/px4_msgs/msg/_obstacle_distance_s.c\n'}
[9.381814] (px4_msgs) StdoutLine: {'line': b'-- Up-to-date: /home/em/ros_workspace_2025/nav_ws/install/px4_msgs/local/lib/python3.10/dist-packages/px4_msgs/msg/_velocity_limits.py\n'}
[9.381835] (px4_msgs) StdoutLine: {'line': b'-- Up-to-date: /home/em/ros_workspace_2025/nav_ws/install/px4_msgs/local/lib/python3.10/dist-packages/px4_msgs/msg/_wheel_encoders.py\n'}
[9.381855] (px4_msgs) StdoutLine: {'line': b'-- Up-to-date: /home/em/ros_workspace_2025/nav_ws/install/px4_msgs/local/lib/python3.10/dist-packages/px4_msgs/msg/_gpio_in_s.c\n'}
[9.381874] (px4_msgs) StdoutLine: {'line': b'-- Up-to-date: /home/em/ros_workspace_2025/nav_ws/install/px4_msgs/local/lib/python3.10/dist-packages/px4_msgs/msg/_sensor_correction.py\n'}
[9.381894] (px4_msgs) StdoutLine: {'line': b'-- Up-to-date: /home/em/ros_workspace_2025/nav_ws/install/px4_msgs/local/lib/python3.10/dist-packages/px4_msgs/msg/_register_ext_component_reply_s.c\n'}
[9.381914] (px4_msgs) StdoutLine: {'line': b'-- Up-to-date: /home/em/ros_workspace_2025/nav_ws/install/px4_msgs/local/lib/python3.10/dist-packages/px4_msgs/msg/_vehicle_rates_setpoint.py\n'}
[9.381935] (px4_msgs) StdoutLine: {'line': b'-- Up-to-date: /home/em/ros_workspace_2025/nav_ws/install/px4_msgs/local/lib/python3.10/dist-packages/px4_msgs/msg/_estimator_aid_source2d.py\n'}
[9.381954] (px4_msgs) StdoutLine: {'line': b'-- Up-to-date: /home/em/ros_workspace_2025/nav_ws/install/px4_msgs/local/lib/python3.10/dist-packages/px4_msgs/msg/_vehicle_local_position_setpoint.py\n'}
[9.381975] (px4_msgs) StdoutLine: {'line': b'-- Up-to-date: /home/em/ros_workspace_2025/nav_ws/install/px4_msgs/local/lib/python3.10/dist-packages/px4_msgs/msg/_rover_differential_status.py\n'}
[9.381997] (px4_msgs) StdoutLine: {'line': b'-- Up-to-date: /home/em/ros_workspace_2025/nav_ws/install/px4_msgs/local/lib/python3.10/dist-packages/px4_msgs/msg/_landing_target_pose_s.c\n'}
[9.382019] (px4_msgs) StdoutLine: {'line': b'-- Up-to-date: /home/em/ros_workspace_2025/nav_ws/install/px4_msgs/local/lib/python3.10/dist-packages/px4_msgs/msg/_yaw_estimator_status.py\n'}
[9.382040] (px4_msgs) StdoutLine: {'line': b'-- Up-to-date: /home/em/ros_workspace_2025/nav_ws/install/px4_msgs/local/lib/python3.10/dist-packages/px4_msgs/msg/_estimator_states.py\n'}
[9.382065] (px4_msgs) StdoutLine: {'line': b'-- Up-to-date: /home/em/ros_workspace_2025/nav_ws/install/px4_msgs/local/lib/python3.10/dist-packages/px4_msgs/msg/_parameter_reset_request.py\n'}
[9.382086] (px4_msgs) StdoutLine: {'line': b'-- Up-to-date: /home/em/ros_workspace_2025/nav_ws/install/px4_msgs/local/lib/python3.10/dist-packages/px4_msgs/msg/_button_event.py\n'}
[9.382107] (px4_msgs) StdoutLine: {'line': b'-- Up-to-date: /home/em/ros_workspace_2025/nav_ws/install/px4_msgs/local/lib/python3.10/dist-packages/px4_msgs/msg/_landing_gear_wheel.py\n'}
[9.382128] (px4_msgs) StdoutLine: {'line': b'-- Up-to-date: /home/em/ros_workspace_2025/nav_ws/install/px4_msgs/local/lib/python3.10/dist-packages/px4_msgs/msg/_npfg_status_s.c\n'}
[9.382149] (px4_msgs) StdoutLine: {'line': b'-- Up-to-date: /home/em/ros_workspace_2025/nav_ws/install/px4_msgs/local/lib/python3.10/dist-packages/px4_msgs/msg/_landing_gear_wheel_s.c\n'}
[9.382170] (px4_msgs) StdoutLine: {'line': b'-- Up-to-date: /home/em/ros_workspace_2025/nav_ws/install/px4_msgs/local/lib/python3.10/dist-packages/px4_msgs/msg/_rover_ackermann_setpoint.py\n'}
[9.382190] (px4_msgs) StdoutLine: {'line': b'-- Up-to-date: /home/em/ros_workspace_2025/nav_ws/install/px4_msgs/local/lib/python3.10/dist-packages/px4_msgs/msg/_pps_capture.py\n'}
[9.382223] (px4_msgs) StdoutLine: {'line': b'-- Up-to-date: /home/em/ros_workspace_2025/nav_ws/install/px4_msgs/local/lib/python3.10/dist-packages/px4_msgs/msg/_parameter_set_value_request_s.c\n'}
[9.382243] (px4_msgs) StdoutLine: {'line': b'-- Up-to-date: /home/em/ros_workspace_2025/nav_ws/install/px4_msgs/local/lib/python3.10/dist-packages/px4_msgs/msg/_manual_control_setpoint.py\n'}
[9.382262] (px4_msgs) StdoutLine: {'line': b'-- Up-to-date: /home/em/ros_workspace_2025/nav_ws/install/px4_msgs/local/lib/python3.10/dist-packages/px4_msgs/msg/_camera_status.py\n'}
[9.382284] (px4_msgs) StdoutLine: {'line': b'-- Up-to-date: /home/em/ros_workspace_2025/nav_ws/install/px4_msgs/local/lib/python3.10/dist-packages/px4_msgs/msg/_camera_capture.py\n'}
[9.382304] (px4_msgs) StdoutLine: {'line': b'-- Up-to-date: /home/em/ros_workspace_2025/nav_ws/install/px4_msgs/local/lib/python3.10/dist-packages/px4_msgs/msg/_gimbal_manager_status_s.c\n'}
[9.382325] (px4_msgs) StdoutLine: {'line': b'-- Up-to-date: /home/em/ros_workspace_2025/nav_ws/install/px4_msgs/local/lib/python3.10/dist-packages/px4_msgs/msg/_health_report_s.c\n'}
[9.382345] (px4_msgs) StdoutLine: {'line': b'-- Up-to-date: /home/em/ros_workspace_2025/nav_ws/install/px4_msgs/local/lib/python3.10/dist-packages/px4_msgs/msg/_navigator_status.py\n'}
[9.382365] (px4_msgs) StdoutLine: {'line': b'-- Up-to-date: /home/em/ros_workspace_2025/nav_ws/install/px4_msgs/local/lib/python3.10/dist-packages/px4_msgs/msg/_vehicle_command_s.c\n'}
[9.382393] (px4_msgs) StdoutLine: {'line': b'-- Up-to-date: /home/em/ros_workspace_2025/nav_ws/install/px4_msgs/local/lib/python3.10/dist-packages/px4_msgs/msg/_estimator_bias3d_s.c\n'}
[9.382423] (px4_msgs) StdoutLine: {'line': b'-- Up-to-date: /home/em/ros_workspace_2025/nav_ws/install/px4_msgs/local/lib/python3.10/dist-packages/px4_msgs/msg/_message_format_request_s.c\n'}
[9.382445] (px4_msgs) StdoutLine: {'line': b'-- Up-to-date: /home/em/ros_workspace_2025/nav_ws/install/px4_msgs/local/lib/python3.10/dist-packages/px4_msgs/msg/_wind_s.c\n'}
[9.382472] (px4_msgs) StdoutLine: {'line': b'-- Up-to-date: /home/em/ros_workspace_2025/nav_ws/install/px4_msgs/local/lib/python3.10/dist-packages/px4_msgs/msg/_parameter_update.py\n'}
[9.382495] (px4_msgs) StdoutLine: {'line': b'-- Up-to-date: /home/em/ros_workspace_2025/nav_ws/install/px4_msgs/local/lib/python3.10/dist-packages/px4_msgs/msg/_input_rc.py\n'}
[9.382516] (px4_msgs) StdoutLine: {'line': b'-- Up-to-date: /home/em/ros_workspace_2025/nav_ws/install/px4_msgs/local/lib/python3.10/dist-packages/px4_msgs/msg/_yaw_estimator_status_s.c\n'}
[9.382539] (px4_msgs) StdoutLine: {'line': b'-- Up-to-date: /home/em/ros_workspace_2025/nav_ws/install/px4_msgs/local/lib/python3.10/dist-packages/px4_msgs/msg/_orb_test_medium.py\n'}
[9.382587] (px4_msgs) StdoutLine: {'line': b'-- Up-to-date: /home/em/ros_workspace_2025/nav_ws/install/px4_msgs/local/lib/python3.10/dist-packages/px4_msgs/msg/_radio_status.py\n'}
[9.382610] (px4_msgs) StdoutLine: {'line': b'-- Up-to-date: /home/em/ros_workspace_2025/nav_ws/install/px4_msgs/local/lib/python3.10/dist-packages/px4_msgs/msg/_position_controller_landing_status.py\n'}
[9.382631] (px4_msgs) StdoutLine: {'line': b'-- Up-to-date: /home/em/ros_workspace_2025/nav_ws/install/px4_msgs/local/lib/python3.10/dist-packages/px4_msgs/msg/_rover_ackermann_guidance_status_s.c\n'}
[9.382651] (px4_msgs) StdoutLine: {'line': b'-- Up-to-date: /home/em/ros_workspace_2025/nav_ws/install/px4_msgs/local/lib/python3.10/dist-packages/px4_msgs/msg/_gpio_config_s.c\n'}
[9.382670] (px4_msgs) StdoutLine: {'line': b'-- Up-to-date: /home/em/ros_workspace_2025/nav_ws/install/px4_msgs/local/lib/python3.10/dist-packages/px4_msgs/msg/_vehicle_control_mode.py\n'}
[9.382692] (px4_msgs) StdoutLine: {'line': b'-- Up-to-date: /home/em/ros_workspace_2025/nav_ws/install/px4_msgs/local/lib/python3.10/dist-packages/px4_msgs/msg/_esc_report_s.c\n'}
[9.382716] (px4_msgs) StdoutLine: {'line': b'-- Up-to-date: /home/em/ros_workspace_2025/nav_ws/install/px4_msgs/local/lib/python3.10/dist-packages/px4_msgs/msg/_trajectory_bezier_s.c\n'}
[9.382737] (px4_msgs) StdoutLine: {'line': b'-- Up-to-date: /home/em/ros_workspace_2025/nav_ws/install/px4_msgs/local/lib/python3.10/dist-packages/px4_msgs/msg/_estimator_innovations_s.c\n'}
[9.382759] (px4_msgs) StdoutLine: {'line': b'-- Up-to-date: /home/em/ros_workspace_2025/nav_ws/install/px4_msgs/local/lib/python3.10/dist-packages/px4_msgs/msg/_actuator_controls_status_s.c\n'}
[9.382781] (px4_msgs) StdoutLine: {'line': b'-- Up-to-date: /home/em/ros_workspace_2025/nav_ws/install/px4_msgs/local/lib/python3.10/dist-packages/px4_msgs/msg/_gps_inject_data_s.c\n'}
[9.382802] (px4_msgs) StdoutLine: {'line': b'-- Up-to-date: /home/em/ros_workspace_2025/nav_ws/install/px4_msgs/local/lib/python3.10/dist-packages/px4_msgs/msg/_debug_value_s.c\n'}
[9.382823] (px4_msgs) StdoutLine: {'line': b'-- Up-to-date: /home/em/ros_workspace_2025/nav_ws/install/px4_msgs/local/lib/python3.10/dist-packages/px4_msgs/msg/_follow_target.py\n'}
[9.382845] (px4_msgs) StdoutLine: {'line': b'-- Up-to-date: /home/em/ros_workspace_2025/nav_ws/install/px4_msgs/local/lib/python3.10/dist-packages/px4_msgs/msg/_telemetry_status_s.c\n'}
[9.382866] (px4_msgs) StdoutLine: {'line': b'-- Up-to-date: /home/em/ros_workspace_2025/nav_ws/install/px4_msgs/local/lib/python3.10/dist-packages/px4_msgs/msg/_parameter_set_used_request_s.c\n'}
[9.382887] (px4_msgs) StdoutLine: {'line': b'-- Up-to-date: /home/em/ros_workspace_2025/nav_ws/install/px4_msgs/local/lib/python3.10/dist-packages/px4_msgs/msg/_launch_detection_status_s.c\n'}
[9.382924] (px4_msgs) StdoutLine: {'line': b'-- Up-to-date: /home/em/ros_workspace_2025/nav_ws/install/px4_msgs/local/lib/python3.10/dist-packages/px4_msgs/msg/_internal_combustion_engine_status.py\n'}
[9.382943] (px4_msgs) StdoutLine: {'line': b'-- Up-to-date: /home/em/ros_workspace_2025/nav_ws/install/px4_msgs/local/lib/python3.10/dist-packages/px4_msgs/msg/_px4io_status.py\n'}
[9.382964] (px4_msgs) StdoutLine: {'line': b'-- Up-to-date: /home/em/ros_workspace_2025/nav_ws/install/px4_msgs/local/lib/python3.10/dist-packages/px4_msgs/msg/_open_drone_id_operator_id.py\n'}
[9.382984] (px4_msgs) StdoutLine: {'line': b'-- Up-to-date: /home/em/ros_workspace_2025/nav_ws/install/px4_msgs/local/lib/python3.10/dist-packages/px4_msgs/msg/_qshell_req_s.c\n'}
[9.383006] (px4_msgs) StdoutLine: {'line': b'-- Up-to-date: /home/em/ros_workspace_2025/nav_ws/install/px4_msgs/local/lib/python3.10/dist-packages/px4_msgs/msg/_actuator_motors_s.c\n'}
[9.383034] (px4_msgs) StdoutLine: {'line': b'-- Up-to-date: /home/em/ros_workspace_2025/nav_ws/install/px4_msgs/local/lib/python3.10/dist-packages/px4_msgs/msg/_sensor_airflow_s.c\n'}
[9.383068] (px4_msgs) StdoutLine: {'line': b'-- Up-to-date: /home/em/ros_workspace_2025/nav_ws/install/px4_msgs/local/lib/python3.10/dist-packages/px4_msgs/msg/_dataman_response_s.c\n'}
[9.383115] (px4_msgs) StdoutLine: {'line': b'-- Up-to-date: /home/em/ros_workspace_2025/nav_ws/install/px4_msgs/local/lib/python3.10/dist-packages/px4_msgs/msg/_heater_status.py\n'}
[9.383148] (px4_msgs) StdoutLine: {'line': b'-- Up-to-date: /home/em/ros_workspace_2025/nav_ws/install/px4_msgs/local/lib/python3.10/dist-packages/px4_msgs/msg/_airspeed_validated.py\n'}
[9.383182] (px4_msgs) StdoutLine: {'line': b'-- Up-to-date: /home/em/ros_workspace_2025/nav_ws/install/px4_msgs/local/lib/python3.10/dist-packages/px4_msgs/msg/_buffer128_s.c\n'}
[9.383218] (px4_msgs) StdoutLine: {'line': b'-- Up-to-date: /home/em/ros_workspace_2025/nav_ws/install/px4_msgs/local/lib/python3.10/dist-packages/px4_msgs/msg/_ulog_stream.py\n'}
[9.383254] (px4_msgs) StdoutLine: {'line': b'-- Up-to-date: /home/em/ros_workspace_2025/nav_ws/install/px4_msgs/local/lib/python3.10/dist-packages/px4_msgs/msg/_dataman_request_s.c\n'}
[9.383294] (px4_msgs) StdoutLine: {'line': b'-- Up-to-date: /home/em/ros_workspace_2025/nav_ws/install/px4_msgs/local/lib/python3.10/dist-packages/px4_msgs/msg/_estimator_selector_status.py\n'}
[9.383331] (px4_msgs) StdoutLine: {'line': b'-- Up-to-date: /home/em/ros_workspace_2025/nav_ws/install/px4_msgs/local/lib/python3.10/dist-packages/px4_msgs/msg/_generator_status_s.c\n'}
[9.383362] (px4_msgs) StdoutLine: {'line': b'-- Up-to-date: /home/em/ros_workspace_2025/nav_ws/install/px4_msgs/local/lib/python3.10/dist-packages/px4_msgs/msg/_vehicle_local_position.py\n'}
[9.383394] (px4_msgs) StdoutLine: {'line': b'-- Up-to-date: /home/em/ros_workspace_2025/nav_ws/install/px4_msgs/local/lib/python3.10/dist-packages/px4_msgs/msg/_sensor_optical_flow_s.c\n'}
[9.383448] (px4_msgs) StdoutLine: {'line': b'-- Up-to-date: /home/em/ros_workspace_2025/nav_ws/install/px4_msgs/local/lib/python3.10/dist-packages/px4_msgs/msg/_uavcan_parameter_value.py\n'}
[9.383476] (px4_msgs) StdoutLine: {'line': b'-- Up-to-date: /home/em/ros_workspace_2025/nav_ws/install/px4_msgs/local/lib/python3.10/dist-packages/px4_msgs/msg/_offboard_control_mode_s.c\n'}
[9.383507] (px4_msgs) StdoutLine: {'line': b'-- Up-to-date: /home/em/ros_workspace_2025/nav_ws/install/px4_msgs/local/lib/python3.10/dist-packages/px4_msgs/msg/_qshell_retval.py\n'}
[9.383538] (px4_msgs) StdoutLine: {'line': b'-- Up-to-date: /home/em/ros_workspace_2025/nav_ws/install/px4_msgs/local/lib/python3.10/dist-packages/px4_msgs/msg/_landing_gear_s.c\n'}
[9.383574] (px4_msgs) StdoutLine: {'line': b'-- Up-to-date: /home/em/ros_workspace_2025/nav_ws/install/px4_msgs/local/lib/python3.10/dist-packages/px4_msgs/msg/_estimator_states_s.c\n'}
[9.383598] (px4_msgs) StdoutLine: {'line': b'-- Up-to-date: /home/em/ros_workspace_2025/nav_ws/install/px4_msgs/local/lib/python3.10/dist-packages/px4_msgs/msg/_sensor_selection_s.c\n'}
[9.383624] (px4_msgs) StdoutLine: {'line': b'-- Up-to-date: /home/em/ros_workspace_2025/nav_ws/install/px4_msgs/local/lib/python3.10/dist-packages/px4_msgs/msg/_arming_check_reply.py\n'}
[9.383646] (px4_msgs) StdoutLine: {'line': b'-- Up-to-date: /home/em/ros_workspace_2025/nav_ws/install/px4_msgs/local/lib/python3.10/dist-packages/px4_msgs/msg/_rover_mecanum_status_s.c\n'}
[9.383668] (px4_msgs) StdoutLine: {'line': b'-- Up-to-date: /home/em/ros_workspace_2025/nav_ws/install/px4_msgs/local/lib/python3.10/dist-packages/px4_msgs/msg/_heater_status_s.c\n'}
[9.383690] (px4_msgs) StdoutLine: {'line': b'-- Up-to-date: /home/em/ros_workspace_2025/nav_ws/install/px4_msgs/local/lib/python3.10/dist-packages/px4_msgs/msg/_open_drone_id_self_id.py\n'}
[9.383712] (px4_msgs) StdoutLine: {'line': b'-- Up-to-date: /home/em/ros_workspace_2025/nav_ws/install/px4_msgs/local/lib/python3.10/dist-packages/px4_msgs/msg/_irlock_report.py\n'}
[9.383734] (px4_msgs) StdoutLine: {'line': b'-- Up-to-date: /home/em/ros_workspace_2025/nav_ws/install/px4_msgs/local/lib/python3.10/dist-packages/px4_msgs/msg/_gpio_request_s.c\n'}
[9.383755] (px4_msgs) StdoutLine: {'line': b'-- Up-to-date: /home/em/ros_workspace_2025/nav_ws/install/px4_msgs/local/lib/python3.10/dist-packages/px4_msgs/msg/_vehicle_air_data_s.c\n'}
[9.383792] (px4_msgs) StdoutLine: {'line': b'-- Up-to-date: /home/em/ros_workspace_2025/nav_ws/install/px4_msgs/local/lib/python3.10/dist-packages/px4_msgs/msg/_system_power.py\n'}
[9.383812] (px4_msgs) StdoutLine: {'line': b'-- Up-to-date: /home/em/ros_workspace_2025/nav_ws/install/px4_msgs/local/lib/python3.10/dist-packages/px4_msgs/msg/_mag_worker_data.py\n'}
[9.383866] (px4_msgs) StdoutLine: {'line': b'-- Up-to-date: /home/em/ros_workspace_2025/nav_ws/install/px4_msgs/local/lib/python3.10/dist-packages/px4_msgs/msg/_open_drone_id_arm_status_s.c\n'}
[9.383888] (px4_msgs) StdoutLine: {'line': b'-- Up-to-date: /home/em/ros_workspace_2025/nav_ws/install/px4_msgs/local/lib/python3.10/dist-packages/px4_msgs/msg/_estimator_bias3d.py\n'}
[9.383909] (px4_msgs) StdoutLine: {'line': b'-- Up-to-date: /home/em/ros_workspace_2025/nav_ws/install/px4_msgs/local/lib/python3.10/dist-packages/px4_msgs/msg/_rover_ackermann_setpoint_s.c\n'}
[9.383929] (px4_msgs) StdoutLine: {'line': b'-- Up-to-date: /home/em/ros_workspace_2025/nav_ws/install/px4_msgs/local/lib/python3.10/dist-packages/px4_msgs/msg/_tecs_status_s.c\n'}
[9.383951] (px4_msgs) StdoutLine: {'line': b'-- Up-to-date: /home/em/ros_workspace_2025/nav_ws/install/px4_msgs/local/lib/python3.10/dist-packages/px4_msgs/msg/_vehicle_trajectory_waypoint.py\n'}
[9.383971] (px4_msgs) StdoutLine: {'line': b'-- Up-to-date: /home/em/ros_workspace_2025/nav_ws/install/px4_msgs/local/lib/python3.10/dist-packages/px4_msgs/msg/_rover_mecanum_guidance_status.py\n'}
[9.383993] (px4_msgs) StdoutLine: {'line': b'-- Up-to-date: /home/em/ros_workspace_2025/nav_ws/install/px4_msgs/local/lib/python3.10/dist-packages/px4_msgs/msg/_rover_mecanum_setpoint_s.c\n'}
[9.384015] (px4_msgs) StdoutLine: {'line': b'-- Up-to-date: /home/em/ros_workspace_2025/nav_ws/install/px4_msgs/local/lib/python3.10/dist-packages/px4_msgs/msg/_rpm.py\n'}
[9.384037] (px4_msgs) StdoutLine: {'line': b'-- Up-to-date: /home/em/ros_workspace_2025/nav_ws/install/px4_msgs/local/lib/python3.10/dist-packages/px4_msgs/msg/_gpio_out_s.c\n'}
[9.384058] (px4_msgs) StdoutLine: {'line': b'-- Up-to-date: /home/em/ros_workspace_2025/nav_ws/install/px4_msgs/local/lib/python3.10/dist-packages/px4_msgs/msg/_mission.py\n'}
[9.384080] (px4_msgs) StdoutLine: {'line': b'-- Up-to-date: /home/em/ros_workspace_2025/nav_ws/install/px4_msgs/local/lib/python3.10/dist-packages/px4_msgs/msg/_estimator_event_flags.py\n'}
[9.384102] (px4_msgs) StdoutLine: {'line': b'-- Up-to-date: /home/em/ros_workspace_2025/nav_ws/install/px4_msgs/local/lib/python3.10/dist-packages/px4_msgs/msg/_logger_status.py\n'}
[9.384124] (px4_msgs) StdoutLine: {'line': b'-- Up-to-date: /home/em/ros_workspace_2025/nav_ws/install/px4_msgs/local/lib/python3.10/dist-packages/px4_msgs/msg/_ekf2_timestamps_s.c\n'}
[9.384159] (px4_msgs) StdoutLine: {'line': b'-- Up-to-date: /home/em/ros_workspace_2025/nav_ws/install/px4_msgs/local/lib/python3.10/dist-packages/px4_msgs/msg/_differential_pressure_s.c\n'}
[9.384184] (px4_msgs) StdoutLine: {'line': b'-- Up-to-date: /home/em/ros_workspace_2025/nav_ws/install/px4_msgs/local/lib/python3.10/dist-packages/px4_msgs/msg/_vehicle_land_detected_s.c\n'}
[9.384211] (px4_msgs) StdoutLine: {'line': b'-- Up-to-date: /home/em/ros_workspace_2025/nav_ws/install/px4_msgs/local/lib/python3.10/dist-packages/px4_msgs/msg/_ekf2_timestamps.py\n'}
[9.384243] (px4_msgs) StdoutLine: {'line': b'-- Up-to-date: /home/em/ros_workspace_2025/nav_ws/install/px4_msgs/local/lib/python3.10/dist-packages/px4_msgs/msg/_sensor_baro_s.c\n'}
[9.384276] (px4_msgs) StdoutLine: {'line': b'-- Up-to-date: /home/em/ros_workspace_2025/nav_ws/install/px4_msgs/local/lib/python3.10/dist-packages/px4_msgs/msg/_rc_parameter_map.py\n'}
[9.384306] (px4_msgs) StdoutLine: {'line': b'-- Up-to-date: /home/em/ros_workspace_2025/nav_ws/install/px4_msgs/local/lib/python3.10/dist-packages/px4_msgs/msg/_sensor_accel_fifo.py\n'}
[9.384340] (px4_msgs) StdoutLine: {'line': b'-- Up-to-date: /home/em/ros_workspace_2025/nav_ws/install/px4_msgs/local/lib/python3.10/dist-packages/px4_msgs/msg/_trajectory_bezier.py\n'}
[9.384414] (px4_msgs) StdoutLine: {'line': b'-- Up-to-date: /home/em/ros_workspace_2025/nav_ws/install/px4_msgs/local/lib/python3.10/dist-packages/px4_msgs/msg/_collision_constraints_s.c\n'}
[9.384529] (px4_msgs) StdoutLine: {'line': b'-- Up-to-date: /home/em/ros_workspace_2025/nav_ws/install/px4_msgs/local/lib/python3.10/dist-packages/px4_msgs/msg/_follow_target_estimator_s.c\n'}
[9.384556] (px4_msgs) StdoutLine: {'line': b'-- Up-to-date: /home/em/ros_workspace_2025/nav_ws/install/px4_msgs/local/lib/python3.10/dist-packages/px4_msgs/msg/_vehicle_command_ack_s.c\n'}
[9.384611] (px4_msgs) StdoutLine: {'line': b'-- Up-to-date: /home/em/ros_workspace_2025/nav_ws/install/px4_msgs/local/lib/python3.10/dist-packages/px4_msgs/msg/_sensor_combined.py\n'}
[9.384633] (px4_msgs) StdoutLine: {'line': b'-- Up-to-date: /home/em/ros_workspace_2025/nav_ws/install/px4_msgs/local/lib/python3.10/dist-packages/px4_msgs/msg/_uavcan_parameter_request.py\n'}
[9.384654] (px4_msgs) StdoutLine: {'line': b'-- Up-to-date: /home/em/ros_workspace_2025/nav_ws/install/px4_msgs/local/lib/python3.10/dist-packages/px4_msgs/msg/_actuator_servos_s.c\n'}
[9.384674] (px4_msgs) StdoutLine: {'line': b'-- Up-to-date: /home/em/ros_workspace_2025/nav_ws/install/px4_msgs/local/lib/python3.10/dist-packages/px4_msgs/msg/_gripper_s.c\n'}
[9.384695] (px4_msgs) StdoutLine: {'line': b'-- Up-to-date: /home/em/ros_workspace_2025/nav_ws/install/px4_msgs/local/lib/python3.10/dist-packages/px4_msgs/msg/_rover_differential_guidance_status.py\n'}
[9.384720] (px4_msgs) StdoutLine: {'line': b'-- Up-to-date: /home/em/ros_workspace_2025/nav_ws/install/px4_msgs/local/lib/python3.10/dist-packages/px4_msgs/msg/_orb_test_s.c\n'}
[9.384740] (px4_msgs) StdoutLine: {'line': b'-- Up-to-date: /home/em/ros_workspace_2025/nav_ws/install/px4_msgs/local/lib/python3.10/dist-packages/px4_msgs/msg/_battery_status.py\n'}
[9.384760] (px4_msgs) StdoutLine: {'line': b'-- Up-to-date: /home/em/ros_workspace_2025/nav_ws/install/px4_msgs/local/lib/python3.10/dist-packages/px4_msgs/msg/_task_stack_info.py\n'}
[9.384780] (px4_msgs) StdoutLine: {'line': b'-- Up-to-date: /home/em/ros_workspace_2025/nav_ws/install/px4_msgs/local/lib/python3.10/dist-packages/px4_msgs/msg/_gimbal_controls_s.c\n'}
[9.384815] (px4_msgs) StdoutLine: {'line': b'-- Up-to-date: /home/em/ros_workspace_2025/nav_ws/install/px4_msgs/local/lib/python3.10/dist-packages/px4_msgs/msg/_cpuload_s.c\n'}
[9.384837] (px4_msgs) StdoutLine: {'line': b'-- Up-to-date: /home/em/ros_workspace_2025/nav_ws/install/px4_msgs/local/lib/python3.10/dist-packages/px4_msgs/msg/_vehicle_trajectory_bezier_s.c\n'}
[9.384858] (px4_msgs) StdoutLine: {'line': b'-- Up-to-date: /home/em/ros_workspace_2025/nav_ws/install/px4_msgs/local/lib/python3.10/dist-packages/px4_msgs/msg/_qshell_retval_s.c\n'}
[9.384879] (px4_msgs) StdoutLine: {'line': b'-- Up-to-date: /home/em/ros_workspace_2025/nav_ws/install/px4_msgs/local/lib/python3.10/dist-packages/px4_msgs/msg/_gpio_request.py\n'}
[9.384906] (px4_msgs) StdoutLine: {'line': b'-- Up-to-date: /home/em/ros_workspace_2025/nav_ws/install/px4_msgs/local/lib/python3.10/dist-packages/px4_msgs/msg/_debug_vect_s.c\n'}
[9.384927] (px4_msgs) StdoutLine: {'line': b'-- Up-to-date: /home/em/ros_workspace_2025/nav_ws/install/px4_msgs/local/lib/python3.10/dist-packages/px4_msgs/msg/_message_format_request.py\n'}
[9.384947] (px4_msgs) StdoutLine: {'line': b'-- Up-to-date: /home/em/ros_workspace_2025/nav_ws/install/px4_msgs/local/lib/python3.10/dist-packages/px4_msgs/msg/_wind.py\n'}
[9.384967] (px4_msgs) StdoutLine: {'line': b'-- Up-to-date: /home/em/ros_workspace_2025/nav_ws/install/px4_msgs/local/lib/python3.10/dist-packages/px4_msgs/msg/_fuel_tank_status.py\n'}
[9.384987] (px4_msgs) StdoutLine: {'line': b'-- Up-to-date: /home/em/ros_workspace_2025/nav_ws/install/px4_msgs/local/lib/python3.10/dist-packages/px4_msgs/msg/_ulog_stream_ack.py\n'}
[9.385007] (px4_msgs) StdoutLine: {'line': b'-- Up-to-date: /home/em/ros_workspace_2025/nav_ws/install/px4_msgs/local/lib/python3.10/dist-packages/px4_msgs/msg/_mount_orientation.py\n'}
[9.385030] (px4_msgs) StdoutLine: {'line': b'-- Up-to-date: /home/em/ros_workspace_2025/nav_ws/install/px4_msgs/local/lib/python3.10/dist-packages/px4_msgs/msg/_follow_target_estimator.py\n'}
[9.385058] (px4_msgs) StdoutLine: {'line': b'-- Up-to-date: /home/em/ros_workspace_2025/nav_ws/install/px4_msgs/local/lib/python3.10/dist-packages/px4_msgs/msg/_vehicle_imu_status_s.c\n'}
[9.385083] (px4_msgs) StdoutLine: {'line': b'-- Up-to-date: /home/em/ros_workspace_2025/nav_ws/install/px4_msgs/local/lib/python3.10/dist-packages/px4_msgs/msg/_parameter_set_value_response.py\n'}
[9.385137] (px4_msgs) StdoutLine: {'line': b'-- Up-to-date: /home/em/ros_workspace_2025/nav_ws/install/px4_msgs/local/lib/python3.10/dist-packages/px4_msgs/msg/_debug_vect.py\n'}
[9.385168] (px4_msgs) StdoutLine: {'line': b'-- Up-to-date: /home/em/ros_workspace_2025/nav_ws/install/px4_msgs/local/lib/python3.10/dist-packages/px4_msgs/msg/_airspeed_wind_s.c\n'}
[9.385249] (px4_msgs) StdoutLine: {'line': b'-- Up-to-date: /home/em/ros_workspace_2025/nav_ws/install/px4_msgs/local/lib/python3.10/dist-packages/px4_msgs/msg/_landing_target_innovations.py\n'}
[9.385293] (px4_msgs) StdoutLine: {'line': b'-- Up-to-date: /home/em/ros_workspace_2025/nav_ws/install/px4_msgs/local/lib/python3.10/dist-packages/px4_msgs/msg/_unregister_ext_component_s.c\n'}
[9.385324] (px4_msgs) StdoutLine: {'line': b'-- Up-to-date: /home/em/ros_workspace_2025/nav_ws/install/px4_msgs/local/lib/python3.10/dist-packages/px4_msgs/msg/_sensor_gyro_fifo_s.c\n'}
[9.385350] (px4_msgs) StdoutLine: {'line': b'-- Up-to-date: /home/em/ros_workspace_2025/nav_ws/install/px4_msgs/local/lib/python3.10/dist-packages/px4_msgs/msg/_log_message_s.c\n'}
[9.385378] (px4_msgs) StdoutLine: {'line': b'-- Up-to-date: /home/em/ros_workspace_2025/nav_ws/install/px4_msgs/local/lib/python3.10/dist-packages/px4_msgs/msg/_vehicle_roi.py\n'}
[9.385436] (px4_msgs) StdoutLine: {'line': b'-- Up-to-date: /home/em/ros_workspace_2025/nav_ws/install/px4_msgs/local/lib/python3.10/dist-packages/px4_msgs/msg/_gimbal_manager_status.py\n'}
[9.385470] (px4_msgs) StdoutLine: {'line': b'-- Up-to-date: /home/em/ros_workspace_2025/nav_ws/install/px4_msgs/local/lib/python3.10/dist-packages/px4_msgs/msg/_vehicle_imu_s.c\n'}
[9.385491] (px4_msgs) StdoutLine: {'line': b'-- Up-to-date: /home/em/ros_workspace_2025/nav_ws/install/px4_msgs/local/lib/python3.10/dist-packages/px4_msgs/msg/_actuator_controls_status.py\n'}
[9.385511] (px4_msgs) StdoutLine: {'line': b'-- Up-to-date: /home/em/ros_workspace_2025/nav_ws/install/px4_msgs/local/lib/python3.10/dist-packages/px4_msgs/msg/_sensor_gyro.py\n'}
[9.385532] (px4_msgs) StdoutLine: {'line': b'-- Up-to-date: /home/em/ros_workspace_2025/nav_ws/install/px4_msgs/local/lib/python3.10/dist-packages/px4_msgs/msg/_register_ext_component_request_s.c\n'}
[9.385572] (px4_msgs) StdoutLine: {'line': b'-- Up-to-date: /home/em/ros_workspace_2025/nav_ws/install/px4_msgs/local/lib/python3.10/dist-packages/px4_msgs/msg/_orb_test.py\n'}
[9.385610] (px4_msgs) StdoutLine: {'line': b'-- Up-to-date: /home/em/ros_workspace_2025/nav_ws/install/px4_msgs/local/lib/python3.10/dist-packages/px4_msgs/msg/_mavlink_log_s.c\n'}
[9.385640] (px4_msgs) StdoutLine: {'line': b'-- Up-to-date: /home/em/ros_workspace_2025/nav_ws/install/px4_msgs/local/lib/python3.10/dist-packages/px4_msgs/msg/_estimator_gps_status_s.c\n'}
[9.385676] (px4_msgs) StdoutLine: {'line': b'-- Up-to-date: /home/em/ros_workspace_2025/nav_ws/install/px4_msgs/local/lib/python3.10/dist-packages/px4_msgs/msg/_normalized_unsigned_setpoint_s.c\n'}
[9.385710] (px4_msgs) StdoutLine: {'line': b'-- Up-to-date: /home/em/ros_workspace_2025/nav_ws/install/px4_msgs/local/lib/python3.10/dist-packages/px4_msgs/msg/_sensor_combined_s.c\n'}
[9.385746] (px4_msgs) StdoutLine: {'line': b'-- Up-to-date: /home/em/ros_workspace_2025/nav_ws/install/px4_msgs/local/lib/python3.10/dist-packages/px4_msgs/msg/_transponder_report_s.c\n'}
[9.385784] (px4_msgs) StdoutLine: {'line': b'-- Up-to-date: /home/em/ros_workspace_2025/nav_ws/install/px4_msgs/local/lib/python3.10/dist-packages/px4_msgs/msg/_gimbal_controls.py\n'}
[9.385821] (px4_msgs) StdoutLine: {'line': b'-- Up-to-date: /home/em/ros_workspace_2025/nav_ws/install/px4_msgs/local/lib/python3.10/dist-packages/px4_msgs/msg/_mode_completed.py\n'}
[9.385850] (px4_msgs) StdoutLine: {'line': b'-- Up-to-date: /home/em/ros_workspace_2025/nav_ws/install/px4_msgs/local/lib/python3.10/dist-packages/px4_msgs/msg/_debug_key_value.py\n'}
[9.385886] (px4_msgs) StdoutLine: {'line': b'-- Up-to-date: /home/em/ros_workspace_2025/nav_ws/install/px4_msgs/local/lib/python3.10/dist-packages/px4_msgs/msg/_gpio_in.py\n'}
[9.385919] (px4_msgs) StdoutLine: {'line': b'-- Up-to-date: /home/em/ros_workspace_2025/nav_ws/install/px4_msgs/local/lib/python3.10/dist-packages/px4_msgs/msg/_message_format_response.py\n'}
[9.385941] (px4_msgs) StdoutLine: {'line': b'-- Up-to-date: /home/em/ros_workspace_2025/nav_ws/install/px4_msgs/local/lib/python3.10/dist-packages/px4_msgs/msg/_launch_detection_status.py\n'}
[9.385962] (px4_msgs) StdoutLine: {'line': b'-- Up-to-date: /home/em/ros_workspace_2025/nav_ws/install/px4_msgs/local/lib/python3.10/dist-packages/px4_msgs/msg/_tecs_status.py\n'}
[9.385982] (px4_msgs) StdoutLine: {'line': b'-- Up-to-date: /home/em/ros_workspace_2025/nav_ws/install/px4_msgs/local/lib/python3.10/dist-packages/px4_msgs/msg/_vehicle_local_position_setpoint_s.c\n'}
[9.386001] (px4_msgs) StdoutLine: {'line': b'-- Up-to-date: /home/em/ros_workspace_2025/nav_ws/install/px4_msgs/local/lib/python3.10/dist-packages/px4_msgs/msg/_mag_worker_data_s.c\n'}
[9.386021] (px4_msgs) StdoutLine: {'line': b'-- Up-to-date: /home/em/ros_workspace_2025/nav_ws/install/px4_msgs/local/lib/python3.10/dist-packages/px4_msgs/msg/_vehicle_global_position_s.c\n'}
[9.386042] (px4_msgs) StdoutLine: {'line': b'-- Up-to-date: /home/em/ros_workspace_2025/nav_ws/install/px4_msgs/local/lib/python3.10/dist-packages/px4_msgs/msg/_camera_status_s.c\n'}
[9.386065] (px4_msgs) StdoutLine: {'line': b'-- Up-to-date: /home/em/ros_workspace_2025/nav_ws/install/px4_msgs/local/lib/python3.10/dist-packages/px4_msgs/msg/_vehicle_air_data.py\n'}
[9.386088] (px4_msgs) StdoutLine: {'line': b'-- Up-to-date: /home/em/ros_workspace_2025/nav_ws/install/px4_msgs/local/lib/python3.10/dist-packages/px4_msgs/msg/_vtol_vehicle_status.py\n'}
[9.386110] (px4_msgs) StdoutLine: {'line': b'-- Up-to-date: /home/em/ros_workspace_2025/nav_ws/install/px4_msgs/local/lib/python3.10/dist-packages/px4_msgs/msg/_estimator_innovations.py\n'}
[9.386139] (px4_msgs) StdoutLine: {'line': b'-- Up-to-date: /home/em/ros_workspace_2025/nav_ws/install/px4_msgs/local/lib/python3.10/dist-packages/px4_msgs/msg/_vehicle_angular_acceleration_setpoint_s.c\n'}
[9.386165] (px4_msgs) StdoutLine: {'line': b'-- Up-to-date: /home/em/ros_workspace_2025/nav_ws/install/px4_msgs/local/lib/python3.10/dist-packages/px4_msgs/msg/_actuator_outputs_s.c\n'}
[9.386192] (px4_msgs) StdoutLine: {'line': b'-- Up-to-date: /home/em/ros_workspace_2025/nav_ws/install/px4_msgs/local/lib/python3.10/dist-packages/px4_msgs/msg/_px4io_status_s.c\n'}
[9.386214] (px4_msgs) StdoutLine: {'line': b'-- Up-to-date: /home/em/ros_workspace_2025/nav_ws/install/px4_msgs/local/lib/python3.10/dist-packages/px4_msgs/msg/_vehicle_odometry.py\n'}
[9.386237] (px4_msgs) StdoutLine: {'line': b'-- Up-to-date: /home/em/ros_workspace_2025/nav_ws/install/px4_msgs/local/lib/python3.10/dist-packages/px4_msgs/msg/_cellular_status.py\n'}
[9.386259] (px4_msgs) StdoutLine: {'line': b'-- Up-to-date: /home/em/ros_workspace_2025/nav_ws/install/px4_msgs/local/lib/python3.10/dist-packages/px4_msgs/msg/_gimbal_manager_set_attitude_s.c\n'}
[9.386281] (px4_msgs) StdoutLine: {'line': b'-- Up-to-date: /home/em/ros_workspace_2025/nav_ws/install/px4_msgs/local/lib/python3.10/dist-packages/px4_msgs/msg/_timesync_status_s.c\n'}
[9.386303] (px4_msgs) StdoutLine: {'line': b'-- Up-to-date: /home/em/ros_workspace_2025/nav_ws/install/px4_msgs/local/lib/python3.10/dist-packages/px4_msgs/msg/_sensor_gnss_relative.py\n'}
[9.386326] (px4_msgs) StdoutLine: {'line': b'-- Up-to-date: /home/em/ros_workspace_2025/nav_ws/install/px4_msgs/local/lib/python3.10/dist-packages/px4_msgs/msg/_arming_check_request_s.c\n'}
[9.386347] (px4_msgs) StdoutLine: {'line': b'-- Up-to-date: /home/em/ros_workspace_2025/nav_ws/install/px4_msgs/local/lib/python3.10/dist-packages/px4_msgs/msg/_position_setpoint_s.c\n'}
[9.386481] (px4_msgs) StdoutLine: {'line': b'-- Up-to-date: /home/em/ros_workspace_2025/nav_ws/install/px4_msgs/local/lib/python3.10/dist-packages/px4_msgs/msg/_mount_orientation_s.c\n'}
[9.386536] (px4_msgs) StdoutLine: {'line': b'-- Up-to-date: /home/em/ros_workspace_2025/nav_ws/install/px4_msgs/local/lib/python3.10/dist-packages/px4_msgs/msg/_battery_status_s.c\n'}
[9.386561] (px4_msgs) StdoutLine: {'line': b'-- Up-to-date: /home/em/ros_workspace_2025/nav_ws/install/px4_msgs/local/lib/python3.10/dist-packages/px4_msgs/msg/_estimator_aid_source1d.py\n'}
[9.386585] (px4_msgs) StdoutLine: {'line': b'-- Up-to-date: /home/em/ros_workspace_2025/nav_ws/install/px4_msgs/local/lib/python3.10/dist-packages/px4_msgs/msg/_mavlink_tunnel.py\n'}
[9.386609] (px4_msgs) StdoutLine: {'line': b'-- Up-to-date: /home/em/ros_workspace_2025/nav_ws/install/px4_msgs/local/lib/python3.10/dist-packages/px4_msgs/msg/_sensors_status_imu_s.c\n'}
[9.386632] (px4_msgs) StdoutLine: {'line': b'-- Up-to-date: /home/em/ros_workspace_2025/nav_ws/install/px4_msgs/local/lib/python3.10/dist-packages/px4_msgs/msg/_sensor_preflight_mag.py\n'}
[9.386654] (px4_msgs) StdoutLine: {'line': b'-- Up-to-date: /home/em/ros_workspace_2025/nav_ws/install/px4_msgs/local/lib/python3.10/dist-packages/px4_msgs/msg/_estimator_aid_source2d_s.c\n'}
[9.386675] (px4_msgs) StdoutLine: {'line': b'-- Up-to-date: /home/em/ros_workspace_2025/nav_ws/install/px4_msgs/local/lib/python3.10/dist-packages/px4_msgs/_px4_msgs_s.ep.rosidl_typesupport_introspection_c.c\n'}
[9.386697] (px4_msgs) StdoutLine: {'line': b'-- Up-to-date: /home/em/ros_workspace_2025/nav_ws/install/px4_msgs/local/lib/python3.10/dist-packages/px4_msgs/_px4_msgs_s.ep.rosidl_typesupport_fastrtps_c.c\n'}
[9.386720] (px4_msgs) StdoutLine: {'line': b"Listing '/home/em/ros_workspace_2025/nav_ws/install/px4_msgs/local/lib/python3.10/dist-packages/px4_msgs'...\n"}
[9.386747] (px4_msgs) StdoutLine: {'line': b"Listing '/home/em/ros_workspace_2025/nav_ws/install/px4_msgs/local/lib/python3.10/dist-packages/px4_msgs/msg'...\n"}
[9.386794] (px4_msgs) StdoutLine: {'line': b"Listing '/home/em/ros_workspace_2025/nav_ws/install/px4_msgs/local/lib/python3.10/dist-packages/px4_msgs/srv'...\n"}
[9.386818] (px4_msgs) StdoutLine: {'line': b'-- Up-to-date: /home/em/ros_workspace_2025/nav_ws/install/px4_msgs/local/lib/python3.10/dist-packages/px4_msgs/px4_msgs_s__rosidl_typesupport_fastrtps_c.cpython-310-x86_64-linux-gnu.so\n'}
[9.386841] (px4_msgs) StdoutLine: {'line': b'-- Up-to-date: /home/em/ros_workspace_2025/nav_ws/install/px4_msgs/local/lib/python3.10/dist-packages/px4_msgs/px4_msgs_s__rosidl_typesupport_introspection_c.cpython-310-x86_64-linux-gnu.so\n'}
[9.386869] (px4_msgs) StdoutLine: {'line': b'-- Up-to-date: /home/em/ros_workspace_2025/nav_ws/install/px4_msgs/local/lib/python3.10/dist-packages/px4_msgs/px4_msgs_s__rosidl_typesupport_c.cpython-310-x86_64-linux-gnu.so\n'}
[9.386892] (px4_msgs) StdoutLine: {'line': b'-- Up-to-date: /home/em/ros_workspace_2025/nav_ws/install/px4_msgs/lib/libpx4_msgs__rosidl_generator_py.so\n'}
[9.386914] (px4_msgs) StdoutLine: {'line': b'-- Up-to-date: /home/em/ros_workspace_2025/nav_ws/install/px4_msgs/share/px4_msgs/msg/ActionRequest.idl\n'}
[9.386936] (px4_msgs) StdoutLine: {'line': b'-- Up-to-date: /home/em/ros_workspace_2025/nav_ws/install/px4_msgs/share/px4_msgs/msg/ActuatorArmed.idl\n'}
[9.386957] (px4_msgs) StdoutLine: {'line': b'-- Up-to-date: /home/em/ros_workspace_2025/nav_ws/install/px4_msgs/share/px4_msgs/msg/ActuatorControlsStatus.idl\n'}
[9.386978] (px4_msgs) StdoutLine: {'line': b'-- Up-to-date: /home/em/ros_workspace_2025/nav_ws/install/px4_msgs/share/px4_msgs/msg/ActuatorMotors.idl\n'}
[9.387000] (px4_msgs) StdoutLine: {'line': b'-- Up-to-date: /home/em/ros_workspace_2025/nav_ws/install/px4_msgs/share/px4_msgs/msg/ActuatorOutputs.idl\n'}
[9.387020] (px4_msgs) StdoutLine: {'line': b'-- Up-to-date: /home/em/ros_workspace_2025/nav_ws/install/px4_msgs/share/px4_msgs/msg/ActuatorServos.idl\n'}
[9.387046] (px4_msgs) StdoutLine: {'line': b'-- Up-to-date: /home/em/ros_workspace_2025/nav_ws/install/px4_msgs/share/px4_msgs/msg/ActuatorServosTrim.idl\n'}
[9.387072] (px4_msgs) StdoutLine: {'line': b'-- Up-to-date: /home/em/ros_workspace_2025/nav_ws/install/px4_msgs/share/px4_msgs/msg/ActuatorTest.idl\n'}
[9.387101] (px4_msgs) StdoutLine: {'line': b'-- Up-to-date: /home/em/ros_workspace_2025/nav_ws/install/px4_msgs/share/px4_msgs/msg/AdcReport.idl\n'}
[9.387128] (px4_msgs) StdoutLine: {'line': b'-- Up-to-date: /home/em/ros_workspace_2025/nav_ws/install/px4_msgs/share/px4_msgs/msg/Airspeed.idl\n'}
[9.387153] (px4_msgs) StdoutLine: {'line': b'-- Up-to-date: /home/em/ros_workspace_2025/nav_ws/install/px4_msgs/share/px4_msgs/msg/AirspeedValidated.idl\n'}
[9.387180] (px4_msgs) StdoutLine: {'line': b'-- Up-to-date: /home/em/ros_workspace_2025/nav_ws/install/px4_msgs/share/px4_msgs/msg/AirspeedWind.idl\n'}
[9.387209] (px4_msgs) StdoutLine: {'line': b'-- Up-to-date: /home/em/ros_workspace_2025/nav_ws/install/px4_msgs/share/px4_msgs/msg/ArmingCheckReply.idl\n'}
[9.387235] (px4_msgs) StdoutLine: {'line': b'-- Up-to-date: /home/em/ros_workspace_2025/nav_ws/install/px4_msgs/share/px4_msgs/msg/ArmingCheckRequest.idl\n'}
[9.387265] (px4_msgs) StdoutLine: {'line': b'-- Up-to-date: /home/em/ros_workspace_2025/nav_ws/install/px4_msgs/share/px4_msgs/msg/AutotuneAttitudeControlStatus.idl\n'}
[9.387305] (px4_msgs) StdoutLine: {'line': b'-- Up-to-date: /home/em/ros_workspace_2025/nav_ws/install/px4_msgs/share/px4_msgs/msg/BatteryStatus.idl\n'}
[9.387327] (px4_msgs) StdoutLine: {'line': b'-- Up-to-date: /home/em/ros_workspace_2025/nav_ws/install/px4_msgs/share/px4_msgs/msg/Buffer128.idl\n'}
[9.387348] (px4_msgs) StdoutLine: {'line': b'-- Up-to-date: /home/em/ros_workspace_2025/nav_ws/install/px4_msgs/share/px4_msgs/msg/ButtonEvent.idl\n'}
[9.387375] (px4_msgs) StdoutLine: {'line': b'-- Up-to-date: /home/em/ros_workspace_2025/nav_ws/install/px4_msgs/share/px4_msgs/msg/CameraCapture.idl\n'}
[9.387396] (px4_msgs) StdoutLine: {'line': b'-- Up-to-date: /home/em/ros_workspace_2025/nav_ws/install/px4_msgs/share/px4_msgs/msg/CameraStatus.idl\n'}
[9.387440] (px4_msgs) StdoutLine: {'line': b'-- Up-to-date: /home/em/ros_workspace_2025/nav_ws/install/px4_msgs/share/px4_msgs/msg/CameraTrigger.idl\n'}
[9.387464] (px4_msgs) StdoutLine: {'line': b'-- Up-to-date: /home/em/ros_workspace_2025/nav_ws/install/px4_msgs/share/px4_msgs/msg/CanInterfaceStatus.idl\n'}
[9.387485] (px4_msgs) StdoutLine: {'line': b'-- Up-to-date: /home/em/ros_workspace_2025/nav_ws/install/px4_msgs/share/px4_msgs/msg/CellularStatus.idl\n'}
[9.387508] (px4_msgs) StdoutLine: {'line': b'-- Up-to-date: /home/em/ros_workspace_2025/nav_ws/install/px4_msgs/share/px4_msgs/msg/CollisionConstraints.idl\n'}
[9.387540] (px4_msgs) StdoutLine: {'line': b'-- Up-to-date: /home/em/ros_workspace_2025/nav_ws/install/px4_msgs/share/px4_msgs/msg/CollisionReport.idl\n'}
[9.387574] (px4_msgs) StdoutLine: {'line': b'-- Up-to-date: /home/em/ros_workspace_2025/nav_ws/install/px4_msgs/share/px4_msgs/msg/ConfigOverrides.idl\n'}
[9.387602] (px4_msgs) StdoutLine: {'line': b'-- Up-to-date: /home/em/ros_workspace_2025/nav_ws/install/px4_msgs/share/px4_msgs/msg/ControlAllocatorStatus.idl\n'}
[9.387625] (px4_msgs) StdoutLine: {'line': b'-- Up-to-date: /home/em/ros_workspace_2025/nav_ws/install/px4_msgs/share/px4_msgs/msg/Cpuload.idl\n'}
[9.387647] (px4_msgs) StdoutLine: {'line': b'-- Up-to-date: /home/em/ros_workspace_2025/nav_ws/install/px4_msgs/share/px4_msgs/msg/DatamanRequest.idl\n'}
[9.387667] (px4_msgs) StdoutLine: {'line': b'-- Up-to-date: /home/em/ros_workspace_2025/nav_ws/install/px4_msgs/share/px4_msgs/msg/DatamanResponse.idl\n'}
[9.387688] (px4_msgs) StdoutLine: {'line': b'-- Up-to-date: /home/em/ros_workspace_2025/nav_ws/install/px4_msgs/share/px4_msgs/msg/DebugArray.idl\n'}
[9.387765] (px4_msgs) StdoutLine: {'line': b'-- Up-to-date: /home/em/ros_workspace_2025/nav_ws/install/px4_msgs/share/px4_msgs/msg/DebugKeyValue.idl\n'}
[9.387793] (px4_msgs) StdoutLine: {'line': b'-- Up-to-date: /home/em/ros_workspace_2025/nav_ws/install/px4_msgs/share/px4_msgs/msg/DebugValue.idl\n'}
[9.387816] (px4_msgs) StdoutLine: {'line': b'-- Up-to-date: /home/em/ros_workspace_2025/nav_ws/install/px4_msgs/share/px4_msgs/msg/DebugVect.idl\n'}
[9.387841] (px4_msgs) StdoutLine: {'line': b'-- Up-to-date: /home/em/ros_workspace_2025/nav_ws/install/px4_msgs/share/px4_msgs/msg/DifferentialPressure.idl\n'}
[9.387861] (px4_msgs) StdoutLine: {'line': b'-- Up-to-date: /home/em/ros_workspace_2025/nav_ws/install/px4_msgs/share/px4_msgs/msg/DistanceSensor.idl\n'}
[9.387884] (px4_msgs) StdoutLine: {'line': b'-- Up-to-date: /home/em/ros_workspace_2025/nav_ws/install/px4_msgs/share/px4_msgs/msg/DistanceSensorModeChangeRequest.idl\n'}
[9.387905] (px4_msgs) StdoutLine: {'line': b'-- Up-to-date: /home/em/ros_workspace_2025/nav_ws/install/px4_msgs/share/px4_msgs/msg/Ekf2Timestamps.idl\n'}
[9.387931] (px4_msgs) StdoutLine: {'line': b'-- Up-to-date: /home/em/ros_workspace_2025/nav_ws/install/px4_msgs/share/px4_msgs/msg/EscReport.idl\n'}
[9.387953] (px4_msgs) StdoutLine: {'line': b'-- Up-to-date: /home/em/ros_workspace_2025/nav_ws/install/px4_msgs/share/px4_msgs/msg/EscStatus.idl\n'}
[9.387975] (px4_msgs) StdoutLine: {'line': b'-- Up-to-date: /home/em/ros_workspace_2025/nav_ws/install/px4_msgs/share/px4_msgs/msg/EstimatorAidSource1d.idl\n'}
[9.387997] (px4_msgs) StdoutLine: {'line': b'-- Up-to-date: /home/em/ros_workspace_2025/nav_ws/install/px4_msgs/share/px4_msgs/msg/EstimatorAidSource2d.idl\n'}
[9.388019] (px4_msgs) StdoutLine: {'line': b'-- Up-to-date: /home/em/ros_workspace_2025/nav_ws/install/px4_msgs/share/px4_msgs/msg/EstimatorAidSource3d.idl\n'}
[9.388041] (px4_msgs) StdoutLine: {'line': b'-- Up-to-date: /home/em/ros_workspace_2025/nav_ws/install/px4_msgs/share/px4_msgs/msg/EstimatorBias.idl\n'}
[9.388063] (px4_msgs) StdoutLine: {'line': b'-- Up-to-date: /home/em/ros_workspace_2025/nav_ws/install/px4_msgs/share/px4_msgs/msg/EstimatorBias3d.idl\n'}
[9.388109] (px4_msgs) StdoutLine: {'line': b'-- Up-to-date: /home/em/ros_workspace_2025/nav_ws/install/px4_msgs/share/px4_msgs/msg/EstimatorEventFlags.idl\n'}
[9.388145] (px4_msgs) StdoutLine: {'line': b'-- Up-to-date: /home/em/ros_workspace_2025/nav_ws/install/px4_msgs/share/px4_msgs/msg/EstimatorGpsStatus.idl\n'}
[9.388297] (px4_msgs) StdoutLine: {'line': b'-- Up-to-date: /home/em/ros_workspace_2025/nav_ws/install/px4_msgs/share/px4_msgs/msg/EstimatorInnovations.idl\n'}
[9.388521] (px4_msgs) StdoutLine: {'line': b'-- Up-to-date: /home/em/ros_workspace_2025/nav_ws/install/px4_msgs/share/px4_msgs/msg/EstimatorSelectorStatus.idl\n'}
[9.388796] (px4_msgs) StdoutLine: {'line': b'-- Up-to-date: /home/em/ros_workspace_2025/nav_ws/install/px4_msgs/share/px4_msgs/msg/EstimatorSensorBias.idl\n'}
[9.388950] (px4_msgs) StdoutLine: {'line': b'-- Up-to-date: /home/em/ros_workspace_2025/nav_ws/install/px4_msgs/share/px4_msgs/msg/EstimatorStates.idl\n'}
[9.389113] (px4_msgs) StdoutLine: {'line': b'-- Up-to-date: /home/em/ros_workspace_2025/nav_ws/install/px4_msgs/share/px4_msgs/msg/EstimatorStatus.idl\n'}
[9.389297] (px4_msgs) StdoutLine: {'line': b'-- Up-to-date: /home/em/ros_workspace_2025/nav_ws/install/px4_msgs/share/px4_msgs/msg/EstimatorStatusFlags.idl\n'}
[9.389544] (px4_msgs) StdoutLine: {'line': b'-- Up-to-date: /home/em/ros_workspace_2025/nav_ws/install/px4_msgs/share/px4_msgs/msg/Event.idl\n'}
[9.389802] (px4_msgs) StdoutLine: {'line': b'-- Up-to-date: /home/em/ros_workspace_2025/nav_ws/install/px4_msgs/share/px4_msgs/msg/FailsafeFlags.idl\n'}
[9.389885] (px4_msgs) StdoutLine: {'line': b'-- Up-to-date: /home/em/ros_workspace_2025/nav_ws/install/px4_msgs/share/px4_msgs/msg/FailureDetectorStatus.idl\n'}
[9.390120] (px4_msgs) StdoutLine: {'line': b'-- Up-to-date: /home/em/ros_workspace_2025/nav_ws/install/px4_msgs/share/px4_msgs/msg/FigureEightStatus.idl\n'}
[9.390378] (px4_msgs) StdoutLine: {'line': b'-- Up-to-date: /home/em/ros_workspace_2025/nav_ws/install/px4_msgs/share/px4_msgs/msg/FlightPhaseEstimation.idl\n'}
[9.390521] (px4_msgs) StdoutLine: {'line': b'-- Up-to-date: /home/em/ros_workspace_2025/nav_ws/install/px4_msgs/share/px4_msgs/msg/FollowTarget.idl\n'}
[9.390675] (px4_msgs) StdoutLine: {'line': b'-- Up-to-date: /home/em/ros_workspace_2025/nav_ws/install/px4_msgs/share/px4_msgs/msg/FollowTargetEstimator.idl\n'}
[9.390867] (px4_msgs) StdoutLine: {'line': b'-- Up-to-date: /home/em/ros_workspace_2025/nav_ws/install/px4_msgs/share/px4_msgs/msg/FollowTargetStatus.idl\n'}
[9.391081] (px4_msgs) StdoutLine: {'line': b'-- Up-to-date: /home/em/ros_workspace_2025/nav_ws/install/px4_msgs/share/px4_msgs/msg/FuelTankStatus.idl\n'}
[9.391231] (px4_msgs) StdoutLine: {'line': b'-- Up-to-date: /home/em/ros_workspace_2025/nav_ws/install/px4_msgs/share/px4_msgs/msg/GeneratorStatus.idl\n'}
[9.391406] (px4_msgs) StdoutLine: {'line': b'-- Up-to-date: /home/em/ros_workspace_2025/nav_ws/install/px4_msgs/share/px4_msgs/msg/GeofenceResult.idl\n'}
[9.391588] (px4_msgs) StdoutLine: {'line': b'-- Up-to-date: /home/em/ros_workspace_2025/nav_ws/install/px4_msgs/share/px4_msgs/msg/GeofenceStatus.idl\n'}
[9.391851] (px4_msgs) StdoutLine: {'line': b'-- Up-to-date: /home/em/ros_workspace_2025/nav_ws/install/px4_msgs/share/px4_msgs/msg/GimbalControls.idl\n'}
[9.391980] (px4_msgs) StdoutLine: {'line': b'-- Up-to-date: /home/em/ros_workspace_2025/nav_ws/install/px4_msgs/share/px4_msgs/msg/GimbalDeviceAttitudeStatus.idl\n'}
[9.392124] (px4_msgs) StdoutLine: {'line': b'-- Up-to-date: /home/em/ros_workspace_2025/nav_ws/install/px4_msgs/share/px4_msgs/msg/GimbalDeviceInformation.idl\n'}
[9.392298] (px4_msgs) StdoutLine: {'line': b'-- Up-to-date: /home/em/ros_workspace_2025/nav_ws/install/px4_msgs/share/px4_msgs/msg/GimbalDeviceSetAttitude.idl\n'}
[9.392547] (px4_msgs) StdoutLine: {'line': b'-- Up-to-date: /home/em/ros_workspace_2025/nav_ws/install/px4_msgs/share/px4_msgs/msg/GimbalManagerInformation.idl\n'}
[9.392704] (px4_msgs) StdoutLine: {'line': b'-- Up-to-date: /home/em/ros_workspace_2025/nav_ws/install/px4_msgs/share/px4_msgs/msg/GimbalManagerSetAttitude.idl\n'}
[9.392878] (px4_msgs) StdoutLine: {'line': b'-- Up-to-date: /home/em/ros_workspace_2025/nav_ws/install/px4_msgs/share/px4_msgs/msg/GimbalManagerSetManualControl.idl\n'}
[9.393031] (px4_msgs) StdoutLine: {'line': b'-- Up-to-date: /home/em/ros_workspace_2025/nav_ws/install/px4_msgs/share/px4_msgs/msg/GimbalManagerStatus.idl\n'}
[9.393272] (px4_msgs) StdoutLine: {'line': b'-- Up-to-date: /home/em/ros_workspace_2025/nav_ws/install/px4_msgs/share/px4_msgs/msg/GotoSetpoint.idl\n'}
[9.393521] (px4_msgs) StdoutLine: {'line': b'-- Up-to-date: /home/em/ros_workspace_2025/nav_ws/install/px4_msgs/share/px4_msgs/msg/GpioConfig.idl\n'}
[9.393585] (px4_msgs) StdoutLine: {'line': b'-- Up-to-date: /home/em/ros_workspace_2025/nav_ws/install/px4_msgs/share/px4_msgs/msg/GpioIn.idl\n'}
[9.393883] (px4_msgs) StdoutLine: {'line': b'-- Up-to-date: /home/em/ros_workspace_2025/nav_ws/install/px4_msgs/share/px4_msgs/msg/GpioOut.idl\n'}
[9.394258] (px4_msgs) StdoutLine: {'line': b'-- Up-to-date: /home/em/ros_workspace_2025/nav_ws/install/px4_msgs/share/px4_msgs/msg/GpioRequest.idl\n'}
[9.394449] (px4_msgs) StdoutLine: {'line': b'-- Up-to-date: /home/em/ros_workspace_2025/nav_ws/install/px4_msgs/share/px4_msgs/msg/GpsDump.idl\n'}
[9.394635] (px4_msgs) StdoutLine: {'line': b'-- Up-to-date: /home/em/ros_workspace_2025/nav_ws/install/px4_msgs/share/px4_msgs/msg/GpsInjectData.idl\n'}
[9.394842] (px4_msgs) StdoutLine: {'line': b'-- Up-to-date: /home/em/ros_workspace_2025/nav_ws/install/px4_msgs/share/px4_msgs/msg/Gripper.idl\n'}
[9.395153] (px4_msgs) StdoutLine: {'line': b'-- Up-to-date: /home/em/ros_workspace_2025/nav_ws/install/px4_msgs/share/px4_msgs/msg/HealthReport.idl\n'}
[9.395314] (px4_msgs) StdoutLine: {'line': b'-- Up-to-date: /home/em/ros_workspace_2025/nav_ws/install/px4_msgs/share/px4_msgs/msg/HeaterStatus.idl\n'}
[9.395506] (px4_msgs) StdoutLine: {'line': b'-- Up-to-date: /home/em/ros_workspace_2025/nav_ws/install/px4_msgs/share/px4_msgs/msg/HomePosition.idl\n'}
[9.395765] (px4_msgs) StdoutLine: {'line': b'-- Up-to-date: /home/em/ros_workspace_2025/nav_ws/install/px4_msgs/share/px4_msgs/msg/HoverThrustEstimate.idl\n'}
[9.396017] (px4_msgs) StdoutLine: {'line': b'-- Up-to-date: /home/em/ros_workspace_2025/nav_ws/install/px4_msgs/share/px4_msgs/msg/InputRc.idl\n'}
[9.396186] (px4_msgs) StdoutLine: {'line': b'-- Up-to-date: /home/em/ros_workspace_2025/nav_ws/install/px4_msgs/share/px4_msgs/msg/InternalCombustionEngineStatus.idl\n'}
[9.396370] (px4_msgs) StdoutLine: {'line': b'-- Up-to-date: /home/em/ros_workspace_2025/nav_ws/install/px4_msgs/share/px4_msgs/msg/IridiumsbdStatus.idl\n'}
[9.396582] (px4_msgs) StdoutLine: {'line': b'-- Up-to-date: /home/em/ros_workspace_2025/nav_ws/install/px4_msgs/share/px4_msgs/msg/IrlockReport.idl\n'}
[9.396895] (px4_msgs) StdoutLine: {'line': b'-- Up-to-date: /home/em/ros_workspace_2025/nav_ws/install/px4_msgs/share/px4_msgs/msg/LandingGear.idl\n'}
[9.397085] (px4_msgs) StdoutLine: {'line': b'-- Up-to-date: /home/em/ros_workspace_2025/nav_ws/install/px4_msgs/share/px4_msgs/msg/LandingGearWheel.idl\n'}
[9.397256] (px4_msgs) StdoutLine: {'line': b'-- Up-to-date: /home/em/ros_workspace_2025/nav_ws/install/px4_msgs/share/px4_msgs/msg/LandingTargetInnovations.idl\n'}
[9.397421] (px4_msgs) StdoutLine: {'line': b'-- Up-to-date: /home/em/ros_workspace_2025/nav_ws/install/px4_msgs/share/px4_msgs/msg/LandingTargetPose.idl\n'}
[9.397693] (px4_msgs) StdoutLine: {'line': b'-- Up-to-date: /home/em/ros_workspace_2025/nav_ws/install/px4_msgs/share/px4_msgs/msg/LaunchDetectionStatus.idl\n'}
[9.397852] (px4_msgs) StdoutLine: {'line': b'-- Up-to-date: /home/em/ros_workspace_2025/nav_ws/install/px4_msgs/share/px4_msgs/msg/LedControl.idl\n'}
[9.398008] (px4_msgs) StdoutLine: {'line': b'-- Up-to-date: /home/em/ros_workspace_2025/nav_ws/install/px4_msgs/share/px4_msgs/msg/LogMessage.idl\n'}
[9.398200] (px4_msgs) StdoutLine: {'line': b'-- Up-to-date: /home/em/ros_workspace_2025/nav_ws/install/px4_msgs/share/px4_msgs/msg/LoggerStatus.idl\n'}
[9.398470] (px4_msgs) StdoutLine: {'line': b'-- Up-to-date: /home/em/ros_workspace_2025/nav_ws/install/px4_msgs/share/px4_msgs/msg/MagWorkerData.idl\n'}
[9.398740] (px4_msgs) StdoutLine: {'line': b'-- Up-to-date: /home/em/ros_workspace_2025/nav_ws/install/px4_msgs/share/px4_msgs/msg/MagnetometerBiasEstimate.idl\n'}
[9.398802] (px4_msgs) StdoutLine: {'line': b'-- Up-to-date: /home/em/ros_workspace_2025/nav_ws/install/px4_msgs/share/px4_msgs/msg/ManualControlSetpoint.idl\n'}
[9.399060] (px4_msgs) StdoutLine: {'line': b'-- Up-to-date: /home/em/ros_workspace_2025/nav_ws/install/px4_msgs/share/px4_msgs/msg/ManualControlSwitches.idl\n'}
[9.399347] (px4_msgs) StdoutLine: {'line': b'-- Up-to-date: /home/em/ros_workspace_2025/nav_ws/install/px4_msgs/share/px4_msgs/msg/MavlinkLog.idl\n'}
[9.399490] (px4_msgs) StdoutLine: {'line': b'-- Up-to-date: /home/em/ros_workspace_2025/nav_ws/install/px4_msgs/share/px4_msgs/msg/MavlinkTunnel.idl\n'}
[9.399651] (px4_msgs) StdoutLine: {'line': b'-- Up-to-date: /home/em/ros_workspace_2025/nav_ws/install/px4_msgs/share/px4_msgs/msg/MessageFormatRequest.idl\n'}
[9.399845] (px4_msgs) StdoutLine: {'line': b'-- Up-to-date: /home/em/ros_workspace_2025/nav_ws/install/px4_msgs/share/px4_msgs/msg/MessageFormatResponse.idl\n'}
[9.400094] (px4_msgs) StdoutLine: {'line': b'-- Up-to-date: /home/em/ros_workspace_2025/nav_ws/install/px4_msgs/share/px4_msgs/msg/Mission.idl\n'}
[9.400246] (px4_msgs) StdoutLine: {'line': b'-- Up-to-date: /home/em/ros_workspace_2025/nav_ws/install/px4_msgs/share/px4_msgs/msg/MissionResult.idl\n'}
[9.400412] (px4_msgs) StdoutLine: {'line': b'-- Up-to-date: /home/em/ros_workspace_2025/nav_ws/install/px4_msgs/share/px4_msgs/msg/ModeCompleted.idl\n'}
[9.400583] (px4_msgs) StdoutLine: {'line': b'-- Up-to-date: /home/em/ros_workspace_2025/nav_ws/install/px4_msgs/share/px4_msgs/msg/MountOrientation.idl\n'}
[9.400835] (px4_msgs) StdoutLine: {'line': b'-- Up-to-date: /home/em/ros_workspace_2025/nav_ws/install/px4_msgs/share/px4_msgs/msg/NavigatorMissionItem.idl\n'}
[9.400985] (px4_msgs) StdoutLine: {'line': b'-- Up-to-date: /home/em/ros_workspace_2025/nav_ws/install/px4_msgs/share/px4_msgs/msg/NavigatorStatus.idl\n'}
[9.401136] (px4_msgs) StdoutLine: {'line': b'-- Up-to-date: /home/em/ros_workspace_2025/nav_ws/install/px4_msgs/share/px4_msgs/msg/NormalizedUnsignedSetpoint.idl\n'}
[9.401302] (px4_msgs) StdoutLine: {'line': b'-- Up-to-date: /home/em/ros_workspace_2025/nav_ws/install/px4_msgs/share/px4_msgs/msg/NpfgStatus.idl\n'}
[9.401548] (px4_msgs) StdoutLine: {'line': b'-- Up-to-date: /home/em/ros_workspace_2025/nav_ws/install/px4_msgs/share/px4_msgs/msg/ObstacleDistance.idl\n'}
[9.401695] (px4_msgs) StdoutLine: {'line': b'-- Up-to-date: /home/em/ros_workspace_2025/nav_ws/install/px4_msgs/share/px4_msgs/msg/OffboardControlMode.idl\n'}
[9.401842] (px4_msgs) StdoutLine: {'line': b'-- Up-to-date: /home/em/ros_workspace_2025/nav_ws/install/px4_msgs/share/px4_msgs/msg/OnboardComputerStatus.idl\n'}
[9.402016] (px4_msgs) StdoutLine: {'line': b'-- Up-to-date: /home/em/ros_workspace_2025/nav_ws/install/px4_msgs/share/px4_msgs/msg/OpenDroneIdArmStatus.idl\n'}
[9.402258] (px4_msgs) StdoutLine: {'line': b'-- Up-to-date: /home/em/ros_workspace_2025/nav_ws/install/px4_msgs/share/px4_msgs/msg/OpenDroneIdOperatorId.idl\n'}
[9.402503] (px4_msgs) StdoutLine: {'line': b'-- Up-to-date: /home/em/ros_workspace_2025/nav_ws/install/px4_msgs/share/px4_msgs/msg/OpenDroneIdSelfId.idl\n'}
[9.402558] (px4_msgs) StdoutLine: {'line': b'-- Up-to-date: /home/em/ros_workspace_2025/nav_ws/install/px4_msgs/share/px4_msgs/msg/OpenDroneIdSystem.idl\n'}
[9.402824] (px4_msgs) StdoutLine: {'line': b'-- Up-to-date: /home/em/ros_workspace_2025/nav_ws/install/px4_msgs/share/px4_msgs/msg/OrbTest.idl\n'}
[9.403062] (px4_msgs) StdoutLine: {'line': b'-- Up-to-date: /home/em/ros_workspace_2025/nav_ws/install/px4_msgs/share/px4_msgs/msg/OrbTestLarge.idl\n'}
[9.403247] (px4_msgs) StdoutLine: {'line': b'-- Up-to-date: /home/em/ros_workspace_2025/nav_ws/install/px4_msgs/share/px4_msgs/msg/OrbTestMedium.idl\n'}
[9.403373] (px4_msgs) StdoutLine: {'line': b'-- Up-to-date: /home/em/ros_workspace_2025/nav_ws/install/px4_msgs/share/px4_msgs/msg/OrbitStatus.idl\n'}
[9.403559] (px4_msgs) StdoutLine: {'line': b'-- Up-to-date: /home/em/ros_workspace_2025/nav_ws/install/px4_msgs/share/px4_msgs/msg/ParameterResetRequest.idl\n'}
[9.404073] (px4_msgs) StdoutLine: {'line': b'-- Up-to-date: /home/em/ros_workspace_2025/nav_ws/install/px4_msgs/share/px4_msgs/msg/ParameterSetUsedRequest.idl\n'}
[9.404224] (px4_msgs) StdoutLine: {'line': b'-- Up-to-date: /home/em/ros_workspace_2025/nav_ws/install/px4_msgs/share/px4_msgs/msg/ParameterSetValueRequest.idl\n'}
[9.404467] (px4_msgs) StdoutLine: {'line': b'-- Up-to-date: /home/em/ros_workspace_2025/nav_ws/install/px4_msgs/share/px4_msgs/msg/ParameterSetValueResponse.idl\n'}
[9.404668] (px4_msgs) StdoutLine: {'line': b'-- Up-to-date: /home/em/ros_workspace_2025/nav_ws/install/px4_msgs/share/px4_msgs/msg/ParameterUpdate.idl\n'}
[9.404975] (px4_msgs) StdoutLine: {'line': b'-- Up-to-date: /home/em/ros_workspace_2025/nav_ws/install/px4_msgs/share/px4_msgs/msg/Ping.idl\n'}
[9.405153] (px4_msgs) StdoutLine: {'line': b'-- Up-to-date: /home/em/ros_workspace_2025/nav_ws/install/px4_msgs/share/px4_msgs/msg/PositionControllerLandingStatus.idl\n'}
[9.405429] (px4_msgs) StdoutLine: {'line': b'-- Up-to-date: /home/em/ros_workspace_2025/nav_ws/install/px4_msgs/share/px4_msgs/msg/PositionControllerStatus.idl\n'}
[9.405557] (px4_msgs) StdoutLine: {'line': b'-- Up-to-date: /home/em/ros_workspace_2025/nav_ws/install/px4_msgs/share/px4_msgs/msg/PositionSetpoint.idl\n'}
[9.405824] (px4_msgs) StdoutLine: {'line': b'-- Up-to-date: /home/em/ros_workspace_2025/nav_ws/install/px4_msgs/share/px4_msgs/msg/PositionSetpointTriplet.idl\n'}
[9.405990] (px4_msgs) StdoutLine: {'line': b'-- Up-to-date: /home/em/ros_workspace_2025/nav_ws/install/px4_msgs/share/px4_msgs/msg/PowerButtonState.idl\n'}
[9.406162] (px4_msgs) StdoutLine: {'line': b'-- Up-to-date: /home/em/ros_workspace_2025/nav_ws/install/px4_msgs/share/px4_msgs/msg/PowerMonitor.idl\n'}
[9.406368] (px4_msgs) StdoutLine: {'line': b'-- Up-to-date: /home/em/ros_workspace_2025/nav_ws/install/px4_msgs/share/px4_msgs/msg/PpsCapture.idl\n'}
[9.406685] (px4_msgs) StdoutLine: {'line': b'-- Up-to-date: /home/em/ros_workspace_2025/nav_ws/install/px4_msgs/share/px4_msgs/msg/PwmInput.idl\n'}
[9.406851] (px4_msgs) StdoutLine: {'line': b'-- Up-to-date: /home/em/ros_workspace_2025/nav_ws/install/px4_msgs/share/px4_msgs/msg/Px4ioStatus.idl\n'}
[9.407032] (px4_msgs) StdoutLine: {'line': b'-- Up-to-date: /home/em/ros_workspace_2025/nav_ws/install/px4_msgs/share/px4_msgs/msg/QshellReq.idl\n'}
[9.407194] (px4_msgs) StdoutLine: {'line': b'-- Up-to-date: /home/em/ros_workspace_2025/nav_ws/install/px4_msgs/share/px4_msgs/msg/QshellRetval.idl\n'}
[9.407475] (px4_msgs) StdoutLine: {'line': b'-- Up-to-date: /home/em/ros_workspace_2025/nav_ws/install/px4_msgs/share/px4_msgs/msg/RadioStatus.idl\n'}
[9.407787] (px4_msgs) StdoutLine: {'line': b'-- Up-to-date: /home/em/ros_workspace_2025/nav_ws/install/px4_msgs/share/px4_msgs/msg/RateCtrlStatus.idl\n'}
[9.407874] (px4_msgs) StdoutLine: {'line': b'-- Up-to-date: /home/em/ros_workspace_2025/nav_ws/install/px4_msgs/share/px4_msgs/msg/RcChannels.idl\n'}
[9.408127] (px4_msgs) StdoutLine: {'line': b'-- Up-to-date: /home/em/ros_workspace_2025/nav_ws/install/px4_msgs/share/px4_msgs/msg/RcParameterMap.idl\n'}
[9.408381] (px4_msgs) StdoutLine: {'line': b'-- Up-to-date: /home/em/ros_workspace_2025/nav_ws/install/px4_msgs/share/px4_msgs/msg/RegisterExtComponentReply.idl\n'}
[9.408558] (px4_msgs) StdoutLine: {'line': b'-- Up-to-date: /home/em/ros_workspace_2025/nav_ws/install/px4_msgs/share/px4_msgs/msg/RegisterExtComponentRequest.idl\n'}
[9.408718] (px4_msgs) StdoutLine: {'line': b'-- Up-to-date: /home/em/ros_workspace_2025/nav_ws/install/px4_msgs/share/px4_msgs/msg/RoverAckermannGuidanceStatus.idl\n'}
[9.408893] (px4_msgs) StdoutLine: {'line': b'-- Up-to-date: /home/em/ros_workspace_2025/nav_ws/install/px4_msgs/share/px4_msgs/msg/RoverAckermannSetpoint.idl\n'}
[9.409143] (px4_msgs) StdoutLine: {'line': b'-- Up-to-date: /home/em/ros_workspace_2025/nav_ws/install/px4_msgs/share/px4_msgs/msg/RoverAckermannStatus.idl\n'}
[9.409298] (px4_msgs) StdoutLine: {'line': b'-- Up-to-date: /home/em/ros_workspace_2025/nav_ws/install/px4_msgs/share/px4_msgs/msg/RoverDifferentialGuidanceStatus.idl\n'}
[9.409460] (px4_msgs) StdoutLine: {'line': b'-- Up-to-date: /home/em/ros_workspace_2025/nav_ws/install/px4_msgs/share/px4_msgs/msg/RoverDifferentialSetpoint.idl\n'}
[9.409635] (px4_msgs) StdoutLine: {'line': b'-- Up-to-date: /home/em/ros_workspace_2025/nav_ws/install/px4_msgs/share/px4_msgs/msg/RoverDifferentialStatus.idl\n'}
[9.409879] (px4_msgs) StdoutLine: {'line': b'-- Up-to-date: /home/em/ros_workspace_2025/nav_ws/install/px4_msgs/share/px4_msgs/msg/RoverMecanumGuidanceStatus.idl\n'}
[9.410030] (px4_msgs) StdoutLine: {'line': b'-- Up-to-date: /home/em/ros_workspace_2025/nav_ws/install/px4_msgs/share/px4_msgs/msg/RoverMecanumSetpoint.idl\n'}
[9.410188] (px4_msgs) StdoutLine: {'line': b'-- Up-to-date: /home/em/ros_workspace_2025/nav_ws/install/px4_msgs/share/px4_msgs/msg/RoverMecanumStatus.idl\n'}
[9.410353] (px4_msgs) StdoutLine: {'line': b'-- Up-to-date: /home/em/ros_workspace_2025/nav_ws/install/px4_msgs/share/px4_msgs/msg/Rpm.idl\n'}
[9.410619] (px4_msgs) StdoutLine: {'line': b'-- Up-to-date: /home/em/ros_workspace_2025/nav_ws/install/px4_msgs/share/px4_msgs/msg/RtlStatus.idl\n'}
[9.410785] (px4_msgs) StdoutLine: {'line': b'-- Up-to-date: /home/em/ros_workspace_2025/nav_ws/install/px4_msgs/share/px4_msgs/msg/RtlTimeEstimate.idl\n'}
[9.410930] (px4_msgs) StdoutLine: {'line': b'-- Up-to-date: /home/em/ros_workspace_2025/nav_ws/install/px4_msgs/share/px4_msgs/msg/SatelliteInfo.idl\n'}
[9.411104] (px4_msgs) StdoutLine: {'line': b'-- Up-to-date: /home/em/ros_workspace_2025/nav_ws/install/px4_msgs/share/px4_msgs/msg/SensorAccel.idl\n'}
[9.411385] (px4_msgs) StdoutLine: {'line': b'-- Up-to-date: /home/em/ros_workspace_2025/nav_ws/install/px4_msgs/share/px4_msgs/msg/SensorAccelFifo.idl\n'}
[9.411623] (px4_msgs) StdoutLine: {'line': b'-- Up-to-date: /home/em/ros_workspace_2025/nav_ws/install/px4_msgs/share/px4_msgs/msg/SensorAirflow.idl\n'}
[9.411696] (px4_msgs) StdoutLine: {'line': b'-- Up-to-date: /home/em/ros_workspace_2025/nav_ws/install/px4_msgs/share/px4_msgs/msg/SensorBaro.idl\n'}
[9.411961] (px4_msgs) StdoutLine: {'line': b'-- Up-to-date: /home/em/ros_workspace_2025/nav_ws/install/px4_msgs/share/px4_msgs/msg/SensorCombined.idl\n'}
[9.412210] (px4_msgs) StdoutLine: {'line': b'-- Up-to-date: /home/em/ros_workspace_2025/nav_ws/install/px4_msgs/share/px4_msgs/msg/SensorCorrection.idl\n'}
[9.412362] (px4_msgs) StdoutLine: {'line': b'-- Up-to-date: /home/em/ros_workspace_2025/nav_ws/install/px4_msgs/share/px4_msgs/msg/SensorGnssRelative.idl\n'}
[9.412529] (px4_msgs) StdoutLine: {'line': b'-- Up-to-date: /home/em/ros_workspace_2025/nav_ws/install/px4_msgs/share/px4_msgs/msg/SensorGps.idl\n'}
[9.412705] (px4_msgs) StdoutLine: {'line': b'-- Up-to-date: /home/em/ros_workspace_2025/nav_ws/install/px4_msgs/share/px4_msgs/msg/SensorGyro.idl\n'}
[9.412948] (px4_msgs) StdoutLine: {'line': b'-- Up-to-date: /home/em/ros_workspace_2025/nav_ws/install/px4_msgs/share/px4_msgs/msg/SensorGyroFft.idl\n'}
[9.413099] (px4_msgs) StdoutLine: {'line': b'-- Up-to-date: /home/em/ros_workspace_2025/nav_ws/install/px4_msgs/share/px4_msgs/msg/SensorGyroFifo.idl\n'}
[9.413261] (px4_msgs) StdoutLine: {'line': b'-- Up-to-date: /home/em/ros_workspace_2025/nav_ws/install/px4_msgs/share/px4_msgs/msg/SensorHygrometer.idl\n'}
[9.413555] (px4_msgs) StdoutLine: {'line': b'-- Up-to-date: /home/em/ros_workspace_2025/nav_ws/install/px4_msgs/share/px4_msgs/msg/SensorMag.idl\n'}
[9.413815] (px4_msgs) StdoutLine: {'line': b'-- Up-to-date: /home/em/ros_workspace_2025/nav_ws/install/px4_msgs/share/px4_msgs/msg/SensorOpticalFlow.idl\n'}
[9.414003] (px4_msgs) StdoutLine: {'line': b'-- Up-to-date: /home/em/ros_workspace_2025/nav_ws/install/px4_msgs/share/px4_msgs/msg/SensorPreflightMag.idl\n'}
[9.414191] (px4_msgs) StdoutLine: {'line': b'-- Up-to-date: /home/em/ros_workspace_2025/nav_ws/install/px4_msgs/share/px4_msgs/msg/SensorSelection.idl\n'}
[9.414414] (px4_msgs) StdoutLine: {'line': b'-- Up-to-date: /home/em/ros_workspace_2025/nav_ws/install/px4_msgs/share/px4_msgs/msg/SensorUwb.idl\n'}
[9.414707] (px4_msgs) StdoutLine: {'line': b'-- Up-to-date: /home/em/ros_workspace_2025/nav_ws/install/px4_msgs/share/px4_msgs/msg/SensorsStatus.idl\n'}
[9.414883] (px4_msgs) StdoutLine: {'line': b'-- Up-to-date: /home/em/ros_workspace_2025/nav_ws/install/px4_msgs/share/px4_msgs/msg/SensorsStatusImu.idl\n'}
[9.415113] (px4_msgs) StdoutLine: {'line': b'-- Up-to-date: /home/em/ros_workspace_2025/nav_ws/install/px4_msgs/share/px4_msgs/msg/SystemPower.idl\n'}
[9.415284] (px4_msgs) StdoutLine: {'line': b'-- Up-to-date: /home/em/ros_workspace_2025/nav_ws/install/px4_msgs/share/px4_msgs/msg/TakeoffStatus.idl\n'}
[9.415557] (px4_msgs) StdoutLine: {'line': b'-- Up-to-date: /home/em/ros_workspace_2025/nav_ws/install/px4_msgs/share/px4_msgs/msg/TaskStackInfo.idl\n'}
[9.415742] (px4_msgs) StdoutLine: {'line': b'-- Up-to-date: /home/em/ros_workspace_2025/nav_ws/install/px4_msgs/share/px4_msgs/msg/TecsStatus.idl\n'}
[9.415902] (px4_msgs) StdoutLine: {'line': b'-- Up-to-date: /home/em/ros_workspace_2025/nav_ws/install/px4_msgs/share/px4_msgs/msg/TelemetryStatus.idl\n'}
[9.416084] (px4_msgs) StdoutLine: {'line': b'-- Up-to-date: /home/em/ros_workspace_2025/nav_ws/install/px4_msgs/share/px4_msgs/msg/TiltrotorExtraControls.idl\n'}
[9.416352] (px4_msgs) StdoutLine: {'line': b'-- Up-to-date: /home/em/ros_workspace_2025/nav_ws/install/px4_msgs/share/px4_msgs/msg/TimesyncStatus.idl\n'}
[9.416675] (px4_msgs) StdoutLine: {'line': b'-- Up-to-date: /home/em/ros_workspace_2025/nav_ws/install/px4_msgs/share/px4_msgs/msg/TrajectoryBezier.idl\n'}
[9.416725] (px4_msgs) StdoutLine: {'line': b'-- Up-to-date: /home/em/ros_workspace_2025/nav_ws/install/px4_msgs/share/px4_msgs/msg/TrajectorySetpoint.idl\n'}
[9.417003] (px4_msgs) StdoutLine: {'line': b'-- Up-to-date: /home/em/ros_workspace_2025/nav_ws/install/px4_msgs/share/px4_msgs/msg/TrajectoryWaypoint.idl\n'}
[9.417272] (px4_msgs) StdoutLine: {'line': b'-- Up-to-date: /home/em/ros_workspace_2025/nav_ws/install/px4_msgs/share/px4_msgs/msg/TransponderReport.idl\n'}
[9.417419] (px4_msgs) StdoutLine: {'line': b'-- Up-to-date: /home/em/ros_workspace_2025/nav_ws/install/px4_msgs/share/px4_msgs/msg/TuneControl.idl\n'}
[9.417614] (px4_msgs) StdoutLine: {'line': b'-- Up-to-date: /home/em/ros_workspace_2025/nav_ws/install/px4_msgs/share/px4_msgs/msg/UavcanParameterRequest.idl\n'}
[9.417794] (px4_msgs) StdoutLine: {'line': b'-- Up-to-date: /home/em/ros_workspace_2025/nav_ws/install/px4_msgs/share/px4_msgs/msg/UavcanParameterValue.idl\n'}
[9.418046] (px4_msgs) StdoutLine: {'line': b'-- Up-to-date: /home/em/ros_workspace_2025/nav_ws/install/px4_msgs/share/px4_msgs/msg/UlogStream.idl\n'}
[9.418223] (px4_msgs) StdoutLine: {'line': b'-- Up-to-date: /home/em/ros_workspace_2025/nav_ws/install/px4_msgs/share/px4_msgs/msg/UlogStreamAck.idl\n'}
[9.418355] (px4_msgs) StdoutLine: {'line': b'-- Up-to-date: /home/em/ros_workspace_2025/nav_ws/install/px4_msgs/share/px4_msgs/msg/UnregisterExtComponent.idl\n'}
[9.418545] (px4_msgs) StdoutLine: {'line': b'-- Up-to-date: /home/em/ros_workspace_2025/nav_ws/install/px4_msgs/share/px4_msgs/msg/VehicleAcceleration.idl\n'}
[9.418821] (px4_msgs) StdoutLine: {'line': b'-- Up-to-date: /home/em/ros_workspace_2025/nav_ws/install/px4_msgs/share/px4_msgs/msg/VehicleAirData.idl\n'}
[9.418956] (px4_msgs) StdoutLine: {'line': b'-- Up-to-date: /home/em/ros_workspace_2025/nav_ws/install/px4_msgs/share/px4_msgs/msg/VehicleAngularAccelerationSetpoint.idl\n'}
[9.419114] (px4_msgs) StdoutLine: {'line': b'-- Up-to-date: /home/em/ros_workspace_2025/nav_ws/install/px4_msgs/share/px4_msgs/msg/VehicleAngularVelocity.idl\n'}
[9.419287] (px4_msgs) StdoutLine: {'line': b'-- Up-to-date: /home/em/ros_workspace_2025/nav_ws/install/px4_msgs/share/px4_msgs/msg/VehicleAttitude.idl\n'}
[9.419545] (px4_msgs) StdoutLine: {'line': b'-- Up-to-date: /home/em/ros_workspace_2025/nav_ws/install/px4_msgs/share/px4_msgs/msg/VehicleAttitudeSetpoint.idl\n'}
[9.419760] (px4_msgs) StdoutLine: {'line': b'-- Up-to-date: /home/em/ros_workspace_2025/nav_ws/install/px4_msgs/share/px4_msgs/msg/VehicleCommand.idl\n'}
[9.419874] (px4_msgs) StdoutLine: {'line': b'-- Up-to-date: /home/em/ros_workspace_2025/nav_ws/install/px4_msgs/share/px4_msgs/msg/VehicleCommandAck.idl\n'}
[9.420050] (px4_msgs) StdoutLine: {'line': b'-- Up-to-date: /home/em/ros_workspace_2025/nav_ws/install/px4_msgs/share/px4_msgs/msg/VehicleConstraints.idl\n'}
[9.420310] (px4_msgs) StdoutLine: {'line': b'-- Up-to-date: /home/em/ros_workspace_2025/nav_ws/install/px4_msgs/share/px4_msgs/msg/VehicleControlMode.idl\n'}
[9.420469] (px4_msgs) StdoutLine: {'line': b'-- Up-to-date: /home/em/ros_workspace_2025/nav_ws/install/px4_msgs/share/px4_msgs/msg/VehicleGlobalPosition.idl\n'}
[9.420635] (px4_msgs) StdoutLine: {'line': b'-- Up-to-date: /home/em/ros_workspace_2025/nav_ws/install/px4_msgs/share/px4_msgs/msg/VehicleImu.idl\n'}
[9.420818] (px4_msgs) StdoutLine: {'line': b'-- Up-to-date: /home/em/ros_workspace_2025/nav_ws/install/px4_msgs/share/px4_msgs/msg/VehicleImuStatus.idl\n'}
[9.421075] (px4_msgs) StdoutLine: {'line': b'-- Up-to-date: /home/em/ros_workspace_2025/nav_ws/install/px4_msgs/share/px4_msgs/msg/VehicleLandDetected.idl\n'}
[9.421332] (px4_msgs) StdoutLine: {'line': b'-- Up-to-date: /home/em/ros_workspace_2025/nav_ws/install/px4_msgs/share/px4_msgs/msg/VehicleLocalPosition.idl\n'}
[9.421387] (px4_msgs) StdoutLine: {'line': b'-- Up-to-date: /home/em/ros_workspace_2025/nav_ws/install/px4_msgs/share/px4_msgs/msg/VehicleLocalPositionSetpoint.idl\n'}
[9.421665] (px4_msgs) StdoutLine: {'line': b'-- Up-to-date: /home/em/ros_workspace_2025/nav_ws/install/px4_msgs/share/px4_msgs/msg/VehicleMagnetometer.idl\n'}
[9.421912] (px4_msgs) StdoutLine: {'line': b'-- Up-to-date: /home/em/ros_workspace_2025/nav_ws/install/px4_msgs/share/px4_msgs/msg/VehicleOdometry.idl\n'}
[9.422063] (px4_msgs) StdoutLine: {'line': b'-- Up-to-date: /home/em/ros_workspace_2025/nav_ws/install/px4_msgs/share/px4_msgs/msg/VehicleOpticalFlow.idl\n'}
[9.422229] (px4_msgs) StdoutLine: {'line': b'-- Up-to-date: /home/em/ros_workspace_2025/nav_ws/install/px4_msgs/share/px4_msgs/msg/VehicleOpticalFlowVel.idl\n'}
[9.422399] (px4_msgs) StdoutLine: {'line': b'-- Up-to-date: /home/em/ros_workspace_2025/nav_ws/install/px4_msgs/share/px4_msgs/msg/VehicleRatesSetpoint.idl\n'}
[9.422671] (px4_msgs) StdoutLine: {'line': b'-- Up-to-date: /home/em/ros_workspace_2025/nav_ws/install/px4_msgs/share/px4_msgs/msg/VehicleRoi.idl\n'}
[9.422818] (px4_msgs) StdoutLine: {'line': b'-- Up-to-date: /home/em/ros_workspace_2025/nav_ws/install/px4_msgs/share/px4_msgs/msg/VehicleStatus.idl\n'}
[9.422985] (px4_msgs) StdoutLine: {'line': b'-- Up-to-date: /home/em/ros_workspace_2025/nav_ws/install/px4_msgs/share/px4_msgs/msg/VehicleThrustSetpoint.idl\n'}
[9.423248] (px4_msgs) StdoutLine: {'line': b'-- Up-to-date: /home/em/ros_workspace_2025/nav_ws/install/px4_msgs/share/px4_msgs/msg/VehicleTorqueSetpoint.idl\n'}
[9.423655] (px4_msgs) StdoutLine: {'line': b'-- Up-to-date: /home/em/ros_workspace_2025/nav_ws/install/px4_msgs/share/px4_msgs/msg/VehicleTrajectoryBezier.idl\n'}
[9.423868] (px4_msgs) StdoutLine: {'line': b'-- Up-to-date: /home/em/ros_workspace_2025/nav_ws/install/px4_msgs/share/px4_msgs/msg/VehicleTrajectoryWaypoint.idl\n'}
[9.424179] (px4_msgs) StdoutLine: {'line': b'-- Up-to-date: /home/em/ros_workspace_2025/nav_ws/install/px4_msgs/share/px4_msgs/msg/VelocityLimits.idl\n'}
[9.424285] (px4_msgs) StdoutLine: {'line': b'-- Up-to-date: /home/em/ros_workspace_2025/nav_ws/install/px4_msgs/share/px4_msgs/msg/VtolVehicleStatus.idl\n'}
[9.424586] (px4_msgs) StdoutLine: {'line': b'-- Up-to-date: /home/em/ros_workspace_2025/nav_ws/install/px4_msgs/share/px4_msgs/msg/WheelEncoders.idl\n'}
[9.424807] (px4_msgs) StdoutLine: {'line': b'-- Up-to-date: /home/em/ros_workspace_2025/nav_ws/install/px4_msgs/share/px4_msgs/msg/Wind.idl\n'}
[9.424989] (px4_msgs) StdoutLine: {'line': b'-- Up-to-date: /home/em/ros_workspace_2025/nav_ws/install/px4_msgs/share/px4_msgs/msg/YawEstimatorStatus.idl\n'}
[9.425308] (px4_msgs) StdoutLine: {'line': b'-- Up-to-date: /home/em/ros_workspace_2025/nav_ws/install/px4_msgs/share/px4_msgs/srv/VehicleCommand.idl\n'}
[9.425608] (px4_msgs) StdoutLine: {'line': b'-- Up-to-date: /home/em/ros_workspace_2025/nav_ws/install/px4_msgs/share/px4_msgs/msg/ActionRequest.msg\n'}
[9.425912] (px4_msgs) StdoutLine: {'line': b'-- Up-to-date: /home/em/ros_workspace_2025/nav_ws/install/px4_msgs/share/px4_msgs/msg/ActuatorArmed.msg\n'}
[9.426015] (px4_msgs) StdoutLine: {'line': b'-- Up-to-date: /home/em/ros_workspace_2025/nav_ws/install/px4_msgs/share/px4_msgs/msg/ActuatorControlsStatus.msg\n'}
[9.426263] (px4_msgs) StdoutLine: {'line': b'-- Up-to-date: /home/em/ros_workspace_2025/nav_ws/install/px4_msgs/share/px4_msgs/msg/ActuatorMotors.msg\n'}
[9.426537] (px4_msgs) StdoutLine: {'line': b'-- Up-to-date: /home/em/ros_workspace_2025/nav_ws/install/px4_msgs/share/px4_msgs/msg/ActuatorOutputs.msg\n'}
[9.426700] (px4_msgs) StdoutLine: {'line': b'-- Up-to-date: /home/em/ros_workspace_2025/nav_ws/install/px4_msgs/share/px4_msgs/msg/ActuatorServos.msg\n'}
[9.426875] (px4_msgs) StdoutLine: {'line': b'-- Up-to-date: /home/em/ros_workspace_2025/nav_ws/install/px4_msgs/share/px4_msgs/msg/ActuatorServosTrim.msg\n'}
[9.427048] (px4_msgs) StdoutLine: {'line': b'-- Up-to-date: /home/em/ros_workspace_2025/nav_ws/install/px4_msgs/share/px4_msgs/msg/ActuatorTest.msg\n'}
[9.427313] (px4_msgs) StdoutLine: {'line': b'-- Up-to-date: /home/em/ros_workspace_2025/nav_ws/install/px4_msgs/share/px4_msgs/msg/AdcReport.msg\n'}
[9.427488] (px4_msgs) StdoutLine: {'line': b'-- Up-to-date: /home/em/ros_workspace_2025/nav_ws/install/px4_msgs/share/px4_msgs/msg/Airspeed.msg\n'}
[9.427660] (px4_msgs) StdoutLine: {'line': b'-- Up-to-date: /home/em/ros_workspace_2025/nav_ws/install/px4_msgs/share/px4_msgs/msg/AirspeedValidated.msg\n'}
[9.427883] (px4_msgs) StdoutLine: {'line': b'-- Up-to-date: /home/em/ros_workspace_2025/nav_ws/install/px4_msgs/share/px4_msgs/msg/AirspeedWind.msg\n'}
[9.428111] (px4_msgs) StdoutLine: {'line': b'-- Up-to-date: /home/em/ros_workspace_2025/nav_ws/install/px4_msgs/share/px4_msgs/msg/ArmingCheckReply.msg\n'}
[9.428278] (px4_msgs) StdoutLine: {'line': b'-- Up-to-date: /home/em/ros_workspace_2025/nav_ws/install/px4_msgs/share/px4_msgs/msg/ArmingCheckRequest.msg\n'}
[9.428463] (px4_msgs) StdoutLine: {'line': b'-- Up-to-date: /home/em/ros_workspace_2025/nav_ws/install/px4_msgs/share/px4_msgs/msg/AutotuneAttitudeControlStatus.msg\n'}
[9.428651] (px4_msgs) StdoutLine: {'line': b'-- Up-to-date: /home/em/ros_workspace_2025/nav_ws/install/px4_msgs/share/px4_msgs/msg/BatteryStatus.msg\n'}
[9.428899] (px4_msgs) StdoutLine: {'line': b'-- Up-to-date: /home/em/ros_workspace_2025/nav_ws/install/px4_msgs/share/px4_msgs/msg/Buffer128.msg\n'}
[9.429055] (px4_msgs) StdoutLine: {'line': b'-- Up-to-date: /home/em/ros_workspace_2025/nav_ws/install/px4_msgs/share/px4_msgs/msg/ButtonEvent.msg\n'}
[9.429208] (px4_msgs) StdoutLine: {'line': b'-- Up-to-date: /home/em/ros_workspace_2025/nav_ws/install/px4_msgs/share/px4_msgs/msg/CameraCapture.msg\n'}
[9.429380] (px4_msgs) StdoutLine: {'line': b'-- Up-to-date: /home/em/ros_workspace_2025/nav_ws/install/px4_msgs/share/px4_msgs/msg/CameraStatus.msg\n'}
[9.429639] (px4_msgs) StdoutLine: {'line': b'-- Up-to-date: /home/em/ros_workspace_2025/nav_ws/install/px4_msgs/share/px4_msgs/msg/CameraTrigger.msg\n'}
[9.429801] (px4_msgs) StdoutLine: {'line': b'-- Up-to-date: /home/em/ros_workspace_2025/nav_ws/install/px4_msgs/share/px4_msgs/msg/CanInterfaceStatus.msg\n'}
[9.429954] (px4_msgs) StdoutLine: {'line': b'-- Up-to-date: /home/em/ros_workspace_2025/nav_ws/install/px4_msgs/share/px4_msgs/msg/CellularStatus.msg\n'}
[9.430141] (px4_msgs) StdoutLine: {'line': b'-- Up-to-date: /home/em/ros_workspace_2025/nav_ws/install/px4_msgs/share/px4_msgs/msg/CollisionConstraints.msg\n'}
[9.430371] (px4_msgs) StdoutLine: {'line': b'-- Up-to-date: /home/em/ros_workspace_2025/nav_ws/install/px4_msgs/share/px4_msgs/msg/CollisionReport.msg\n'}
[9.430641] (px4_msgs) StdoutLine: {'line': b'-- Up-to-date: /home/em/ros_workspace_2025/nav_ws/install/px4_msgs/share/px4_msgs/msg/ConfigOverrides.msg\n'}
[9.430703] (px4_msgs) StdoutLine: {'line': b'-- Up-to-date: /home/em/ros_workspace_2025/nav_ws/install/px4_msgs/share/px4_msgs/msg/ControlAllocatorStatus.msg\n'}
[9.430978] (px4_msgs) StdoutLine: {'line': b'-- Up-to-date: /home/em/ros_workspace_2025/nav_ws/install/px4_msgs/share/px4_msgs/msg/Cpuload.msg\n'}
[9.431209] (px4_msgs) StdoutLine: {'line': b'-- Up-to-date: /home/em/ros_workspace_2025/nav_ws/install/px4_msgs/share/px4_msgs/msg/DatamanRequest.msg\n'}
[9.431360] (px4_msgs) StdoutLine: {'line': b'-- Up-to-date: /home/em/ros_workspace_2025/nav_ws/install/px4_msgs/share/px4_msgs/msg/DatamanResponse.msg\n'}
[9.431527] (px4_msgs) StdoutLine: {'line': b'-- Up-to-date: /home/em/ros_workspace_2025/nav_ws/install/px4_msgs/share/px4_msgs/msg/DebugArray.msg\n'}
[9.431719] (px4_msgs) StdoutLine: {'line': b'-- Up-to-date: /home/em/ros_workspace_2025/nav_ws/install/px4_msgs/share/px4_msgs/msg/DebugKeyValue.msg\n'}
[9.431961] (px4_msgs) StdoutLine: {'line': b'-- Up-to-date: /home/em/ros_workspace_2025/nav_ws/install/px4_msgs/share/px4_msgs/msg/DebugValue.msg\n'}
[9.432135] (px4_msgs) StdoutLine: {'line': b'-- Up-to-date: /home/em/ros_workspace_2025/nav_ws/install/px4_msgs/share/px4_msgs/msg/DebugVect.msg\n'}
[9.432296] (px4_msgs) StdoutLine: {'line': b'-- Up-to-date: /home/em/ros_workspace_2025/nav_ws/install/px4_msgs/share/px4_msgs/msg/DifferentialPressure.msg\n'}
[9.432479] (px4_msgs) StdoutLine: {'line': b'-- Up-to-date: /home/em/ros_workspace_2025/nav_ws/install/px4_msgs/share/px4_msgs/msg/DistanceSensor.msg\n'}
[9.432743] (px4_msgs) StdoutLine: {'line': b'-- Up-to-date: /home/em/ros_workspace_2025/nav_ws/install/px4_msgs/share/px4_msgs/msg/DistanceSensorModeChangeRequest.msg\n'}
[9.432917] (px4_msgs) StdoutLine: {'line': b'-- Up-to-date: /home/em/ros_workspace_2025/nav_ws/install/px4_msgs/share/px4_msgs/msg/Ekf2Timestamps.msg\n'}
[9.433167] (px4_msgs) StdoutLine: {'line': b'-- Up-to-date: /home/em/ros_workspace_2025/nav_ws/install/px4_msgs/share/px4_msgs/msg/EscReport.msg\n'}
[9.433354] (px4_msgs) StdoutLine: {'line': b'-- Up-to-date: /home/em/ros_workspace_2025/nav_ws/install/px4_msgs/share/px4_msgs/msg/EscStatus.msg\n'}
[9.433710] (px4_msgs) StdoutLine: {'line': b'-- Up-to-date: /home/em/ros_workspace_2025/nav_ws/install/px4_msgs/share/px4_msgs/msg/EstimatorAidSource1d.msg\n'}
[9.433880] (px4_msgs) StdoutLine: {'line': b'-- Up-to-date: /home/em/ros_workspace_2025/nav_ws/install/px4_msgs/share/px4_msgs/msg/EstimatorAidSource2d.msg\n'}
[9.434070] (px4_msgs) StdoutLine: {'line': b'-- Up-to-date: /home/em/ros_workspace_2025/nav_ws/install/px4_msgs/share/px4_msgs/msg/EstimatorAidSource3d.msg\n'}
[9.434400] (px4_msgs) StdoutLine: {'line': b'-- Up-to-date: /home/em/ros_workspace_2025/nav_ws/install/px4_msgs/share/px4_msgs/msg/EstimatorBias.msg\n'}
[9.434603] (px4_msgs) StdoutLine: {'line': b'-- Up-to-date: /home/em/ros_workspace_2025/nav_ws/install/px4_msgs/share/px4_msgs/msg/EstimatorBias3d.msg\n'}
[9.435044] (px4_msgs) StdoutLine: {'line': b'-- Up-to-date: /home/em/ros_workspace_2025/nav_ws/install/px4_msgs/share/px4_msgs/msg/EstimatorEventFlags.msg\n'}
[9.435148] (px4_msgs) StdoutLine: {'line': b'-- Up-to-date: /home/em/ros_workspace_2025/nav_ws/install/px4_msgs/share/px4_msgs/msg/EstimatorGpsStatus.msg\n'}
[9.435294] (px4_msgs) StdoutLine: {'line': b'-- Up-to-date: /home/em/ros_workspace_2025/nav_ws/install/px4_msgs/share/px4_msgs/msg/EstimatorInnovations.msg\n'}
[9.435616] (px4_msgs) StdoutLine: {'line': b'-- Up-to-date: /home/em/ros_workspace_2025/nav_ws/install/px4_msgs/share/px4_msgs/msg/EstimatorSelectorStatus.msg\n'}
[9.435767] (px4_msgs) StdoutLine: {'line': b'-- Up-to-date: /home/em/ros_workspace_2025/nav_ws/install/px4_msgs/share/px4_msgs/msg/EstimatorSensorBias.msg\n'}
[9.435960] (px4_msgs) StdoutLine: {'line': b'-- Up-to-date: /home/em/ros_workspace_2025/nav_ws/install/px4_msgs/share/px4_msgs/msg/EstimatorStates.msg\n'}
[9.436139] (px4_msgs) StdoutLine: {'line': b'-- Up-to-date: /home/em/ros_workspace_2025/nav_ws/install/px4_msgs/share/px4_msgs/msg/EstimatorStatus.msg\n'}
[9.436419] (px4_msgs) StdoutLine: {'line': b'-- Up-to-date: /home/em/ros_workspace_2025/nav_ws/install/px4_msgs/share/px4_msgs/msg/EstimatorStatusFlags.msg\n'}
[9.436582] (px4_msgs) StdoutLine: {'line': b'-- Up-to-date: /home/em/ros_workspace_2025/nav_ws/install/px4_msgs/share/px4_msgs/msg/Event.msg\n'}
[9.436752] (px4_msgs) StdoutLine: {'line': b'-- Up-to-date: /home/em/ros_workspace_2025/nav_ws/install/px4_msgs/share/px4_msgs/msg/FailsafeFlags.msg\n'}
[9.436930] (px4_msgs) StdoutLine: {'line': b'-- Up-to-date: /home/em/ros_workspace_2025/nav_ws/install/px4_msgs/share/px4_msgs/msg/FailureDetectorStatus.msg\n'}
[9.437204] (px4_msgs) StdoutLine: {'line': b'-- Up-to-date: /home/em/ros_workspace_2025/nav_ws/install/px4_msgs/share/px4_msgs/msg/FigureEightStatus.msg\n'}
[9.437360] (px4_msgs) StdoutLine: {'line': b'-- Up-to-date: /home/em/ros_workspace_2025/nav_ws/install/px4_msgs/share/px4_msgs/msg/FlightPhaseEstimation.msg\n'}
[9.437541] (px4_msgs) StdoutLine: {'line': b'-- Up-to-date: /home/em/ros_workspace_2025/nav_ws/install/px4_msgs/share/px4_msgs/msg/FollowTarget.msg\n'}
[9.437724] (px4_msgs) StdoutLine: {'line': b'-- Up-to-date: /home/em/ros_workspace_2025/nav_ws/install/px4_msgs/share/px4_msgs/msg/FollowTargetEstimator.msg\n'}
[9.437973] (px4_msgs) StdoutLine: {'line': b'-- Up-to-date: /home/em/ros_workspace_2025/nav_ws/install/px4_msgs/share/px4_msgs/msg/FollowTargetStatus.msg\n'}
[9.438134] (px4_msgs) StdoutLine: {'line': b'-- Up-to-date: /home/em/ros_workspace_2025/nav_ws/install/px4_msgs/share/px4_msgs/msg/FuelTankStatus.msg\n'}
[9.438290] (px4_msgs) StdoutLine: {'line': b'-- Up-to-date: /home/em/ros_workspace_2025/nav_ws/install/px4_msgs/share/px4_msgs/msg/GeneratorStatus.msg\n'}
[9.438473] (px4_msgs) StdoutLine: {'line': b'-- Up-to-date: /home/em/ros_workspace_2025/nav_ws/install/px4_msgs/share/px4_msgs/msg/GeofenceResult.msg\n'}
[9.438732] (px4_msgs) StdoutLine: {'line': b'-- Up-to-date: /home/em/ros_workspace_2025/nav_ws/install/px4_msgs/share/px4_msgs/msg/GeofenceStatus.msg\n'}
[9.438783] (-) TimerEvent: {}
[9.438892] (px4_msgs) StdoutLine: {'line': b'-- Up-to-date: /home/em/ros_workspace_2025/nav_ws/install/px4_msgs/share/px4_msgs/msg/GimbalControls.msg\n'}
[9.439067] (px4_msgs) StdoutLine: {'line': b'-- Up-to-date: /home/em/ros_workspace_2025/nav_ws/install/px4_msgs/share/px4_msgs/msg/GimbalDeviceAttitudeStatus.msg\n'}
[9.439245] (px4_msgs) StdoutLine: {'line': b'-- Up-to-date: /home/em/ros_workspace_2025/nav_ws/install/px4_msgs/share/px4_msgs/msg/GimbalDeviceInformation.msg\n'}
[9.439511] (px4_msgs) StdoutLine: {'line': b'-- Up-to-date: /home/em/ros_workspace_2025/nav_ws/install/px4_msgs/share/px4_msgs/msg/GimbalDeviceSetAttitude.msg\n'}
[9.439795] (px4_msgs) StdoutLine: {'line': b'-- Up-to-date: /home/em/ros_workspace_2025/nav_ws/install/px4_msgs/share/px4_msgs/msg/GimbalManagerInformation.msg\n'}
[9.439888] (px4_msgs) StdoutLine: {'line': b'-- Up-to-date: /home/em/ros_workspace_2025/nav_ws/install/px4_msgs/share/px4_msgs/msg/GimbalManagerSetAttitude.msg\n'}
[9.440106] (px4_msgs) StdoutLine: {'line': b'-- Up-to-date: /home/em/ros_workspace_2025/nav_ws/install/px4_msgs/share/px4_msgs/msg/GimbalManagerSetManualControl.msg\n'}
[9.440359] (px4_msgs) StdoutLine: {'line': b'-- Up-to-date: /home/em/ros_workspace_2025/nav_ws/install/px4_msgs/share/px4_msgs/msg/GimbalManagerStatus.msg\n'}
[9.440536] (px4_msgs) StdoutLine: {'line': b'-- Up-to-date: /home/em/ros_workspace_2025/nav_ws/install/px4_msgs/share/px4_msgs/msg/GotoSetpoint.msg\n'}
[9.440700] (px4_msgs) StdoutLine: {'line': b'-- Up-to-date: /home/em/ros_workspace_2025/nav_ws/install/px4_msgs/share/px4_msgs/msg/GpioConfig.msg\n'}
[9.440886] (px4_msgs) StdoutLine: {'line': b'-- Up-to-date: /home/em/ros_workspace_2025/nav_ws/install/px4_msgs/share/px4_msgs/msg/GpioIn.msg\n'}
[9.441165] (px4_msgs) StdoutLine: {'line': b'-- Up-to-date: /home/em/ros_workspace_2025/nav_ws/install/px4_msgs/share/px4_msgs/msg/GpioOut.msg\n'}
[9.441295] (px4_msgs) StdoutLine: {'line': b'-- Up-to-date: /home/em/ros_workspace_2025/nav_ws/install/px4_msgs/share/px4_msgs/msg/GpioRequest.msg\n'}
[9.441458] (px4_msgs) StdoutLine: {'line': b'-- Up-to-date: /home/em/ros_workspace_2025/nav_ws/install/px4_msgs/share/px4_msgs/msg/GpsDump.msg\n'}
[9.441642] (px4_msgs) StdoutLine: {'line': b'-- Up-to-date: /home/em/ros_workspace_2025/nav_ws/install/px4_msgs/share/px4_msgs/msg/GpsInjectData.msg\n'}
[9.441897] (px4_msgs) StdoutLine: {'line': b'-- Up-to-date: /home/em/ros_workspace_2025/nav_ws/install/px4_msgs/share/px4_msgs/msg/Gripper.msg\n'}
[9.442049] (px4_msgs) StdoutLine: {'line': b'-- Up-to-date: /home/em/ros_workspace_2025/nav_ws/install/px4_msgs/share/px4_msgs/msg/HealthReport.msg\n'}
[9.442209] (px4_msgs) StdoutLine: {'line': b'-- Up-to-date: /home/em/ros_workspace_2025/nav_ws/install/px4_msgs/share/px4_msgs/msg/HeaterStatus.msg\n'}
[9.442399] (px4_msgs) StdoutLine: {'line': b'-- Up-to-date: /home/em/ros_workspace_2025/nav_ws/install/px4_msgs/share/px4_msgs/msg/HomePosition.msg\n'}
[9.442873] (px4_msgs) StdoutLine: {'line': b'-- Up-to-date: /home/em/ros_workspace_2025/nav_ws/install/px4_msgs/share/px4_msgs/msg/HoverThrustEstimate.msg\n'}
[9.442978] (px4_msgs) StdoutLine: {'line': b'-- Up-to-date: /home/em/ros_workspace_2025/nav_ws/install/px4_msgs/share/px4_msgs/msg/InputRc.msg\n'}
[9.443318] (px4_msgs) StdoutLine: {'line': b'-- Up-to-date: /home/em/ros_workspace_2025/nav_ws/install/px4_msgs/share/px4_msgs/msg/InternalCombustionEngineStatus.msg\n'}
[9.443699] (px4_msgs) StdoutLine: {'line': b'-- Up-to-date: /home/em/ros_workspace_2025/nav_ws/install/px4_msgs/share/px4_msgs/msg/IridiumsbdStatus.msg\n'}
[9.444025] (px4_msgs) StdoutLine: {'line': b'-- Up-to-date: /home/em/ros_workspace_2025/nav_ws/install/px4_msgs/share/px4_msgs/msg/IrlockReport.msg\n'}
[9.444378] (px4_msgs) StdoutLine: {'line': b'-- Up-to-date: /home/em/ros_workspace_2025/nav_ws/install/px4_msgs/share/px4_msgs/msg/LandingGear.msg\n'}
[9.444479] (px4_msgs) StdoutLine: {'line': b'-- Up-to-date: /home/em/ros_workspace_2025/nav_ws/install/px4_msgs/share/px4_msgs/msg/LandingGearWheel.msg\n'}
[9.444756] (px4_msgs) StdoutLine: {'line': b'-- Up-to-date: /home/em/ros_workspace_2025/nav_ws/install/px4_msgs/share/px4_msgs/msg/LandingTargetInnovations.msg\n'}
[9.445026] (px4_msgs) StdoutLine: {'line': b'-- Up-to-date: /home/em/ros_workspace_2025/nav_ws/install/px4_msgs/share/px4_msgs/msg/LandingTargetPose.msg\n'}
[9.445214] (px4_msgs) StdoutLine: {'line': b'-- Up-to-date: /home/em/ros_workspace_2025/nav_ws/install/px4_msgs/share/px4_msgs/msg/LaunchDetectionStatus.msg\n'}
[9.445380] (px4_msgs) StdoutLine: {'line': b'-- Up-to-date: /home/em/ros_workspace_2025/nav_ws/install/px4_msgs/share/px4_msgs/msg/LedControl.msg\n'}
[9.445573] (px4_msgs) StdoutLine: {'line': b'-- Up-to-date: /home/em/ros_workspace_2025/nav_ws/install/px4_msgs/share/px4_msgs/msg/LogMessage.msg\n'}
[9.445852] (px4_msgs) StdoutLine: {'line': b'-- Up-to-date: /home/em/ros_workspace_2025/nav_ws/install/px4_msgs/share/px4_msgs/msg/LoggerStatus.msg\n'}
[9.446026] (px4_msgs) StdoutLine: {'line': b'-- Up-to-date: /home/em/ros_workspace_2025/nav_ws/install/px4_msgs/share/px4_msgs/msg/MagWorkerData.msg\n'}
[9.446180] (px4_msgs) StdoutLine: {'line': b'-- Up-to-date: /home/em/ros_workspace_2025/nav_ws/install/px4_msgs/share/px4_msgs/msg/MagnetometerBiasEstimate.msg\n'}
[9.446362] (px4_msgs) StdoutLine: {'line': b'-- Up-to-date: /home/em/ros_workspace_2025/nav_ws/install/px4_msgs/share/px4_msgs/msg/ManualControlSetpoint.msg\n'}
[9.446639] (px4_msgs) StdoutLine: {'line': b'-- Up-to-date: /home/em/ros_workspace_2025/nav_ws/install/px4_msgs/share/px4_msgs/msg/ManualControlSwitches.msg\n'}
[9.446815] (px4_msgs) StdoutLine: {'line': b'-- Up-to-date: /home/em/ros_workspace_2025/nav_ws/install/px4_msgs/share/px4_msgs/msg/MavlinkLog.msg\n'}
[9.447000] (px4_msgs) StdoutLine: {'line': b'-- Up-to-date: /home/em/ros_workspace_2025/nav_ws/install/px4_msgs/share/px4_msgs/msg/MavlinkTunnel.msg\n'}
[9.447186] (px4_msgs) StdoutLine: {'line': b'-- Up-to-date: /home/em/ros_workspace_2025/nav_ws/install/px4_msgs/share/px4_msgs/msg/MessageFormatRequest.msg\n'}
[9.447465] (px4_msgs) StdoutLine: {'line': b'-- Up-to-date: /home/em/ros_workspace_2025/nav_ws/install/px4_msgs/share/px4_msgs/msg/MessageFormatResponse.msg\n'}
[9.447654] (px4_msgs) StdoutLine: {'line': b'-- Up-to-date: /home/em/ros_workspace_2025/nav_ws/install/px4_msgs/share/px4_msgs/msg/Mission.msg\n'}
[9.447833] (px4_msgs) StdoutLine: {'line': b'-- Up-to-date: /home/em/ros_workspace_2025/nav_ws/install/px4_msgs/share/px4_msgs/msg/MissionResult.msg\n'}
[9.448012] (px4_msgs) StdoutLine: {'line': b'-- Up-to-date: /home/em/ros_workspace_2025/nav_ws/install/px4_msgs/share/px4_msgs/msg/ModeCompleted.msg\n'}
[9.448281] (px4_msgs) StdoutLine: {'line': b'-- Up-to-date: /home/em/ros_workspace_2025/nav_ws/install/px4_msgs/share/px4_msgs/msg/MountOrientation.msg\n'}
[9.448446] (px4_msgs) StdoutLine: {'line': b'-- Up-to-date: /home/em/ros_workspace_2025/nav_ws/install/px4_msgs/share/px4_msgs/msg/NavigatorMissionItem.msg\n'}
[9.448621] (px4_msgs) StdoutLine: {'line': b'-- Up-to-date: /home/em/ros_workspace_2025/nav_ws/install/px4_msgs/share/px4_msgs/msg/NavigatorStatus.msg\n'}
[9.448792] (px4_msgs) StdoutLine: {'line': b'-- Up-to-date: /home/em/ros_workspace_2025/nav_ws/install/px4_msgs/share/px4_msgs/msg/NormalizedUnsignedSetpoint.msg\n'}
[9.449050] (px4_msgs) StdoutLine: {'line': b'-- Up-to-date: /home/em/ros_workspace_2025/nav_ws/install/px4_msgs/share/px4_msgs/msg/NpfgStatus.msg\n'}
[9.449302] (px4_msgs) StdoutLine: {'line': b'-- Up-to-date: /home/em/ros_workspace_2025/nav_ws/install/px4_msgs/share/px4_msgs/msg/ObstacleDistance.msg\n'}
[9.449370] (px4_msgs) StdoutLine: {'line': b'-- Up-to-date: /home/em/ros_workspace_2025/nav_ws/install/px4_msgs/share/px4_msgs/msg/OffboardControlMode.msg\n'}
[9.449661] (px4_msgs) StdoutLine: {'line': b'-- Up-to-date: /home/em/ros_workspace_2025/nav_ws/install/px4_msgs/share/px4_msgs/msg/OnboardComputerStatus.msg\n'}
[9.449928] (px4_msgs) StdoutLine: {'line': b'-- Up-to-date: /home/em/ros_workspace_2025/nav_ws/install/px4_msgs/share/px4_msgs/msg/OpenDroneIdArmStatus.msg\n'}
[9.450069] (px4_msgs) StdoutLine: {'line': b'-- Up-to-date: /home/em/ros_workspace_2025/nav_ws/install/px4_msgs/share/px4_msgs/msg/OpenDroneIdOperatorId.msg\n'}
[9.450253] (px4_msgs) StdoutLine: {'line': b'-- Up-to-date: /home/em/ros_workspace_2025/nav_ws/install/px4_msgs/share/px4_msgs/msg/OpenDroneIdSelfId.msg\n'}
[9.450422] (px4_msgs) StdoutLine: {'line': b'-- Up-to-date: /home/em/ros_workspace_2025/nav_ws/install/px4_msgs/share/px4_msgs/msg/OpenDroneIdSystem.msg\n'}
[9.450679] (px4_msgs) StdoutLine: {'line': b'-- Up-to-date: /home/em/ros_workspace_2025/nav_ws/install/px4_msgs/share/px4_msgs/msg/OrbTest.msg\n'}
[9.450847] (px4_msgs) StdoutLine: {'line': b'-- Up-to-date: /home/em/ros_workspace_2025/nav_ws/install/px4_msgs/share/px4_msgs/msg/OrbTestLarge.msg\n'}
[9.450999] (px4_msgs) StdoutLine: {'line': b'-- Up-to-date: /home/em/ros_workspace_2025/nav_ws/install/px4_msgs/share/px4_msgs/msg/OrbTestMedium.msg\n'}
[9.451179] (px4_msgs) StdoutLine: {'line': b'-- Up-to-date: /home/em/ros_workspace_2025/nav_ws/install/px4_msgs/share/px4_msgs/msg/OrbitStatus.msg\n'}
[9.451441] (px4_msgs) StdoutLine: {'line': b'-- Up-to-date: /home/em/ros_workspace_2025/nav_ws/install/px4_msgs/share/px4_msgs/msg/ParameterResetRequest.msg\n'}
[9.451618] (px4_msgs) StdoutLine: {'line': b'-- Up-to-date: /home/em/ros_workspace_2025/nav_ws/install/px4_msgs/share/px4_msgs/msg/ParameterSetUsedRequest.msg\n'}
[9.451783] (px4_msgs) StdoutLine: {'line': b'-- Up-to-date: /home/em/ros_workspace_2025/nav_ws/install/px4_msgs/share/px4_msgs/msg/ParameterSetValueRequest.msg\n'}
[9.451964] (px4_msgs) StdoutLine: {'line': b'-- Up-to-date: /home/em/ros_workspace_2025/nav_ws/install/px4_msgs/share/px4_msgs/msg/ParameterSetValueResponse.msg\n'}
[9.452239] (px4_msgs) StdoutLine: {'line': b'-- Up-to-date: /home/em/ros_workspace_2025/nav_ws/install/px4_msgs/share/px4_msgs/msg/ParameterUpdate.msg\n'}
[9.452417] (px4_msgs) StdoutLine: {'line': b'-- Up-to-date: /home/em/ros_workspace_2025/nav_ws/install/px4_msgs/share/px4_msgs/msg/Ping.msg\n'}
[9.452676] (px4_msgs) StdoutLine: {'line': b'-- Up-to-date: /home/em/ros_workspace_2025/nav_ws/install/px4_msgs/share/px4_msgs/msg/PositionControllerLandingStatus.msg\n'}
[9.452893] (px4_msgs) StdoutLine: {'line': b'-- Up-to-date: /home/em/ros_workspace_2025/nav_ws/install/px4_msgs/share/px4_msgs/msg/PositionControllerStatus.msg\n'}
[9.453231] (px4_msgs) StdoutLine: {'line': b'-- Up-to-date: /home/em/ros_workspace_2025/nav_ws/install/px4_msgs/share/px4_msgs/msg/PositionSetpoint.msg\n'}
[9.453401] (px4_msgs) StdoutLine: {'line': b'-- Up-to-date: /home/em/ros_workspace_2025/nav_ws/install/px4_msgs/share/px4_msgs/msg/PositionSetpointTriplet.msg\n'}
[9.453617] (px4_msgs) StdoutLine: {'line': b'-- Up-to-date: /home/em/ros_workspace_2025/nav_ws/install/px4_msgs/share/px4_msgs/msg/PowerButtonState.msg\n'}
[9.453852] (px4_msgs) StdoutLine: {'line': b'-- Up-to-date: /home/em/ros_workspace_2025/nav_ws/install/px4_msgs/share/px4_msgs/msg/PowerMonitor.msg\n'}
[9.454271] (px4_msgs) StdoutLine: {'line': b'-- Up-to-date: /home/em/ros_workspace_2025/nav_ws/install/px4_msgs/share/px4_msgs/msg/PpsCapture.msg\n'}
[9.454425] (px4_msgs) StdoutLine: {'line': b'-- Up-to-date: /home/em/ros_workspace_2025/nav_ws/install/px4_msgs/share/px4_msgs/msg/PwmInput.msg\n'}
[9.454495] (px4_msgs) StdoutLine: {'line': b'-- Up-to-date: /home/em/ros_workspace_2025/nav_ws/install/px4_msgs/share/px4_msgs/msg/Px4ioStatus.msg\n'}
[9.454797] (px4_msgs) StdoutLine: {'line': b'-- Up-to-date: /home/em/ros_workspace_2025/nav_ws/install/px4_msgs/share/px4_msgs/msg/QshellReq.msg\n'}
[9.455060] (px4_msgs) StdoutLine: {'line': b'-- Up-to-date: /home/em/ros_workspace_2025/nav_ws/install/px4_msgs/share/px4_msgs/msg/QshellRetval.msg\n'}
[9.455225] (px4_msgs) StdoutLine: {'line': b'-- Up-to-date: /home/em/ros_workspace_2025/nav_ws/install/px4_msgs/share/px4_msgs/msg/RadioStatus.msg\n'}
[9.455394] (px4_msgs) StdoutLine: {'line': b'-- Up-to-date: /home/em/ros_workspace_2025/nav_ws/install/px4_msgs/share/px4_msgs/msg/RateCtrlStatus.msg\n'}
[9.455586] (px4_msgs) StdoutLine: {'line': b'-- Up-to-date: /home/em/ros_workspace_2025/nav_ws/install/px4_msgs/share/px4_msgs/msg/RcChannels.msg\n'}
[9.455881] (px4_msgs) StdoutLine: {'line': b'-- Up-to-date: /home/em/ros_workspace_2025/nav_ws/install/px4_msgs/share/px4_msgs/msg/RcParameterMap.msg\n'}
[9.456047] (px4_msgs) StdoutLine: {'line': b'-- Up-to-date: /home/em/ros_workspace_2025/nav_ws/install/px4_msgs/share/px4_msgs/msg/RegisterExtComponentReply.msg\n'}
[9.456224] (px4_msgs) StdoutLine: {'line': b'-- Up-to-date: /home/em/ros_workspace_2025/nav_ws/install/px4_msgs/share/px4_msgs/msg/RegisterExtComponentRequest.msg\n'}
[9.456412] (px4_msgs) StdoutLine: {'line': b'-- Up-to-date: /home/em/ros_workspace_2025/nav_ws/install/px4_msgs/share/px4_msgs/msg/RoverAckermannGuidanceStatus.msg\n'}
[9.456730] (px4_msgs) StdoutLine: {'line': b'-- Up-to-date: /home/em/ros_workspace_2025/nav_ws/install/px4_msgs/share/px4_msgs/msg/RoverAckermannSetpoint.msg\n'}
[9.456902] (px4_msgs) StdoutLine: {'line': b'-- Up-to-date: /home/em/ros_workspace_2025/nav_ws/install/px4_msgs/share/px4_msgs/msg/RoverAckermannStatus.msg\n'}
[9.457079] (px4_msgs) StdoutLine: {'line': b'-- Up-to-date: /home/em/ros_workspace_2025/nav_ws/install/px4_msgs/share/px4_msgs/msg/RoverDifferentialGuidanceStatus.msg\n'}
[9.457268] (px4_msgs) StdoutLine: {'line': b'-- Up-to-date: /home/em/ros_workspace_2025/nav_ws/install/px4_msgs/share/px4_msgs/msg/RoverDifferentialSetpoint.msg\n'}
[9.457546] (px4_msgs) StdoutLine: {'line': b'-- Up-to-date: /home/em/ros_workspace_2025/nav_ws/install/px4_msgs/share/px4_msgs/msg/RoverDifferentialStatus.msg\n'}
[9.457713] (px4_msgs) StdoutLine: {'line': b'-- Up-to-date: /home/em/ros_workspace_2025/nav_ws/install/px4_msgs/share/px4_msgs/msg/RoverMecanumGuidanceStatus.msg\n'}
[9.457905] (px4_msgs) StdoutLine: {'line': b'-- Up-to-date: /home/em/ros_workspace_2025/nav_ws/install/px4_msgs/share/px4_msgs/msg/RoverMecanumSetpoint.msg\n'}
[9.458051] (px4_msgs) StdoutLine: {'line': b'-- Up-to-date: /home/em/ros_workspace_2025/nav_ws/install/px4_msgs/share/px4_msgs/msg/RoverMecanumStatus.msg\n'}
[9.458322] (px4_msgs) StdoutLine: {'line': b'-- Up-to-date: /home/em/ros_workspace_2025/nav_ws/install/px4_msgs/share/px4_msgs/msg/Rpm.msg\n'}
[9.458625] (px4_msgs) StdoutLine: {'line': b'-- Up-to-date: /home/em/ros_workspace_2025/nav_ws/install/px4_msgs/share/px4_msgs/msg/RtlStatus.msg\n'}
[9.458695] (px4_msgs) StdoutLine: {'line': b'-- Up-to-date: /home/em/ros_workspace_2025/nav_ws/install/px4_msgs/share/px4_msgs/msg/RtlTimeEstimate.msg\n'}
[9.458964] (px4_msgs) StdoutLine: {'line': b'-- Up-to-date: /home/em/ros_workspace_2025/nav_ws/install/px4_msgs/share/px4_msgs/msg/SatelliteInfo.msg\n'}
[9.459233] (px4_msgs) StdoutLine: {'line': b'-- Up-to-date: /home/em/ros_workspace_2025/nav_ws/install/px4_msgs/share/px4_msgs/msg/SensorAccel.msg\n'}
[9.459399] (px4_msgs) StdoutLine: {'line': b'-- Up-to-date: /home/em/ros_workspace_2025/nav_ws/install/px4_msgs/share/px4_msgs/msg/SensorAccelFifo.msg\n'}
[9.459573] (px4_msgs) StdoutLine: {'line': b'-- Up-to-date: /home/em/ros_workspace_2025/nav_ws/install/px4_msgs/share/px4_msgs/msg/SensorAirflow.msg\n'}
[9.459766] (px4_msgs) StdoutLine: {'line': b'-- Up-to-date: /home/em/ros_workspace_2025/nav_ws/install/px4_msgs/share/px4_msgs/msg/SensorBaro.msg\n'}
[9.460025] (px4_msgs) StdoutLine: {'line': b'-- Up-to-date: /home/em/ros_workspace_2025/nav_ws/install/px4_msgs/share/px4_msgs/msg/SensorCombined.msg\n'}
[9.460187] (px4_msgs) StdoutLine: {'line': b'-- Up-to-date: /home/em/ros_workspace_2025/nav_ws/install/px4_msgs/share/px4_msgs/msg/SensorCorrection.msg\n'}
[9.460372] (px4_msgs) StdoutLine: {'line': b'-- Up-to-date: /home/em/ros_workspace_2025/nav_ws/install/px4_msgs/share/px4_msgs/msg/SensorGnssRelative.msg\n'}
[9.460537] (px4_msgs) StdoutLine: {'line': b'-- Up-to-date: /home/em/ros_workspace_2025/nav_ws/install/px4_msgs/share/px4_msgs/msg/SensorGps.msg\n'}
[9.460797] (px4_msgs) StdoutLine: {'line': b'-- Up-to-date: /home/em/ros_workspace_2025/nav_ws/install/px4_msgs/share/px4_msgs/msg/SensorGyro.msg\n'}
[9.460966] (px4_msgs) StdoutLine: {'line': b'-- Up-to-date: /home/em/ros_workspace_2025/nav_ws/install/px4_msgs/share/px4_msgs/msg/SensorGyroFft.msg\n'}
[9.461122] (px4_msgs) StdoutLine: {'line': b'-- Up-to-date: /home/em/ros_workspace_2025/nav_ws/install/px4_msgs/share/px4_msgs/msg/SensorGyroFifo.msg\n'}
[9.461301] (px4_msgs) StdoutLine: {'line': b'-- Up-to-date: /home/em/ros_workspace_2025/nav_ws/install/px4_msgs/share/px4_msgs/msg/SensorHygrometer.msg\n'}
[9.461571] (px4_msgs) StdoutLine: {'line': b'-- Up-to-date: /home/em/ros_workspace_2025/nav_ws/install/px4_msgs/share/px4_msgs/msg/SensorMag.msg\n'}
[9.461737] (px4_msgs) StdoutLine: {'line': b'-- Up-to-date: /home/em/ros_workspace_2025/nav_ws/install/px4_msgs/share/px4_msgs/msg/SensorOpticalFlow.msg\n'}
[9.461914] (px4_msgs) StdoutLine: {'line': b'-- Up-to-date: /home/em/ros_workspace_2025/nav_ws/install/px4_msgs/share/px4_msgs/msg/SensorPreflightMag.msg\n'}
[9.462112] (px4_msgs) StdoutLine: {'line': b'-- Up-to-date: /home/em/ros_workspace_2025/nav_ws/install/px4_msgs/share/px4_msgs/msg/SensorSelection.msg\n'}
[9.462715] (px4_msgs) StdoutLine: {'line': b'-- Up-to-date: /home/em/ros_workspace_2025/nav_ws/install/px4_msgs/share/px4_msgs/msg/SensorUwb.msg\n'}
[9.462933] (px4_msgs) StdoutLine: {'line': b'-- Up-to-date: /home/em/ros_workspace_2025/nav_ws/install/px4_msgs/share/px4_msgs/msg/SensorsStatus.msg\n'}
[9.463265] (px4_msgs) StdoutLine: {'line': b'-- Up-to-date: /home/em/ros_workspace_2025/nav_ws/install/px4_msgs/share/px4_msgs/msg/SensorsStatusImu.msg\n'}
[9.463427] (px4_msgs) StdoutLine: {'line': b'-- Up-to-date: /home/em/ros_workspace_2025/nav_ws/install/px4_msgs/share/px4_msgs/msg/SystemPower.msg\n'}
[9.463832] (px4_msgs) StdoutLine: {'line': b'-- Up-to-date: /home/em/ros_workspace_2025/nav_ws/install/px4_msgs/share/px4_msgs/msg/TakeoffStatus.msg\n'}
[9.464056] (px4_msgs) StdoutLine: {'line': b'-- Up-to-date: /home/em/ros_workspace_2025/nav_ws/install/px4_msgs/share/px4_msgs/msg/TaskStackInfo.msg\n'}
[9.464136] (px4_msgs) StdoutLine: {'line': b'-- Up-to-date: /home/em/ros_workspace_2025/nav_ws/install/px4_msgs/share/px4_msgs/msg/TecsStatus.msg\n'}
[9.464475] (px4_msgs) StdoutLine: {'line': b'-- Up-to-date: /home/em/ros_workspace_2025/nav_ws/install/px4_msgs/share/px4_msgs/msg/TelemetryStatus.msg\n'}
[9.464760] (px4_msgs) StdoutLine: {'line': b'-- Up-to-date: /home/em/ros_workspace_2025/nav_ws/install/px4_msgs/share/px4_msgs/msg/TiltrotorExtraControls.msg\n'}
[9.464937] (px4_msgs) StdoutLine: {'line': b'-- Up-to-date: /home/em/ros_workspace_2025/nav_ws/install/px4_msgs/share/px4_msgs/msg/TimesyncStatus.msg\n'}
[9.465123] (px4_msgs) StdoutLine: {'line': b'-- Up-to-date: /home/em/ros_workspace_2025/nav_ws/install/px4_msgs/share/px4_msgs/msg/TrajectoryBezier.msg\n'}
[9.465320] (px4_msgs) StdoutLine: {'line': b'-- Up-to-date: /home/em/ros_workspace_2025/nav_ws/install/px4_msgs/share/px4_msgs/msg/TrajectorySetpoint.msg\n'}
[9.465614] (px4_msgs) StdoutLine: {'line': b'-- Up-to-date: /home/em/ros_workspace_2025/nav_ws/install/px4_msgs/share/px4_msgs/msg/TrajectoryWaypoint.msg\n'}
[9.465782] (px4_msgs) StdoutLine: {'line': b'-- Up-to-date: /home/em/ros_workspace_2025/nav_ws/install/px4_msgs/share/px4_msgs/msg/TransponderReport.msg\n'}
[9.465951] (px4_msgs) StdoutLine: {'line': b'-- Up-to-date: /home/em/ros_workspace_2025/nav_ws/install/px4_msgs/share/px4_msgs/msg/TuneControl.msg\n'}
[9.466135] (px4_msgs) StdoutLine: {'line': b'-- Up-to-date: /home/em/ros_workspace_2025/nav_ws/install/px4_msgs/share/px4_msgs/msg/UavcanParameterRequest.msg\n'}
[9.466432] (px4_msgs) StdoutLine: {'line': b'-- Up-to-date: /home/em/ros_workspace_2025/nav_ws/install/px4_msgs/share/px4_msgs/msg/UavcanParameterValue.msg\n'}
[9.466596] (px4_msgs) StdoutLine: {'line': b'-- Up-to-date: /home/em/ros_workspace_2025/nav_ws/install/px4_msgs/share/px4_msgs/msg/UlogStream.msg\n'}
[9.466767] (px4_msgs) StdoutLine: {'line': b'-- Up-to-date: /home/em/ros_workspace_2025/nav_ws/install/px4_msgs/share/px4_msgs/msg/UlogStreamAck.msg\n'}
[9.466953] (px4_msgs) StdoutLine: {'line': b'-- Up-to-date: /home/em/ros_workspace_2025/nav_ws/install/px4_msgs/share/px4_msgs/msg/UnregisterExtComponent.msg\n'}
[9.467211] (px4_msgs) StdoutLine: {'line': b'-- Up-to-date: /home/em/ros_workspace_2025/nav_ws/install/px4_msgs/share/px4_msgs/msg/VehicleAcceleration.msg\n'}
[9.467379] (px4_msgs) StdoutLine: {'line': b'-- Up-to-date: /home/em/ros_workspace_2025/nav_ws/install/px4_msgs/share/px4_msgs/msg/VehicleAirData.msg\n'}
[9.467564] (px4_msgs) StdoutLine: {'line': b'-- Up-to-date: /home/em/ros_workspace_2025/nav_ws/install/px4_msgs/share/px4_msgs/msg/VehicleAngularAccelerationSetpoint.msg\n'}
[9.467765] (px4_msgs) StdoutLine: {'line': b'-- Up-to-date: /home/em/ros_workspace_2025/nav_ws/install/px4_msgs/share/px4_msgs/msg/VehicleAngularVelocity.msg\n'}
[9.468046] (px4_msgs) StdoutLine: {'line': b'-- Up-to-date: /home/em/ros_workspace_2025/nav_ws/install/px4_msgs/share/px4_msgs/msg/VehicleAttitude.msg\n'}
[9.468304] (px4_msgs) StdoutLine: {'line': b'-- Up-to-date: /home/em/ros_workspace_2025/nav_ws/install/px4_msgs/share/px4_msgs/msg/VehicleAttitudeSetpoint.msg\n'}
[9.468374] (px4_msgs) StdoutLine: {'line': b'-- Up-to-date: /home/em/ros_workspace_2025/nav_ws/install/px4_msgs/share/px4_msgs/msg/VehicleCommand.msg\n'}
[9.468665] (px4_msgs) StdoutLine: {'line': b'-- Up-to-date: /home/em/ros_workspace_2025/nav_ws/install/px4_msgs/share/px4_msgs/msg/VehicleCommandAck.msg\n'}
[9.468923] (px4_msgs) StdoutLine: {'line': b'-- Up-to-date: /home/em/ros_workspace_2025/nav_ws/install/px4_msgs/share/px4_msgs/msg/VehicleConstraints.msg\n'}
[9.469100] (px4_msgs) StdoutLine: {'line': b'-- Up-to-date: /home/em/ros_workspace_2025/nav_ws/install/px4_msgs/share/px4_msgs/msg/VehicleControlMode.msg\n'}
[9.469251] (px4_msgs) StdoutLine: {'line': b'-- Up-to-date: /home/em/ros_workspace_2025/nav_ws/install/px4_msgs/share/px4_msgs/msg/VehicleGlobalPosition.msg\n'}
[9.469434] (px4_msgs) StdoutLine: {'line': b'-- Up-to-date: /home/em/ros_workspace_2025/nav_ws/install/px4_msgs/share/px4_msgs/msg/VehicleImu.msg\n'}
[9.469708] (px4_msgs) StdoutLine: {'line': b'-- Up-to-date: /home/em/ros_workspace_2025/nav_ws/install/px4_msgs/share/px4_msgs/msg/VehicleImuStatus.msg\n'}
[9.469866] (px4_msgs) StdoutLine: {'line': b'-- Up-to-date: /home/em/ros_workspace_2025/nav_ws/install/px4_msgs/share/px4_msgs/msg/VehicleLandDetected.msg\n'}
[9.470029] (px4_msgs) StdoutLine: {'line': b'-- Up-to-date: /home/em/ros_workspace_2025/nav_ws/install/px4_msgs/share/px4_msgs/msg/VehicleLocalPosition.msg\n'}
[9.470208] (px4_msgs) StdoutLine: {'line': b'-- Up-to-date: /home/em/ros_workspace_2025/nav_ws/install/px4_msgs/share/px4_msgs/msg/VehicleLocalPositionSetpoint.msg\n'}
[9.470483] (px4_msgs) StdoutLine: {'line': b'-- Up-to-date: /home/em/ros_workspace_2025/nav_ws/install/px4_msgs/share/px4_msgs/msg/VehicleMagnetometer.msg\n'}
[9.470647] (px4_msgs) StdoutLine: {'line': b'-- Up-to-date: /home/em/ros_workspace_2025/nav_ws/install/px4_msgs/share/px4_msgs/msg/VehicleOdometry.msg\n'}
[9.470816] (px4_msgs) StdoutLine: {'line': b'-- Up-to-date: /home/em/ros_workspace_2025/nav_ws/install/px4_msgs/share/px4_msgs/msg/VehicleOpticalFlow.msg\n'}
[9.470997] (px4_msgs) StdoutLine: {'line': b'-- Up-to-date: /home/em/ros_workspace_2025/nav_ws/install/px4_msgs/share/px4_msgs/msg/VehicleOpticalFlowVel.msg\n'}
[9.471257] (px4_msgs) StdoutLine: {'line': b'-- Up-to-date: /home/em/ros_workspace_2025/nav_ws/install/px4_msgs/share/px4_msgs/msg/VehicleRatesSetpoint.msg\n'}
[9.471423] (px4_msgs) StdoutLine: {'line': b'-- Up-to-date: /home/em/ros_workspace_2025/nav_ws/install/px4_msgs/share/px4_msgs/msg/VehicleRoi.msg\n'}
[9.471591] (px4_msgs) StdoutLine: {'line': b'-- Up-to-date: /home/em/ros_workspace_2025/nav_ws/install/px4_msgs/share/px4_msgs/msg/VehicleStatus.msg\n'}
[9.471778] (px4_msgs) StdoutLine: {'line': b'-- Up-to-date: /home/em/ros_workspace_2025/nav_ws/install/px4_msgs/share/px4_msgs/msg/VehicleThrustSetpoint.msg\n'}
[9.472256] (px4_msgs) StdoutLine: {'line': b'-- Up-to-date: /home/em/ros_workspace_2025/nav_ws/install/px4_msgs/share/px4_msgs/msg/VehicleTorqueSetpoint.msg\n'}
[9.472466] (px4_msgs) StdoutLine: {'line': b'-- Up-to-date: /home/em/ros_workspace_2025/nav_ws/install/px4_msgs/share/px4_msgs/msg/VehicleTrajectoryBezier.msg\n'}
[9.472684] (px4_msgs) StdoutLine: {'line': b'-- Up-to-date: /home/em/ros_workspace_2025/nav_ws/install/px4_msgs/share/px4_msgs/msg/VehicleTrajectoryWaypoint.msg\n'}
[9.472923] (px4_msgs) StdoutLine: {'line': b'-- Up-to-date: /home/em/ros_workspace_2025/nav_ws/install/px4_msgs/share/px4_msgs/msg/VelocityLimits.msg\n'}
[9.473222] (px4_msgs) StdoutLine: {'line': b'-- Up-to-date: /home/em/ros_workspace_2025/nav_ws/install/px4_msgs/share/px4_msgs/msg/VtolVehicleStatus.msg\n'}
[9.473559] (px4_msgs) StdoutLine: {'line': b'-- Up-to-date: /home/em/ros_workspace_2025/nav_ws/install/px4_msgs/share/px4_msgs/msg/WheelEncoders.msg\n'}
[9.473635] (px4_msgs) StdoutLine: {'line': b'-- Up-to-date: /home/em/ros_workspace_2025/nav_ws/install/px4_msgs/share/px4_msgs/msg/Wind.msg\n'}
[9.473953] (px4_msgs) StdoutLine: {'line': b'-- Up-to-date: /home/em/ros_workspace_2025/nav_ws/install/px4_msgs/share/px4_msgs/msg/YawEstimatorStatus.msg\n'}
[9.474234] (px4_msgs) StdoutLine: {'line': b'-- Up-to-date: /home/em/ros_workspace_2025/nav_ws/install/px4_msgs/share/px4_msgs/srv/VehicleCommand.srv\n'}
[9.474549] (px4_msgs) StdoutLine: {'line': b'-- Up-to-date: /home/em/ros_workspace_2025/nav_ws/install/px4_msgs/share/px4_msgs/srv/VehicleCommand_Request.msg\n'}
[9.474858] (px4_msgs) StdoutLine: {'line': b'-- Up-to-date: /home/em/ros_workspace_2025/nav_ws/install/px4_msgs/share/px4_msgs/srv/VehicleCommand_Response.msg\n'}
[9.475092] (px4_msgs) StdoutLine: {'line': b'-- Up-to-date: /home/em/ros_workspace_2025/nav_ws/install/px4_msgs/share/ament_index/resource_index/package_run_dependencies/px4_msgs\n'}
[9.475517] (px4_msgs) StdoutLine: {'line': b'-- Up-to-date: /home/em/ros_workspace_2025/nav_ws/install/px4_msgs/share/ament_index/resource_index/parent_prefix_path/px4_msgs\n'}
[9.475710] (px4_msgs) StdoutLine: {'line': b'-- Up-to-date: /home/em/ros_workspace_2025/nav_ws/install/px4_msgs/share/px4_msgs/environment/ament_prefix_path.sh\n'}
[9.475897] (px4_msgs) StdoutLine: {'line': b'-- Up-to-date: /home/em/ros_workspace_2025/nav_ws/install/px4_msgs/share/px4_msgs/environment/ament_prefix_path.dsv\n'}
[9.476109] (px4_msgs) StdoutLine: {'line': b'-- Up-to-date: /home/em/ros_workspace_2025/nav_ws/install/px4_msgs/share/px4_msgs/environment/path.sh\n'}
[9.476422] (px4_msgs) StdoutLine: {'line': b'-- Up-to-date: /home/em/ros_workspace_2025/nav_ws/install/px4_msgs/share/px4_msgs/environment/path.dsv\n'}
[9.476581] (px4_msgs) StdoutLine: {'line': b'-- Up-to-date: /home/em/ros_workspace_2025/nav_ws/install/px4_msgs/share/px4_msgs/local_setup.bash\n'}
[9.476769] (px4_msgs) StdoutLine: {'line': b'-- Up-to-date: /home/em/ros_workspace_2025/nav_ws/install/px4_msgs/share/px4_msgs/local_setup.sh\n'}
[9.476930] (px4_msgs) StdoutLine: {'line': b'-- Up-to-date: /home/em/ros_workspace_2025/nav_ws/install/px4_msgs/share/px4_msgs/local_setup.zsh\n'}
[9.477243] (px4_msgs) StdoutLine: {'line': b'-- Up-to-date: /home/em/ros_workspace_2025/nav_ws/install/px4_msgs/share/px4_msgs/local_setup.dsv\n'}
[9.477370] (px4_msgs) StdoutLine: {'line': b'-- Installing: /home/em/ros_workspace_2025/nav_ws/install/px4_msgs/share/px4_msgs/package.dsv\n'}
[9.477879] (px4_msgs) StdoutLine: {'line': b'-- Up-to-date: /home/em/ros_workspace_2025/nav_ws/install/px4_msgs/share/ament_index/resource_index/packages/px4_msgs\n'}
[9.478679] (px4_msgs) StdoutLine: {'line': b'-- Up-to-date: /home/em/ros_workspace_2025/nav_ws/install/px4_msgs/share/px4_msgs/cmake/export_px4_msgs__rosidl_generator_cExport.cmake\n'}
[9.478957] (px4_msgs) StdoutLine: {'line': b'-- Up-to-date: /home/em/ros_workspace_2025/nav_ws/install/px4_msgs/share/px4_msgs/cmake/export_px4_msgs__rosidl_generator_cExport-noconfig.cmake\n'}
[9.479468] (px4_msgs) StdoutLine: {'line': b'-- Up-to-date: /home/em/ros_workspace_2025/nav_ws/install/px4_msgs/share/px4_msgs/cmake/export_px4_msgs__rosidl_typesupport_fastrtps_cExport.cmake\n'}
[9.479530] (px4_msgs) StdoutLine: {'line': b'-- Up-to-date: /home/em/ros_workspace_2025/nav_ws/install/px4_msgs/share/px4_msgs/cmake/export_px4_msgs__rosidl_typesupport_fastrtps_cExport-noconfig.cmake\n'}
[9.480072] (px4_msgs) StdoutLine: {'line': b'-- Up-to-date: /home/em/ros_workspace_2025/nav_ws/install/px4_msgs/share/px4_msgs/cmake/export_px4_msgs__rosidl_generator_cppExport.cmake\n'}
[9.480554] (px4_msgs) StdoutLine: {'line': b'-- Up-to-date: /home/em/ros_workspace_2025/nav_ws/install/px4_msgs/share/px4_msgs/cmake/export_px4_msgs__rosidl_typesupport_fastrtps_cppExport.cmake\n'}
[9.480706] (px4_msgs) StdoutLine: {'line': b'-- Up-to-date: /home/em/ros_workspace_2025/nav_ws/install/px4_msgs/share/px4_msgs/cmake/export_px4_msgs__rosidl_typesupport_fastrtps_cppExport-noconfig.cmake\n'}
[9.481122] (px4_msgs) StdoutLine: {'line': b'-- Up-to-date: /home/em/ros_workspace_2025/nav_ws/install/px4_msgs/share/px4_msgs/cmake/px4_msgs__rosidl_typesupport_introspection_cExport.cmake\n'}
[9.481280] (px4_msgs) StdoutLine: {'line': b'-- Up-to-date: /home/em/ros_workspace_2025/nav_ws/install/px4_msgs/share/px4_msgs/cmake/px4_msgs__rosidl_typesupport_introspection_cExport-noconfig.cmake\n'}
[9.481916] (px4_msgs) StdoutLine: {'line': b'-- Up-to-date: /home/em/ros_workspace_2025/nav_ws/install/px4_msgs/share/px4_msgs/cmake/px4_msgs__rosidl_typesupport_cExport.cmake\n'}
[9.482150] (px4_msgs) StdoutLine: {'line': b'-- Up-to-date: /home/em/ros_workspace_2025/nav_ws/install/px4_msgs/share/px4_msgs/cmake/px4_msgs__rosidl_typesupport_cExport-noconfig.cmake\n'}
[9.482655] (px4_msgs) StdoutLine: {'line': b'-- Up-to-date: /home/em/ros_workspace_2025/nav_ws/install/px4_msgs/share/px4_msgs/cmake/px4_msgs__rosidl_typesupport_introspection_cppExport.cmake\n'}
[9.482879] (px4_msgs) StdoutLine: {'line': b'-- Up-to-date: /home/em/ros_workspace_2025/nav_ws/install/px4_msgs/share/px4_msgs/cmake/px4_msgs__rosidl_typesupport_introspection_cppExport-noconfig.cmake\n'}
[9.483413] (px4_msgs) StdoutLine: {'line': b'-- Up-to-date: /home/em/ros_workspace_2025/nav_ws/install/px4_msgs/share/px4_msgs/cmake/px4_msgs__rosidl_typesupport_cppExport.cmake\n'}
[9.483636] (px4_msgs) StdoutLine: {'line': b'-- Up-to-date: /home/em/ros_workspace_2025/nav_ws/install/px4_msgs/share/px4_msgs/cmake/px4_msgs__rosidl_typesupport_cppExport-noconfig.cmake\n'}
[9.484448] (px4_msgs) StdoutLine: {'line': b'-- Up-to-date: /home/em/ros_workspace_2025/nav_ws/install/px4_msgs/share/px4_msgs/cmake/export_px4_msgs__rosidl_generator_pyExport.cmake\n'}
[9.484991] (px4_msgs) StdoutLine: {'line': b'-- Up-to-date: /home/em/ros_workspace_2025/nav_ws/install/px4_msgs/share/px4_msgs/cmake/export_px4_msgs__rosidl_generator_pyExport-noconfig.cmake\n'}
[9.485453] (px4_msgs) StdoutLine: {'line': b'-- Up-to-date: /home/em/ros_workspace_2025/nav_ws/install/px4_msgs/share/px4_msgs/cmake/rosidl_cmake-extras.cmake\n'}
[9.485976] (px4_msgs) StdoutLine: {'line': b'-- Up-to-date: /home/em/ros_workspace_2025/nav_ws/install/px4_msgs/share/px4_msgs/cmake/ament_cmake_export_dependencies-extras.cmake\n'}
[9.486066] (px4_msgs) StdoutLine: {'line': b'-- Up-to-date: /home/em/ros_workspace_2025/nav_ws/install/px4_msgs/share/px4_msgs/cmake/ament_cmake_export_include_directories-extras.cmake\n'}
[9.486565] (px4_msgs) StdoutLine: {'line': b'-- Up-to-date: /home/em/ros_workspace_2025/nav_ws/install/px4_msgs/share/px4_msgs/cmake/ament_cmake_export_libraries-extras.cmake\n'}
[9.486934] (px4_msgs) StdoutLine: {'line': b'-- Up-to-date: /home/em/ros_workspace_2025/nav_ws/install/px4_msgs/share/px4_msgs/cmake/ament_cmake_export_targets-extras.cmake\n'}
[9.487083] (px4_msgs) StdoutLine: {'line': b'-- Up-to-date: /home/em/ros_workspace_2025/nav_ws/install/px4_msgs/share/px4_msgs/cmake/rosidl_cmake_export_typesupport_targets-extras.cmake\n'}
[9.487284] (px4_msgs) StdoutLine: {'line': b'-- Up-to-date: /home/em/ros_workspace_2025/nav_ws/install/px4_msgs/share/px4_msgs/cmake/rosidl_cmake_export_typesupport_libraries-extras.cmake\n'}
[9.487466] (px4_msgs) StdoutLine: {'line': b'-- Up-to-date: /home/em/ros_workspace_2025/nav_ws/install/px4_msgs/share/px4_msgs/cmake/px4_msgsConfig.cmake\n'}
[9.487603] (px4_msgs) StdoutLine: {'line': b'-- Up-to-date: /home/em/ros_workspace_2025/nav_ws/install/px4_msgs/share/px4_msgs/cmake/px4_msgsConfig-version.cmake\n'}
[9.487808] (px4_msgs) StdoutLine: {'line': b'-- Up-to-date: /home/em/ros_workspace_2025/nav_ws/install/px4_msgs/share/px4_msgs/package.xml\n'}
[9.490433] (px4_msgs) CommandEnded: {'returncode': 0}
[9.538899] (-) TimerEvent: {}
[9.639166] (-) TimerEvent: {}
[9.739466] (-) TimerEvent: {}
[9.839677] (-) TimerEvent: {}
[9.939894] (-) TimerEvent: {}
[10.040117] (-) TimerEvent: {}
[10.140323] (-) TimerEvent: {}
[10.240561] (-) TimerEvent: {}
[10.340775] (-) TimerEvent: {}
[10.440953] (-) TimerEvent: {}
[10.541185] (-) TimerEvent: {}
[10.641529] (-) TimerEvent: {}
[10.741791] (-) TimerEvent: {}
[10.842223] (-) TimerEvent: {}
[10.942693] (-) TimerEvent: {}
[11.043116] (-) TimerEvent: {}
[11.143525] (-) TimerEvent: {}
[11.243766] (-) TimerEvent: {}
[11.344365] (-) TimerEvent: {}
[11.444895] (-) TimerEvent: {}
[11.545511] (-) TimerEvent: {}
[11.645980] (-) TimerEvent: {}
[11.746497] (-) TimerEvent: {}
[11.847027] (-) TimerEvent: {}
[11.947520] (-) TimerEvent: {}
[12.047997] (-) TimerEvent: {}
[12.148508] (-) TimerEvent: {}
[12.248970] (-) TimerEvent: {}
[12.349287] (-) TimerEvent: {}
[12.449627] (-) TimerEvent: {}
[12.550150] (-) TimerEvent: {}
[12.650672] (-) TimerEvent: {}
[12.751005] (-) TimerEvent: {}
[12.851463] (-) TimerEvent: {}
[12.951958] (-) TimerEvent: {}
[13.052303] (-) TimerEvent: {}
[13.152929] (-) TimerEvent: {}
[13.253338] (-) TimerEvent: {}
[13.353835] (-) TimerEvent: {}
[13.454351] (-) TimerEvent: {}
[13.554973] (-) TimerEvent: {}
[13.655455] (-) TimerEvent: {}
[13.755860] (-) TimerEvent: {}
[13.856267] (-) TimerEvent: {}
[13.956668] (-) TimerEvent: {}
[14.057073] (-) TimerEvent: {}
[14.157497] (-) TimerEvent: {}
[14.257893] (-) TimerEvent: {}
[14.358431] (-) TimerEvent: {}
[14.458887] (-) TimerEvent: {}
[14.559385] (-) TimerEvent: {}
[14.659750] (-) TimerEvent: {}
[14.760173] (-) TimerEvent: {}
[14.860944] (-) TimerEvent: {}
[14.961225] (-) TimerEvent: {}
[15.061682] (-) TimerEvent: {}
[15.162069] (-) TimerEvent: {}
[15.262354] (-) TimerEvent: {}
[15.363041] (-) TimerEvent: {}
[15.463474] (-) TimerEvent: {}
[15.563850] (-) TimerEvent: {}
[15.664114] (-) TimerEvent: {}
[15.764386] (-) TimerEvent: {}
[15.865018] (-) TimerEvent: {}
[15.965418] (-) TimerEvent: {}
[16.065711] (-) TimerEvent: {}
[16.166259] (-) TimerEvent: {}
[16.266727] (-) TimerEvent: {}
[16.367110] (-) TimerEvent: {}
[16.467567] (-) TimerEvent: {}
[16.567939] (-) TimerEvent: {}
[16.668564] (-) TimerEvent: {}
[16.768929] (-) TimerEvent: {}
[16.869226] (-) TimerEvent: {}
[16.969711] (-) TimerEvent: {}
[17.070207] (-) TimerEvent: {}
[17.170761] (-) TimerEvent: {}
[17.271175] (-) TimerEvent: {}
[17.371539] (-) TimerEvent: {}
[17.415564] (px4_msgs) JobEnded: {'identifier': 'px4_msgs', 'rc': 0}
[17.416272] (-) EventReactorShutdown: {}
