[0.000000] (-) TimerEvent: {}
[0.000929] (main) JobQueued: {'identifier': 'main', 'dependencies': OrderedDict()}
[0.001079] (multi_drone) JobQueued: {'identifier': 'multi_drone', 'dependencies': OrderedDict()}
[0.001130] (px4_msgs) JobQueued: {'identifier': 'px4_msgs', 'dependencies': OrderedDict()}
[0.001184] (main) JobStarted: {'identifier': 'main'}
[0.009111] (multi_drone) JobStarted: {'identifier': 'multi_drone'}
[0.023667] (px4_msgs) JobStarted: {'identifier': 'px4_msgs'}
[0.099707] (-) TimerEvent: {}
[0.199955] (-) TimerEvent: {}
[0.300245] (-) TimerEvent: {}
[0.390048] (px4_msgs) JobProgress: {'identifier': 'px4_msgs', 'progress': 'cmake'}
[0.390436] (px4_msgs) JobProgress: {'identifier': 'px4_msgs', 'progress': 'build'}
[0.390912] (px4_msgs) Command: {'cmd': ['/usr/bin/cmake', '--build', '/home/em/ros_workspace_2025/nav_ws/build/px4_msgs', '--', '-j20', '-l20'], 'cwd': '/home/em/ros_workspace_2025/nav_ws/build/px4_msgs', 'env': OrderedDict([('LESSOPEN', '| /usr/bin/lesspipe %s'), ('LANGUAGE', 'en_CA:en'), ('SIM_GZ_HOME_LON', '-76.4278688'), ('USER', 'em'), ('FONTCONFIG_PATH', '/etc/fonts'), ('GIO_MODULE_DIR', '/home/em/snap/code/common/.cache/gio-modules'), ('XDG_SESSION_TYPE', 'wayland'), ('GIT_ASKPASS', '/snap/code/181/usr/share/code/resources/app/extensions/git/dist/askpass.sh'), ('GTK_EXE_PREFIX_VSCODE_SNAP_ORIG', ''), ('GDK_BACKEND_VSCODE_SNAP_ORIG', ''), ('SHLVL', '2'), ('LD_LIBRARY_PATH', '/home/em/ros_workspace_2025/nav_ws/install/px4_msgs/lib:/home/em/QADT2025/Nav2Workspace/install/px4_msgs/lib:/home/em/QADT2025/NavWorkspace/install/px4_ros_com/lib:/home/em/QADT2025/NavWorkspace/install/px4_msgs/lib:/opt/ros/humble/opt/rviz_ogre_vendor/lib:/opt/ros/humble/lib/x86_64-linux-gnu:/opt/ros/humble/lib'), ('HOME', '/home/em'), ('CHROME_DESKTOP', 'code.desktop'), ('LOCPATH_VSCODE_SNAP_ORIG', ''), ('OLDPWD', '/home/em/ros_workspace_2025/nav_ws/src'), ('TERM_PROGRAM_VERSION', '1.98.1'), ('DESKTOP_SESSION', 'ubuntu'), ('GTK_PATH', '/snap/code/186/usr/lib/x86_64-linux-gnu/gtk-3.0'), ('XDG_DATA_HOME_VSCODE_SNAP_ORIG', ''), ('GTK_IM_MODULE_FILE', '/home/em/snap/code/common/.cache/immodules/immodules.cache'), ('ROS_PYTHON_VERSION', '3'), ('GNOME_SHELL_SESSION_MODE', 'ubuntu'), ('GTK_MODULES', 'gail:atk-bridge'), ('GSETTINGS_SCHEMA_DIR_VSCODE_SNAP_ORIG', ''), ('VSCODE_GIT_ASKPASS_MAIN', '/snap/code/181/usr/share/code/resources/app/extensions/git/dist/askpass-main.js'), ('VSCODE_GIT_ASKPASS_NODE', '/snap/code/181/usr/share/code/code'), ('PYDEVD_DISABLE_FILE_VALIDATION', '1'), ('SYSTEMD_EXEC_PID', '1903'), ('BUNDLED_DEBUGPY_PATH', '/home/em/.vscode/extensions/ms-python.debugpy-2025.4.1-linux-x64/bundled/libs/debugpy'), ('DBUS_SESSION_BUS_ADDRESS', 'unix:path=/run/user/1000/bus'), ('COLORTERM', 'truecolor'), ('IM_CONFIG_PHASE', '1'), ('WAYLAND_DISPLAY', 'wayland-0'), ('COLCON_PREFIX_PATH', '/home/em/ros_workspace_2025/nav_ws/install:/home/em/QADT2025/Nav2Workspace/install:/home/em/QADT2025/NavWorkspace/install'), ('ROS_DISTRO', 'humble'), ('LOGNAME', 'em'), ('_', '/usr/bin/colcon'), ('ROS_VERSION', '2'), ('XDG_CONFIG_DIRS_VSCODE_SNAP_ORIG', '/etc/xdg/xdg-ubuntu:/etc/xdg'), ('XDG_SESSION_CLASS', 'user'), ('XDG_DATA_DIRS_VSCODE_SNAP_ORIG', '/usr/share/ubuntu:/usr/local/share/:/usr/share/:/var/lib/snapd/desktop'), ('USERNAME', 'em'), ('TERM', 'xterm-256color'), ('GNOME_DESKTOP_SESSION_ID', 'this-is-deprecated'), ('ROS_LOCALHOST_ONLY', '0'), ('PATH', '/opt/ros/humble/bin:/opt/gcc-arm-none-eabi-9-2020-q2-update/bin:/home/em/.local/bin:/usr/local/sbin:/usr/local/bin:/usr/sbin:/usr/bin:/sbin:/bin:/usr/games:/usr/local/games:/snap/bin:/snap/bin:/home/em/.vscode/extensions/ms-python.debugpy-2025.4.1-linux-x64/bundled/scripts/noConfigScripts'), ('SESSION_MANAGER', 'local/qadt-dev:@/tmp/.ICE-unix/1879,unix/qadt-dev:/tmp/.ICE-unix/1879'), ('GTK_EXE_PREFIX', '/snap/code/186/usr'), ('XDG_MENU_PREFIX', 'gnome-'), ('GNOME_TERMINAL_SCREEN', '/org/gnome/Terminal/screen/56d4e64b_8b4b_4d06_a243_94240800618f'), ('GNOME_SETUP_DISPLAY', ':1'), ('XDG_RUNTIME_DIR', '/run/user/1000'), ('GDK_BACKEND', 'x11'), ('DISPLAY', ':0'), ('LOCPATH', '/snap/code/186/usr/lib/locale'), ('VSCODE_DEBUGPY_ADAPTER_ENDPOINTS', '/home/em/.vscode/extensions/ms-python.debugpy-2025.4.1-linux-x64/.noConfigDebugAdapterEndpoints/endpoint-8f556fec78916f3a.txt'), ('LANG', 'en_US.UTF-8'), ('XDG_CURRENT_DESKTOP', 'Unity'), ('GIO_MODULE_DIR_VSCODE_SNAP_ORIG', ''), ('XDG_DATA_HOME', '/home/em/snap/code/186/.local/share'), ('XMODIFIERS', '@im=ibus'), ('XDG_SESSION_DESKTOP', 'ubuntu'), ('XAUTHORITY', '/run/user/1000/.mutter-Xwaylandauth.LJAQ32'), ('LS_COLORS', 'rs=0:di=01;34:ln=01;36:mh=00:pi=40;33:so=01;35:do=01;35:bd=40;33;01:cd=40;33;01:or=40;31;01:mi=00:su=37;41:sg=30;43:ca=30;41:tw=30;42:ow=34;42:st=37;44:ex=01;32:*.tar=01;31:*.tgz=01;31:*.arc=01;31:*.arj=01;31:*.taz=01;31:*.lha=01;31:*.lz4=01;31:*.lzh=01;31:*.lzma=01;31:*.tlz=01;31:*.txz=01;31:*.tzo=01;31:*.t7z=01;31:*.zip=01;31:*.z=01;31:*.dz=01;31:*.gz=01;31:*.lrz=01;31:*.lz=01;31:*.lzo=01;31:*.xz=01;31:*.zst=01;31:*.tzst=01;31:*.bz2=01;31:*.bz=01;31:*.tbz=01;31:*.tbz2=01;31:*.tz=01;31:*.deb=01;31:*.rpm=01;31:*.jar=01;31:*.war=01;31:*.ear=01;31:*.sar=01;31:*.rar=01;31:*.alz=01;31:*.ace=01;31:*.zoo=01;31:*.cpio=01;31:*.7z=01;31:*.rz=01;31:*.cab=01;31:*.wim=01;31:*.swm=01;31:*.dwm=01;31:*.esd=01;31:*.jpg=01;35:*.jpeg=01;35:*.mjpg=01;35:*.mjpeg=01;35:*.gif=01;35:*.bmp=01;35:*.pbm=01;35:*.pgm=01;35:*.ppm=01;35:*.tga=01;35:*.xbm=01;35:*.xpm=01;35:*.tif=01;35:*.tiff=01;35:*.png=01;35:*.svg=01;35:*.svgz=01;35:*.mng=01;35:*.pcx=01;35:*.mov=01;35:*.mpg=01;35:*.mpeg=01;35:*.m2v=01;35:*.mkv=01;35:*.webm=01;35:*.webp=01;35:*.ogm=01;35:*.mp4=01;35:*.m4v=01;35:*.mp4v=01;35:*.vob=01;35:*.qt=01;35:*.nuv=01;35:*.wmv=01;35:*.asf=01;35:*.rm=01;35:*.rmvb=01;35:*.flc=01;35:*.avi=01;35:*.fli=01;35:*.flv=01;35:*.gl=01;35:*.dl=01;35:*.xcf=01;35:*.xwd=01;35:*.yuv=01;35:*.cgm=01;35:*.emf=01;35:*.ogv=01;35:*.ogx=01;35:*.aac=00;36:*.au=00;36:*.flac=00;36:*.m4a=00;36:*.mid=00;36:*.midi=00;36:*.mka=00;36:*.mp3=00;36:*.mpc=00;36:*.ogg=00;36:*.ra=00;36:*.wav=00;36:*.oga=00;36:*.opus=00;36:*.spx=00;36:*.xspf=00;36:'), ('VSCODE_GIT_IPC_HANDLE', '/run/user/1000/vscode-git-809af1fc1d.sock'), ('GNOME_TERMINAL_SERVICE', ':1.101'), ('TERM_PROGRAM', 'vscode'), ('SSH_AGENT_LAUNCHER', 'gnome-keyring'), ('SSH_AUTH_SOCK', '/run/user/1000/keyring/ssh'), ('GSETTINGS_SCHEMA_DIR', '/home/em/snap/code/186/.local/share/glib-2.0/schemas'), ('AMENT_PREFIX_PATH', '/home/em/ros_workspace_2025/nav_ws/install/px4_msgs:/home/em/ros_workspace_2025/nav_ws/install/main:/home/em/QADT2025/Nav2Workspace/install/px4_msgs:/home/em/QADT2025/Nav2Workspace/install/TestWorkspace:/home/em/QADT2025/NavWorkspace/install/px4_ros_com:/home/em/QADT2025/NavWorkspace/install/px4_msgs:/opt/ros/humble'), ('ORIGINAL_XDG_CURRENT_DESKTOP', 'ubuntu:GNOME'), ('SHELL', '/bin/bash'), ('QT_ACCESSIBILITY', '1'), ('NO_AT_BRIDGE', '1'), ('GDMSESSION', 'ubuntu'), ('LESSCLOSE', '/usr/bin/lesspipe %s %s'), ('GTK_PATH_VSCODE_SNAP_ORIG', ''), ('FONTCONFIG_FILE', '/etc/fonts/fonts.conf'), ('GTK_IM_MODULE_FILE_VSCODE_SNAP_ORIG', ''), ('VSCODE_GIT_ASKPASS_EXTRA_ARGS', ''), ('QT_IM_MODULE', 'ibus'), ('SIM_GZ_HOME_LAT', '44.2872947'), ('PWD', '/home/em/ros_workspace_2025/nav_ws/build/px4_msgs'), ('SIM_GZ_HOME_ALT', '0'), ('LC_ALL', 'en_US.UTF-8'), ('XDG_CONFIG_DIRS', '/etc/xdg/xdg-ubuntu:/etc/xdg'), ('XDG_DATA_DIRS', '/home/em/snap/code/186/.local/share:/home/em/snap/code/186:/snap/code/186/usr/share:/usr/share/ubuntu:/usr/local/share/:/usr/share/:/var/lib/snapd/desktop'), ('PYTHONPATH', '/home/em/ros_workspace_2025/nav_ws/install/px4_msgs/local/lib/python3.10/dist-packages:/home/em/ros_workspace_2025/nav_ws/install/main/lib/python3.10/site-packages:/home/em/QADT2025/Nav2Workspace/install/px4_msgs/local/lib/python3.10/dist-packages:/home/em/QADT2025/Nav2Workspace/install/TestWorkspace/lib/python3.10/site-packages:/home/em/QADT2025/NavWorkspace/install/px4_ros_com/local/lib/python3.10/dist-packages:/home/em/QADT2025/NavWorkspace/install/px4_msgs/local/lib/python3.10/dist-packages:/opt/ros/humble/lib/python3.10/site-packages:/opt/ros/humble/local/lib/python3.10/dist-packages'), ('COLCON', '1'), ('VTE_VERSION', '6800'), ('CMAKE_PREFIX_PATH', '/home/em/ros_workspace_2025/nav_ws/install/px4_msgs:/home/em/QADT2025/Nav2Workspace/install/px4_msgs:/home/em/QADT2025/NavWorkspace/install/px4_ros_com:/home/em/QADT2025/NavWorkspace/install/px4_msgs:/home/em/ros_workspace_2025/nav_ws/install/main:/home/em/QADT2025/Nav2Workspace/install/TestWorkspace:/opt/ros/humble')]), 'shell': False}
[0.400255] (-) TimerEvent: {}
[0.500758] (-) TimerEvent: {}
[0.600989] (-) TimerEvent: {}
[0.691292] (main) Command: {'cmd': ['/usr/bin/python3', '-W', 'ignore:setup.py install is deprecated', 'setup.py', 'egg_info', '--egg-base', '../../build/main', 'build', '--build-base', '/home/em/ros_workspace_2025/nav_ws/build/main/build', 'install', '--record', '/home/em/ros_workspace_2025/nav_ws/build/main/install.log', '--single-version-externally-managed', 'install_data'], 'cwd': '/home/em/ros_workspace_2025/nav_ws/src/main', 'env': {'LESSOPEN': '| /usr/bin/lesspipe %s', 'LANGUAGE': 'en_CA:en', 'SIM_GZ_HOME_LON': '-76.4278688', 'USER': 'em', 'FONTCONFIG_PATH': '/etc/fonts', 'GIO_MODULE_DIR': '/home/em/snap/code/common/.cache/gio-modules', 'XDG_SESSION_TYPE': 'wayland', 'GIT_ASKPASS': '/snap/code/181/usr/share/code/resources/app/extensions/git/dist/askpass.sh', 'GTK_EXE_PREFIX_VSCODE_SNAP_ORIG': '', 'GDK_BACKEND_VSCODE_SNAP_ORIG': '', 'SHLVL': '2', 'LD_LIBRARY_PATH': '/home/em/ros_workspace_2025/nav_ws/install/px4_msgs/lib:/home/em/QADT2025/Nav2Workspace/install/px4_msgs/lib:/home/em/QADT2025/NavWorkspace/install/px4_ros_com/lib:/home/em/QADT2025/NavWorkspace/install/px4_msgs/lib:/opt/ros/humble/opt/rviz_ogre_vendor/lib:/opt/ros/humble/lib/x86_64-linux-gnu:/opt/ros/humble/lib', 'HOME': '/home/em', 'CHROME_DESKTOP': 'code.desktop', 'LOCPATH_VSCODE_SNAP_ORIG': '', 'OLDPWD': '/home/em/ros_workspace_2025/nav_ws/src', 'TERM_PROGRAM_VERSION': '1.98.1', 'DESKTOP_SESSION': 'ubuntu', 'GTK_PATH': '/snap/code/186/usr/lib/x86_64-linux-gnu/gtk-3.0', 'XDG_DATA_HOME_VSCODE_SNAP_ORIG': '', 'GTK_IM_MODULE_FILE': '/home/em/snap/code/common/.cache/immodules/immodules.cache', 'ROS_PYTHON_VERSION': '3', 'GNOME_SHELL_SESSION_MODE': 'ubuntu', 'GTK_MODULES': 'gail:atk-bridge', 'GSETTINGS_SCHEMA_DIR_VSCODE_SNAP_ORIG': '', 'VSCODE_GIT_ASKPASS_MAIN': '/snap/code/181/usr/share/code/resources/app/extensions/git/dist/askpass-main.js', 'VSCODE_GIT_ASKPASS_NODE': '/snap/code/181/usr/share/code/code', 'PYDEVD_DISABLE_FILE_VALIDATION': '1', 'SYSTEMD_EXEC_PID': '1903', 'BUNDLED_DEBUGPY_PATH': '/home/em/.vscode/extensions/ms-python.debugpy-2025.4.1-linux-x64/bundled/libs/debugpy', 'DBUS_SESSION_BUS_ADDRESS': 'unix:path=/run/user/1000/bus', 'COLORTERM': 'truecolor', 'IM_CONFIG_PHASE': '1', 'WAYLAND_DISPLAY': 'wayland-0', 'COLCON_PREFIX_PATH': '/home/em/ros_workspace_2025/nav_ws/install:/home/em/QADT2025/Nav2Workspace/install:/home/em/QADT2025/NavWorkspace/install', 'ROS_DISTRO': 'humble', 'LOGNAME': 'em', '_': '/usr/bin/colcon', 'ROS_VERSION': '2', 'XDG_CONFIG_DIRS_VSCODE_SNAP_ORIG': '/etc/xdg/xdg-ubuntu:/etc/xdg', 'XDG_SESSION_CLASS': 'user', 'XDG_DATA_DIRS_VSCODE_SNAP_ORIG': '/usr/share/ubuntu:/usr/local/share/:/usr/share/:/var/lib/snapd/desktop', 'USERNAME': 'em', 'TERM': 'xterm-256color', 'GNOME_DESKTOP_SESSION_ID': 'this-is-deprecated', 'ROS_LOCALHOST_ONLY': '0', 'PATH': '/opt/ros/humble/bin:/opt/gcc-arm-none-eabi-9-2020-q2-update/bin:/home/em/.local/bin:/usr/local/sbin:/usr/local/bin:/usr/sbin:/usr/bin:/sbin:/bin:/usr/games:/usr/local/games:/snap/bin:/snap/bin:/home/em/.vscode/extensions/ms-python.debugpy-2025.4.1-linux-x64/bundled/scripts/noConfigScripts', 'SESSION_MANAGER': 'local/qadt-dev:@/tmp/.ICE-unix/1879,unix/qadt-dev:/tmp/.ICE-unix/1879', 'GTK_EXE_PREFIX': '/snap/code/186/usr', 'XDG_MENU_PREFIX': 'gnome-', 'GNOME_TERMINAL_SCREEN': '/org/gnome/Terminal/screen/56d4e64b_8b4b_4d06_a243_94240800618f', 'GNOME_SETUP_DISPLAY': ':1', 'XDG_RUNTIME_DIR': '/run/user/1000', 'GDK_BACKEND': 'x11', 'DISPLAY': ':0', 'LOCPATH': '/snap/code/186/usr/lib/locale', 'VSCODE_DEBUGPY_ADAPTER_ENDPOINTS': '/home/em/.vscode/extensions/ms-python.debugpy-2025.4.1-linux-x64/.noConfigDebugAdapterEndpoints/endpoint-8f556fec78916f3a.txt', 'LANG': 'en_US.UTF-8', 'XDG_CURRENT_DESKTOP': 'Unity', 'GIO_MODULE_DIR_VSCODE_SNAP_ORIG': '', 'XDG_DATA_HOME': '/home/em/snap/code/186/.local/share', 'XMODIFIERS': '@im=ibus', 'XDG_SESSION_DESKTOP': 'ubuntu', 'XAUTHORITY': '/run/user/1000/.mutter-Xwaylandauth.LJAQ32', 'LS_COLORS': 'rs=0:di=01;34:ln=01;36:mh=00:pi=40;33:so=01;35:do=01;35:bd=40;33;01:cd=40;33;01:or=40;31;01:mi=00:su=37;41:sg=30;43:ca=30;41:tw=30;42:ow=34;42:st=37;44:ex=01;32:*.tar=01;31:*.tgz=01;31:*.arc=01;31:*.arj=01;31:*.taz=01;31:*.lha=01;31:*.lz4=01;31:*.lzh=01;31:*.lzma=01;31:*.tlz=01;31:*.txz=01;31:*.tzo=01;31:*.t7z=01;31:*.zip=01;31:*.z=01;31:*.dz=01;31:*.gz=01;31:*.lrz=01;31:*.lz=01;31:*.lzo=01;31:*.xz=01;31:*.zst=01;31:*.tzst=01;31:*.bz2=01;31:*.bz=01;31:*.tbz=01;31:*.tbz2=01;31:*.tz=01;31:*.deb=01;31:*.rpm=01;31:*.jar=01;31:*.war=01;31:*.ear=01;31:*.sar=01;31:*.rar=01;31:*.alz=01;31:*.ace=01;31:*.zoo=01;31:*.cpio=01;31:*.7z=01;31:*.rz=01;31:*.cab=01;31:*.wim=01;31:*.swm=01;31:*.dwm=01;31:*.esd=01;31:*.jpg=01;35:*.jpeg=01;35:*.mjpg=01;35:*.mjpeg=01;35:*.gif=01;35:*.bmp=01;35:*.pbm=01;35:*.pgm=01;35:*.ppm=01;35:*.tga=01;35:*.xbm=01;35:*.xpm=01;35:*.tif=01;35:*.tiff=01;35:*.png=01;35:*.svg=01;35:*.svgz=01;35:*.mng=01;35:*.pcx=01;35:*.mov=01;35:*.mpg=01;35:*.mpeg=01;35:*.m2v=01;35:*.mkv=01;35:*.webm=01;35:*.webp=01;35:*.ogm=01;35:*.mp4=01;35:*.m4v=01;35:*.mp4v=01;35:*.vob=01;35:*.qt=01;35:*.nuv=01;35:*.wmv=01;35:*.asf=01;35:*.rm=01;35:*.rmvb=01;35:*.flc=01;35:*.avi=01;35:*.fli=01;35:*.flv=01;35:*.gl=01;35:*.dl=01;35:*.xcf=01;35:*.xwd=01;35:*.yuv=01;35:*.cgm=01;35:*.emf=01;35:*.ogv=01;35:*.ogx=01;35:*.aac=00;36:*.au=00;36:*.flac=00;36:*.m4a=00;36:*.mid=00;36:*.midi=00;36:*.mka=00;36:*.mp3=00;36:*.mpc=00;36:*.ogg=00;36:*.ra=00;36:*.wav=00;36:*.oga=00;36:*.opus=00;36:*.spx=00;36:*.xspf=00;36:', 'VSCODE_GIT_IPC_HANDLE': '/run/user/1000/vscode-git-809af1fc1d.sock', 'GNOME_TERMINAL_SERVICE': ':1.101', 'TERM_PROGRAM': 'vscode', 'SSH_AGENT_LAUNCHER': 'gnome-keyring', 'SSH_AUTH_SOCK': '/run/user/1000/keyring/ssh', 'GSETTINGS_SCHEMA_DIR': '/home/em/snap/code/186/.local/share/glib-2.0/schemas', 'AMENT_PREFIX_PATH': '/home/em/ros_workspace_2025/nav_ws/install/px4_msgs:/home/em/ros_workspace_2025/nav_ws/install/main:/home/em/QADT2025/Nav2Workspace/install/px4_msgs:/home/em/QADT2025/Nav2Workspace/install/TestWorkspace:/home/em/QADT2025/NavWorkspace/install/px4_ros_com:/home/em/QADT2025/NavWorkspace/install/px4_msgs:/opt/ros/humble', 'ORIGINAL_XDG_CURRENT_DESKTOP': 'ubuntu:GNOME', 'SHELL': '/bin/bash', 'QT_ACCESSIBILITY': '1', 'NO_AT_BRIDGE': '1', 'GDMSESSION': 'ubuntu', 'LESSCLOSE': '/usr/bin/lesspipe %s %s', 'GTK_PATH_VSCODE_SNAP_ORIG': '', 'FONTCONFIG_FILE': '/etc/fonts/fonts.conf', 'GTK_IM_MODULE_FILE_VSCODE_SNAP_ORIG': '', 'VSCODE_GIT_ASKPASS_EXTRA_ARGS': '', 'QT_IM_MODULE': 'ibus', 'SIM_GZ_HOME_LAT': '44.2872947', 'PWD': '/home/em/ros_workspace_2025/nav_ws/build/main', 'SIM_GZ_HOME_ALT': '0', 'LC_ALL': 'en_US.UTF-8', 'XDG_CONFIG_DIRS': '/etc/xdg/xdg-ubuntu:/etc/xdg', 'XDG_DATA_DIRS': '/home/em/snap/code/186/.local/share:/home/em/snap/code/186:/snap/code/186/usr/share:/usr/share/ubuntu:/usr/local/share/:/usr/share/:/var/lib/snapd/desktop', 'PYTHONPATH': '/home/em/ros_workspace_2025/nav_ws/build/main/prefix_override:/usr/lib/python3/dist-packages/colcon_core/task/python/colcon_distutils_commands:/home/em/ros_workspace_2025/nav_ws/install/main/lib/python3.10/site-packages:/home/em/ros_workspace_2025/nav_ws/install/px4_msgs/local/lib/python3.10/dist-packages:/home/em/ros_workspace_2025/nav_ws/install/main/lib/python3.10/site-packages:/home/em/QADT2025/Nav2Workspace/install/px4_msgs/local/lib/python3.10/dist-packages:/home/em/QADT2025/Nav2Workspace/install/TestWorkspace/lib/python3.10/site-packages:/home/em/QADT2025/NavWorkspace/install/px4_ros_com/local/lib/python3.10/dist-packages:/home/em/QADT2025/NavWorkspace/install/px4_msgs/local/lib/python3.10/dist-packages:/opt/ros/humble/lib/python3.10/site-packages:/opt/ros/humble/local/lib/python3.10/dist-packages', 'COLCON': '1', 'VTE_VERSION': '6800', 'CMAKE_PREFIX_PATH': '/home/em/ros_workspace_2025/nav_ws/install/px4_msgs:/home/em/QADT2025/Nav2Workspace/install/px4_msgs:/home/em/QADT2025/NavWorkspace/install/px4_ros_com:/home/em/QADT2025/NavWorkspace/install/px4_msgs'}, 'shell': False}
[0.701074] (-) TimerEvent: {}
[0.723280] (multi_drone) Command: {'cmd': ['/usr/bin/python3', '-W', 'ignore:setup.py install is deprecated', 'setup.py', 'egg_info', '--egg-base', '../../build/multi_drone', 'build', '--build-base', '/home/em/ros_workspace_2025/nav_ws/build/multi_drone/build', 'install', '--record', '/home/em/ros_workspace_2025/nav_ws/build/multi_drone/install.log', '--single-version-externally-managed', 'install_data'], 'cwd': '/home/em/ros_workspace_2025/nav_ws/src/multi_drone', 'env': {'LESSOPEN': '| /usr/bin/lesspipe %s', 'LANGUAGE': 'en_CA:en', 'SIM_GZ_HOME_LON': '-76.4278688', 'USER': 'em', 'FONTCONFIG_PATH': '/etc/fonts', 'GIO_MODULE_DIR': '/home/em/snap/code/common/.cache/gio-modules', 'XDG_SESSION_TYPE': 'wayland', 'GIT_ASKPASS': '/snap/code/181/usr/share/code/resources/app/extensions/git/dist/askpass.sh', 'GTK_EXE_PREFIX_VSCODE_SNAP_ORIG': '', 'GDK_BACKEND_VSCODE_SNAP_ORIG': '', 'SHLVL': '2', 'LD_LIBRARY_PATH': '/home/em/ros_workspace_2025/nav_ws/install/px4_msgs/lib:/home/em/QADT2025/Nav2Workspace/install/px4_msgs/lib:/home/em/QADT2025/NavWorkspace/install/px4_ros_com/lib:/home/em/QADT2025/NavWorkspace/install/px4_msgs/lib:/opt/ros/humble/opt/rviz_ogre_vendor/lib:/opt/ros/humble/lib/x86_64-linux-gnu:/opt/ros/humble/lib', 'HOME': '/home/em', 'CHROME_DESKTOP': 'code.desktop', 'LOCPATH_VSCODE_SNAP_ORIG': '', 'OLDPWD': '/home/em/ros_workspace_2025/nav_ws/src', 'TERM_PROGRAM_VERSION': '1.98.1', 'DESKTOP_SESSION': 'ubuntu', 'GTK_PATH': '/snap/code/186/usr/lib/x86_64-linux-gnu/gtk-3.0', 'XDG_DATA_HOME_VSCODE_SNAP_ORIG': '', 'GTK_IM_MODULE_FILE': '/home/em/snap/code/common/.cache/immodules/immodules.cache', 'ROS_PYTHON_VERSION': '3', 'GNOME_SHELL_SESSION_MODE': 'ubuntu', 'GTK_MODULES': 'gail:atk-bridge', 'GSETTINGS_SCHEMA_DIR_VSCODE_SNAP_ORIG': '', 'VSCODE_GIT_ASKPASS_MAIN': '/snap/code/181/usr/share/code/resources/app/extensions/git/dist/askpass-main.js', 'VSCODE_GIT_ASKPASS_NODE': '/snap/code/181/usr/share/code/code', 'PYDEVD_DISABLE_FILE_VALIDATION': '1', 'SYSTEMD_EXEC_PID': '1903', 'BUNDLED_DEBUGPY_PATH': '/home/em/.vscode/extensions/ms-python.debugpy-2025.4.1-linux-x64/bundled/libs/debugpy', 'DBUS_SESSION_BUS_ADDRESS': 'unix:path=/run/user/1000/bus', 'COLORTERM': 'truecolor', 'IM_CONFIG_PHASE': '1', 'WAYLAND_DISPLAY': 'wayland-0', 'COLCON_PREFIX_PATH': '/home/em/ros_workspace_2025/nav_ws/install:/home/em/QADT2025/Nav2Workspace/install:/home/em/QADT2025/NavWorkspace/install', 'ROS_DISTRO': 'humble', 'LOGNAME': 'em', '_': '/usr/bin/colcon', 'ROS_VERSION': '2', 'XDG_CONFIG_DIRS_VSCODE_SNAP_ORIG': '/etc/xdg/xdg-ubuntu:/etc/xdg', 'XDG_SESSION_CLASS': 'user', 'XDG_DATA_DIRS_VSCODE_SNAP_ORIG': '/usr/share/ubuntu:/usr/local/share/:/usr/share/:/var/lib/snapd/desktop', 'USERNAME': 'em', 'TERM': 'xterm-256color', 'GNOME_DESKTOP_SESSION_ID': 'this-is-deprecated', 'ROS_LOCALHOST_ONLY': '0', 'PATH': '/opt/ros/humble/bin:/opt/gcc-arm-none-eabi-9-2020-q2-update/bin:/home/em/.local/bin:/usr/local/sbin:/usr/local/bin:/usr/sbin:/usr/bin:/sbin:/bin:/usr/games:/usr/local/games:/snap/bin:/snap/bin:/home/em/.vscode/extensions/ms-python.debugpy-2025.4.1-linux-x64/bundled/scripts/noConfigScripts', 'SESSION_MANAGER': 'local/qadt-dev:@/tmp/.ICE-unix/1879,unix/qadt-dev:/tmp/.ICE-unix/1879', 'GTK_EXE_PREFIX': '/snap/code/186/usr', 'XDG_MENU_PREFIX': 'gnome-', 'GNOME_TERMINAL_SCREEN': '/org/gnome/Terminal/screen/56d4e64b_8b4b_4d06_a243_94240800618f', 'GNOME_SETUP_DISPLAY': ':1', 'XDG_RUNTIME_DIR': '/run/user/1000', 'GDK_BACKEND': 'x11', 'DISPLAY': ':0', 'LOCPATH': '/snap/code/186/usr/lib/locale', 'VSCODE_DEBUGPY_ADAPTER_ENDPOINTS': '/home/em/.vscode/extensions/ms-python.debugpy-2025.4.1-linux-x64/.noConfigDebugAdapterEndpoints/endpoint-8f556fec78916f3a.txt', 'LANG': 'en_US.UTF-8', 'XDG_CURRENT_DESKTOP': 'Unity', 'GIO_MODULE_DIR_VSCODE_SNAP_ORIG': '', 'XDG_DATA_HOME': '/home/em/snap/code/186/.local/share', 'XMODIFIERS': '@im=ibus', 'XDG_SESSION_DESKTOP': 'ubuntu', 'XAUTHORITY': '/run/user/1000/.mutter-Xwaylandauth.LJAQ32', 'LS_COLORS': 'rs=0:di=01;34:ln=01;36:mh=00:pi=40;33:so=01;35:do=01;35:bd=40;33;01:cd=40;33;01:or=40;31;01:mi=00:su=37;41:sg=30;43:ca=30;41:tw=30;42:ow=34;42:st=37;44:ex=01;32:*.tar=01;31:*.tgz=01;31:*.arc=01;31:*.arj=01;31:*.taz=01;31:*.lha=01;31:*.lz4=01;31:*.lzh=01;31:*.lzma=01;31:*.tlz=01;31:*.txz=01;31:*.tzo=01;31:*.t7z=01;31:*.zip=01;31:*.z=01;31:*.dz=01;31:*.gz=01;31:*.lrz=01;31:*.lz=01;31:*.lzo=01;31:*.xz=01;31:*.zst=01;31:*.tzst=01;31:*.bz2=01;31:*.bz=01;31:*.tbz=01;31:*.tbz2=01;31:*.tz=01;31:*.deb=01;31:*.rpm=01;31:*.jar=01;31:*.war=01;31:*.ear=01;31:*.sar=01;31:*.rar=01;31:*.alz=01;31:*.ace=01;31:*.zoo=01;31:*.cpio=01;31:*.7z=01;31:*.rz=01;31:*.cab=01;31:*.wim=01;31:*.swm=01;31:*.dwm=01;31:*.esd=01;31:*.jpg=01;35:*.jpeg=01;35:*.mjpg=01;35:*.mjpeg=01;35:*.gif=01;35:*.bmp=01;35:*.pbm=01;35:*.pgm=01;35:*.ppm=01;35:*.tga=01;35:*.xbm=01;35:*.xpm=01;35:*.tif=01;35:*.tiff=01;35:*.png=01;35:*.svg=01;35:*.svgz=01;35:*.mng=01;35:*.pcx=01;35:*.mov=01;35:*.mpg=01;35:*.mpeg=01;35:*.m2v=01;35:*.mkv=01;35:*.webm=01;35:*.webp=01;35:*.ogm=01;35:*.mp4=01;35:*.m4v=01;35:*.mp4v=01;35:*.vob=01;35:*.qt=01;35:*.nuv=01;35:*.wmv=01;35:*.asf=01;35:*.rm=01;35:*.rmvb=01;35:*.flc=01;35:*.avi=01;35:*.fli=01;35:*.flv=01;35:*.gl=01;35:*.dl=01;35:*.xcf=01;35:*.xwd=01;35:*.yuv=01;35:*.cgm=01;35:*.emf=01;35:*.ogv=01;35:*.ogx=01;35:*.aac=00;36:*.au=00;36:*.flac=00;36:*.m4a=00;36:*.mid=00;36:*.midi=00;36:*.mka=00;36:*.mp3=00;36:*.mpc=00;36:*.ogg=00;36:*.ra=00;36:*.wav=00;36:*.oga=00;36:*.opus=00;36:*.spx=00;36:*.xspf=00;36:', 'VSCODE_GIT_IPC_HANDLE': '/run/user/1000/vscode-git-809af1fc1d.sock', 'GNOME_TERMINAL_SERVICE': ':1.101', 'TERM_PROGRAM': 'vscode', 'SSH_AGENT_LAUNCHER': 'gnome-keyring', 'SSH_AUTH_SOCK': '/run/user/1000/keyring/ssh', 'GSETTINGS_SCHEMA_DIR': '/home/em/snap/code/186/.local/share/glib-2.0/schemas', 'AMENT_PREFIX_PATH': '/home/em/ros_workspace_2025/nav_ws/install/px4_msgs:/home/em/ros_workspace_2025/nav_ws/install/main:/home/em/QADT2025/Nav2Workspace/install/px4_msgs:/home/em/QADT2025/Nav2Workspace/install/TestWorkspace:/home/em/QADT2025/NavWorkspace/install/px4_ros_com:/home/em/QADT2025/NavWorkspace/install/px4_msgs:/opt/ros/humble', 'ORIGINAL_XDG_CURRENT_DESKTOP': 'ubuntu:GNOME', 'SHELL': '/bin/bash', 'QT_ACCESSIBILITY': '1', 'NO_AT_BRIDGE': '1', 'GDMSESSION': 'ubuntu', 'LESSCLOSE': '/usr/bin/lesspipe %s %s', 'GTK_PATH_VSCODE_SNAP_ORIG': '', 'FONTCONFIG_FILE': '/etc/fonts/fonts.conf', 'GTK_IM_MODULE_FILE_VSCODE_SNAP_ORIG': '', 'VSCODE_GIT_ASKPASS_EXTRA_ARGS': '', 'QT_IM_MODULE': 'ibus', 'SIM_GZ_HOME_LAT': '44.2872947', 'PWD': '/home/em/ros_workspace_2025/nav_ws/build/multi_drone', 'SIM_GZ_HOME_ALT': '0', 'LC_ALL': 'en_US.UTF-8', 'XDG_CONFIG_DIRS': '/etc/xdg/xdg-ubuntu:/etc/xdg', 'XDG_DATA_DIRS': '/home/em/snap/code/186/.local/share:/home/em/snap/code/186:/snap/code/186/usr/share:/usr/share/ubuntu:/usr/local/share/:/usr/share/:/var/lib/snapd/desktop', 'PYTHONPATH': '/home/em/ros_workspace_2025/nav_ws/build/multi_drone/prefix_override:/usr/lib/python3/dist-packages/colcon_core/task/python/colcon_distutils_commands:/home/em/ros_workspace_2025/nav_ws/install/multi_drone/lib/python3.10/site-packages:/home/em/ros_workspace_2025/nav_ws/install/px4_msgs/local/lib/python3.10/dist-packages:/home/em/ros_workspace_2025/nav_ws/install/main/lib/python3.10/site-packages:/home/em/QADT2025/Nav2Workspace/install/px4_msgs/local/lib/python3.10/dist-packages:/home/em/QADT2025/Nav2Workspace/install/TestWorkspace/lib/python3.10/site-packages:/home/em/QADT2025/NavWorkspace/install/px4_ros_com/local/lib/python3.10/dist-packages:/home/em/QADT2025/NavWorkspace/install/px4_msgs/local/lib/python3.10/dist-packages:/opt/ros/humble/lib/python3.10/site-packages:/opt/ros/humble/local/lib/python3.10/dist-packages', 'COLCON': '1', 'VTE_VERSION': '6800', 'CMAKE_PREFIX_PATH': '/home/em/ros_workspace_2025/nav_ws/install/px4_msgs:/home/em/QADT2025/Nav2Workspace/install/px4_msgs:/home/em/QADT2025/NavWorkspace/install/px4_ros_com:/home/em/QADT2025/NavWorkspace/install/px4_msgs'}, 'shell': False}
[0.797568] (px4_msgs) StdoutLine: {'line': b'\x1b[35m\x1b[1mConsolidate compiler generated dependencies of target px4_msgs__rosidl_generator_c\x1b[0m\n'}
[0.801168] (-) TimerEvent: {}
[0.802607] (px4_msgs) StdoutLine: {'line': b'[  0%] Built target px4_msgs__cpp\n'}
[0.827374] (multi_drone) StderrLine: {'line': b"/home/em/.local/lib/python3.10/site-packages/setuptools/_distutils/dist.py:261: UserWarning: Unknown distribution option: 'tests_require'\n"}
[0.827548] (multi_drone) StderrLine: {'line': b'  warnings.warn(msg)\n'}
[0.834811] (px4_msgs) StdoutLine: {'line': b'[  0%] Built target ament_cmake_python_copy_px4_msgs\n'}
[0.845509] (px4_msgs) StdoutLine: {'line': b'[ 12%] Built target px4_msgs__rosidl_generator_c\n'}
[0.850257] (main) StdoutLine: {'line': b'running egg_info\n'}
[0.850908] (px4_msgs) StdoutLine: {'line': b'\x1b[35m\x1b[1mConsolidate compiler generated dependencies of target px4_msgs__rosidl_typesupport_introspection_cpp\x1b[0m\n'}
[0.855210] (px4_msgs) StdoutLine: {'line': b'\x1b[35m\x1b[1mConsolidate compiler generated dependencies of target px4_msgs__rosidl_typesupport_cpp\x1b[0m\n'}
[0.859038] (main) StdoutLine: {'line': b'writing ../../build/main/main.egg-info/PKG-INFO\n'}
[0.859380] (main) StdoutLine: {'line': b'writing dependency_links to ../../build/main/main.egg-info/dependency_links.txt\n'}
[0.859532] (main) StdoutLine: {'line': b'writing requirements to ../../build/main/main.egg-info/requires.txt\n'}
[0.859590] (main) StdoutLine: {'line': b'writing top-level names to ../../build/main/main.egg-info/top_level.txt\n'}
[0.866382] (px4_msgs) StdoutLine: {'line': b'\x1b[35m\x1b[1mConsolidate compiler generated dependencies of target px4_msgs__rosidl_typesupport_c\x1b[0m\n'}
[0.867456] (px4_msgs) StdoutLine: {'line': b'\x1b[35m\x1b[1mConsolidate compiler generated dependencies of target px4_msgs__rosidl_typesupport_fastrtps_cpp\x1b[0m\n'}
[0.878279] (px4_msgs) StdoutLine: {'line': b'\x1b[35m\x1b[1mConsolidate compiler generated dependencies of target px4_msgs__rosidl_typesupport_introspection_c\x1b[0m\n'}
[0.878499] (main) StdoutLine: {'line': b"reading manifest file '../../build/main/main.egg-info/SOURCES.txt'\n"}
[0.879834] (main) StdoutLine: {'line': b"writing manifest file '../../build/main/main.egg-info/SOURCES.txt'\n"}
[0.880041] (main) StdoutLine: {'line': b'running build\n'}
[0.880167] (main) StdoutLine: {'line': b'running build_py\n'}
[0.880267] (main) StdoutLine: {'line': b'copying main/__init__.py -> /home/em/ros_workspace_2025/nav_ws/build/main/build/lib/main\n'}
[0.880388] (main) StdoutLine: {'line': b'copying main/takeoff_land_offboard.py -> /home/em/ros_workspace_2025/nav_ws/build/main/build/lib/main\n'}
[0.880583] (main) StdoutLine: {'line': b'running install\n'}
[0.884473] (main) StdoutLine: {'line': b'running install_lib\n'}
[0.894041] (main) StdoutLine: {'line': b'running install_data\n'}
[0.894261] (main) StdoutLine: {'line': b'copying resource/main -> /home/em/ros_workspace_2025/nav_ws/install/main/share/ament_index/resource_index/packages\n'}
[0.894423] (main) StdoutLine: {'line': b'copying package.xml -> /home/em/ros_workspace_2025/nav_ws/install/main/share/main\n'}
[0.894511] (main) StdoutLine: {'line': b'running install_egg_info\n'}
[0.895922] (px4_msgs) StdoutLine: {'line': b'\x1b[35m\x1b[1mConsolidate compiler generated dependencies of target px4_msgs__rosidl_typesupport_fastrtps_c\x1b[0m\n'}
[0.901249] (-) TimerEvent: {}
[0.905045] (main) StdoutLine: {'line': b"removing '/home/em/ros_workspace_2025/nav_ws/install/main/lib/python3.10/site-packages/main-0.0.0-py3.10.egg-info' (and everything under it)\n"}
[0.905221] (main) StdoutLine: {'line': b'Copying ../../build/main/main.egg-info to /home/em/ros_workspace_2025/nav_ws/install/main/lib/python3.10/site-packages/main-0.0.0-py3.10.egg-info\n'}
[0.905452] (px4_msgs) StdoutLine: {'line': b'[ 25%] Built target px4_msgs__rosidl_typesupport_c\n'}
[0.905600] (main) StdoutLine: {'line': b'running install_scripts\n'}
[0.916010] (multi_drone) StdoutLine: {'line': b'running egg_info\n'}
[0.924542] (multi_drone) StdoutLine: {'line': b'creating ../../build/multi_drone/multi_drone.egg-info\n'}
[0.924723] (multi_drone) StdoutLine: {'line': b'writing ../../build/multi_drone/multi_drone.egg-info/PKG-INFO\n'}
[0.924887] (multi_drone) StdoutLine: {'line': b'writing dependency_links to ../../build/multi_drone/multi_drone.egg-info/dependency_links.txt\n'}
[0.925014] (multi_drone) StdoutLine: {'line': b'writing requirements to ../../build/multi_drone/multi_drone.egg-info/requires.txt\n'}
[0.925091] (multi_drone) StdoutLine: {'line': b'writing top-level names to ../../build/multi_drone/multi_drone.egg-info/top_level.txt\n'}
[0.925167] (multi_drone) StdoutLine: {'line': b"writing manifest file '../../build/multi_drone/multi_drone.egg-info/SOURCES.txt'\n"}
[0.926197] (px4_msgs) StdoutLine: {'line': b'[ 38%] Built target px4_msgs__rosidl_typesupport_introspection_c\n'}
[0.943072] (multi_drone) StdoutLine: {'line': b"reading manifest file '../../build/multi_drone/multi_drone.egg-info/SOURCES.txt'\n"}
[0.943783] (multi_drone) StdoutLine: {'line': b"writing manifest file '../../build/multi_drone/multi_drone.egg-info/SOURCES.txt'\n"}
[0.943869] (multi_drone) StdoutLine: {'line': b'running build\n'}
[0.943929] (multi_drone) StdoutLine: {'line': b'running build_py\n'}
[0.944016] (multi_drone) StdoutLine: {'line': b'creating /home/em/ros_workspace_2025/nav_ws/build/multi_drone/build/lib/multi_drone\n'}
[0.944142] (multi_drone) StdoutLine: {'line': b'copying multi_drone/__init__.py -> /home/em/ros_workspace_2025/nav_ws/build/multi_drone/build/lib/multi_drone\n'}
[0.944316] (multi_drone) StdoutLine: {'line': b'copying multi_drone/multi_takeoff_7.py -> /home/em/ros_workspace_2025/nav_ws/build/multi_drone/build/lib/multi_drone\n'}
[0.944402] (multi_drone) StdoutLine: {'line': b'copying multi_drone/multi_takeoff_1.py -> /home/em/ros_workspace_2025/nav_ws/build/multi_drone/build/lib/multi_drone\n'}
[0.944515] (multi_drone) StdoutLine: {'line': b'copying multi_drone/multi_takeoff_5.py -> /home/em/ros_workspace_2025/nav_ws/build/multi_drone/build/lib/multi_drone\n'}
[0.944643] (multi_drone) StdoutLine: {'line': b'copying multi_drone/multi_takeoff_8.py -> /home/em/ros_workspace_2025/nav_ws/build/multi_drone/build/lib/multi_drone\n'}
[0.944703] (multi_drone) StdoutLine: {'line': b'copying multi_drone/multi_takeoff_6.py -> /home/em/ros_workspace_2025/nav_ws/build/multi_drone/build/lib/multi_drone\n'}
[0.944752] (multi_drone) StdoutLine: {'line': b'copying multi_drone/multi_takeoff_2.py -> /home/em/ros_workspace_2025/nav_ws/build/multi_drone/build/lib/multi_drone\n'}
[0.944797] (multi_drone) StdoutLine: {'line': b'copying multi_drone/multi_takeoff_4.py -> /home/em/ros_workspace_2025/nav_ws/build/multi_drone/build/lib/multi_drone\n'}
[0.944844] (multi_drone) StdoutLine: {'line': b'copying multi_drone/multi_takeoff_3.py -> /home/em/ros_workspace_2025/nav_ws/build/multi_drone/build/lib/multi_drone\n'}
[0.945057] (multi_drone) StdoutLine: {'line': b'running install\n'}
[0.948070] (multi_drone) StdoutLine: {'line': b'running install_lib\n'}
[0.956401] (multi_drone) StdoutLine: {'line': b'creating /home/em/ros_workspace_2025/nav_ws/install/multi_drone/lib/python3.10/site-packages/multi_drone\n'}
[0.956586] (multi_drone) StdoutLine: {'line': b'copying /home/em/ros_workspace_2025/nav_ws/build/multi_drone/build/lib/multi_drone/__init__.py -> /home/em/ros_workspace_2025/nav_ws/install/multi_drone/lib/python3.10/site-packages/multi_drone\n'}
[0.956662] (multi_drone) StdoutLine: {'line': b'copying /home/em/ros_workspace_2025/nav_ws/build/multi_drone/build/lib/multi_drone/multi_takeoff_7.py -> /home/em/ros_workspace_2025/nav_ws/install/multi_drone/lib/python3.10/site-packages/multi_drone\n'}
[0.956749] (multi_drone) StdoutLine: {'line': b'copying /home/em/ros_workspace_2025/nav_ws/build/multi_drone/build/lib/multi_drone/multi_takeoff_1.py -> /home/em/ros_workspace_2025/nav_ws/install/multi_drone/lib/python3.10/site-packages/multi_drone\n'}
[0.956859] (multi_drone) StdoutLine: {'line': b'copying /home/em/ros_workspace_2025/nav_ws/build/multi_drone/build/lib/multi_drone/multi_takeoff_5.py -> /home/em/ros_workspace_2025/nav_ws/install/multi_drone/lib/python3.10/site-packages/multi_drone\n'}
[0.956927] (multi_drone) StdoutLine: {'line': b'copying /home/em/ros_workspace_2025/nav_ws/build/multi_drone/build/lib/multi_drone/multi_takeoff_8.py -> /home/em/ros_workspace_2025/nav_ws/install/multi_drone/lib/python3.10/site-packages/multi_drone\n'}
[0.956984] (multi_drone) StdoutLine: {'line': b'copying /home/em/ros_workspace_2025/nav_ws/build/multi_drone/build/lib/multi_drone/multi_takeoff_6.py -> /home/em/ros_workspace_2025/nav_ws/install/multi_drone/lib/python3.10/site-packages/multi_drone\n'}
[0.957045] (multi_drone) StdoutLine: {'line': b'copying /home/em/ros_workspace_2025/nav_ws/build/multi_drone/build/lib/multi_drone/multi_takeoff_2.py -> /home/em/ros_workspace_2025/nav_ws/install/multi_drone/lib/python3.10/site-packages/multi_drone\n'}
[0.957101] (multi_drone) StdoutLine: {'line': b'copying /home/em/ros_workspace_2025/nav_ws/build/multi_drone/build/lib/multi_drone/multi_takeoff_4.py -> /home/em/ros_workspace_2025/nav_ws/install/multi_drone/lib/python3.10/site-packages/multi_drone\n'}
[0.957155] (multi_drone) StdoutLine: {'line': b'copying /home/em/ros_workspace_2025/nav_ws/build/multi_drone/build/lib/multi_drone/multi_takeoff_3.py -> /home/em/ros_workspace_2025/nav_ws/install/multi_drone/lib/python3.10/site-packages/multi_drone\n'}
[0.957230] (multi_drone) StdoutLine: {'line': b'byte-compiling /home/em/ros_workspace_2025/nav_ws/install/multi_drone/lib/python3.10/site-packages/multi_drone/__init__.py to __init__.cpython-310.pyc\n'}
[0.957343] (multi_drone) StdoutLine: {'line': b'byte-compiling /home/em/ros_workspace_2025/nav_ws/install/multi_drone/lib/python3.10/site-packages/multi_drone/multi_takeoff_7.py to multi_takeoff_7.cpython-310.pyc\n'}
[0.958079] (multi_drone) StdoutLine: {'line': b'byte-compiling /home/em/ros_workspace_2025/nav_ws/install/multi_drone/lib/python3.10/site-packages/multi_drone/multi_takeoff_1.py to multi_takeoff_1.cpython-310.pyc\n'}
[0.958691] (multi_drone) StdoutLine: {'line': b'byte-compiling /home/em/ros_workspace_2025/nav_ws/install/multi_drone/lib/python3.10/site-packages/multi_drone/multi_takeoff_5.py to multi_takeoff_5.cpython-310.pyc\n'}
[0.959232] (multi_drone) StdoutLine: {'line': b'byte-compiling /home/em/ros_workspace_2025/nav_ws/install/multi_drone/lib/python3.10/site-packages/multi_drone/multi_takeoff_8.py to multi_takeoff_8.cpython-310.pyc\n'}
[0.959806] (multi_drone) StdoutLine: {'line': b'byte-compiling /home/em/ros_workspace_2025/nav_ws/install/multi_drone/lib/python3.10/site-packages/multi_drone/multi_takeoff_6.py to multi_takeoff_6.cpython-310.pyc\n'}
[0.960474] (multi_drone) StdoutLine: {'line': b'byte-compiling /home/em/ros_workspace_2025/nav_ws/install/multi_drone/lib/python3.10/site-packages/multi_drone/multi_takeoff_2.py to multi_takeoff_2.cpython-310.pyc\n'}
[0.960994] (multi_drone) StdoutLine: {'line': b'byte-compiling /home/em/ros_workspace_2025/nav_ws/install/multi_drone/lib/python3.10/site-packages/multi_drone/multi_takeoff_4.py to multi_takeoff_4.cpython-310.pyc\n'}
[0.961558] (multi_drone) StdoutLine: {'line': b'byte-compiling /home/em/ros_workspace_2025/nav_ws/install/multi_drone/lib/python3.10/site-packages/multi_drone/multi_takeoff_3.py to multi_takeoff_3.cpython-310.pyc\n'}
[0.962061] (multi_drone) StdoutLine: {'line': b'running install_data\n'}
[0.962229] (multi_drone) StdoutLine: {'line': b'creating /home/em/ros_workspace_2025/nav_ws/install/multi_drone/share/ament_index/resource_index/packages\n'}
[0.962448] (multi_drone) StdoutLine: {'line': b'copying resource/multi_drone -> /home/em/ros_workspace_2025/nav_ws/install/multi_drone/share/ament_index/resource_index/packages\n'}
[0.962579] (multi_drone) StdoutLine: {'line': b'copying package.xml -> /home/em/ros_workspace_2025/nav_ws/install/multi_drone/share/multi_drone\n'}
[0.962670] (multi_drone) StdoutLine: {'line': b'running install_egg_info\n'}
[0.972355] (multi_drone) StdoutLine: {'line': b'Copying ../../build/multi_drone/multi_drone.egg-info to /home/em/ros_workspace_2025/nav_ws/install/multi_drone/lib/python3.10/site-packages/multi_drone-0.0.0-py3.10.egg-info\n'}
[0.972703] (multi_drone) StdoutLine: {'line': b'running install_scripts\n'}
[0.980667] (px4_msgs) StdoutLine: {'line': b'[ 50%] Built target px4_msgs__rosidl_typesupport_cpp\n'}
[0.985073] (main) StdoutLine: {'line': b"writing list of installed files to '/home/em/ros_workspace_2025/nav_ws/build/main/install.log'\n"}
[0.990947] (px4_msgs) StdoutLine: {'line': b'running egg_info\n'}
[0.996633] (px4_msgs) StdoutLine: {'line': b'[ 63%] Built target px4_msgs__rosidl_typesupport_introspection_cpp\n'}
[1.001333] (-) TimerEvent: {}
[1.002718] (px4_msgs) StdoutLine: {'line': b'writing px4_msgs.egg-info/PKG-INFO\n'}
[1.003015] (px4_msgs) StdoutLine: {'line': b'writing dependency_links to px4_msgs.egg-info/dependency_links.txt\n'}
[1.003178] (px4_msgs) StdoutLine: {'line': b'writing top-level names to px4_msgs.egg-info/top_level.txt\n'}
[1.005531] (main) CommandEnded: {'returncode': 0}
[1.015035] (main) JobEnded: {'identifier': 'main', 'rc': 0}
[1.028119] (px4_msgs) StdoutLine: {'line': b'[ 87%] Built target px4_msgs__rosidl_typesupport_fastrtps_c\n'}
[1.028285] (px4_msgs) StdoutLine: {'line': b'[ 88%] Built target px4_msgs__rosidl_typesupport_fastrtps_cpp\n'}
[1.042084] (px4_msgs) StdoutLine: {'line': b"reading manifest file 'px4_msgs.egg-info/SOURCES.txt'\n"}
[1.044260] (px4_msgs) StdoutLine: {'line': b"writing manifest file 'px4_msgs.egg-info/SOURCES.txt'\n"}
[1.045238] (px4_msgs) StdoutLine: {'line': b'[ 88%] Built target px4_msgs\n'}
[1.052611] (multi_drone) StdoutLine: {'line': b"writing list of installed files to '/home/em/ros_workspace_2025/nav_ws/build/multi_drone/install.log'\n"}
[1.069178] (multi_drone) CommandEnded: {'returncode': 0}
[1.069553] (px4_msgs) StdoutLine: {'line': b'[ 88%] Built target ament_cmake_python_build_px4_msgs_egg\n'}
[1.070486] (px4_msgs) StdoutLine: {'line': b'[ 88%] Built target px4_msgs__py\n'}
[1.073929] (multi_drone) JobEnded: {'identifier': 'multi_drone', 'rc': 0}
[1.101416] (-) TimerEvent: {}
[1.109105] (px4_msgs) StdoutLine: {'line': b'\x1b[35m\x1b[1mConsolidate compiler generated dependencies of target px4_msgs__rosidl_generator_py\x1b[0m\n'}
[1.201545] (-) TimerEvent: {}
[1.209215] (px4_msgs) StdoutLine: {'line': b'[100%] Built target px4_msgs__rosidl_generator_py\n'}
[1.218023] (px4_msgs) StdoutLine: {'line': b'\x1b[35m\x1b[1mConsolidate compiler generated dependencies of target px4_msgs__rosidl_typesupport_fastrtps_c__pyext\x1b[0m\n'}
[1.220687] (px4_msgs) StdoutLine: {'line': b'\x1b[35m\x1b[1mConsolidate compiler generated dependencies of target px4_msgs__rosidl_typesupport_c__pyext\x1b[0m\n'}
[1.220890] (px4_msgs) StdoutLine: {'line': b'\x1b[35m\x1b[1mConsolidate compiler generated dependencies of target px4_msgs__rosidl_typesupport_introspection_c__pyext\x1b[0m\n'}
[1.233406] (px4_msgs) StdoutLine: {'line': b'[100%] Built target px4_msgs__rosidl_typesupport_fastrtps_c__pyext\n'}
[1.235516] (px4_msgs) StdoutLine: {'line': b'[100%] Built target px4_msgs__rosidl_typesupport_c__pyext\n'}
[1.237500] (px4_msgs) StdoutLine: {'line': b'[100%] Built target px4_msgs__rosidl_typesupport_introspection_c__pyext\n'}
[1.246406] (px4_msgs) CommandEnded: {'returncode': 0}
[1.301662] (-) TimerEvent: {}
[1.402013] (-) TimerEvent: {}
[1.502319] (-) TimerEvent: {}
[1.602756] (-) TimerEvent: {}
[1.702933] (-) TimerEvent: {}
[1.803139] (-) TimerEvent: {}
[1.903331] (-) TimerEvent: {}
[2.003578] (-) TimerEvent: {}
[2.103787] (-) TimerEvent: {}
[2.203994] (-) TimerEvent: {}
[2.304201] (-) TimerEvent: {}
[2.404404] (-) TimerEvent: {}
[2.504689] (-) TimerEvent: {}
[2.605109] (-) TimerEvent: {}
[2.705675] (-) TimerEvent: {}
[2.806022] (-) TimerEvent: {}
[2.906625] (-) TimerEvent: {}
[3.006956] (-) TimerEvent: {}
[3.107196] (-) TimerEvent: {}
[3.207491] (-) TimerEvent: {}
[3.307850] (-) TimerEvent: {}
[3.408162] (-) TimerEvent: {}
[3.508396] (-) TimerEvent: {}
[3.608637] (-) TimerEvent: {}
[3.708950] (-) TimerEvent: {}
[3.809403] (-) TimerEvent: {}
[3.909756] (-) TimerEvent: {}
[4.010161] (-) TimerEvent: {}
[4.110529] (-) TimerEvent: {}
[4.210811] (-) TimerEvent: {}
[4.311201] (-) TimerEvent: {}
[4.411578] (-) TimerEvent: {}
[4.512258] (-) TimerEvent: {}
[4.612713] (-) TimerEvent: {}
[4.713130] (-) TimerEvent: {}
[4.813793] (-) TimerEvent: {}
[4.914258] (-) TimerEvent: {}
[5.014823] (-) TimerEvent: {}
[5.115306] (-) TimerEvent: {}
[5.215776] (-) TimerEvent: {}
[5.316286] (-) TimerEvent: {}
[5.416770] (-) TimerEvent: {}
[5.517320] (-) TimerEvent: {}
[5.617699] (-) TimerEvent: {}
[5.718169] (-) TimerEvent: {}
[5.818651] (-) TimerEvent: {}
[5.918992] (-) TimerEvent: {}
[6.019575] (-) TimerEvent: {}
[6.120115] (-) TimerEvent: {}
[6.220475] (-) TimerEvent: {}
[6.320785] (-) TimerEvent: {}
[6.421243] (-) TimerEvent: {}
[6.522045] (-) TimerEvent: {}
[6.622603] (-) TimerEvent: {}
[6.722990] (-) TimerEvent: {}
[6.823335] (-) TimerEvent: {}
[6.923665] (-) TimerEvent: {}
[7.023994] (-) TimerEvent: {}
[7.124281] (-) TimerEvent: {}
[7.224607] (-) TimerEvent: {}
[7.324916] (-) TimerEvent: {}
[7.425236] (-) TimerEvent: {}
[7.525842] (-) TimerEvent: {}
[7.626176] (-) TimerEvent: {}
[7.726624] (-) TimerEvent: {}
[7.827096] (-) TimerEvent: {}
[7.927514] (-) TimerEvent: {}
[8.027879] (-) TimerEvent: {}
[8.128389] (-) TimerEvent: {}
[8.228716] (-) TimerEvent: {}
[8.329054] (-) TimerEvent: {}
[8.429531] (-) TimerEvent: {}
[8.530158] (-) TimerEvent: {}
[8.574273] (px4_msgs) JobProgress: {'identifier': 'px4_msgs', 'progress': 'install'}
[8.589714] (px4_msgs) Command: {'cmd': ['/usr/bin/cmake', '--install', '/home/em/ros_workspace_2025/nav_ws/build/px4_msgs'], 'cwd': '/home/em/ros_workspace_2025/nav_ws/build/px4_msgs', 'env': OrderedDict([('LESSOPEN', '| /usr/bin/lesspipe %s'), ('LANGUAGE', 'en_CA:en'), ('SIM_GZ_HOME_LON', '-76.4278688'), ('USER', 'em'), ('FONTCONFIG_PATH', '/etc/fonts'), ('GIO_MODULE_DIR', '/home/em/snap/code/common/.cache/gio-modules'), ('XDG_SESSION_TYPE', 'wayland'), ('GIT_ASKPASS', '/snap/code/181/usr/share/code/resources/app/extensions/git/dist/askpass.sh'), ('GTK_EXE_PREFIX_VSCODE_SNAP_ORIG', ''), ('GDK_BACKEND_VSCODE_SNAP_ORIG', ''), ('SHLVL', '2'), ('LD_LIBRARY_PATH', '/home/em/ros_workspace_2025/nav_ws/install/px4_msgs/lib:/home/em/QADT2025/Nav2Workspace/install/px4_msgs/lib:/home/em/QADT2025/NavWorkspace/install/px4_ros_com/lib:/home/em/QADT2025/NavWorkspace/install/px4_msgs/lib:/opt/ros/humble/opt/rviz_ogre_vendor/lib:/opt/ros/humble/lib/x86_64-linux-gnu:/opt/ros/humble/lib'), ('HOME', '/home/em'), ('CHROME_DESKTOP', 'code.desktop'), ('LOCPATH_VSCODE_SNAP_ORIG', ''), ('OLDPWD', '/home/em/ros_workspace_2025/nav_ws/src'), ('TERM_PROGRAM_VERSION', '1.98.1'), ('DESKTOP_SESSION', 'ubuntu'), ('GTK_PATH', '/snap/code/186/usr/lib/x86_64-linux-gnu/gtk-3.0'), ('XDG_DATA_HOME_VSCODE_SNAP_ORIG', ''), ('GTK_IM_MODULE_FILE', '/home/em/snap/code/common/.cache/immodules/immodules.cache'), ('ROS_PYTHON_VERSION', '3'), ('GNOME_SHELL_SESSION_MODE', 'ubuntu'), ('GTK_MODULES', 'gail:atk-bridge'), ('GSETTINGS_SCHEMA_DIR_VSCODE_SNAP_ORIG', ''), ('VSCODE_GIT_ASKPASS_MAIN', '/snap/code/181/usr/share/code/resources/app/extensions/git/dist/askpass-main.js'), ('VSCODE_GIT_ASKPASS_NODE', '/snap/code/181/usr/share/code/code'), ('PYDEVD_DISABLE_FILE_VALIDATION', '1'), ('SYSTEMD_EXEC_PID', '1903'), ('BUNDLED_DEBUGPY_PATH', '/home/em/.vscode/extensions/ms-python.debugpy-2025.4.1-linux-x64/bundled/libs/debugpy'), ('DBUS_SESSION_BUS_ADDRESS', 'unix:path=/run/user/1000/bus'), ('COLORTERM', 'truecolor'), ('IM_CONFIG_PHASE', '1'), ('WAYLAND_DISPLAY', 'wayland-0'), ('COLCON_PREFIX_PATH', '/home/em/ros_workspace_2025/nav_ws/install:/home/em/QADT2025/Nav2Workspace/install:/home/em/QADT2025/NavWorkspace/install'), ('ROS_DISTRO', 'humble'), ('LOGNAME', 'em'), ('_', '/usr/bin/colcon'), ('ROS_VERSION', '2'), ('XDG_CONFIG_DIRS_VSCODE_SNAP_ORIG', '/etc/xdg/xdg-ubuntu:/etc/xdg'), ('XDG_SESSION_CLASS', 'user'), ('XDG_DATA_DIRS_VSCODE_SNAP_ORIG', '/usr/share/ubuntu:/usr/local/share/:/usr/share/:/var/lib/snapd/desktop'), ('USERNAME', 'em'), ('TERM', 'xterm-256color'), ('GNOME_DESKTOP_SESSION_ID', 'this-is-deprecated'), ('ROS_LOCALHOST_ONLY', '0'), ('PATH', '/opt/ros/humble/bin:/opt/gcc-arm-none-eabi-9-2020-q2-update/bin:/home/em/.local/bin:/usr/local/sbin:/usr/local/bin:/usr/sbin:/usr/bin:/sbin:/bin:/usr/games:/usr/local/games:/snap/bin:/snap/bin:/home/em/.vscode/extensions/ms-python.debugpy-2025.4.1-linux-x64/bundled/scripts/noConfigScripts'), ('SESSION_MANAGER', 'local/qadt-dev:@/tmp/.ICE-unix/1879,unix/qadt-dev:/tmp/.ICE-unix/1879'), ('GTK_EXE_PREFIX', '/snap/code/186/usr'), ('XDG_MENU_PREFIX', 'gnome-'), ('GNOME_TERMINAL_SCREEN', '/org/gnome/Terminal/screen/56d4e64b_8b4b_4d06_a243_94240800618f'), ('GNOME_SETUP_DISPLAY', ':1'), ('XDG_RUNTIME_DIR', '/run/user/1000'), ('GDK_BACKEND', 'x11'), ('DISPLAY', ':0'), ('LOCPATH', '/snap/code/186/usr/lib/locale'), ('VSCODE_DEBUGPY_ADAPTER_ENDPOINTS', '/home/em/.vscode/extensions/ms-python.debugpy-2025.4.1-linux-x64/.noConfigDebugAdapterEndpoints/endpoint-8f556fec78916f3a.txt'), ('LANG', 'en_US.UTF-8'), ('XDG_CURRENT_DESKTOP', 'Unity'), ('GIO_MODULE_DIR_VSCODE_SNAP_ORIG', ''), ('XDG_DATA_HOME', '/home/em/snap/code/186/.local/share'), ('XMODIFIERS', '@im=ibus'), ('XDG_SESSION_DESKTOP', 'ubuntu'), ('XAUTHORITY', '/run/user/1000/.mutter-Xwaylandauth.LJAQ32'), ('LS_COLORS', 'rs=0:di=01;34:ln=01;36:mh=00:pi=40;33:so=01;35:do=01;35:bd=40;33;01:cd=40;33;01:or=40;31;01:mi=00:su=37;41:sg=30;43:ca=30;41:tw=30;42:ow=34;42:st=37;44:ex=01;32:*.tar=01;31:*.tgz=01;31:*.arc=01;31:*.arj=01;31:*.taz=01;31:*.lha=01;31:*.lz4=01;31:*.lzh=01;31:*.lzma=01;31:*.tlz=01;31:*.txz=01;31:*.tzo=01;31:*.t7z=01;31:*.zip=01;31:*.z=01;31:*.dz=01;31:*.gz=01;31:*.lrz=01;31:*.lz=01;31:*.lzo=01;31:*.xz=01;31:*.zst=01;31:*.tzst=01;31:*.bz2=01;31:*.bz=01;31:*.tbz=01;31:*.tbz2=01;31:*.tz=01;31:*.deb=01;31:*.rpm=01;31:*.jar=01;31:*.war=01;31:*.ear=01;31:*.sar=01;31:*.rar=01;31:*.alz=01;31:*.ace=01;31:*.zoo=01;31:*.cpio=01;31:*.7z=01;31:*.rz=01;31:*.cab=01;31:*.wim=01;31:*.swm=01;31:*.dwm=01;31:*.esd=01;31:*.jpg=01;35:*.jpeg=01;35:*.mjpg=01;35:*.mjpeg=01;35:*.gif=01;35:*.bmp=01;35:*.pbm=01;35:*.pgm=01;35:*.ppm=01;35:*.tga=01;35:*.xbm=01;35:*.xpm=01;35:*.tif=01;35:*.tiff=01;35:*.png=01;35:*.svg=01;35:*.svgz=01;35:*.mng=01;35:*.pcx=01;35:*.mov=01;35:*.mpg=01;35:*.mpeg=01;35:*.m2v=01;35:*.mkv=01;35:*.webm=01;35:*.webp=01;35:*.ogm=01;35:*.mp4=01;35:*.m4v=01;35:*.mp4v=01;35:*.vob=01;35:*.qt=01;35:*.nuv=01;35:*.wmv=01;35:*.asf=01;35:*.rm=01;35:*.rmvb=01;35:*.flc=01;35:*.avi=01;35:*.fli=01;35:*.flv=01;35:*.gl=01;35:*.dl=01;35:*.xcf=01;35:*.xwd=01;35:*.yuv=01;35:*.cgm=01;35:*.emf=01;35:*.ogv=01;35:*.ogx=01;35:*.aac=00;36:*.au=00;36:*.flac=00;36:*.m4a=00;36:*.mid=00;36:*.midi=00;36:*.mka=00;36:*.mp3=00;36:*.mpc=00;36:*.ogg=00;36:*.ra=00;36:*.wav=00;36:*.oga=00;36:*.opus=00;36:*.spx=00;36:*.xspf=00;36:'), ('VSCODE_GIT_IPC_HANDLE', '/run/user/1000/vscode-git-809af1fc1d.sock'), ('GNOME_TERMINAL_SERVICE', ':1.101'), ('TERM_PROGRAM', 'vscode'), ('SSH_AGENT_LAUNCHER', 'gnome-keyring'), ('SSH_AUTH_SOCK', '/run/user/1000/keyring/ssh'), ('GSETTINGS_SCHEMA_DIR', '/home/em/snap/code/186/.local/share/glib-2.0/schemas'), ('AMENT_PREFIX_PATH', '/home/em/ros_workspace_2025/nav_ws/install/px4_msgs:/home/em/ros_workspace_2025/nav_ws/install/main:/home/em/QADT2025/Nav2Workspace/install/px4_msgs:/home/em/QADT2025/Nav2Workspace/install/TestWorkspace:/home/em/QADT2025/NavWorkspace/install/px4_ros_com:/home/em/QADT2025/NavWorkspace/install/px4_msgs:/opt/ros/humble'), ('ORIGINAL_XDG_CURRENT_DESKTOP', 'ubuntu:GNOME'), ('SHELL', '/bin/bash'), ('QT_ACCESSIBILITY', '1'), ('NO_AT_BRIDGE', '1'), ('GDMSESSION', 'ubuntu'), ('LESSCLOSE', '/usr/bin/lesspipe %s %s'), ('GTK_PATH_VSCODE_SNAP_ORIG', ''), ('FONTCONFIG_FILE', '/etc/fonts/fonts.conf'), ('GTK_IM_MODULE_FILE_VSCODE_SNAP_ORIG', ''), ('VSCODE_GIT_ASKPASS_EXTRA_ARGS', ''), ('QT_IM_MODULE', 'ibus'), ('SIM_GZ_HOME_LAT', '44.2872947'), ('PWD', '/home/em/ros_workspace_2025/nav_ws/build/px4_msgs'), ('SIM_GZ_HOME_ALT', '0'), ('LC_ALL', 'en_US.UTF-8'), ('XDG_CONFIG_DIRS', '/etc/xdg/xdg-ubuntu:/etc/xdg'), ('XDG_DATA_DIRS', '/home/em/snap/code/186/.local/share:/home/em/snap/code/186:/snap/code/186/usr/share:/usr/share/ubuntu:/usr/local/share/:/usr/share/:/var/lib/snapd/desktop'), ('PYTHONPATH', '/home/em/ros_workspace_2025/nav_ws/install/px4_msgs/local/lib/python3.10/dist-packages:/home/em/ros_workspace_2025/nav_ws/install/main/lib/python3.10/site-packages:/home/em/QADT2025/Nav2Workspace/install/px4_msgs/local/lib/python3.10/dist-packages:/home/em/QADT2025/Nav2Workspace/install/TestWorkspace/lib/python3.10/site-packages:/home/em/QADT2025/NavWorkspace/install/px4_ros_com/local/lib/python3.10/dist-packages:/home/em/QADT2025/NavWorkspace/install/px4_msgs/local/lib/python3.10/dist-packages:/opt/ros/humble/lib/python3.10/site-packages:/opt/ros/humble/local/lib/python3.10/dist-packages'), ('COLCON', '1'), ('VTE_VERSION', '6800'), ('CMAKE_PREFIX_PATH', '/home/em/ros_workspace_2025/nav_ws/install/px4_msgs:/home/em/QADT2025/Nav2Workspace/install/px4_msgs:/home/em/QADT2025/NavWorkspace/install/px4_ros_com:/home/em/QADT2025/NavWorkspace/install/px4_msgs:/home/em/ros_workspace_2025/nav_ws/install/main:/home/em/QADT2025/Nav2Workspace/install/TestWorkspace:/opt/ros/humble')]), 'shell': False}
[8.600990] (px4_msgs) StdoutLine: {'line': b'-- Install configuration: ""\n'}
[8.601235] (px4_msgs) StdoutLine: {'line': b'-- Up-to-date: /home/em/ros_workspace_2025/nav_ws/install/px4_msgs/share/ament_index/resource_index/rosidl_interfaces/px4_msgs\n'}
[8.601294] (px4_msgs) StdoutLine: {'line': b'-- Up-to-date: /home/em/ros_workspace_2025/nav_ws/install/px4_msgs/include/px4_msgs/px4_msgs\n'}
[8.601335] (px4_msgs) StdoutLine: {'line': b'-- Up-to-date: /home/em/ros_workspace_2025/nav_ws/install/px4_msgs/include/px4_msgs/px4_msgs/srv\n'}
[8.601373] (px4_msgs) StdoutLine: {'line': b'-- Up-to-date: /home/em/ros_workspace_2025/nav_ws/install/px4_msgs/include/px4_msgs/px4_msgs/srv/vehicle_command.h\n'}
[8.601447] (px4_msgs) StdoutLine: {'line': b'-- Up-to-date: /home/em/ros_workspace_2025/nav_ws/install/px4_msgs/include/px4_msgs/px4_msgs/srv/detail\n'}
[8.601483] (px4_msgs) StdoutLine: {'line': b'-- Up-to-date: /home/em/ros_workspace_2025/nav_ws/install/px4_msgs/include/px4_msgs/px4_msgs/srv/detail/vehicle_command__type_support.h\n'}
[8.601518] (px4_msgs) StdoutLine: {'line': b'-- Up-to-date: /home/em/ros_workspace_2025/nav_ws/install/px4_msgs/include/px4_msgs/px4_msgs/srv/detail/vehicle_command__functions.h\n'}
[8.601614] (px4_msgs) StdoutLine: {'line': b'-- Up-to-date: /home/em/ros_workspace_2025/nav_ws/install/px4_msgs/include/px4_msgs/px4_msgs/srv/detail/vehicle_command__functions.c\n'}
[8.601655] (px4_msgs) StdoutLine: {'line': b'-- Up-to-date: /home/em/ros_workspace_2025/nav_ws/install/px4_msgs/include/px4_msgs/px4_msgs/srv/detail/vehicle_command__struct.h\n'}
[8.601692] (px4_msgs) StdoutLine: {'line': b'-- Up-to-date: /home/em/ros_workspace_2025/nav_ws/install/px4_msgs/include/px4_msgs/px4_msgs/msg\n'}
[8.601729] (px4_msgs) StdoutLine: {'line': b'-- Up-to-date: /home/em/ros_workspace_2025/nav_ws/install/px4_msgs/include/px4_msgs/px4_msgs/msg/position_controller_status.h\n'}
[8.601764] (px4_msgs) StdoutLine: {'line': b'-- Up-to-date: /home/em/ros_workspace_2025/nav_ws/install/px4_msgs/include/px4_msgs/px4_msgs/msg/estimator_aid_source1d.h\n'}
[8.601798] (px4_msgs) StdoutLine: {'line': b'-- Up-to-date: /home/em/ros_workspace_2025/nav_ws/install/px4_msgs/include/px4_msgs/px4_msgs/msg/trajectory_setpoint.h\n'}
[8.601832] (px4_msgs) StdoutLine: {'line': b'-- Up-to-date: /home/em/ros_workspace_2025/nav_ws/install/px4_msgs/include/px4_msgs/px4_msgs/msg/vehicle_angular_acceleration_setpoint.h\n'}
[8.601867] (px4_msgs) StdoutLine: {'line': b'-- Up-to-date: /home/em/ros_workspace_2025/nav_ws/install/px4_msgs/include/px4_msgs/px4_msgs/msg/debug_value.h\n'}
[8.601947] (px4_msgs) StdoutLine: {'line': b'-- Up-to-date: /home/em/ros_workspace_2025/nav_ws/install/px4_msgs/include/px4_msgs/px4_msgs/msg/estimator_aid_source3d.h\n'}
[8.601980] (px4_msgs) StdoutLine: {'line': b'-- Up-to-date: /home/em/ros_workspace_2025/nav_ws/install/px4_msgs/include/px4_msgs/px4_msgs/msg/ulog_stream.h\n'}
[8.602014] (px4_msgs) StdoutLine: {'line': b'-- Up-to-date: /home/em/ros_workspace_2025/nav_ws/install/px4_msgs/include/px4_msgs/px4_msgs/msg/vehicle_local_position_setpoint.h\n'}
[8.602047] (px4_msgs) StdoutLine: {'line': b'-- Up-to-date: /home/em/ros_workspace_2025/nav_ws/install/px4_msgs/include/px4_msgs/px4_msgs/msg/vehicle_command.h\n'}
[8.602082] (px4_msgs) StdoutLine: {'line': b'-- Up-to-date: /home/em/ros_workspace_2025/nav_ws/install/px4_msgs/include/px4_msgs/px4_msgs/msg/offboard_control_mode.h\n'}
[8.602115] (px4_msgs) StdoutLine: {'line': b'-- Up-to-date: /home/em/ros_workspace_2025/nav_ws/install/px4_msgs/include/px4_msgs/px4_msgs/msg/collision_report.h\n'}
[8.602147] (px4_msgs) StdoutLine: {'line': b'-- Up-to-date: /home/em/ros_workspace_2025/nav_ws/install/px4_msgs/include/px4_msgs/px4_msgs/msg/estimator_aid_source2d.h\n'}
[8.602259] (px4_msgs) StdoutLine: {'line': b'-- Up-to-date: /home/em/ros_workspace_2025/nav_ws/install/px4_msgs/include/px4_msgs/px4_msgs/msg/autotune_attitude_control_status.h\n'}
[8.602325] (px4_msgs) StdoutLine: {'line': b'-- Up-to-date: /home/em/ros_workspace_2025/nav_ws/install/px4_msgs/include/px4_msgs/px4_msgs/msg/config_overrides.h\n'}
[8.602386] (px4_msgs) StdoutLine: {'line': b'-- Up-to-date: /home/em/ros_workspace_2025/nav_ws/install/px4_msgs/include/px4_msgs/px4_msgs/msg/hover_thrust_estimate.h\n'}
[8.602440] (px4_msgs) StdoutLine: {'line': b'-- Up-to-date: /home/em/ros_workspace_2025/nav_ws/install/px4_msgs/include/px4_msgs/px4_msgs/msg/mavlink_tunnel.h\n'}
[8.602562] (px4_msgs) StdoutLine: {'line': b'-- Up-to-date: /home/em/ros_workspace_2025/nav_ws/install/px4_msgs/include/px4_msgs/px4_msgs/msg/landing_gear_wheel.h\n'}
[8.602602] (px4_msgs) StdoutLine: {'line': b'-- Up-to-date: /home/em/ros_workspace_2025/nav_ws/install/px4_msgs/include/px4_msgs/px4_msgs/msg/uavcan_parameter_value.h\n'}
[8.602639] (px4_msgs) StdoutLine: {'line': b'-- Up-to-date: /home/em/ros_workspace_2025/nav_ws/install/px4_msgs/include/px4_msgs/px4_msgs/msg/satellite_info.h\n'}
[8.602675] (px4_msgs) StdoutLine: {'line': b'-- Up-to-date: /home/em/ros_workspace_2025/nav_ws/install/px4_msgs/include/px4_msgs/px4_msgs/msg/vehicle_control_mode.h\n'}
[8.602712] (px4_msgs) StdoutLine: {'line': b'-- Up-to-date: /home/em/ros_workspace_2025/nav_ws/install/px4_msgs/include/px4_msgs/px4_msgs/msg/vehicle_attitude_setpoint.h\n'}
[8.602749] (px4_msgs) StdoutLine: {'line': b'-- Up-to-date: /home/em/ros_workspace_2025/nav_ws/install/px4_msgs/include/px4_msgs/px4_msgs/msg/estimator_bias.h\n'}
[8.602785] (px4_msgs) StdoutLine: {'line': b'-- Up-to-date: /home/em/ros_workspace_2025/nav_ws/install/px4_msgs/include/px4_msgs/px4_msgs/msg/debug_array.h\n'}
[8.602820] (px4_msgs) StdoutLine: {'line': b'-- Up-to-date: /home/em/ros_workspace_2025/nav_ws/install/px4_msgs/include/px4_msgs/px4_msgs/msg/position_controller_landing_status.h\n'}
[8.602857] (px4_msgs) StdoutLine: {'line': b'-- Up-to-date: /home/em/ros_workspace_2025/nav_ws/install/px4_msgs/include/px4_msgs/px4_msgs/msg/velocity_limits.h\n'}
[8.602892] (px4_msgs) StdoutLine: {'line': b'-- Up-to-date: /home/em/ros_workspace_2025/nav_ws/install/px4_msgs/include/px4_msgs/px4_msgs/msg/event.h\n'}
[8.602975] (px4_msgs) StdoutLine: {'line': b'-- Up-to-date: /home/em/ros_workspace_2025/nav_ws/install/px4_msgs/include/px4_msgs/px4_msgs/msg/px4io_status.h\n'}
[8.603014] (px4_msgs) StdoutLine: {'line': b'-- Up-to-date: /home/em/ros_workspace_2025/nav_ws/install/px4_msgs/include/px4_msgs/px4_msgs/msg/failsafe_flags.h\n'}
[8.603049] (px4_msgs) StdoutLine: {'line': b'-- Up-to-date: /home/em/ros_workspace_2025/nav_ws/install/px4_msgs/include/px4_msgs/px4_msgs/msg/actuator_motors.h\n'}
[8.603081] (px4_msgs) StdoutLine: {'line': b'-- Up-to-date: /home/em/ros_workspace_2025/nav_ws/install/px4_msgs/include/px4_msgs/px4_msgs/msg/cpuload.h\n'}
[8.603109] (px4_msgs) StdoutLine: {'line': b'-- Up-to-date: /home/em/ros_workspace_2025/nav_ws/install/px4_msgs/include/px4_msgs/px4_msgs/msg/rover_differential_setpoint.h\n'}
[8.603139] (px4_msgs) StdoutLine: {'line': b'-- Up-to-date: /home/em/ros_workspace_2025/nav_ws/install/px4_msgs/include/px4_msgs/px4_msgs/msg/rosidl_generator_c__visibility_control.h\n'}
[8.603168] (px4_msgs) StdoutLine: {'line': b'-- Up-to-date: /home/em/ros_workspace_2025/nav_ws/install/px4_msgs/include/px4_msgs/px4_msgs/msg/ulog_stream_ack.h\n'}
[8.603287] (px4_msgs) StdoutLine: {'line': b'-- Up-to-date: /home/em/ros_workspace_2025/nav_ws/install/px4_msgs/include/px4_msgs/px4_msgs/msg/vehicle_odometry.h\n'}
[8.603318] (px4_msgs) StdoutLine: {'line': b'-- Up-to-date: /home/em/ros_workspace_2025/nav_ws/install/px4_msgs/include/px4_msgs/px4_msgs/msg/mission_result.h\n'}
[8.603347] (px4_msgs) StdoutLine: {'line': b'-- Up-to-date: /home/em/ros_workspace_2025/nav_ws/install/px4_msgs/include/px4_msgs/px4_msgs/msg/rover_ackermann_status.h\n'}
[8.603376] (px4_msgs) StdoutLine: {'line': b'-- Up-to-date: /home/em/ros_workspace_2025/nav_ws/install/px4_msgs/include/px4_msgs/px4_msgs/msg/landing_gear.h\n'}
[8.603405] (px4_msgs) StdoutLine: {'line': b'-- Up-to-date: /home/em/ros_workspace_2025/nav_ws/install/px4_msgs/include/px4_msgs/px4_msgs/msg/vehicle_angular_velocity.h\n'}
[8.603433] (px4_msgs) StdoutLine: {'line': b'-- Up-to-date: /home/em/ros_workspace_2025/nav_ws/install/px4_msgs/include/px4_msgs/px4_msgs/msg/open_drone_id_arm_status.h\n'}
[8.603461] (px4_msgs) StdoutLine: {'line': b'-- Up-to-date: /home/em/ros_workspace_2025/nav_ws/install/px4_msgs/include/px4_msgs/px4_msgs/msg/wind.h\n'}
[8.603493] (px4_msgs) StdoutLine: {'line': b'-- Up-to-date: /home/em/ros_workspace_2025/nav_ws/install/px4_msgs/include/px4_msgs/px4_msgs/msg/camera_capture.h\n'}
[8.603522] (px4_msgs) StdoutLine: {'line': b'-- Up-to-date: /home/em/ros_workspace_2025/nav_ws/install/px4_msgs/include/px4_msgs/px4_msgs/msg/sensor_hygrometer.h\n'}
[8.603550] (px4_msgs) StdoutLine: {'line': b'-- Up-to-date: /home/em/ros_workspace_2025/nav_ws/install/px4_msgs/include/px4_msgs/px4_msgs/msg/landing_target_pose.h\n'}
[8.603578] (px4_msgs) StdoutLine: {'line': b'-- Up-to-date: /home/em/ros_workspace_2025/nav_ws/install/px4_msgs/include/px4_msgs/px4_msgs/msg/logger_status.h\n'}
[8.603606] (px4_msgs) StdoutLine: {'line': b'-- Up-to-date: /home/em/ros_workspace_2025/nav_ws/install/px4_msgs/include/px4_msgs/px4_msgs/msg/sensor_accel_fifo.h\n'}
[8.603633] (px4_msgs) StdoutLine: {'line': b'-- Up-to-date: /home/em/ros_workspace_2025/nav_ws/install/px4_msgs/include/px4_msgs/px4_msgs/msg/mode_completed.h\n'}
[8.603661] (px4_msgs) StdoutLine: {'line': b'-- Up-to-date: /home/em/ros_workspace_2025/nav_ws/install/px4_msgs/include/px4_msgs/px4_msgs/msg/trajectory_waypoint.h\n'}
[8.603689] (px4_msgs) StdoutLine: {'line': b'-- Up-to-date: /home/em/ros_workspace_2025/nav_ws/install/px4_msgs/include/px4_msgs/px4_msgs/msg/vehicle_constraints.h\n'}
[8.603717] (px4_msgs) StdoutLine: {'line': b'-- Up-to-date: /home/em/ros_workspace_2025/nav_ws/install/px4_msgs/include/px4_msgs/px4_msgs/msg/sensor_gyro.h\n'}
[8.603745] (px4_msgs) StdoutLine: {'line': b'-- Up-to-date: /home/em/ros_workspace_2025/nav_ws/install/px4_msgs/include/px4_msgs/px4_msgs/msg/rover_mecanum_status.h\n'}
[8.603773] (px4_msgs) StdoutLine: {'line': b'-- Up-to-date: /home/em/ros_workspace_2025/nav_ws/install/px4_msgs/include/px4_msgs/px4_msgs/msg/vehicle_global_position.h\n'}
[8.603801] (px4_msgs) StdoutLine: {'line': b'-- Up-to-date: /home/em/ros_workspace_2025/nav_ws/install/px4_msgs/include/px4_msgs/px4_msgs/msg/rtl_time_estimate.h\n'}
[8.603829] (px4_msgs) StdoutLine: {'line': b'-- Up-to-date: /home/em/ros_workspace_2025/nav_ws/install/px4_msgs/include/px4_msgs/px4_msgs/msg/vehicle_local_position.h\n'}
[8.603857] (px4_msgs) StdoutLine: {'line': b'-- Up-to-date: /home/em/ros_workspace_2025/nav_ws/install/px4_msgs/include/px4_msgs/px4_msgs/msg/figure_eight_status.h\n'}
[8.603885] (px4_msgs) StdoutLine: {'line': b'-- Up-to-date: /home/em/ros_workspace_2025/nav_ws/install/px4_msgs/include/px4_msgs/px4_msgs/msg/mag_worker_data.h\n'}
[8.603913] (px4_msgs) StdoutLine: {'line': b'-- Up-to-date: /home/em/ros_workspace_2025/nav_ws/install/px4_msgs/include/px4_msgs/px4_msgs/msg/camera_status.h\n'}
[8.603941] (px4_msgs) StdoutLine: {'line': b'-- Up-to-date: /home/em/ros_workspace_2025/nav_ws/install/px4_msgs/include/px4_msgs/px4_msgs/msg/differential_pressure.h\n'}
[8.603971] (px4_msgs) StdoutLine: {'line': b'-- Up-to-date: /home/em/ros_workspace_2025/nav_ws/install/px4_msgs/include/px4_msgs/px4_msgs/msg/power_monitor.h\n'}
[8.604002] (px4_msgs) StdoutLine: {'line': b'-- Up-to-date: /home/em/ros_workspace_2025/nav_ws/install/px4_msgs/include/px4_msgs/px4_msgs/msg/vehicle_torque_setpoint.h\n'}
[8.604033] (px4_msgs) StdoutLine: {'line': b'-- Up-to-date: /home/em/ros_workspace_2025/nav_ws/install/px4_msgs/include/px4_msgs/px4_msgs/msg/gimbal_manager_set_attitude.h\n'}
[8.604061] (px4_msgs) StdoutLine: {'line': b'-- Up-to-date: /home/em/ros_workspace_2025/nav_ws/install/px4_msgs/include/px4_msgs/px4_msgs/msg/estimator_event_flags.h\n'}
[8.604089] (px4_msgs) StdoutLine: {'line': b'-- Up-to-date: /home/em/ros_workspace_2025/nav_ws/install/px4_msgs/include/px4_msgs/px4_msgs/msg/sensor_combined.h\n'}
[8.604117] (px4_msgs) StdoutLine: {'line': b'-- Up-to-date: /home/em/ros_workspace_2025/nav_ws/install/px4_msgs/include/px4_msgs/px4_msgs/msg/vehicle_imu_status.h\n'}
[8.604145] (px4_msgs) StdoutLine: {'line': b'-- Up-to-date: /home/em/ros_workspace_2025/nav_ws/install/px4_msgs/include/px4_msgs/px4_msgs/msg/battery_status.h\n'}
[8.604174] (px4_msgs) StdoutLine: {'line': b'-- Up-to-date: /home/em/ros_workspace_2025/nav_ws/install/px4_msgs/include/px4_msgs/px4_msgs/msg/unregister_ext_component.h\n'}
[8.604207] (px4_msgs) StdoutLine: {'line': b'-- Up-to-date: /home/em/ros_workspace_2025/nav_ws/install/px4_msgs/include/px4_msgs/px4_msgs/msg/can_interface_status.h\n'}
[8.604237] (px4_msgs) StdoutLine: {'line': b'-- Up-to-date: /home/em/ros_workspace_2025/nav_ws/install/px4_msgs/include/px4_msgs/px4_msgs/msg/vehicle_imu.h\n'}
[8.604264] (px4_msgs) StdoutLine: {'line': b'-- Up-to-date: /home/em/ros_workspace_2025/nav_ws/install/px4_msgs/include/px4_msgs/px4_msgs/msg/register_ext_component_reply.h\n'}
[8.604292] (px4_msgs) StdoutLine: {'line': b'-- Up-to-date: /home/em/ros_workspace_2025/nav_ws/install/px4_msgs/include/px4_msgs/px4_msgs/msg/sensor_selection.h\n'}
[8.604320] (px4_msgs) StdoutLine: {'line': b'-- Up-to-date: /home/em/ros_workspace_2025/nav_ws/install/px4_msgs/include/px4_msgs/px4_msgs/msg/vehicle_thrust_setpoint.h\n'}
[8.604348] (px4_msgs) StdoutLine: {'line': b'-- Up-to-date: /home/em/ros_workspace_2025/nav_ws/install/px4_msgs/include/px4_msgs/px4_msgs/msg/wheel_encoders.h\n'}
[8.604376] (px4_msgs) StdoutLine: {'line': b'-- Up-to-date: /home/em/ros_workspace_2025/nav_ws/install/px4_msgs/include/px4_msgs/px4_msgs/msg/geofence_status.h\n'}
[8.604404] (px4_msgs) StdoutLine: {'line': b'-- Up-to-date: /home/em/ros_workspace_2025/nav_ws/install/px4_msgs/include/px4_msgs/px4_msgs/msg/vehicle_status.h\n'}
[8.604433] (px4_msgs) StdoutLine: {'line': b'-- Up-to-date: /home/em/ros_workspace_2025/nav_ws/install/px4_msgs/include/px4_msgs/px4_msgs/msg/launch_detection_status.h\n'}
[8.604461] (px4_msgs) StdoutLine: {'line': b'-- Up-to-date: /home/em/ros_workspace_2025/nav_ws/install/px4_msgs/include/px4_msgs/px4_msgs/msg/rc_channels.h\n'}
[8.604492] (px4_msgs) StdoutLine: {'line': b'-- Up-to-date: /home/em/ros_workspace_2025/nav_ws/install/px4_msgs/include/px4_msgs/px4_msgs/msg/position_setpoint_triplet.h\n'}
[8.604520] (px4_msgs) StdoutLine: {'line': b'-- Up-to-date: /home/em/ros_workspace_2025/nav_ws/install/px4_msgs/include/px4_msgs/px4_msgs/msg/irlock_report.h\n'}
[8.604548] (px4_msgs) StdoutLine: {'line': b'-- Up-to-date: /home/em/ros_workspace_2025/nav_ws/install/px4_msgs/include/px4_msgs/px4_msgs/msg/open_drone_id_self_id.h\n'}
[8.604576] (px4_msgs) StdoutLine: {'line': b'-- Up-to-date: /home/em/ros_workspace_2025/nav_ws/install/px4_msgs/include/px4_msgs/px4_msgs/msg/mount_orientation.h\n'}
[8.604604] (px4_msgs) StdoutLine: {'line': b'-- Up-to-date: /home/em/ros_workspace_2025/nav_ws/install/px4_msgs/include/px4_msgs/px4_msgs/msg/npfg_status.h\n'}
[8.604632] (px4_msgs) StdoutLine: {'line': b'-- Up-to-date: /home/em/ros_workspace_2025/nav_ws/install/px4_msgs/include/px4_msgs/px4_msgs/msg/obstacle_distance.h\n'}
[8.604660] (px4_msgs) StdoutLine: {'line': b'-- Up-to-date: /home/em/ros_workspace_2025/nav_ws/install/px4_msgs/include/px4_msgs/px4_msgs/msg/cellular_status.h\n'}
[8.604689] (px4_msgs) StdoutLine: {'line': b'-- Up-to-date: /home/em/ros_workspace_2025/nav_ws/install/px4_msgs/include/px4_msgs/px4_msgs/msg/airspeed_wind.h\n'}
[8.604717] (px4_msgs) StdoutLine: {'line': b'-- Up-to-date: /home/em/ros_workspace_2025/nav_ws/install/px4_msgs/include/px4_msgs/px4_msgs/msg/fuel_tank_status.h\n'}
[8.604750] (px4_msgs) StdoutLine: {'line': b'-- Up-to-date: /home/em/ros_workspace_2025/nav_ws/install/px4_msgs/include/px4_msgs/px4_msgs/msg/rover_ackermann_guidance_status.h\n'}
[8.604779] (px4_msgs) StdoutLine: {'line': b'-- Up-to-date: /home/em/ros_workspace_2025/nav_ws/install/px4_msgs/include/px4_msgs/px4_msgs/msg/actuator_outputs.h\n'}
[8.604807] (px4_msgs) StdoutLine: {'line': b'-- Up-to-date: /home/em/ros_workspace_2025/nav_ws/install/px4_msgs/include/px4_msgs/px4_msgs/msg/health_report.h\n'}
[8.604834] (px4_msgs) StdoutLine: {'line': b'-- Up-to-date: /home/em/ros_workspace_2025/nav_ws/install/px4_msgs/include/px4_msgs/px4_msgs/msg/estimator_selector_status.h\n'}
[8.604862] (px4_msgs) StdoutLine: {'line': b'-- Up-to-date: /home/em/ros_workspace_2025/nav_ws/install/px4_msgs/include/px4_msgs/px4_msgs/msg/arming_check_reply.h\n'}
[8.604890] (px4_msgs) StdoutLine: {'line': b'-- Up-to-date: /home/em/ros_workspace_2025/nav_ws/install/px4_msgs/include/px4_msgs/px4_msgs/msg/sensor_preflight_mag.h\n'}
[8.604917] (px4_msgs) StdoutLine: {'line': b'-- Up-to-date: /home/em/ros_workspace_2025/nav_ws/install/px4_msgs/include/px4_msgs/px4_msgs/msg/follow_target_estimator.h\n'}
[8.605011] (px4_msgs) StdoutLine: {'line': b'-- Up-to-date: /home/em/ros_workspace_2025/nav_ws/install/px4_msgs/include/px4_msgs/px4_msgs/msg/actuator_servos.h\n'}
[8.605058] (px4_msgs) StdoutLine: {'line': b'-- Up-to-date: /home/em/ros_workspace_2025/nav_ws/install/px4_msgs/include/px4_msgs/px4_msgs/msg/actuator_test.h\n'}
[8.605102] (px4_msgs) StdoutLine: {'line': b'-- Up-to-date: /home/em/ros_workspace_2025/nav_ws/install/px4_msgs/include/px4_msgs/px4_msgs/msg/mission.h\n'}
[8.605147] (px4_msgs) StdoutLine: {'line': b'-- Up-to-date: /home/em/ros_workspace_2025/nav_ws/install/px4_msgs/include/px4_msgs/px4_msgs/msg/position_setpoint.h\n'}
[8.605212] (px4_msgs) StdoutLine: {'line': b'-- Up-to-date: /home/em/ros_workspace_2025/nav_ws/install/px4_msgs/include/px4_msgs/px4_msgs/msg/parameter_reset_request.h\n'}
[8.605429] (px4_msgs) StdoutLine: {'line': b'-- Up-to-date: /home/em/ros_workspace_2025/nav_ws/install/px4_msgs/include/px4_msgs/px4_msgs/msg/magnetometer_bias_estimate.h\n'}
[8.605457] (px4_msgs) StdoutLine: {'line': b'-- Up-to-date: /home/em/ros_workspace_2025/nav_ws/install/px4_msgs/include/px4_msgs/px4_msgs/msg/rover_differential_status.h\n'}
[8.605596] (px4_msgs) StdoutLine: {'line': b'-- Up-to-date: /home/em/ros_workspace_2025/nav_ws/install/px4_msgs/include/px4_msgs/px4_msgs/msg/gps_dump.h\n'}
[8.605622] (px4_msgs) StdoutLine: {'line': b'-- Up-to-date: /home/em/ros_workspace_2025/nav_ws/install/px4_msgs/include/px4_msgs/px4_msgs/msg/distance_sensor.h\n'}
[8.605646] (px4_msgs) StdoutLine: {'line': b'-- Up-to-date: /home/em/ros_workspace_2025/nav_ws/install/px4_msgs/include/px4_msgs/px4_msgs/msg/vehicle_trajectory_bezier.h\n'}
[8.605669] (px4_msgs) StdoutLine: {'line': b'-- Up-to-date: /home/em/ros_workspace_2025/nav_ws/install/px4_msgs/include/px4_msgs/px4_msgs/msg/gimbal_device_set_attitude.h\n'}
[8.605693] (px4_msgs) StdoutLine: {'line': b'-- Up-to-date: /home/em/ros_workspace_2025/nav_ws/install/px4_msgs/include/px4_msgs/px4_msgs/msg/vehicle_command_ack.h\n'}
[8.605717] (px4_msgs) StdoutLine: {'line': b'-- Up-to-date: /home/em/ros_workspace_2025/nav_ws/install/px4_msgs/include/px4_msgs/px4_msgs/msg/sensor_baro.h\n'}
[8.605740] (px4_msgs) StdoutLine: {'line': b'-- Up-to-date: /home/em/ros_workspace_2025/nav_ws/install/px4_msgs/include/px4_msgs/px4_msgs/msg/rc_parameter_map.h\n'}
[8.605764] (px4_msgs) StdoutLine: {'line': b'-- Up-to-date: /home/em/ros_workspace_2025/nav_ws/install/px4_msgs/include/px4_msgs/px4_msgs/msg/vehicle_rates_setpoint.h\n'}
[8.605788] (px4_msgs) StdoutLine: {'line': b'-- Up-to-date: /home/em/ros_workspace_2025/nav_ws/install/px4_msgs/include/px4_msgs/px4_msgs/msg/parameter_set_value_response.h\n'}
[8.605849] (px4_msgs) StdoutLine: {'line': b'-- Up-to-date: /home/em/ros_workspace_2025/nav_ws/install/px4_msgs/include/px4_msgs/px4_msgs/msg/parameter_set_used_request.h\n'}
[8.605874] (px4_msgs) StdoutLine: {'line': b'-- Up-to-date: /home/em/ros_workspace_2025/nav_ws/install/px4_msgs/include/px4_msgs/px4_msgs/msg/orb_test_large.h\n'}
[8.605901] (px4_msgs) StdoutLine: {'line': b'-- Up-to-date: /home/em/ros_workspace_2025/nav_ws/install/px4_msgs/include/px4_msgs/px4_msgs/msg/debug_vect.h\n'}
[8.605925] (px4_msgs) StdoutLine: {'line': b'-- Up-to-date: /home/em/ros_workspace_2025/nav_ws/install/px4_msgs/include/px4_msgs/px4_msgs/msg/led_control.h\n'}
[8.605950] (px4_msgs) StdoutLine: {'line': b'-- Up-to-date: /home/em/ros_workspace_2025/nav_ws/install/px4_msgs/include/px4_msgs/px4_msgs/msg/ekf2_timestamps.h\n'}
[8.605973] (px4_msgs) StdoutLine: {'line': b'-- Up-to-date: /home/em/ros_workspace_2025/nav_ws/install/px4_msgs/include/px4_msgs/px4_msgs/msg/generator_status.h\n'}
[8.605997] (px4_msgs) StdoutLine: {'line': b'-- Up-to-date: /home/em/ros_workspace_2025/nav_ws/install/px4_msgs/include/px4_msgs/px4_msgs/msg/estimator_innovations.h\n'}
[8.606069] (px4_msgs) StdoutLine: {'line': b'-- Up-to-date: /home/em/ros_workspace_2025/nav_ws/install/px4_msgs/include/px4_msgs/px4_msgs/msg/gimbal_manager_information.h\n'}
[8.606093] (px4_msgs) StdoutLine: {'line': b'-- Up-to-date: /home/em/ros_workspace_2025/nav_ws/install/px4_msgs/include/px4_msgs/px4_msgs/msg/sensor_accel.h\n'}
[8.606139] (px4_msgs) StdoutLine: {'line': b'-- Up-to-date: /home/em/ros_workspace_2025/nav_ws/install/px4_msgs/include/px4_msgs/px4_msgs/msg/onboard_computer_status.h\n'}
[8.606177] (px4_msgs) StdoutLine: {'line': b'-- Up-to-date: /home/em/ros_workspace_2025/nav_ws/install/px4_msgs/include/px4_msgs/px4_msgs/msg/yaw_estimator_status.h\n'}
[8.606264] (px4_msgs) StdoutLine: {'line': b'-- Up-to-date: /home/em/ros_workspace_2025/nav_ws/install/px4_msgs/include/px4_msgs/px4_msgs/msg/heater_status.h\n'}
[8.606291] (px4_msgs) StdoutLine: {'line': b'-- Up-to-date: /home/em/ros_workspace_2025/nav_ws/install/px4_msgs/include/px4_msgs/px4_msgs/msg/ping.h\n'}
[8.606315] (px4_msgs) StdoutLine: {'line': b'-- Up-to-date: /home/em/ros_workspace_2025/nav_ws/install/px4_msgs/include/px4_msgs/px4_msgs/msg/gpio_config.h\n'}
[8.606339] (px4_msgs) StdoutLine: {'line': b'-- Up-to-date: /home/em/ros_workspace_2025/nav_ws/install/px4_msgs/include/px4_msgs/px4_msgs/msg/rpm.h\n'}
[8.606363] (px4_msgs) StdoutLine: {'line': b'-- Up-to-date: /home/em/ros_workspace_2025/nav_ws/install/px4_msgs/include/px4_msgs/px4_msgs/msg/pwm_input.h\n'}
[8.606389] (px4_msgs) StdoutLine: {'line': b'-- Up-to-date: /home/em/ros_workspace_2025/nav_ws/install/px4_msgs/include/px4_msgs/px4_msgs/msg/sensors_status.h\n'}
[8.606412] (px4_msgs) StdoutLine: {'line': b'-- Up-to-date: /home/em/ros_workspace_2025/nav_ws/install/px4_msgs/include/px4_msgs/px4_msgs/msg/goto_setpoint.h\n'}
[8.606437] (px4_msgs) StdoutLine: {'line': b'-- Up-to-date: /home/em/ros_workspace_2025/nav_ws/install/px4_msgs/include/px4_msgs/px4_msgs/msg/sensor_airflow.h\n'}
[8.606460] (px4_msgs) StdoutLine: {'line': b'-- Up-to-date: /home/em/ros_workspace_2025/nav_ws/install/px4_msgs/include/px4_msgs/px4_msgs/msg/actuator_controls_status.h\n'}
[8.606485] (px4_msgs) StdoutLine: {'line': b'-- Up-to-date: /home/em/ros_workspace_2025/nav_ws/install/px4_msgs/include/px4_msgs/px4_msgs/msg/internal_combustion_engine_status.h\n'}
[8.606509] (px4_msgs) StdoutLine: {'line': b'-- Up-to-date: /home/em/ros_workspace_2025/nav_ws/install/px4_msgs/include/px4_msgs/px4_msgs/msg/gps_inject_data.h\n'}
[8.606533] (px4_msgs) StdoutLine: {'line': b'-- Up-to-date: /home/em/ros_workspace_2025/nav_ws/install/px4_msgs/include/px4_msgs/px4_msgs/msg/sensor_optical_flow.h\n'}
[8.606557] (px4_msgs) StdoutLine: {'line': b'-- Up-to-date: /home/em/ros_workspace_2025/nav_ws/install/px4_msgs/include/px4_msgs/px4_msgs/msg/open_drone_id_system.h\n'}
[8.606580] (px4_msgs) StdoutLine: {'line': b'-- Up-to-date: /home/em/ros_workspace_2025/nav_ws/install/px4_msgs/include/px4_msgs/px4_msgs/msg/mavlink_log.h\n'}
[8.606604] (px4_msgs) StdoutLine: {'line': b'-- Up-to-date: /home/em/ros_workspace_2025/nav_ws/install/px4_msgs/include/px4_msgs/px4_msgs/msg/estimator_sensor_bias.h\n'}
[8.606626] (px4_msgs) StdoutLine: {'line': b'-- Up-to-date: /home/em/ros_workspace_2025/nav_ws/install/px4_msgs/include/px4_msgs/px4_msgs/msg/button_event.h\n'}
[8.606649] (px4_msgs) StdoutLine: {'line': b'-- Up-to-date: /home/em/ros_workspace_2025/nav_ws/install/px4_msgs/include/px4_msgs/px4_msgs/msg/camera_trigger.h\n'}
[8.606671] (px4_msgs) StdoutLine: {'line': b'-- Up-to-date: /home/em/ros_workspace_2025/nav_ws/install/px4_msgs/include/px4_msgs/px4_msgs/msg/vehicle_acceleration.h\n'}
[8.606693] (px4_msgs) StdoutLine: {'line': b'-- Up-to-date: /home/em/ros_workspace_2025/nav_ws/install/px4_msgs/include/px4_msgs/px4_msgs/msg/log_message.h\n'}
[8.606716] (px4_msgs) StdoutLine: {'line': b'-- Up-to-date: /home/em/ros_workspace_2025/nav_ws/install/px4_msgs/include/px4_msgs/px4_msgs/msg/home_position.h\n'}
[8.606740] (px4_msgs) StdoutLine: {'line': b'-- Up-to-date: /home/em/ros_workspace_2025/nav_ws/install/px4_msgs/include/px4_msgs/px4_msgs/msg/gripper.h\n'}
[8.606763] (px4_msgs) StdoutLine: {'line': b'-- Up-to-date: /home/em/ros_workspace_2025/nav_ws/install/px4_msgs/include/px4_msgs/px4_msgs/msg/trajectory_bezier.h\n'}
[8.606787] (px4_msgs) StdoutLine: {'line': b'-- Up-to-date: /home/em/ros_workspace_2025/nav_ws/install/px4_msgs/include/px4_msgs/px4_msgs/msg/sensors_status_imu.h\n'}
[8.606810] (px4_msgs) StdoutLine: {'line': b'-- Up-to-date: /home/em/ros_workspace_2025/nav_ws/install/px4_msgs/include/px4_msgs/px4_msgs/msg/gpio_request.h\n'}
[8.606834] (px4_msgs) StdoutLine: {'line': b'-- Up-to-date: /home/em/ros_workspace_2025/nav_ws/install/px4_msgs/include/px4_msgs/px4_msgs/msg/action_request.h\n'}
[8.606857] (px4_msgs) StdoutLine: {'line': b'-- Up-to-date: /home/em/ros_workspace_2025/nav_ws/install/px4_msgs/include/px4_msgs/px4_msgs/msg/estimator_gps_status.h\n'}
[8.606880] (px4_msgs) StdoutLine: {'line': b'-- Up-to-date: /home/em/ros_workspace_2025/nav_ws/install/px4_msgs/include/px4_msgs/px4_msgs/msg/navigator_status.h\n'}
[8.606936] (px4_msgs) StdoutLine: {'line': b'-- Up-to-date: /home/em/ros_workspace_2025/nav_ws/install/px4_msgs/include/px4_msgs/px4_msgs/msg/rover_mecanum_guidance_status.h\n'}
[8.606960] (px4_msgs) StdoutLine: {'line': b'-- Up-to-date: /home/em/ros_workspace_2025/nav_ws/install/px4_msgs/include/px4_msgs/px4_msgs/msg/vehicle_air_data.h\n'}
[8.606983] (px4_msgs) StdoutLine: {'line': b'-- Up-to-date: /home/em/ros_workspace_2025/nav_ws/install/px4_msgs/include/px4_msgs/px4_msgs/msg/navigator_mission_item.h\n'}
[8.607009] (px4_msgs) StdoutLine: {'line': b'-- Up-to-date: /home/em/ros_workspace_2025/nav_ws/install/px4_msgs/include/px4_msgs/px4_msgs/msg/takeoff_status.h\n'}
[8.607035] (px4_msgs) StdoutLine: {'line': b'-- Up-to-date: /home/em/ros_workspace_2025/nav_ws/install/px4_msgs/include/px4_msgs/px4_msgs/msg/vehicle_attitude.h\n'}
[8.607057] (px4_msgs) StdoutLine: {'line': b'-- Up-to-date: /home/em/ros_workspace_2025/nav_ws/install/px4_msgs/include/px4_msgs/px4_msgs/msg/tecs_status.h\n'}
[8.607080] (px4_msgs) StdoutLine: {'line': b'-- Up-to-date: /home/em/ros_workspace_2025/nav_ws/install/px4_msgs/include/px4_msgs/px4_msgs/msg/telemetry_status.h\n'}
[8.607101] (px4_msgs) StdoutLine: {'line': b'-- Up-to-date: /home/em/ros_workspace_2025/nav_ws/install/px4_msgs/include/px4_msgs/px4_msgs/msg/estimator_status_flags.h\n'}
[8.607247] (px4_msgs) StdoutLine: {'line': b'-- Up-to-date: /home/em/ros_workspace_2025/nav_ws/install/px4_msgs/include/px4_msgs/px4_msgs/msg/pps_capture.h\n'}
[8.607273] (px4_msgs) StdoutLine: {'line': b'-- Up-to-date: /home/em/ros_workspace_2025/nav_ws/install/px4_msgs/include/px4_msgs/px4_msgs/msg/iridiumsbd_status.h\n'}
[8.607298] (px4_msgs) StdoutLine: {'line': b'-- Up-to-date: /home/em/ros_workspace_2025/nav_ws/install/px4_msgs/include/px4_msgs/px4_msgs/msg/message_format_response.h\n'}
[8.607325] (px4_msgs) StdoutLine: {'line': b'-- Up-to-date: /home/em/ros_workspace_2025/nav_ws/install/px4_msgs/include/px4_msgs/px4_msgs/msg/register_ext_component_request.h\n'}
[8.607349] (px4_msgs) StdoutLine: {'line': b'-- Up-to-date: /home/em/ros_workspace_2025/nav_ws/install/px4_msgs/include/px4_msgs/px4_msgs/msg/airspeed_validated.h\n'}
[8.607372] (px4_msgs) StdoutLine: {'line': b'-- Up-to-date: /home/em/ros_workspace_2025/nav_ws/install/px4_msgs/include/px4_msgs/px4_msgs/msg/parameter_update.h\n'}
[8.607395] (px4_msgs) StdoutLine: {'line': b'-- Up-to-date: /home/em/ros_workspace_2025/nav_ws/install/px4_msgs/include/px4_msgs/px4_msgs/msg/dataman_request.h\n'}
[8.607419] (px4_msgs) StdoutLine: {'line': b'-- Up-to-date: /home/em/ros_workspace_2025/nav_ws/install/px4_msgs/include/px4_msgs/px4_msgs/msg/rover_mecanum_setpoint.h\n'}
[8.607442] (px4_msgs) StdoutLine: {'line': b'-- Up-to-date: /home/em/ros_workspace_2025/nav_ws/install/px4_msgs/include/px4_msgs/px4_msgs/msg/follow_target.h\n'}
[8.607465] (px4_msgs) StdoutLine: {'line': b'-- Up-to-date: /home/em/ros_workspace_2025/nav_ws/install/px4_msgs/include/px4_msgs/px4_msgs/msg/timesync_status.h\n'}
[8.607488] (px4_msgs) StdoutLine: {'line': b'-- Up-to-date: /home/em/ros_workspace_2025/nav_ws/install/px4_msgs/include/px4_msgs/px4_msgs/msg/gpio_out.h\n'}
[8.607512] (px4_msgs) StdoutLine: {'line': b'-- Up-to-date: /home/em/ros_workspace_2025/nav_ws/install/px4_msgs/include/px4_msgs/px4_msgs/msg/esc_report.h\n'}
[8.607535] (px4_msgs) StdoutLine: {'line': b'-- Up-to-date: /home/em/ros_workspace_2025/nav_ws/install/px4_msgs/include/px4_msgs/px4_msgs/msg/estimator_status.h\n'}
[8.607559] (px4_msgs) StdoutLine: {'line': b'-- Up-to-date: /home/em/ros_workspace_2025/nav_ws/install/px4_msgs/include/px4_msgs/px4_msgs/msg/dataman_response.h\n'}
[8.607581] (px4_msgs) StdoutLine: {'line': b'-- Up-to-date: /home/em/ros_workspace_2025/nav_ws/install/px4_msgs/include/px4_msgs/px4_msgs/msg/sensor_uwb.h\n'}
[8.607604] (px4_msgs) StdoutLine: {'line': b'-- Up-to-date: /home/em/ros_workspace_2025/nav_ws/install/px4_msgs/include/px4_msgs/px4_msgs/msg/message_format_request.h\n'}
[8.607626] (px4_msgs) StdoutLine: {'line': b'-- Up-to-date: /home/em/ros_workspace_2025/nav_ws/install/px4_msgs/include/px4_msgs/px4_msgs/msg/vtol_vehicle_status.h\n'}
[8.607648] (px4_msgs) StdoutLine: {'line': b'-- Up-to-date: /home/em/ros_workspace_2025/nav_ws/install/px4_msgs/include/px4_msgs/px4_msgs/msg/vehicle_trajectory_waypoint.h\n'}
[8.607670] (px4_msgs) StdoutLine: {'line': b'-- Up-to-date: /home/em/ros_workspace_2025/nav_ws/install/px4_msgs/include/px4_msgs/px4_msgs/msg/tune_control.h\n'}
[8.607693] (px4_msgs) StdoutLine: {'line': b'-- Up-to-date: /home/em/ros_workspace_2025/nav_ws/install/px4_msgs/include/px4_msgs/px4_msgs/msg/vehicle_magnetometer.h\n'}
[8.607715] (px4_msgs) StdoutLine: {'line': b'-- Up-to-date: /home/em/ros_workspace_2025/nav_ws/install/px4_msgs/include/px4_msgs/px4_msgs/msg/rate_ctrl_status.h\n'}
[8.607780] (px4_msgs) StdoutLine: {'line': b'-- Up-to-date: /home/em/ros_workspace_2025/nav_ws/install/px4_msgs/include/px4_msgs/px4_msgs/msg/debug_key_value.h\n'}
[8.607803] (px4_msgs) StdoutLine: {'line': b'-- Up-to-date: /home/em/ros_workspace_2025/nav_ws/install/px4_msgs/include/px4_msgs/px4_msgs/msg/estimator_bias3d.h\n'}
[8.607825] (px4_msgs) StdoutLine: {'line': b'-- Up-to-date: /home/em/ros_workspace_2025/nav_ws/install/px4_msgs/include/px4_msgs/px4_msgs/msg/system_power.h\n'}
[8.607847] (px4_msgs) StdoutLine: {'line': b'-- Up-to-date: /home/em/ros_workspace_2025/nav_ws/install/px4_msgs/include/px4_msgs/px4_msgs/msg/sensor_gps.h\n'}
[8.607870] (px4_msgs) StdoutLine: {'line': b'-- Up-to-date: /home/em/ros_workspace_2025/nav_ws/install/px4_msgs/include/px4_msgs/px4_msgs/msg/distance_sensor_mode_change_request.h\n'}
[8.607892] (px4_msgs) StdoutLine: {'line': b'-- Up-to-date: /home/em/ros_workspace_2025/nav_ws/install/px4_msgs/include/px4_msgs/px4_msgs/msg/airspeed.h\n'}
[8.607918] (px4_msgs) StdoutLine: {'line': b'-- Up-to-date: /home/em/ros_workspace_2025/nav_ws/install/px4_msgs/include/px4_msgs/px4_msgs/msg/estimator_states.h\n'}
[8.607941] (px4_msgs) StdoutLine: {'line': b'-- Up-to-date: /home/em/ros_workspace_2025/nav_ws/install/px4_msgs/include/px4_msgs/px4_msgs/msg/manual_control_setpoint.h\n'}
[8.607963] (px4_msgs) StdoutLine: {'line': b'-- Up-to-date: /home/em/ros_workspace_2025/nav_ws/install/px4_msgs/include/px4_msgs/px4_msgs/msg/vehicle_optical_flow_vel.h\n'}
[8.607986] (px4_msgs) StdoutLine: {'line': b'-- Up-to-date: /home/em/ros_workspace_2025/nav_ws/install/px4_msgs/include/px4_msgs/px4_msgs/msg/sensor_correction.h\n'}
[8.608230] (px4_msgs) StdoutLine: {'line': b'-- Up-to-date: /home/em/ros_workspace_2025/nav_ws/install/px4_msgs/include/px4_msgs/px4_msgs/msg/buffer128.h\n'}
[8.608264] (px4_msgs) StdoutLine: {'line': b'-- Up-to-date: /home/em/ros_workspace_2025/nav_ws/install/px4_msgs/include/px4_msgs/px4_msgs/msg/esc_status.h\n'}
[8.608289] (px4_msgs) StdoutLine: {'line': b'-- Up-to-date: /home/em/ros_workspace_2025/nav_ws/install/px4_msgs/include/px4_msgs/px4_msgs/msg/flight_phase_estimation.h\n'}
[8.608314] (px4_msgs) StdoutLine: {'line': b'-- Up-to-date: /home/em/ros_workspace_2025/nav_ws/install/px4_msgs/include/px4_msgs/px4_msgs/msg/input_rc.h\n'}
[8.608338] (px4_msgs) StdoutLine: {'line': b'-- Up-to-date: /home/em/ros_workspace_2025/nav_ws/install/px4_msgs/include/px4_msgs/px4_msgs/msg/normalized_unsigned_setpoint.h\n'}
[8.608363] (px4_msgs) StdoutLine: {'line': b'-- Up-to-date: /home/em/ros_workspace_2025/nav_ws/install/px4_msgs/include/px4_msgs/px4_msgs/msg/gimbal_manager_set_manual_control.h\n'}
[8.608388] (px4_msgs) StdoutLine: {'line': b'-- Up-to-date: /home/em/ros_workspace_2025/nav_ws/install/px4_msgs/include/px4_msgs/px4_msgs/msg/uavcan_parameter_request.h\n'}
[8.608412] (px4_msgs) StdoutLine: {'line': b'-- Up-to-date: /home/em/ros_workspace_2025/nav_ws/install/px4_msgs/include/px4_msgs/px4_msgs/msg/gimbal_controls.h\n'}
[8.608435] (px4_msgs) StdoutLine: {'line': b'-- Up-to-date: /home/em/ros_workspace_2025/nav_ws/install/px4_msgs/include/px4_msgs/px4_msgs/msg/open_drone_id_operator_id.h\n'}
[8.608543] (px4_msgs) StdoutLine: {'line': b'-- Up-to-date: /home/em/ros_workspace_2025/nav_ws/install/px4_msgs/include/px4_msgs/px4_msgs/msg/collision_constraints.h\n'}
[8.608571] (px4_msgs) StdoutLine: {'line': b'-- Up-to-date: /home/em/ros_workspace_2025/nav_ws/install/px4_msgs/include/px4_msgs/px4_msgs/msg/rtl_status.h\n'}
[8.608597] (px4_msgs) StdoutLine: {'line': b'-- Up-to-date: /home/em/ros_workspace_2025/nav_ws/install/px4_msgs/include/px4_msgs/px4_msgs/msg/radio_status.h\n'}
[8.608622] (px4_msgs) StdoutLine: {'line': b'-- Up-to-date: /home/em/ros_workspace_2025/nav_ws/install/px4_msgs/include/px4_msgs/px4_msgs/msg/actuator_armed.h\n'}
[8.608647] (px4_msgs) StdoutLine: {'line': b'-- Up-to-date: /home/em/ros_workspace_2025/nav_ws/install/px4_msgs/include/px4_msgs/px4_msgs/msg/qshell_retval.h\n'}
[8.608669] (px4_msgs) StdoutLine: {'line': b'-- Up-to-date: /home/em/ros_workspace_2025/nav_ws/install/px4_msgs/include/px4_msgs/px4_msgs/msg/sensor_gnss_relative.h\n'}
[8.608692] (px4_msgs) StdoutLine: {'line': b'-- Up-to-date: /home/em/ros_workspace_2025/nav_ws/install/px4_msgs/include/px4_msgs/px4_msgs/msg/transponder_report.h\n'}
[8.608771] (px4_msgs) StdoutLine: {'line': b'-- Up-to-date: /home/em/ros_workspace_2025/nav_ws/install/px4_msgs/include/px4_msgs/px4_msgs/msg/rover_ackermann_setpoint.h\n'}
[8.608795] (px4_msgs) StdoutLine: {'line': b'-- Up-to-date: /home/em/ros_workspace_2025/nav_ws/install/px4_msgs/include/px4_msgs/px4_msgs/msg/orb_test_medium.h\n'}
[8.608855] (px4_msgs) StdoutLine: {'line': b'-- Up-to-date: /home/em/ros_workspace_2025/nav_ws/install/px4_msgs/include/px4_msgs/px4_msgs/msg/parameter_set_value_request.h\n'}
[8.608878] (px4_msgs) StdoutLine: {'line': b'-- Up-to-date: /home/em/ros_workspace_2025/nav_ws/install/px4_msgs/include/px4_msgs/px4_msgs/msg/adc_report.h\n'}
[8.608901] (px4_msgs) StdoutLine: {'line': b'-- Up-to-date: /home/em/ros_workspace_2025/nav_ws/install/px4_msgs/include/px4_msgs/px4_msgs/msg/control_allocator_status.h\n'}
[8.608927] (px4_msgs) StdoutLine: {'line': b'-- Up-to-date: /home/em/ros_workspace_2025/nav_ws/install/px4_msgs/include/px4_msgs/px4_msgs/msg/geofence_result.h\n'}
[8.608951] (px4_msgs) StdoutLine: {'line': b'-- Up-to-date: /home/em/ros_workspace_2025/nav_ws/install/px4_msgs/include/px4_msgs/px4_msgs/msg/gpio_in.h\n'}
[8.608975] (px4_msgs) StdoutLine: {'line': b'-- Up-to-date: /home/em/ros_workspace_2025/nav_ws/install/px4_msgs/include/px4_msgs/px4_msgs/msg/gimbal_manager_status.h\n'}
[8.608998] (px4_msgs) StdoutLine: {'line': b'-- Up-to-date: /home/em/ros_workspace_2025/nav_ws/install/px4_msgs/include/px4_msgs/px4_msgs/msg/vehicle_optical_flow.h\n'}
[8.609021] (px4_msgs) StdoutLine: {'line': b'-- Up-to-date: /home/em/ros_workspace_2025/nav_ws/install/px4_msgs/include/px4_msgs/px4_msgs/msg/orb_test.h\n'}
[8.609049] (px4_msgs) StdoutLine: {'line': b'-- Up-to-date: /home/em/ros_workspace_2025/nav_ws/install/px4_msgs/include/px4_msgs/px4_msgs/msg/actuator_servos_trim.h\n'}
[8.609070] (px4_msgs) StdoutLine: {'line': b'-- Up-to-date: /home/em/ros_workspace_2025/nav_ws/install/px4_msgs/include/px4_msgs/px4_msgs/msg/gimbal_device_attitude_status.h\n'}
[8.609350] (px4_msgs) StdoutLine: {'line': b'-- Up-to-date: /home/em/ros_workspace_2025/nav_ws/install/px4_msgs/include/px4_msgs/px4_msgs/msg/detail\n'}
[8.609468] (px4_msgs) StdoutLine: {'line': b'-- Up-to-date: /home/em/ros_workspace_2025/nav_ws/install/px4_msgs/include/px4_msgs/px4_msgs/msg/detail/flight_phase_estimation__functions.c\n'}
[8.609570] (px4_msgs) StdoutLine: {'line': b'-- Up-to-date: /home/em/ros_workspace_2025/nav_ws/install/px4_msgs/include/px4_msgs/px4_msgs/msg/detail/rover_mecanum_setpoint__type_support.h\n'}
[8.609671] (px4_msgs) StdoutLine: {'line': b'-- Up-to-date: /home/em/ros_workspace_2025/nav_ws/install/px4_msgs/include/px4_msgs/px4_msgs/msg/detail/actuator_motors__functions.h\n'}
[8.609765] (px4_msgs) StdoutLine: {'line': b'-- Up-to-date: /home/em/ros_workspace_2025/nav_ws/install/px4_msgs/include/px4_msgs/px4_msgs/msg/detail/sensor_gps__struct.h\n'}
[8.609866] (px4_msgs) StdoutLine: {'line': b'-- Up-to-date: /home/em/ros_workspace_2025/nav_ws/install/px4_msgs/include/px4_msgs/px4_msgs/msg/detail/tune_control__struct.h\n'}
[8.609962] (px4_msgs) StdoutLine: {'line': b'-- Up-to-date: /home/em/ros_workspace_2025/nav_ws/install/px4_msgs/include/px4_msgs/px4_msgs/msg/detail/manual_control_switches__functions.h\n'}
[8.610077] (px4_msgs) StdoutLine: {'line': b'-- Up-to-date: /home/em/ros_workspace_2025/nav_ws/install/px4_msgs/include/px4_msgs/px4_msgs/msg/detail/trajectory_bezier__struct.h\n'}
[8.610309] (px4_msgs) StdoutLine: {'line': b'-- Up-to-date: /home/em/ros_workspace_2025/nav_ws/install/px4_msgs/include/px4_msgs/px4_msgs/msg/detail/heater_status__functions.h\n'}
[8.610532] (px4_msgs) StdoutLine: {'line': b'-- Up-to-date: /home/em/ros_workspace_2025/nav_ws/install/px4_msgs/include/px4_msgs/px4_msgs/msg/detail/estimator_status__struct.h\n'}
[8.610633] (px4_msgs) StdoutLine: {'line': b'-- Up-to-date: /home/em/ros_workspace_2025/nav_ws/install/px4_msgs/include/px4_msgs/px4_msgs/msg/detail/estimator_states__functions.h\n'}
[8.610694] (px4_msgs) StdoutLine: {'line': b'-- Up-to-date: /home/em/ros_workspace_2025/nav_ws/install/px4_msgs/include/px4_msgs/px4_msgs/msg/detail/trajectory_waypoint__functions.c\n'}
[8.610752] (px4_msgs) StdoutLine: {'line': b'-- Up-to-date: /home/em/ros_workspace_2025/nav_ws/install/px4_msgs/include/px4_msgs/px4_msgs/msg/detail/parameter_set_used_request__type_support.h\n'}
[8.610810] (px4_msgs) StdoutLine: {'line': b'-- Up-to-date: /home/em/ros_workspace_2025/nav_ws/install/px4_msgs/include/px4_msgs/px4_msgs/msg/detail/mission_result__functions.h\n'}
[8.610868] (px4_msgs) StdoutLine: {'line': b'-- Up-to-date: /home/em/ros_workspace_2025/nav_ws/install/px4_msgs/include/px4_msgs/px4_msgs/msg/detail/debug_array__struct.h\n'}
[8.610927] (px4_msgs) StdoutLine: {'line': b'-- Up-to-date: /home/em/ros_workspace_2025/nav_ws/install/px4_msgs/include/px4_msgs/px4_msgs/msg/detail/vehicle_angular_acceleration_setpoint__struct.h\n'}
[8.610984] (px4_msgs) StdoutLine: {'line': b'-- Up-to-date: /home/em/ros_workspace_2025/nav_ws/install/px4_msgs/include/px4_msgs/px4_msgs/msg/detail/timesync_status__type_support.h\n'}
[8.611055] (px4_msgs) StdoutLine: {'line': b'-- Up-to-date: /home/em/ros_workspace_2025/nav_ws/install/px4_msgs/include/px4_msgs/px4_msgs/msg/detail/sensor_mag__functions.h\n'}
[8.611112] (px4_msgs) StdoutLine: {'line': b'-- Up-to-date: /home/em/ros_workspace_2025/nav_ws/install/px4_msgs/include/px4_msgs/px4_msgs/msg/detail/sensor_airflow__struct.h\n'}
[8.611168] (px4_msgs) StdoutLine: {'line': b'-- Up-to-date: /home/em/ros_workspace_2025/nav_ws/install/px4_msgs/include/px4_msgs/px4_msgs/msg/detail/gimbal_manager_status__functions.c\n'}
[8.611376] (px4_msgs) StdoutLine: {'line': b'-- Up-to-date: /home/em/ros_workspace_2025/nav_ws/install/px4_msgs/include/px4_msgs/px4_msgs/msg/detail/magnetometer_bias_estimate__type_support.h\n'}
[8.611470] (px4_msgs) StdoutLine: {'line': b'-- Up-to-date: /home/em/ros_workspace_2025/nav_ws/install/px4_msgs/include/px4_msgs/px4_msgs/msg/detail/sensor_combined__type_support.h\n'}
[8.611526] (px4_msgs) StdoutLine: {'line': b'-- Up-to-date: /home/em/ros_workspace_2025/nav_ws/install/px4_msgs/include/px4_msgs/px4_msgs/msg/detail/vehicle_imu_status__type_support.h\n'}
[8.611582] (px4_msgs) StdoutLine: {'line': b'-- Up-to-date: /home/em/ros_workspace_2025/nav_ws/install/px4_msgs/include/px4_msgs/px4_msgs/msg/detail/open_drone_id_arm_status__struct.h\n'}
[8.611649] (px4_msgs) StdoutLine: {'line': b'-- Up-to-date: /home/em/ros_workspace_2025/nav_ws/install/px4_msgs/include/px4_msgs/px4_msgs/msg/detail/rover_differential_status__type_support.h\n'}
[8.611706] (px4_msgs) StdoutLine: {'line': b'-- Up-to-date: /home/em/ros_workspace_2025/nav_ws/install/px4_msgs/include/px4_msgs/px4_msgs/msg/detail/vehicle_trajectory_bezier__functions.c\n'}
[8.611762] (px4_msgs) StdoutLine: {'line': b'-- Up-to-date: /home/em/ros_workspace_2025/nav_ws/install/px4_msgs/include/px4_msgs/px4_msgs/msg/detail/launch_detection_status__struct.h\n'}
[8.611818] (px4_msgs) StdoutLine: {'line': b'-- Up-to-date: /home/em/ros_workspace_2025/nav_ws/install/px4_msgs/include/px4_msgs/px4_msgs/msg/detail/event__functions.h\n'}
[8.611873] (px4_msgs) StdoutLine: {'line': b'-- Up-to-date: /home/em/ros_workspace_2025/nav_ws/install/px4_msgs/include/px4_msgs/px4_msgs/msg/detail/vehicle_constraints__type_support.h\n'}
[8.611929] (px4_msgs) StdoutLine: {'line': b'-- Up-to-date: /home/em/ros_workspace_2025/nav_ws/install/px4_msgs/include/px4_msgs/px4_msgs/msg/detail/pps_capture__struct.h\n'}
[8.611985] (px4_msgs) StdoutLine: {'line': b'-- Up-to-date: /home/em/ros_workspace_2025/nav_ws/install/px4_msgs/include/px4_msgs/px4_msgs/msg/detail/estimator_states__struct.h\n'}
[8.612041] (px4_msgs) StdoutLine: {'line': b'-- Up-to-date: /home/em/ros_workspace_2025/nav_ws/install/px4_msgs/include/px4_msgs/px4_msgs/msg/detail/open_drone_id_arm_status__type_support.h\n'}
[8.612184] (px4_msgs) StdoutLine: {'line': b'-- Up-to-date: /home/em/ros_workspace_2025/nav_ws/install/px4_msgs/include/px4_msgs/px4_msgs/msg/detail/failsafe_flags__functions.c\n'}
[8.612345] (px4_msgs) StdoutLine: {'line': b'-- Up-to-date: /home/em/ros_workspace_2025/nav_ws/install/px4_msgs/include/px4_msgs/px4_msgs/msg/detail/orb_test_medium__functions.c\n'}
[8.612404] (px4_msgs) StdoutLine: {'line': b'-- Up-to-date: /home/em/ros_workspace_2025/nav_ws/install/px4_msgs/include/px4_msgs/px4_msgs/msg/detail/adc_report__functions.h\n'}
[8.612461] (px4_msgs) StdoutLine: {'line': b'-- Up-to-date: /home/em/ros_workspace_2025/nav_ws/install/px4_msgs/include/px4_msgs/px4_msgs/msg/detail/parameter_set_value_response__struct.h\n'}
[8.612530] (px4_msgs) StdoutLine: {'line': b'-- Up-to-date: /home/em/ros_workspace_2025/nav_ws/install/px4_msgs/include/px4_msgs/px4_msgs/msg/detail/gpio_config__type_support.h\n'}
[8.612588] (px4_msgs) StdoutLine: {'line': b'-- Up-to-date: /home/em/ros_workspace_2025/nav_ws/install/px4_msgs/include/px4_msgs/px4_msgs/msg/detail/arming_check_reply__functions.h\n'}
[8.612644] (px4_msgs) StdoutLine: {'line': b'-- Up-to-date: /home/em/ros_workspace_2025/nav_ws/install/px4_msgs/include/px4_msgs/px4_msgs/msg/detail/trajectory_bezier__functions.h\n'}
[8.612731] (px4_msgs) StdoutLine: {'line': b'-- Up-to-date: /home/em/ros_workspace_2025/nav_ws/install/px4_msgs/include/px4_msgs/px4_msgs/msg/detail/vehicle_thrust_setpoint__functions.c\n'}
[8.612881] (px4_msgs) StdoutLine: {'line': b'-- Up-to-date: /home/em/ros_workspace_2025/nav_ws/install/px4_msgs/include/px4_msgs/px4_msgs/msg/detail/position_setpoint_triplet__functions.h\n'}
[8.612938] (px4_msgs) StdoutLine: {'line': b'-- Up-to-date: /home/em/ros_workspace_2025/nav_ws/install/px4_msgs/include/px4_msgs/px4_msgs/msg/detail/sensors_status__functions.h\n'}
[8.612995] (px4_msgs) StdoutLine: {'line': b'-- Up-to-date: /home/em/ros_workspace_2025/nav_ws/install/px4_msgs/include/px4_msgs/px4_msgs/msg/detail/action_request__struct.h\n'}
[8.613052] (px4_msgs) StdoutLine: {'line': b'-- Up-to-date: /home/em/ros_workspace_2025/nav_ws/install/px4_msgs/include/px4_msgs/px4_msgs/msg/detail/estimator_aid_source2d__functions.c\n'}
[8.613113] (px4_msgs) StdoutLine: {'line': b'-- Up-to-date: /home/em/ros_workspace_2025/nav_ws/install/px4_msgs/include/px4_msgs/px4_msgs/msg/detail/differential_pressure__functions.h\n'}
[8.613180] (px4_msgs) StdoutLine: {'line': b'-- Up-to-date: /home/em/ros_workspace_2025/nav_ws/install/px4_msgs/include/px4_msgs/px4_msgs/msg/detail/pps_capture__type_support.h\n'}
[8.613252] (px4_msgs) StdoutLine: {'line': b'-- Up-to-date: /home/em/ros_workspace_2025/nav_ws/install/px4_msgs/include/px4_msgs/px4_msgs/msg/detail/heater_status__functions.c\n'}
[8.613393] (px4_msgs) StdoutLine: {'line': b'-- Up-to-date: /home/em/ros_workspace_2025/nav_ws/install/px4_msgs/include/px4_msgs/px4_msgs/msg/detail/camera_capture__functions.h\n'}
[8.613486] (px4_msgs) StdoutLine: {'line': b'-- Up-to-date: /home/em/ros_workspace_2025/nav_ws/install/px4_msgs/include/px4_msgs/px4_msgs/msg/detail/event__functions.c\n'}
[8.613580] (px4_msgs) StdoutLine: {'line': b'-- Up-to-date: /home/em/ros_workspace_2025/nav_ws/install/px4_msgs/include/px4_msgs/px4_msgs/msg/detail/generator_status__type_support.h\n'}
[8.613671] (px4_msgs) StdoutLine: {'line': b'-- Up-to-date: /home/em/ros_workspace_2025/nav_ws/install/px4_msgs/include/px4_msgs/px4_msgs/msg/detail/vehicle_attitude__functions.c\n'}
[8.613758] (px4_msgs) StdoutLine: {'line': b'-- Up-to-date: /home/em/ros_workspace_2025/nav_ws/install/px4_msgs/include/px4_msgs/px4_msgs/msg/detail/gimbal_device_set_attitude__struct.h\n'}
[8.613850] (px4_msgs) StdoutLine: {'line': b'-- Up-to-date: /home/em/ros_workspace_2025/nav_ws/install/px4_msgs/include/px4_msgs/px4_msgs/msg/detail/actuator_outputs__struct.h\n'}
[8.613941] (px4_msgs) StdoutLine: {'line': b'-- Up-to-date: /home/em/ros_workspace_2025/nav_ws/install/px4_msgs/include/px4_msgs/px4_msgs/msg/detail/vehicle_trajectory_waypoint__struct.h\n'}
[8.614034] (px4_msgs) StdoutLine: {'line': b'-- Up-to-date: /home/em/ros_workspace_2025/nav_ws/install/px4_msgs/include/px4_msgs/px4_msgs/msg/detail/gimbal_manager_information__type_support.h\n'}
[8.614108] (px4_msgs) StdoutLine: {'line': b'-- Up-to-date: /home/em/ros_workspace_2025/nav_ws/install/px4_msgs/include/px4_msgs/px4_msgs/msg/detail/rover_differential_status__functions.h\n'}
[8.614406] (px4_msgs) StdoutLine: {'line': b'-- Up-to-date: /home/em/ros_workspace_2025/nav_ws/install/px4_msgs/include/px4_msgs/px4_msgs/msg/detail/vehicle_global_position__type_support.h\n'}
[8.614461] (px4_msgs) StdoutLine: {'line': b'-- Up-to-date: /home/em/ros_workspace_2025/nav_ws/install/px4_msgs/include/px4_msgs/px4_msgs/msg/detail/irlock_report__type_support.h\n'}
[8.614497] (px4_msgs) StdoutLine: {'line': b'-- Up-to-date: /home/em/ros_workspace_2025/nav_ws/install/px4_msgs/include/px4_msgs/px4_msgs/msg/detail/onboard_computer_status__functions.h\n'}
[8.614528] (px4_msgs) StdoutLine: {'line': b'-- Up-to-date: /home/em/ros_workspace_2025/nav_ws/install/px4_msgs/include/px4_msgs/px4_msgs/msg/detail/distance_sensor_mode_change_request__struct.h\n'}
[8.614559] (px4_msgs) StdoutLine: {'line': b'-- Up-to-date: /home/em/ros_workspace_2025/nav_ws/install/px4_msgs/include/px4_msgs/px4_msgs/msg/detail/velocity_limits__functions.h\n'}
[8.614619] (px4_msgs) StdoutLine: {'line': b'-- Up-to-date: /home/em/ros_workspace_2025/nav_ws/install/px4_msgs/include/px4_msgs/px4_msgs/msg/detail/yaw_estimator_status__functions.h\n'}
[8.614650] (px4_msgs) StdoutLine: {'line': b'-- Up-to-date: /home/em/ros_workspace_2025/nav_ws/install/px4_msgs/include/px4_msgs/px4_msgs/msg/detail/vehicle_constraints__struct.h\n'}
[8.614676] (px4_msgs) StdoutLine: {'line': b'-- Up-to-date: /home/em/ros_workspace_2025/nav_ws/install/px4_msgs/include/px4_msgs/px4_msgs/msg/detail/airspeed__functions.c\n'}
[8.614705] (px4_msgs) StdoutLine: {'line': b'-- Up-to-date: /home/em/ros_workspace_2025/nav_ws/install/px4_msgs/include/px4_msgs/px4_msgs/msg/detail/event__struct.h\n'}
[8.614733] (px4_msgs) StdoutLine: {'line': b'-- Up-to-date: /home/em/ros_workspace_2025/nav_ws/install/px4_msgs/include/px4_msgs/px4_msgs/msg/detail/telemetry_status__type_support.h\n'}
[8.614763] (px4_msgs) StdoutLine: {'line': b'-- Up-to-date: /home/em/ros_workspace_2025/nav_ws/install/px4_msgs/include/px4_msgs/px4_msgs/msg/detail/rate_ctrl_status__functions.h\n'}
[8.614791] (px4_msgs) StdoutLine: {'line': b'-- Up-to-date: /home/em/ros_workspace_2025/nav_ws/install/px4_msgs/include/px4_msgs/px4_msgs/msg/detail/debug_vect__functions.h\n'}
[8.614818] (px4_msgs) StdoutLine: {'line': b'-- Up-to-date: /home/em/ros_workspace_2025/nav_ws/install/px4_msgs/include/px4_msgs/px4_msgs/msg/detail/sensor_combined__functions.h\n'}
[8.614845] (px4_msgs) StdoutLine: {'line': b'-- Up-to-date: /home/em/ros_workspace_2025/nav_ws/install/px4_msgs/include/px4_msgs/px4_msgs/msg/detail/vehicle_thrust_setpoint__struct.h\n'}
[8.614874] (px4_msgs) StdoutLine: {'line': b'-- Up-to-date: /home/em/ros_workspace_2025/nav_ws/install/px4_msgs/include/px4_msgs/px4_msgs/msg/detail/open_drone_id_system__functions.c\n'}
[8.614902] (px4_msgs) StdoutLine: {'line': b'-- Up-to-date: /home/em/ros_workspace_2025/nav_ws/install/px4_msgs/include/px4_msgs/px4_msgs/msg/detail/control_allocator_status__functions.c\n'}
[8.614928] (px4_msgs) StdoutLine: {'line': b'-- Up-to-date: /home/em/ros_workspace_2025/nav_ws/install/px4_msgs/include/px4_msgs/px4_msgs/msg/detail/rover_mecanum_status__struct.h\n'}
[8.614955] (px4_msgs) StdoutLine: {'line': b'-- Up-to-date: /home/em/ros_workspace_2025/nav_ws/install/px4_msgs/include/px4_msgs/px4_msgs/msg/detail/power_button_state__struct.h\n'}
[8.614981] (px4_msgs) StdoutLine: {'line': b'-- Up-to-date: /home/em/ros_workspace_2025/nav_ws/install/px4_msgs/include/px4_msgs/px4_msgs/msg/detail/landing_gear_wheel__functions.c\n'}
[8.615007] (px4_msgs) StdoutLine: {'line': b'-- Up-to-date: /home/em/ros_workspace_2025/nav_ws/install/px4_msgs/include/px4_msgs/px4_msgs/msg/detail/geofence_result__struct.h\n'}
[8.615034] (px4_msgs) StdoutLine: {'line': b'-- Up-to-date: /home/em/ros_workspace_2025/nav_ws/install/px4_msgs/include/px4_msgs/px4_msgs/msg/detail/airspeed_validated__functions.h\n'}
[8.615059] (px4_msgs) StdoutLine: {'line': b'-- Up-to-date: /home/em/ros_workspace_2025/nav_ws/install/px4_msgs/include/px4_msgs/px4_msgs/msg/detail/vehicle_command__type_support.h\n'}
[8.615084] (px4_msgs) StdoutLine: {'line': b'-- Up-to-date: /home/em/ros_workspace_2025/nav_ws/install/px4_msgs/include/px4_msgs/px4_msgs/msg/detail/differential_pressure__struct.h\n'}
[8.615109] (px4_msgs) StdoutLine: {'line': b'-- Up-to-date: /home/em/ros_workspace_2025/nav_ws/install/px4_msgs/include/px4_msgs/px4_msgs/msg/detail/launch_detection_status__type_support.h\n'}
[8.615135] (px4_msgs) StdoutLine: {'line': b'-- Up-to-date: /home/em/ros_workspace_2025/nav_ws/install/px4_msgs/include/px4_msgs/px4_msgs/msg/detail/arming_check_request__functions.c\n'}
[8.615163] (px4_msgs) StdoutLine: {'line': b'-- Up-to-date: /home/em/ros_workspace_2025/nav_ws/install/px4_msgs/include/px4_msgs/px4_msgs/msg/detail/estimator_bias3d__functions.c\n'}
[8.615252] (px4_msgs) StdoutLine: {'line': b'-- Up-to-date: /home/em/ros_workspace_2025/nav_ws/install/px4_msgs/include/px4_msgs/px4_msgs/msg/detail/gpio_out__functions.c\n'}
[8.615378] (px4_msgs) StdoutLine: {'line': b'-- Up-to-date: /home/em/ros_workspace_2025/nav_ws/install/px4_msgs/include/px4_msgs/px4_msgs/msg/detail/led_control__functions.c\n'}
[8.615407] (px4_msgs) StdoutLine: {'line': b'-- Up-to-date: /home/em/ros_workspace_2025/nav_ws/install/px4_msgs/include/px4_msgs/px4_msgs/msg/detail/control_allocator_status__type_support.h\n'}
[8.615437] (px4_msgs) StdoutLine: {'line': b'-- Up-to-date: /home/em/ros_workspace_2025/nav_ws/install/px4_msgs/include/px4_msgs/px4_msgs/msg/detail/gripper__functions.h\n'}
[8.615467] (px4_msgs) StdoutLine: {'line': b'-- Up-to-date: /home/em/ros_workspace_2025/nav_ws/install/px4_msgs/include/px4_msgs/px4_msgs/msg/detail/parameter_set_value_request__functions.h\n'}
[8.615496] (px4_msgs) StdoutLine: {'line': b'-- Up-to-date: /home/em/ros_workspace_2025/nav_ws/install/px4_msgs/include/px4_msgs/px4_msgs/msg/detail/landing_gear_wheel__functions.h\n'}
[8.615526] (px4_msgs) StdoutLine: {'line': b'-- Up-to-date: /home/em/ros_workspace_2025/nav_ws/install/px4_msgs/include/px4_msgs/px4_msgs/msg/detail/follow_target_status__type_support.h\n'}
[8.615561] (px4_msgs) StdoutLine: {'line': b'-- Up-to-date: /home/em/ros_workspace_2025/nav_ws/install/px4_msgs/include/px4_msgs/px4_msgs/msg/detail/follow_target_status__struct.h\n'}
[8.615614] (px4_msgs) StdoutLine: {'line': b'-- Up-to-date: /home/em/ros_workspace_2025/nav_ws/install/px4_msgs/include/px4_msgs/px4_msgs/msg/detail/camera_trigger__functions.h\n'}
[8.615643] (px4_msgs) StdoutLine: {'line': b'-- Up-to-date: /home/em/ros_workspace_2025/nav_ws/install/px4_msgs/include/px4_msgs/px4_msgs/msg/detail/position_controller_status__functions.h\n'}
[8.615671] (px4_msgs) StdoutLine: {'line': b'-- Up-to-date: /home/em/ros_workspace_2025/nav_ws/install/px4_msgs/include/px4_msgs/px4_msgs/msg/detail/orb_test__functions.c\n'}
[8.615745] (px4_msgs) StdoutLine: {'line': b'-- Up-to-date: /home/em/ros_workspace_2025/nav_ws/install/px4_msgs/include/px4_msgs/px4_msgs/msg/detail/vehicle_imu__struct.h\n'}
[8.615797] (px4_msgs) StdoutLine: {'line': b'-- Up-to-date: /home/em/ros_workspace_2025/nav_ws/install/px4_msgs/include/px4_msgs/px4_msgs/msg/detail/position_controller_landing_status__functions.c\n'}
[8.615825] (px4_msgs) StdoutLine: {'line': b'-- Up-to-date: /home/em/ros_workspace_2025/nav_ws/install/px4_msgs/include/px4_msgs/px4_msgs/msg/detail/estimator_aid_source2d__type_support.h\n'}
[8.615853] (px4_msgs) StdoutLine: {'line': b'-- Up-to-date: /home/em/ros_workspace_2025/nav_ws/install/px4_msgs/include/px4_msgs/px4_msgs/msg/detail/parameter_set_value_response__functions.h\n'}
[8.615878] (px4_msgs) StdoutLine: {'line': b'-- Up-to-date: /home/em/ros_workspace_2025/nav_ws/install/px4_msgs/include/px4_msgs/px4_msgs/msg/detail/ping__struct.h\n'}
[8.615903] (px4_msgs) StdoutLine: {'line': b'-- Up-to-date: /home/em/ros_workspace_2025/nav_ws/install/px4_msgs/include/px4_msgs/px4_msgs/msg/detail/wind__type_support.h\n'}
[8.615930] (px4_msgs) StdoutLine: {'line': b'-- Up-to-date: /home/em/ros_workspace_2025/nav_ws/install/px4_msgs/include/px4_msgs/px4_msgs/msg/detail/debug_key_value__functions.h\n'}
[8.615957] (px4_msgs) StdoutLine: {'line': b'-- Up-to-date: /home/em/ros_workspace_2025/nav_ws/install/px4_msgs/include/px4_msgs/px4_msgs/msg/detail/sensor_mag__struct.h\n'}
[8.615983] (px4_msgs) StdoutLine: {'line': b'-- Up-to-date: /home/em/ros_workspace_2025/nav_ws/install/px4_msgs/include/px4_msgs/px4_msgs/msg/detail/pwm_input__functions.h\n'}
[8.616011] (px4_msgs) StdoutLine: {'line': b'-- Up-to-date: /home/em/ros_workspace_2025/nav_ws/install/px4_msgs/include/px4_msgs/px4_msgs/msg/detail/gps_inject_data__struct.h\n'}
[8.616038] (px4_msgs) StdoutLine: {'line': b'-- Up-to-date: /home/em/ros_workspace_2025/nav_ws/install/px4_msgs/include/px4_msgs/px4_msgs/msg/detail/ulog_stream_ack__type_support.h\n'}
[8.616065] (px4_msgs) StdoutLine: {'line': b'-- Up-to-date: /home/em/ros_workspace_2025/nav_ws/install/px4_msgs/include/px4_msgs/px4_msgs/msg/detail/landing_gear__functions.h\n'}
[8.616093] (px4_msgs) StdoutLine: {'line': b'-- Up-to-date: /home/em/ros_workspace_2025/nav_ws/install/px4_msgs/include/px4_msgs/px4_msgs/msg/detail/mavlink_tunnel__type_support.h\n'}
[8.616119] (px4_msgs) StdoutLine: {'line': b'-- Up-to-date: /home/em/ros_workspace_2025/nav_ws/install/px4_msgs/include/px4_msgs/px4_msgs/msg/detail/airspeed__functions.h\n'}
[8.616150] (px4_msgs) StdoutLine: {'line': b'-- Up-to-date: /home/em/ros_workspace_2025/nav_ws/install/px4_msgs/include/px4_msgs/px4_msgs/msg/detail/health_report__functions.h\n'}
[8.616184] (px4_msgs) StdoutLine: {'line': b'-- Up-to-date: /home/em/ros_workspace_2025/nav_ws/install/px4_msgs/include/px4_msgs/px4_msgs/msg/detail/estimator_aid_source3d__type_support.h\n'}
[8.616253] (px4_msgs) StdoutLine: {'line': b'-- Up-to-date: /home/em/ros_workspace_2025/nav_ws/install/px4_msgs/include/px4_msgs/px4_msgs/msg/detail/position_setpoint__type_support.h\n'}
[8.616316] (px4_msgs) StdoutLine: {'line': b'-- Up-to-date: /home/em/ros_workspace_2025/nav_ws/install/px4_msgs/include/px4_msgs/px4_msgs/msg/detail/px4io_status__type_support.h\n'}
[8.616396] (px4_msgs) StdoutLine: {'line': b'-- Up-to-date: /home/em/ros_workspace_2025/nav_ws/install/px4_msgs/include/px4_msgs/px4_msgs/msg/detail/vehicle_trajectory_waypoint__type_support.h\n'}
[8.616486] (px4_msgs) StdoutLine: {'line': b'-- Up-to-date: /home/em/ros_workspace_2025/nav_ws/install/px4_msgs/include/px4_msgs/px4_msgs/msg/detail/debug_vect__type_support.h\n'}
[8.616549] (px4_msgs) StdoutLine: {'line': b'-- Up-to-date: /home/em/ros_workspace_2025/nav_ws/install/px4_msgs/include/px4_msgs/px4_msgs/msg/detail/vehicle_imu_status__functions.c\n'}
[8.616575] (px4_msgs) StdoutLine: {'line': b'-- Up-to-date: /home/em/ros_workspace_2025/nav_ws/install/px4_msgs/include/px4_msgs/px4_msgs/msg/detail/rc_parameter_map__functions.h\n'}
[8.616600] (px4_msgs) StdoutLine: {'line': b'-- Up-to-date: /home/em/ros_workspace_2025/nav_ws/install/px4_msgs/include/px4_msgs/px4_msgs/msg/detail/follow_target__functions.h\n'}
[8.616625] (px4_msgs) StdoutLine: {'line': b'-- Up-to-date: /home/em/ros_workspace_2025/nav_ws/install/px4_msgs/include/px4_msgs/px4_msgs/msg/detail/sensor_hygrometer__struct.h\n'}
[8.616648] (px4_msgs) StdoutLine: {'line': b'-- Up-to-date: /home/em/ros_workspace_2025/nav_ws/install/px4_msgs/include/px4_msgs/px4_msgs/msg/detail/buffer128__functions.h\n'}
[8.616678] (px4_msgs) StdoutLine: {'line': b'-- Up-to-date: /home/em/ros_workspace_2025/nav_ws/install/px4_msgs/include/px4_msgs/px4_msgs/msg/detail/mavlink_log__functions.h\n'}
[8.616717] (px4_msgs) StdoutLine: {'line': b'-- Up-to-date: /home/em/ros_workspace_2025/nav_ws/install/px4_msgs/include/px4_msgs/px4_msgs/msg/detail/vehicle_constraints__functions.h\n'}
[8.616762] (px4_msgs) StdoutLine: {'line': b'-- Up-to-date: /home/em/ros_workspace_2025/nav_ws/install/px4_msgs/include/px4_msgs/px4_msgs/msg/detail/mag_worker_data__type_support.h\n'}
[8.616804] (px4_msgs) StdoutLine: {'line': b'-- Up-to-date: /home/em/ros_workspace_2025/nav_ws/install/px4_msgs/include/px4_msgs/px4_msgs/msg/detail/vehicle_control_mode__functions.h\n'}
[8.617046] (px4_msgs) StdoutLine: {'line': b'-- Up-to-date: /home/em/ros_workspace_2025/nav_ws/install/px4_msgs/include/px4_msgs/px4_msgs/msg/detail/dataman_request__type_support.h\n'}
[8.617146] (px4_msgs) StdoutLine: {'line': b'-- Up-to-date: /home/em/ros_workspace_2025/nav_ws/install/px4_msgs/include/px4_msgs/px4_msgs/msg/detail/vehicle_global_position__struct.h\n'}
[8.617230] (px4_msgs) StdoutLine: {'line': b'-- Up-to-date: /home/em/ros_workspace_2025/nav_ws/install/px4_msgs/include/px4_msgs/px4_msgs/msg/detail/landing_gear__struct.h\n'}
[8.617302] (px4_msgs) StdoutLine: {'line': b'-- Up-to-date: /home/em/ros_workspace_2025/nav_ws/install/px4_msgs/include/px4_msgs/px4_msgs/msg/detail/rover_differential_guidance_status__type_support.h\n'}
[8.617366] (px4_msgs) StdoutLine: {'line': b'-- Up-to-date: /home/em/ros_workspace_2025/nav_ws/install/px4_msgs/include/px4_msgs/px4_msgs/msg/detail/iridiumsbd_status__functions.h\n'}
[8.617427] (px4_msgs) StdoutLine: {'line': b'-- Up-to-date: /home/em/ros_workspace_2025/nav_ws/install/px4_msgs/include/px4_msgs/px4_msgs/msg/detail/estimator_sensor_bias__type_support.h\n'}
[8.617512] (px4_msgs) StdoutLine: {'line': b'-- Up-to-date: /home/em/ros_workspace_2025/nav_ws/install/px4_msgs/include/px4_msgs/px4_msgs/msg/detail/cellular_status__functions.h\n'}
[8.617583] (px4_msgs) StdoutLine: {'line': b'-- Up-to-date: /home/em/ros_workspace_2025/nav_ws/install/px4_msgs/include/px4_msgs/px4_msgs/msg/detail/actuator_servos_trim__functions.c\n'}
[8.617616] (px4_msgs) StdoutLine: {'line': b'-- Up-to-date: /home/em/ros_workspace_2025/nav_ws/install/px4_msgs/include/px4_msgs/px4_msgs/msg/detail/position_setpoint_triplet__type_support.h\n'}
[8.617647] (px4_msgs) StdoutLine: {'line': b'-- Up-to-date: /home/em/ros_workspace_2025/nav_ws/install/px4_msgs/include/px4_msgs/px4_msgs/msg/detail/sensor_gyro_fft__functions.h\n'}
[8.617699] (px4_msgs) StdoutLine: {'line': b'-- Up-to-date: /home/em/ros_workspace_2025/nav_ws/install/px4_msgs/include/px4_msgs/px4_msgs/msg/detail/vehicle_odometry__struct.h\n'}
[8.617734] (px4_msgs) StdoutLine: {'line': b'-- Up-to-date: /home/em/ros_workspace_2025/nav_ws/install/px4_msgs/include/px4_msgs/px4_msgs/msg/detail/sensors_status_imu__struct.h\n'}
[8.617758] (px4_msgs) StdoutLine: {'line': b'-- Up-to-date: /home/em/ros_workspace_2025/nav_ws/install/px4_msgs/include/px4_msgs/px4_msgs/msg/detail/gimbal_controls__struct.h\n'}
[8.617780] (px4_msgs) StdoutLine: {'line': b'-- Up-to-date: /home/em/ros_workspace_2025/nav_ws/install/px4_msgs/include/px4_msgs/px4_msgs/msg/detail/battery_status__struct.h\n'}
[8.617802] (px4_msgs) StdoutLine: {'line': b'-- Up-to-date: /home/em/ros_workspace_2025/nav_ws/install/px4_msgs/include/px4_msgs/px4_msgs/msg/detail/vehicle_local_position_setpoint__functions.c\n'}
[8.617834] (px4_msgs) StdoutLine: {'line': b'-- Up-to-date: /home/em/ros_workspace_2025/nav_ws/install/px4_msgs/include/px4_msgs/px4_msgs/msg/detail/vtol_vehicle_status__struct.h\n'}
[8.617868] (px4_msgs) StdoutLine: {'line': b'-- Up-to-date: /home/em/ros_workspace_2025/nav_ws/install/px4_msgs/include/px4_msgs/px4_msgs/msg/detail/open_drone_id_system__struct.h\n'}
[8.617899] (px4_msgs) StdoutLine: {'line': b'-- Up-to-date: /home/em/ros_workspace_2025/nav_ws/install/px4_msgs/include/px4_msgs/px4_msgs/msg/detail/estimator_aid_source3d__struct.h\n'}
[8.617931] (px4_msgs) StdoutLine: {'line': b'-- Up-to-date: /home/em/ros_workspace_2025/nav_ws/install/px4_msgs/include/px4_msgs/px4_msgs/msg/detail/mavlink_tunnel__struct.h\n'}
[8.617989] (px4_msgs) StdoutLine: {'line': b'-- Up-to-date: /home/em/ros_workspace_2025/nav_ws/install/px4_msgs/include/px4_msgs/px4_msgs/msg/detail/actuator_servos__type_support.h\n'}
[8.618022] (px4_msgs) StdoutLine: {'line': b'-- Up-to-date: /home/em/ros_workspace_2025/nav_ws/install/px4_msgs/include/px4_msgs/px4_msgs/msg/detail/internal_combustion_engine_status__type_support.h\n'}
[8.618054] (px4_msgs) StdoutLine: {'line': b'-- Up-to-date: /home/em/ros_workspace_2025/nav_ws/install/px4_msgs/include/px4_msgs/px4_msgs/msg/detail/register_ext_component_request__struct.h\n'}
[8.618085] (px4_msgs) StdoutLine: {'line': b'-- Up-to-date: /home/em/ros_workspace_2025/nav_ws/install/px4_msgs/include/px4_msgs/px4_msgs/msg/detail/system_power__type_support.h\n'}
[8.618114] (px4_msgs) StdoutLine: {'line': b'-- Up-to-date: /home/em/ros_workspace_2025/nav_ws/install/px4_msgs/include/px4_msgs/px4_msgs/msg/detail/sensor_airflow__type_support.h\n'}
[8.618147] (px4_msgs) StdoutLine: {'line': b'-- Up-to-date: /home/em/ros_workspace_2025/nav_ws/install/px4_msgs/include/px4_msgs/px4_msgs/msg/detail/uavcan_parameter_request__functions.h\n'}
[8.618232] (px4_msgs) StdoutLine: {'line': b'-- Up-to-date: /home/em/ros_workspace_2025/nav_ws/install/px4_msgs/include/px4_msgs/px4_msgs/msg/detail/sensor_gps__functions.c\n'}
[8.618329] (px4_msgs) StdoutLine: {'line': b'-- Up-to-date: /home/em/ros_workspace_2025/nav_ws/install/px4_msgs/include/px4_msgs/px4_msgs/msg/detail/unregister_ext_component__functions.h\n'}
[8.618364] (px4_msgs) StdoutLine: {'line': b'-- Up-to-date: /home/em/ros_workspace_2025/nav_ws/install/px4_msgs/include/px4_msgs/px4_msgs/msg/detail/hover_thrust_estimate__functions.c\n'}
[8.618413] (px4_msgs) StdoutLine: {'line': b'-- Up-to-date: /home/em/ros_workspace_2025/nav_ws/install/px4_msgs/include/px4_msgs/px4_msgs/msg/detail/generator_status__struct.h\n'}
[8.618442] (px4_msgs) StdoutLine: {'line': b'-- Up-to-date: /home/em/ros_workspace_2025/nav_ws/install/px4_msgs/include/px4_msgs/px4_msgs/msg/detail/actuator_servos__functions.c\n'}
[8.618469] (px4_msgs) StdoutLine: {'line': b'-- Up-to-date: /home/em/ros_workspace_2025/nav_ws/install/px4_msgs/include/px4_msgs/px4_msgs/msg/detail/ulog_stream_ack__functions.h\n'}
[8.618496] (px4_msgs) StdoutLine: {'line': b'-- Up-to-date: /home/em/ros_workspace_2025/nav_ws/install/px4_msgs/include/px4_msgs/px4_msgs/msg/detail/sensor_baro__functions.h\n'}
[8.618521] (px4_msgs) StdoutLine: {'line': b'-- Up-to-date: /home/em/ros_workspace_2025/nav_ws/install/px4_msgs/include/px4_msgs/px4_msgs/msg/detail/arming_check_request__type_support.h\n'}
[8.618549] (px4_msgs) StdoutLine: {'line': b'-- Up-to-date: /home/em/ros_workspace_2025/nav_ws/install/px4_msgs/include/px4_msgs/px4_msgs/msg/detail/task_stack_info__functions.c\n'}
[8.618583] (px4_msgs) StdoutLine: {'line': b'-- Up-to-date: /home/em/ros_workspace_2025/nav_ws/install/px4_msgs/include/px4_msgs/px4_msgs/msg/detail/trajectory_waypoint__struct.h\n'}
[8.618616] (px4_msgs) StdoutLine: {'line': b'-- Up-to-date: /home/em/ros_workspace_2025/nav_ws/install/px4_msgs/include/px4_msgs/px4_msgs/msg/detail/autotune_attitude_control_status__functions.c\n'}
[8.618651] (px4_msgs) StdoutLine: {'line': b'-- Up-to-date: /home/em/ros_workspace_2025/nav_ws/install/px4_msgs/include/px4_msgs/px4_msgs/msg/detail/geofence_result__type_support.h\n'}
[8.618677] (px4_msgs) StdoutLine: {'line': b'-- Up-to-date: /home/em/ros_workspace_2025/nav_ws/install/px4_msgs/include/px4_msgs/px4_msgs/msg/detail/gpio_config__functions.h\n'}
[8.618703] (px4_msgs) StdoutLine: {'line': b'-- Up-to-date: /home/em/ros_workspace_2025/nav_ws/install/px4_msgs/include/px4_msgs/px4_msgs/msg/detail/camera_trigger__type_support.h\n'}
[8.618728] (px4_msgs) StdoutLine: {'line': b'-- Up-to-date: /home/em/ros_workspace_2025/nav_ws/install/px4_msgs/include/px4_msgs/px4_msgs/msg/detail/sensor_accel_fifo__type_support.h\n'}
[8.618753] (px4_msgs) StdoutLine: {'line': b'-- Up-to-date: /home/em/ros_workspace_2025/nav_ws/install/px4_msgs/include/px4_msgs/px4_msgs/msg/detail/sensor_optical_flow__functions.c\n'}
[8.618807] (px4_msgs) StdoutLine: {'line': b'-- Up-to-date: /home/em/ros_workspace_2025/nav_ws/install/px4_msgs/include/px4_msgs/px4_msgs/msg/detail/offboard_control_mode__type_support.h\n'}
[8.619051] (px4_msgs) StdoutLine: {'line': b'-- Up-to-date: /home/em/ros_workspace_2025/nav_ws/install/px4_msgs/include/px4_msgs/px4_msgs/msg/detail/open_drone_id_arm_status__functions.c\n'}
[8.619124] (px4_msgs) StdoutLine: {'line': b'-- Up-to-date: /home/em/ros_workspace_2025/nav_ws/install/px4_msgs/include/px4_msgs/px4_msgs/msg/detail/vehicle_command_ack__functions.c\n'}
[8.619187] (px4_msgs) StdoutLine: {'line': b'-- Up-to-date: /home/em/ros_workspace_2025/nav_ws/install/px4_msgs/include/px4_msgs/px4_msgs/msg/detail/figure_eight_status__functions.h\n'}
[8.619344] (px4_msgs) StdoutLine: {'line': b'-- Up-to-date: /home/em/ros_workspace_2025/nav_ws/install/px4_msgs/include/px4_msgs/px4_msgs/msg/detail/estimator_event_flags__type_support.h\n'}
[8.619422] (px4_msgs) StdoutLine: {'line': b'-- Up-to-date: /home/em/ros_workspace_2025/nav_ws/install/px4_msgs/include/px4_msgs/px4_msgs/msg/detail/button_event__struct.h\n'}
[8.619481] (px4_msgs) StdoutLine: {'line': b'-- Up-to-date: /home/em/ros_workspace_2025/nav_ws/install/px4_msgs/include/px4_msgs/px4_msgs/msg/detail/collision_report__functions.c\n'}
[8.619540] (px4_msgs) StdoutLine: {'line': b'-- Up-to-date: /home/em/ros_workspace_2025/nav_ws/install/px4_msgs/include/px4_msgs/px4_msgs/msg/detail/ping__functions.c\n'}
[8.619598] (px4_msgs) StdoutLine: {'line': b'-- Up-to-date: /home/em/ros_workspace_2025/nav_ws/install/px4_msgs/include/px4_msgs/px4_msgs/msg/detail/vehicle_magnetometer__functions.h\n'}
[8.619736] (px4_msgs) StdoutLine: {'line': b'-- Up-to-date: /home/em/ros_workspace_2025/nav_ws/install/px4_msgs/include/px4_msgs/px4_msgs/msg/detail/actuator_controls_status__functions.h\n'}
[8.619824] (px4_msgs) StdoutLine: {'line': b'-- Up-to-date: /home/em/ros_workspace_2025/nav_ws/install/px4_msgs/include/px4_msgs/px4_msgs/msg/detail/sensors_status__type_support.h\n'}
[8.619882] (px4_msgs) StdoutLine: {'line': b'-- Up-to-date: /home/em/ros_workspace_2025/nav_ws/install/px4_msgs/include/px4_msgs/px4_msgs/msg/detail/vehicle_air_data__type_support.h\n'}
[8.619938] (px4_msgs) StdoutLine: {'line': b'-- Up-to-date: /home/em/ros_workspace_2025/nav_ws/install/px4_msgs/include/px4_msgs/px4_msgs/msg/detail/gimbal_device_attitude_status__type_support.h\n'}
[8.619995] (px4_msgs) StdoutLine: {'line': b'-- Up-to-date: /home/em/ros_workspace_2025/nav_ws/install/px4_msgs/include/px4_msgs/px4_msgs/msg/detail/landing_gear__functions.c\n'}
[8.620051] (px4_msgs) StdoutLine: {'line': b'-- Up-to-date: /home/em/ros_workspace_2025/nav_ws/install/px4_msgs/include/px4_msgs/px4_msgs/msg/detail/airspeed_wind__functions.h\n'}
[8.620111] (px4_msgs) StdoutLine: {'line': b'-- Up-to-date: /home/em/ros_workspace_2025/nav_ws/install/px4_msgs/include/px4_msgs/px4_msgs/msg/detail/open_drone_id_self_id__type_support.h\n'}
[8.620242] (px4_msgs) StdoutLine: {'line': b'-- Up-to-date: /home/em/ros_workspace_2025/nav_ws/install/px4_msgs/include/px4_msgs/px4_msgs/msg/detail/debug_key_value__functions.c\n'}
[8.620341] (px4_msgs) StdoutLine: {'line': b'-- Up-to-date: /home/em/ros_workspace_2025/nav_ws/install/px4_msgs/include/px4_msgs/px4_msgs/msg/detail/vehicle_attitude_setpoint__functions.h\n'}
[8.620385] (px4_msgs) StdoutLine: {'line': b'-- Up-to-date: /home/em/ros_workspace_2025/nav_ws/install/px4_msgs/include/px4_msgs/px4_msgs/msg/detail/battery_status__functions.h\n'}
[8.620416] (px4_msgs) StdoutLine: {'line': b'-- Up-to-date: /home/em/ros_workspace_2025/nav_ws/install/px4_msgs/include/px4_msgs/px4_msgs/msg/detail/wheel_encoders__functions.c\n'}
[8.620469] (px4_msgs) StdoutLine: {'line': b'-- Up-to-date: /home/em/ros_workspace_2025/nav_ws/install/px4_msgs/include/px4_msgs/px4_msgs/msg/detail/open_drone_id_self_id__functions.c\n'}
[8.620496] (px4_msgs) StdoutLine: {'line': b'-- Up-to-date: /home/em/ros_workspace_2025/nav_ws/install/px4_msgs/include/px4_msgs/px4_msgs/msg/detail/trajectory_setpoint__struct.h\n'}
[8.620522] (px4_msgs) StdoutLine: {'line': b'-- Up-to-date: /home/em/ros_workspace_2025/nav_ws/install/px4_msgs/include/px4_msgs/px4_msgs/msg/detail/gimbal_manager_set_attitude__functions.h\n'}
[8.620548] (px4_msgs) StdoutLine: {'line': b'-- Up-to-date: /home/em/ros_workspace_2025/nav_ws/install/px4_msgs/include/px4_msgs/px4_msgs/msg/detail/cellular_status__functions.c\n'}
[8.620573] (px4_msgs) StdoutLine: {'line': b'-- Up-to-date: /home/em/ros_workspace_2025/nav_ws/install/px4_msgs/include/px4_msgs/px4_msgs/msg/detail/navigator_status__type_support.h\n'}
[8.620597] (px4_msgs) StdoutLine: {'line': b'-- Up-to-date: /home/em/ros_workspace_2025/nav_ws/install/px4_msgs/include/px4_msgs/px4_msgs/msg/detail/sensor_combined__functions.c\n'}
[8.620649] (px4_msgs) StdoutLine: {'line': b'-- Up-to-date: /home/em/ros_workspace_2025/nav_ws/install/px4_msgs/include/px4_msgs/px4_msgs/msg/detail/rpm__type_support.h\n'}
[8.620674] (px4_msgs) StdoutLine: {'line': b'-- Up-to-date: /home/em/ros_workspace_2025/nav_ws/install/px4_msgs/include/px4_msgs/px4_msgs/msg/detail/sensor_accel__functions.h\n'}
[8.620730] (px4_msgs) StdoutLine: {'line': b'-- Up-to-date: /home/em/ros_workspace_2025/nav_ws/install/px4_msgs/include/px4_msgs/px4_msgs/msg/detail/sensor_preflight_mag__functions.c\n'}
[8.620755] (px4_msgs) StdoutLine: {'line': b'-- Up-to-date: /home/em/ros_workspace_2025/nav_ws/install/px4_msgs/include/px4_msgs/px4_msgs/msg/detail/timesync_status__struct.h\n'}
[8.620778] (px4_msgs) StdoutLine: {'line': b'-- Up-to-date: /home/em/ros_workspace_2025/nav_ws/install/px4_msgs/include/px4_msgs/px4_msgs/msg/detail/vehicle_command__functions.h\n'}
[8.620804] (px4_msgs) StdoutLine: {'line': b'-- Up-to-date: /home/em/ros_workspace_2025/nav_ws/install/px4_msgs/include/px4_msgs/px4_msgs/msg/detail/actuator_armed__functions.c\n'}
[8.620828] (px4_msgs) StdoutLine: {'line': b'-- Up-to-date: /home/em/ros_workspace_2025/nav_ws/install/px4_msgs/include/px4_msgs/px4_msgs/msg/detail/sensor_gyro_fft__struct.h\n'}
[8.620871] (px4_msgs) StdoutLine: {'line': b'-- Up-to-date: /home/em/ros_workspace_2025/nav_ws/install/px4_msgs/include/px4_msgs/px4_msgs/msg/detail/gps_inject_data__type_support.h\n'}
[8.620895] (px4_msgs) StdoutLine: {'line': b'-- Up-to-date: /home/em/ros_workspace_2025/nav_ws/install/px4_msgs/include/px4_msgs/px4_msgs/msg/detail/logger_status__functions.h\n'}
[8.620919] (px4_msgs) StdoutLine: {'line': b'-- Up-to-date: /home/em/ros_workspace_2025/nav_ws/install/px4_msgs/include/px4_msgs/px4_msgs/msg/detail/rover_ackermann_guidance_status__functions.c\n'}
[8.620942] (px4_msgs) StdoutLine: {'line': b'-- Up-to-date: /home/em/ros_workspace_2025/nav_ws/install/px4_msgs/include/px4_msgs/px4_msgs/msg/detail/gpio_out__functions.h\n'}
[8.621055] (px4_msgs) StdoutLine: {'line': b'-- Up-to-date: /home/em/ros_workspace_2025/nav_ws/install/px4_msgs/include/px4_msgs/px4_msgs/msg/detail/velocity_limits__type_support.h\n'}
[8.621081] (px4_msgs) StdoutLine: {'line': b'-- Up-to-date: /home/em/ros_workspace_2025/nav_ws/install/px4_msgs/include/px4_msgs/px4_msgs/msg/detail/gimbal_manager_set_attitude__type_support.h\n'}
[8.621108] (px4_msgs) StdoutLine: {'line': b'-- Up-to-date: /home/em/ros_workspace_2025/nav_ws/install/px4_msgs/include/px4_msgs/px4_msgs/msg/detail/rover_ackermann_setpoint__functions.c\n'}
[8.621131] (px4_msgs) StdoutLine: {'line': b'-- Up-to-date: /home/em/ros_workspace_2025/nav_ws/install/px4_msgs/include/px4_msgs/px4_msgs/msg/detail/vehicle_local_position_setpoint__type_support.h\n'}
[8.621154] (px4_msgs) StdoutLine: {'line': b'-- Up-to-date: /home/em/ros_workspace_2025/nav_ws/install/px4_msgs/include/px4_msgs/px4_msgs/msg/detail/trajectory_bezier__type_support.h\n'}
[8.621177] (px4_msgs) StdoutLine: {'line': b'-- Up-to-date: /home/em/ros_workspace_2025/nav_ws/install/px4_msgs/include/px4_msgs/px4_msgs/msg/detail/landing_gear_wheel__type_support.h\n'}
[8.621247] (px4_msgs) StdoutLine: {'line': b'-- Up-to-date: /home/em/ros_workspace_2025/nav_ws/install/px4_msgs/include/px4_msgs/px4_msgs/msg/detail/debug_array__functions.c\n'}
[8.621289] (px4_msgs) StdoutLine: {'line': b'-- Up-to-date: /home/em/ros_workspace_2025/nav_ws/install/px4_msgs/include/px4_msgs/px4_msgs/msg/detail/qshell_retval__functions.h\n'}
[8.621327] (px4_msgs) StdoutLine: {'line': b'-- Up-to-date: /home/em/ros_workspace_2025/nav_ws/install/px4_msgs/include/px4_msgs/px4_msgs/msg/detail/tiltrotor_extra_controls__type_support.h\n'}
[8.621366] (px4_msgs) StdoutLine: {'line': b'-- Up-to-date: /home/em/ros_workspace_2025/nav_ws/install/px4_msgs/include/px4_msgs/px4_msgs/msg/detail/mavlink_log__struct.h\n'}
[8.621393] (px4_msgs) StdoutLine: {'line': b'-- Up-to-date: /home/em/ros_workspace_2025/nav_ws/install/px4_msgs/include/px4_msgs/px4_msgs/msg/detail/orb_test_medium__struct.h\n'}
[8.621419] (px4_msgs) StdoutLine: {'line': b'-- Up-to-date: /home/em/ros_workspace_2025/nav_ws/install/px4_msgs/include/px4_msgs/px4_msgs/msg/detail/vehicle_land_detected__type_support.h\n'}
[8.621443] (px4_msgs) StdoutLine: {'line': b'-- Up-to-date: /home/em/ros_workspace_2025/nav_ws/install/px4_msgs/include/px4_msgs/px4_msgs/msg/detail/parameter_set_value_response__functions.c\n'}
[8.621512] (px4_msgs) StdoutLine: {'line': b'-- Up-to-date: /home/em/ros_workspace_2025/nav_ws/install/px4_msgs/include/px4_msgs/px4_msgs/msg/detail/offboard_control_mode__functions.h\n'}
[8.621572] (px4_msgs) StdoutLine: {'line': b'-- Up-to-date: /home/em/ros_workspace_2025/nav_ws/install/px4_msgs/include/px4_msgs/px4_msgs/msg/detail/rover_mecanum_guidance_status__type_support.h\n'}
[8.621596] (px4_msgs) StdoutLine: {'line': b'-- Up-to-date: /home/em/ros_workspace_2025/nav_ws/install/px4_msgs/include/px4_msgs/px4_msgs/msg/detail/gps_dump__functions.c\n'}
[8.621619] (px4_msgs) StdoutLine: {'line': b'-- Up-to-date: /home/em/ros_workspace_2025/nav_ws/install/px4_msgs/include/px4_msgs/px4_msgs/msg/detail/follow_target_estimator__struct.h\n'}
[8.621642] (px4_msgs) StdoutLine: {'line': b'-- Up-to-date: /home/em/ros_workspace_2025/nav_ws/install/px4_msgs/include/px4_msgs/px4_msgs/msg/detail/rtl_time_estimate__functions.c\n'}
[8.621664] (px4_msgs) StdoutLine: {'line': b'-- Up-to-date: /home/em/ros_workspace_2025/nav_ws/install/px4_msgs/include/px4_msgs/px4_msgs/msg/detail/vehicle_acceleration__functions.h\n'}
[8.621689] (px4_msgs) StdoutLine: {'line': b'-- Up-to-date: /home/em/ros_workspace_2025/nav_ws/install/px4_msgs/include/px4_msgs/px4_msgs/msg/detail/landing_gear_wheel__struct.h\n'}
[8.621716] (px4_msgs) StdoutLine: {'line': b'-- Up-to-date: /home/em/ros_workspace_2025/nav_ws/install/px4_msgs/include/px4_msgs/px4_msgs/msg/detail/heater_status__type_support.h\n'}
[8.621738] (px4_msgs) StdoutLine: {'line': b'-- Up-to-date: /home/em/ros_workspace_2025/nav_ws/install/px4_msgs/include/px4_msgs/px4_msgs/msg/detail/vehicle_optical_flow__struct.h\n'}
[8.621763] (px4_msgs) StdoutLine: {'line': b'-- Up-to-date: /home/em/ros_workspace_2025/nav_ws/install/px4_msgs/include/px4_msgs/px4_msgs/msg/detail/airspeed_validated__type_support.h\n'}
[8.621787] (px4_msgs) StdoutLine: {'line': b'-- Up-to-date: /home/em/ros_workspace_2025/nav_ws/install/px4_msgs/include/px4_msgs/px4_msgs/msg/detail/rover_mecanum_setpoint__struct.h\n'}
[8.621810] (px4_msgs) StdoutLine: {'line': b'-- Up-to-date: /home/em/ros_workspace_2025/nav_ws/install/px4_msgs/include/px4_msgs/px4_msgs/msg/detail/normalized_unsigned_setpoint__type_support.h\n'}
[8.621833] (px4_msgs) StdoutLine: {'line': b'-- Up-to-date: /home/em/ros_workspace_2025/nav_ws/install/px4_msgs/include/px4_msgs/px4_msgs/msg/detail/cellular_status__struct.h\n'}
[8.621856] (px4_msgs) StdoutLine: {'line': b'-- Up-to-date: /home/em/ros_workspace_2025/nav_ws/install/px4_msgs/include/px4_msgs/px4_msgs/msg/detail/can_interface_status__type_support.h\n'}
[8.621880] (px4_msgs) StdoutLine: {'line': b'-- Up-to-date: /home/em/ros_workspace_2025/nav_ws/install/px4_msgs/include/px4_msgs/px4_msgs/msg/detail/actuator_test__struct.h\n'}
[8.621906] (px4_msgs) StdoutLine: {'line': b'-- Up-to-date: /home/em/ros_workspace_2025/nav_ws/install/px4_msgs/include/px4_msgs/px4_msgs/msg/detail/transponder_report__type_support.h\n'}
[8.621929] (px4_msgs) StdoutLine: {'line': b'-- Up-to-date: /home/em/ros_workspace_2025/nav_ws/install/px4_msgs/include/px4_msgs/px4_msgs/msg/detail/wind__functions.c\n'}
[8.621952] (px4_msgs) StdoutLine: {'line': b'-- Up-to-date: /home/em/ros_workspace_2025/nav_ws/install/px4_msgs/include/px4_msgs/px4_msgs/msg/detail/estimator_bias3d__struct.h\n'}
[8.621975] (px4_msgs) StdoutLine: {'line': b'-- Up-to-date: /home/em/ros_workspace_2025/nav_ws/install/px4_msgs/include/px4_msgs/px4_msgs/msg/detail/sensor_optical_flow__struct.h\n'}
[8.621998] (px4_msgs) StdoutLine: {'line': b'-- Up-to-date: /home/em/ros_workspace_2025/nav_ws/install/px4_msgs/include/px4_msgs/px4_msgs/msg/detail/parameter_set_used_request__struct.h\n'}
[8.622021] (px4_msgs) StdoutLine: {'line': b'-- Up-to-date: /home/em/ros_workspace_2025/nav_ws/install/px4_msgs/include/px4_msgs/px4_msgs/msg/detail/camera_status__type_support.h\n'}
[8.622046] (px4_msgs) StdoutLine: {'line': b'-- Up-to-date: /home/em/ros_workspace_2025/nav_ws/install/px4_msgs/include/px4_msgs/px4_msgs/msg/detail/estimator_aid_source3d__functions.c\n'}
[8.622069] (px4_msgs) StdoutLine: {'line': b'-- Up-to-date: /home/em/ros_workspace_2025/nav_ws/install/px4_msgs/include/px4_msgs/px4_msgs/msg/detail/estimator_selector_status__functions.c\n'}
[8.622093] (px4_msgs) StdoutLine: {'line': b'-- Up-to-date: /home/em/ros_workspace_2025/nav_ws/install/px4_msgs/include/px4_msgs/px4_msgs/msg/detail/parameter_set_value_request__struct.h\n'}
[8.622116] (px4_msgs) StdoutLine: {'line': b'-- Up-to-date: /home/em/ros_workspace_2025/nav_ws/install/px4_msgs/include/px4_msgs/px4_msgs/msg/detail/manual_control_setpoint__struct.h\n'}
[8.622141] (px4_msgs) StdoutLine: {'line': b'-- Up-to-date: /home/em/ros_workspace_2025/nav_ws/install/px4_msgs/include/px4_msgs/px4_msgs/msg/detail/task_stack_info__type_support.h\n'}
[8.622197] (px4_msgs) StdoutLine: {'line': b'-- Up-to-date: /home/em/ros_workspace_2025/nav_ws/install/px4_msgs/include/px4_msgs/px4_msgs/msg/detail/normalized_unsigned_setpoint__functions.h\n'}
[8.622225] (px4_msgs) StdoutLine: {'line': b'-- Up-to-date: /home/em/ros_workspace_2025/nav_ws/install/px4_msgs/include/px4_msgs/px4_msgs/msg/detail/input_rc__struct.h\n'}
[8.622248] (px4_msgs) StdoutLine: {'line': b'-- Up-to-date: /home/em/ros_workspace_2025/nav_ws/install/px4_msgs/include/px4_msgs/px4_msgs/msg/detail/arming_check_request__struct.h\n'}
[8.622272] (px4_msgs) StdoutLine: {'line': b'-- Up-to-date: /home/em/ros_workspace_2025/nav_ws/install/px4_msgs/include/px4_msgs/px4_msgs/msg/detail/gpio_config__functions.c\n'}
[8.622346] (px4_msgs) StdoutLine: {'line': b'-- Up-to-date: /home/em/ros_workspace_2025/nav_ws/install/px4_msgs/include/px4_msgs/px4_msgs/msg/detail/px4io_status__functions.c\n'}
[8.622405] (px4_msgs) StdoutLine: {'line': b'-- Up-to-date: /home/em/ros_workspace_2025/nav_ws/install/px4_msgs/include/px4_msgs/px4_msgs/msg/detail/esc_status__struct.h\n'}
[8.622430] (px4_msgs) StdoutLine: {'line': b'-- Up-to-date: /home/em/ros_workspace_2025/nav_ws/install/px4_msgs/include/px4_msgs/px4_msgs/msg/detail/uavcan_parameter_value__struct.h\n'}
[8.622456] (px4_msgs) StdoutLine: {'line': b'-- Up-to-date: /home/em/ros_workspace_2025/nav_ws/install/px4_msgs/include/px4_msgs/px4_msgs/msg/detail/gps_inject_data__functions.h\n'}
[8.622479] (px4_msgs) StdoutLine: {'line': b'-- Up-to-date: /home/em/ros_workspace_2025/nav_ws/install/px4_msgs/include/px4_msgs/px4_msgs/msg/detail/led_control__functions.h\n'}
[8.622502] (px4_msgs) StdoutLine: {'line': b'-- Up-to-date: /home/em/ros_workspace_2025/nav_ws/install/px4_msgs/include/px4_msgs/px4_msgs/msg/detail/gpio_out__type_support.h\n'}
[8.622527] (px4_msgs) StdoutLine: {'line': b'-- Up-to-date: /home/em/ros_workspace_2025/nav_ws/install/px4_msgs/include/px4_msgs/px4_msgs/msg/detail/sensor_gyro_fft__type_support.h\n'}
[8.622557] (px4_msgs) StdoutLine: {'line': b'-- Up-to-date: /home/em/ros_workspace_2025/nav_ws/install/px4_msgs/include/px4_msgs/px4_msgs/msg/detail/obstacle_distance__functions.h\n'}
[8.622606] (px4_msgs) StdoutLine: {'line': b'-- Up-to-date: /home/em/ros_workspace_2025/nav_ws/install/px4_msgs/include/px4_msgs/px4_msgs/msg/detail/autotune_attitude_control_status__type_support.h\n'}
[8.622691] (px4_msgs) StdoutLine: {'line': b'-- Up-to-date: /home/em/ros_workspace_2025/nav_ws/install/px4_msgs/include/px4_msgs/px4_msgs/msg/detail/rc_channels__struct.h\n'}
[8.622862] (px4_msgs) StdoutLine: {'line': b'-- Up-to-date: /home/em/ros_workspace_2025/nav_ws/install/px4_msgs/include/px4_msgs/px4_msgs/msg/detail/task_stack_info__struct.h\n'}
[8.622894] (px4_msgs) StdoutLine: {'line': b'-- Up-to-date: /home/em/ros_workspace_2025/nav_ws/install/px4_msgs/include/px4_msgs/px4_msgs/msg/detail/gimbal_device_set_attitude__type_support.h\n'}
[8.622922] (px4_msgs) StdoutLine: {'line': b'-- Up-to-date: /home/em/ros_workspace_2025/nav_ws/install/px4_msgs/include/px4_msgs/px4_msgs/msg/detail/failure_detector_status__struct.h\n'}
[8.622948] (px4_msgs) StdoutLine: {'line': b'-- Up-to-date: /home/em/ros_workspace_2025/nav_ws/install/px4_msgs/include/px4_msgs/px4_msgs/msg/detail/wheel_encoders__type_support.h\n'}
[8.622983] (px4_msgs) StdoutLine: {'line': b'-- Up-to-date: /home/em/ros_workspace_2025/nav_ws/install/px4_msgs/include/px4_msgs/px4_msgs/msg/detail/sensor_gyro__type_support.h\n'}
[8.623008] (px4_msgs) StdoutLine: {'line': b'-- Up-to-date: /home/em/ros_workspace_2025/nav_ws/install/px4_msgs/include/px4_msgs/px4_msgs/msg/detail/estimator_status__functions.c\n'}
[8.623033] (px4_msgs) StdoutLine: {'line': b'-- Up-to-date: /home/em/ros_workspace_2025/nav_ws/install/px4_msgs/include/px4_msgs/px4_msgs/msg/detail/mission__struct.h\n'}
[8.623057] (px4_msgs) StdoutLine: {'line': b'-- Up-to-date: /home/em/ros_workspace_2025/nav_ws/install/px4_msgs/include/px4_msgs/px4_msgs/msg/detail/sensor_baro__functions.c\n'}
[8.623101] (px4_msgs) StdoutLine: {'line': b'-- Up-to-date: /home/em/ros_workspace_2025/nav_ws/install/px4_msgs/include/px4_msgs/px4_msgs/msg/detail/figure_eight_status__functions.c\n'}
[8.623127] (px4_msgs) StdoutLine: {'line': b'-- Up-to-date: /home/em/ros_workspace_2025/nav_ws/install/px4_msgs/include/px4_msgs/px4_msgs/msg/detail/open_drone_id_operator_id__struct.h\n'}
[8.623170] (px4_msgs) StdoutLine: {'line': b'-- Up-to-date: /home/em/ros_workspace_2025/nav_ws/install/px4_msgs/include/px4_msgs/px4_msgs/msg/detail/position_controller_landing_status__functions.h\n'}
[8.623222] (px4_msgs) StdoutLine: {'line': b'-- Up-to-date: /home/em/ros_workspace_2025/nav_ws/install/px4_msgs/include/px4_msgs/px4_msgs/msg/detail/rate_ctrl_status__functions.c\n'}
[8.623250] (px4_msgs) StdoutLine: {'line': b'-- Up-to-date: /home/em/ros_workspace_2025/nav_ws/install/px4_msgs/include/px4_msgs/px4_msgs/msg/detail/sensor_correction__struct.h\n'}
[8.623276] (px4_msgs) StdoutLine: {'line': b'-- Up-to-date: /home/em/ros_workspace_2025/nav_ws/install/px4_msgs/include/px4_msgs/px4_msgs/msg/detail/qshell_retval__type_support.h\n'}
[8.623299] (px4_msgs) StdoutLine: {'line': b'-- Up-to-date: /home/em/ros_workspace_2025/nav_ws/install/px4_msgs/include/px4_msgs/px4_msgs/msg/detail/vehicle_torque_setpoint__struct.h\n'}
[8.623323] (px4_msgs) StdoutLine: {'line': b'-- Up-to-date: /home/em/ros_workspace_2025/nav_ws/install/px4_msgs/include/px4_msgs/px4_msgs/msg/detail/position_controller_status__functions.c\n'}
[8.623348] (px4_msgs) StdoutLine: {'line': b'-- Up-to-date: /home/em/ros_workspace_2025/nav_ws/install/px4_msgs/include/px4_msgs/px4_msgs/msg/detail/register_ext_component_request__functions.c\n'}
[8.623372] (px4_msgs) StdoutLine: {'line': b'-- Up-to-date: /home/em/ros_workspace_2025/nav_ws/install/px4_msgs/include/px4_msgs/px4_msgs/msg/detail/rtl_status__functions.c\n'}
[8.623395] (px4_msgs) StdoutLine: {'line': b'-- Up-to-date: /home/em/ros_workspace_2025/nav_ws/install/px4_msgs/include/px4_msgs/px4_msgs/msg/detail/rover_mecanum_guidance_status__functions.c\n'}
[8.623418] (px4_msgs) StdoutLine: {'line': b'-- Up-to-date: /home/em/ros_workspace_2025/nav_ws/install/px4_msgs/include/px4_msgs/px4_msgs/msg/detail/sensors_status_imu__functions.h\n'}
[8.623449] (px4_msgs) StdoutLine: {'line': b'-- Up-to-date: /home/em/ros_workspace_2025/nav_ws/install/px4_msgs/include/px4_msgs/px4_msgs/msg/detail/rover_differential_setpoint__functions.c\n'}
[8.623519] (px4_msgs) StdoutLine: {'line': b'-- Up-to-date: /home/em/ros_workspace_2025/nav_ws/install/px4_msgs/include/px4_msgs/px4_msgs/msg/detail/position_controller_landing_status__type_support.h\n'}
[8.623545] (px4_msgs) StdoutLine: {'line': b'-- Up-to-date: /home/em/ros_workspace_2025/nav_ws/install/px4_msgs/include/px4_msgs/px4_msgs/msg/detail/register_ext_component_reply__struct.h\n'}
[8.623569] (px4_msgs) StdoutLine: {'line': b'-- Up-to-date: /home/em/ros_workspace_2025/nav_ws/install/px4_msgs/include/px4_msgs/px4_msgs/msg/detail/gimbal_device_information__type_support.h\n'}
[8.623593] (px4_msgs) StdoutLine: {'line': b'-- Up-to-date: /home/em/ros_workspace_2025/nav_ws/install/px4_msgs/include/px4_msgs/px4_msgs/msg/detail/vehicle_control_mode__type_support.h\n'}
[8.623616] (px4_msgs) StdoutLine: {'line': b'-- Up-to-date: /home/em/ros_workspace_2025/nav_ws/install/px4_msgs/include/px4_msgs/px4_msgs/msg/detail/message_format_request__struct.h\n'}
[8.623639] (px4_msgs) StdoutLine: {'line': b'-- Up-to-date: /home/em/ros_workspace_2025/nav_ws/install/px4_msgs/include/px4_msgs/px4_msgs/msg/detail/ulog_stream_ack__struct.h\n'}
[8.623664] (px4_msgs) StdoutLine: {'line': b'-- Up-to-date: /home/em/ros_workspace_2025/nav_ws/install/px4_msgs/include/px4_msgs/px4_msgs/msg/detail/vehicle_command_ack__type_support.h\n'}
[8.623686] (px4_msgs) StdoutLine: {'line': b'-- Up-to-date: /home/em/ros_workspace_2025/nav_ws/install/px4_msgs/include/px4_msgs/px4_msgs/msg/detail/vehicle_status__struct.h\n'}
[8.623715] (px4_msgs) StdoutLine: {'line': b'-- Up-to-date: /home/em/ros_workspace_2025/nav_ws/install/px4_msgs/include/px4_msgs/px4_msgs/msg/detail/iridiumsbd_status__functions.c\n'}
[8.623738] (px4_msgs) StdoutLine: {'line': b'-- Up-to-date: /home/em/ros_workspace_2025/nav_ws/install/px4_msgs/include/px4_msgs/px4_msgs/msg/detail/vehicle_roi__functions.c\n'}
[8.623761] (px4_msgs) StdoutLine: {'line': b'-- Up-to-date: /home/em/ros_workspace_2025/nav_ws/install/px4_msgs/include/px4_msgs/px4_msgs/msg/detail/rtl_time_estimate__functions.h\n'}
[8.623783] (px4_msgs) StdoutLine: {'line': b'-- Up-to-date: /home/em/ros_workspace_2025/nav_ws/install/px4_msgs/include/px4_msgs/px4_msgs/msg/detail/rpm__functions.c\n'}
[8.623807] (px4_msgs) StdoutLine: {'line': b'-- Up-to-date: /home/em/ros_workspace_2025/nav_ws/install/px4_msgs/include/px4_msgs/px4_msgs/msg/detail/parameter_set_used_request__functions.h\n'}
[8.623831] (px4_msgs) StdoutLine: {'line': b'-- Up-to-date: /home/em/ros_workspace_2025/nav_ws/install/px4_msgs/include/px4_msgs/px4_msgs/msg/detail/parameter_reset_request__struct.h\n'}
[8.623854] (px4_msgs) StdoutLine: {'line': b'-- Up-to-date: /home/em/ros_workspace_2025/nav_ws/install/px4_msgs/include/px4_msgs/px4_msgs/msg/detail/rover_mecanum_setpoint__functions.h\n'}
[8.623878] (px4_msgs) StdoutLine: {'line': b'-- Up-to-date: /home/em/ros_workspace_2025/nav_ws/install/px4_msgs/include/px4_msgs/px4_msgs/msg/detail/ekf2_timestamps__type_support.h\n'}
[8.623901] (px4_msgs) StdoutLine: {'line': b'-- Up-to-date: /home/em/ros_workspace_2025/nav_ws/install/px4_msgs/include/px4_msgs/px4_msgs/msg/detail/camera_capture__struct.h\n'}
[8.623925] (px4_msgs) StdoutLine: {'line': b'-- Up-to-date: /home/em/ros_workspace_2025/nav_ws/install/px4_msgs/include/px4_msgs/px4_msgs/msg/detail/vehicle_torque_setpoint__type_support.h\n'}
[8.623947] (px4_msgs) StdoutLine: {'line': b'-- Up-to-date: /home/em/ros_workspace_2025/nav_ws/install/px4_msgs/include/px4_msgs/px4_msgs/msg/detail/vehicle_land_detected__functions.h\n'}
[8.623969] (px4_msgs) StdoutLine: {'line': b'-- Up-to-date: /home/em/ros_workspace_2025/nav_ws/install/px4_msgs/include/px4_msgs/px4_msgs/msg/detail/vehicle_angular_acceleration_setpoint__type_support.h\n'}
[8.623991] (px4_msgs) StdoutLine: {'line': b'-- Up-to-date: /home/em/ros_workspace_2025/nav_ws/install/px4_msgs/include/px4_msgs/px4_msgs/msg/detail/tiltrotor_extra_controls__struct.h\n'}
[8.624014] (px4_msgs) StdoutLine: {'line': b'-- Up-to-date: /home/em/ros_workspace_2025/nav_ws/install/px4_msgs/include/px4_msgs/px4_msgs/msg/detail/mavlink_tunnel__functions.c\n'}
[8.624035] (px4_msgs) StdoutLine: {'line': b'-- Up-to-date: /home/em/ros_workspace_2025/nav_ws/install/px4_msgs/include/px4_msgs/px4_msgs/msg/detail/vehicle_command__functions.c\n'}
[8.624058] (px4_msgs) StdoutLine: {'line': b'-- Up-to-date: /home/em/ros_workspace_2025/nav_ws/install/px4_msgs/include/px4_msgs/px4_msgs/msg/detail/rover_ackermann_status__functions.h\n'}
[8.624082] (px4_msgs) StdoutLine: {'line': b'-- Up-to-date: /home/em/ros_workspace_2025/nav_ws/install/px4_msgs/include/px4_msgs/px4_msgs/msg/detail/message_format_response__struct.h\n'}
[8.624106] (px4_msgs) StdoutLine: {'line': b'-- Up-to-date: /home/em/ros_workspace_2025/nav_ws/install/px4_msgs/include/px4_msgs/px4_msgs/msg/detail/gps_dump__functions.h\n'}
[8.624128] (px4_msgs) StdoutLine: {'line': b'-- Up-to-date: /home/em/ros_workspace_2025/nav_ws/install/px4_msgs/include/px4_msgs/px4_msgs/msg/detail/actuator_outputs__type_support.h\n'}
[8.624150] (px4_msgs) StdoutLine: {'line': b'-- Up-to-date: /home/em/ros_workspace_2025/nav_ws/install/px4_msgs/include/px4_msgs/px4_msgs/msg/detail/position_controller_status__type_support.h\n'}
[8.624172] (px4_msgs) StdoutLine: {'line': b'-- Up-to-date: /home/em/ros_workspace_2025/nav_ws/install/px4_msgs/include/px4_msgs/px4_msgs/msg/detail/orb_test_medium__type_support.h\n'}
[8.624267] (px4_msgs) StdoutLine: {'line': b'-- Up-to-date: /home/em/ros_workspace_2025/nav_ws/install/px4_msgs/include/px4_msgs/px4_msgs/msg/detail/estimator_status__type_support.h\n'}
[8.624324] (px4_msgs) StdoutLine: {'line': b'-- Up-to-date: /home/em/ros_workspace_2025/nav_ws/install/px4_msgs/include/px4_msgs/px4_msgs/msg/detail/collision_constraints__type_support.h\n'}
[8.624350] (px4_msgs) StdoutLine: {'line': b'-- Up-to-date: /home/em/ros_workspace_2025/nav_ws/install/px4_msgs/include/px4_msgs/px4_msgs/msg/detail/config_overrides__functions.h\n'}
[8.624374] (px4_msgs) StdoutLine: {'line': b'-- Up-to-date: /home/em/ros_workspace_2025/nav_ws/install/px4_msgs/include/px4_msgs/px4_msgs/msg/detail/vehicle_control_mode__functions.c\n'}
[8.624397] (px4_msgs) StdoutLine: {'line': b'-- Up-to-date: /home/em/ros_workspace_2025/nav_ws/install/px4_msgs/include/px4_msgs/px4_msgs/msg/detail/vehicle_thrust_setpoint__type_support.h\n'}
[8.624421] (px4_msgs) StdoutLine: {'line': b'-- Up-to-date: /home/em/ros_workspace_2025/nav_ws/install/px4_msgs/include/px4_msgs/px4_msgs/msg/detail/vehicle_optical_flow_vel__struct.h\n'}
[8.624444] (px4_msgs) StdoutLine: {'line': b'-- Up-to-date: /home/em/ros_workspace_2025/nav_ws/install/px4_msgs/include/px4_msgs/px4_msgs/msg/detail/actuator_test__functions.h\n'}
[8.624469] (px4_msgs) StdoutLine: {'line': b'-- Up-to-date: /home/em/ros_workspace_2025/nav_ws/install/px4_msgs/include/px4_msgs/px4_msgs/msg/detail/gimbal_device_information__struct.h\n'}
[8.624493] (px4_msgs) StdoutLine: {'line': b'-- Up-to-date: /home/em/ros_workspace_2025/nav_ws/install/px4_msgs/include/px4_msgs/px4_msgs/msg/detail/navigator_status__functions.h\n'}
[8.624518] (px4_msgs) StdoutLine: {'line': b'-- Up-to-date: /home/em/ros_workspace_2025/nav_ws/install/px4_msgs/include/px4_msgs/px4_msgs/msg/detail/vehicle_magnetometer__functions.c\n'}
[8.624546] (px4_msgs) StdoutLine: {'line': b'-- Up-to-date: /home/em/ros_workspace_2025/nav_ws/install/px4_msgs/include/px4_msgs/px4_msgs/msg/detail/normalized_unsigned_setpoint__struct.h\n'}
[8.624568] (px4_msgs) StdoutLine: {'line': b'-- Up-to-date: /home/em/ros_workspace_2025/nav_ws/install/px4_msgs/include/px4_msgs/px4_msgs/msg/detail/buffer128__type_support.h\n'}
[8.624590] (px4_msgs) StdoutLine: {'line': b'-- Up-to-date: /home/em/ros_workspace_2025/nav_ws/install/px4_msgs/include/px4_msgs/px4_msgs/msg/detail/esc_status__type_support.h\n'}
[8.624613] (px4_msgs) StdoutLine: {'line': b'-- Up-to-date: /home/em/ros_workspace_2025/nav_ws/install/px4_msgs/include/px4_msgs/px4_msgs/msg/detail/vehicle_roi__functions.h\n'}
[8.624635] (px4_msgs) StdoutLine: {'line': b'-- Up-to-date: /home/em/ros_workspace_2025/nav_ws/install/px4_msgs/include/px4_msgs/px4_msgs/msg/detail/orb_test_large__functions.h\n'}
[8.624657] (px4_msgs) StdoutLine: {'line': b'-- Up-to-date: /home/em/ros_workspace_2025/nav_ws/install/px4_msgs/include/px4_msgs/px4_msgs/msg/detail/mavlink_log__functions.c\n'}
[8.624691] (px4_msgs) StdoutLine: {'line': b'-- Up-to-date: /home/em/ros_workspace_2025/nav_ws/install/px4_msgs/include/px4_msgs/px4_msgs/msg/detail/tiltrotor_extra_controls__functions.c\n'}
[8.624715] (px4_msgs) StdoutLine: {'line': b'-- Up-to-date: /home/em/ros_workspace_2025/nav_ws/install/px4_msgs/include/px4_msgs/px4_msgs/msg/detail/mode_completed__functions.h\n'}
[8.624739] (px4_msgs) StdoutLine: {'line': b'-- Up-to-date: /home/em/ros_workspace_2025/nav_ws/install/px4_msgs/include/px4_msgs/px4_msgs/msg/detail/airspeed__type_support.h\n'}
[8.624763] (px4_msgs) StdoutLine: {'line': b'-- Up-to-date: /home/em/ros_workspace_2025/nav_ws/install/px4_msgs/include/px4_msgs/px4_msgs/msg/detail/vehicle_local_position_setpoint__functions.h\n'}
[8.624786] (px4_msgs) StdoutLine: {'line': b'-- Up-to-date: /home/em/ros_workspace_2025/nav_ws/install/px4_msgs/include/px4_msgs/px4_msgs/msg/detail/camera_capture__type_support.h\n'}
[8.624810] (px4_msgs) StdoutLine: {'line': b'-- Up-to-date: /home/em/ros_workspace_2025/nav_ws/install/px4_msgs/include/px4_msgs/px4_msgs/msg/detail/debug_vect__functions.c\n'}
[8.624833] (px4_msgs) StdoutLine: {'line': b'-- Up-to-date: /home/em/ros_workspace_2025/nav_ws/install/px4_msgs/include/px4_msgs/px4_msgs/msg/detail/vehicle_imu_status__functions.h\n'}
[8.624857] (px4_msgs) StdoutLine: {'line': b'-- Up-to-date: /home/em/ros_workspace_2025/nav_ws/install/px4_msgs/include/px4_msgs/px4_msgs/msg/detail/px4io_status__struct.h\n'}
[8.624907] (px4_msgs) StdoutLine: {'line': b'-- Up-to-date: /home/em/ros_workspace_2025/nav_ws/install/px4_msgs/include/px4_msgs/px4_msgs/msg/detail/collision_report__type_support.h\n'}
[8.624930] (px4_msgs) StdoutLine: {'line': b'-- Up-to-date: /home/em/ros_workspace_2025/nav_ws/install/px4_msgs/include/px4_msgs/px4_msgs/msg/detail/wind__functions.h\n'}
[8.624957] (px4_msgs) StdoutLine: {'line': b'-- Up-to-date: /home/em/ros_workspace_2025/nav_ws/install/px4_msgs/include/px4_msgs/px4_msgs/msg/detail/mode_completed__type_support.h\n'}
[8.624980] (px4_msgs) StdoutLine: {'line': b'-- Up-to-date: /home/em/ros_workspace_2025/nav_ws/install/px4_msgs/include/px4_msgs/px4_msgs/msg/detail/button_event__functions.h\n'}
[8.625002] (px4_msgs) StdoutLine: {'line': b'-- Up-to-date: /home/em/ros_workspace_2025/nav_ws/install/px4_msgs/include/px4_msgs/px4_msgs/msg/detail/control_allocator_status__struct.h\n'}
[8.625024] (px4_msgs) StdoutLine: {'line': b'-- Up-to-date: /home/em/ros_workspace_2025/nav_ws/install/px4_msgs/include/px4_msgs/px4_msgs/msg/detail/sensor_uwb__type_support.h\n'}
[8.625046] (px4_msgs) StdoutLine: {'line': b'-- Up-to-date: /home/em/ros_workspace_2025/nav_ws/install/px4_msgs/include/px4_msgs/px4_msgs/msg/detail/sensor_correction__type_support.h\n'}
[8.625116] (px4_msgs) StdoutLine: {'line': b'-- Up-to-date: /home/em/ros_workspace_2025/nav_ws/install/px4_msgs/include/px4_msgs/px4_msgs/msg/detail/autotune_attitude_control_status__functions.h\n'}
[8.625140] (px4_msgs) StdoutLine: {'line': b'-- Up-to-date: /home/em/ros_workspace_2025/nav_ws/install/px4_msgs/include/px4_msgs/px4_msgs/msg/detail/actuator_servos_trim__type_support.h\n'}
[8.625164] (px4_msgs) StdoutLine: {'line': b'-- Up-to-date: /home/em/ros_workspace_2025/nav_ws/install/px4_msgs/include/px4_msgs/px4_msgs/msg/detail/actuator_test__functions.c\n'}
[8.625188] (px4_msgs) StdoutLine: {'line': b'-- Up-to-date: /home/em/ros_workspace_2025/nav_ws/install/px4_msgs/include/px4_msgs/px4_msgs/msg/detail/debug_value__type_support.h\n'}
[8.625214] (px4_msgs) StdoutLine: {'line': b'-- Up-to-date: /home/em/ros_workspace_2025/nav_ws/install/px4_msgs/include/px4_msgs/px4_msgs/msg/detail/esc_status__functions.c\n'}
[8.625236] (px4_msgs) StdoutLine: {'line': b'-- Up-to-date: /home/em/ros_workspace_2025/nav_ws/install/px4_msgs/include/px4_msgs/px4_msgs/msg/detail/vehicle_command_ack__functions.h\n'}
[8.625258] (px4_msgs) StdoutLine: {'line': b'-- Up-to-date: /home/em/ros_workspace_2025/nav_ws/install/px4_msgs/include/px4_msgs/px4_msgs/msg/detail/follow_target__struct.h\n'}
[8.625280] (px4_msgs) StdoutLine: {'line': b'-- Up-to-date: /home/em/ros_workspace_2025/nav_ws/install/px4_msgs/include/px4_msgs/px4_msgs/msg/detail/ulog_stream__functions.h\n'}
[8.625303] (px4_msgs) StdoutLine: {'line': b'-- Up-to-date: /home/em/ros_workspace_2025/nav_ws/install/px4_msgs/include/px4_msgs/px4_msgs/msg/detail/qshell_req__functions.h\n'}
[8.625342] (px4_msgs) StdoutLine: {'line': b'-- Up-to-date: /home/em/ros_workspace_2025/nav_ws/install/px4_msgs/include/px4_msgs/px4_msgs/msg/detail/estimator_gps_status__struct.h\n'}
[8.625421] (px4_msgs) StdoutLine: {'line': b'-- Up-to-date: /home/em/ros_workspace_2025/nav_ws/install/px4_msgs/include/px4_msgs/px4_msgs/msg/detail/manual_control_setpoint__functions.c\n'}
[8.625458] (px4_msgs) StdoutLine: {'line': b'-- Up-to-date: /home/em/ros_workspace_2025/nav_ws/install/px4_msgs/include/px4_msgs/px4_msgs/msg/detail/onboard_computer_status__type_support.h\n'}
[8.625489] (px4_msgs) StdoutLine: {'line': b'-- Up-to-date: /home/em/ros_workspace_2025/nav_ws/install/px4_msgs/include/px4_msgs/px4_msgs/msg/detail/autotune_attitude_control_status__struct.h\n'}
[8.625538] (px4_msgs) StdoutLine: {'line': b'-- Up-to-date: /home/em/ros_workspace_2025/nav_ws/install/px4_msgs/include/px4_msgs/px4_msgs/msg/detail/sensor_accel__struct.h\n'}
[8.625570] (px4_msgs) StdoutLine: {'line': b'-- Up-to-date: /home/em/ros_workspace_2025/nav_ws/install/px4_msgs/include/px4_msgs/px4_msgs/msg/detail/esc_report__functions.h\n'}
[8.625650] (px4_msgs) StdoutLine: {'line': b'-- Up-to-date: /home/em/ros_workspace_2025/nav_ws/install/px4_msgs/include/px4_msgs/px4_msgs/msg/detail/sensor_selection__type_support.h\n'}
[8.625683] (px4_msgs) StdoutLine: {'line': b'-- Up-to-date: /home/em/ros_workspace_2025/nav_ws/install/px4_msgs/include/px4_msgs/px4_msgs/msg/detail/actuator_controls_status__functions.c\n'}
[8.625714] (px4_msgs) StdoutLine: {'line': b'-- Up-to-date: /home/em/ros_workspace_2025/nav_ws/install/px4_msgs/include/px4_msgs/px4_msgs/msg/detail/rc_channels__functions.c\n'}
[8.625745] (px4_msgs) StdoutLine: {'line': b'-- Up-to-date: /home/em/ros_workspace_2025/nav_ws/install/px4_msgs/include/px4_msgs/px4_msgs/msg/detail/rc_channels__type_support.h\n'}
[8.625800] (px4_msgs) StdoutLine: {'line': b'-- Up-to-date: /home/em/ros_workspace_2025/nav_ws/install/px4_msgs/include/px4_msgs/px4_msgs/msg/detail/sensor_optical_flow__functions.h\n'}
[8.625836] (px4_msgs) StdoutLine: {'line': b'-- Up-to-date: /home/em/ros_workspace_2025/nav_ws/install/px4_msgs/include/px4_msgs/px4_msgs/msg/detail/parameter_reset_request__functions.h\n'}
[8.625871] (px4_msgs) StdoutLine: {'line': b'-- Up-to-date: /home/em/ros_workspace_2025/nav_ws/install/px4_msgs/include/px4_msgs/px4_msgs/msg/detail/sensor_gyro__functions.c\n'}
[8.625901] (px4_msgs) StdoutLine: {'line': b'-- Up-to-date: /home/em/ros_workspace_2025/nav_ws/install/px4_msgs/include/px4_msgs/px4_msgs/msg/detail/battery_status__type_support.h\n'}
[8.625930] (px4_msgs) StdoutLine: {'line': b'-- Up-to-date: /home/em/ros_workspace_2025/nav_ws/install/px4_msgs/include/px4_msgs/px4_msgs/msg/detail/npfg_status__struct.h\n'}
[8.625960] (px4_msgs) StdoutLine: {'line': b'-- Up-to-date: /home/em/ros_workspace_2025/nav_ws/install/px4_msgs/include/px4_msgs/px4_msgs/msg/detail/actuator_outputs__functions.h\n'}
[8.625989] (px4_msgs) StdoutLine: {'line': b'-- Up-to-date: /home/em/ros_workspace_2025/nav_ws/install/px4_msgs/include/px4_msgs/px4_msgs/msg/detail/fuel_tank_status__functions.h\n'}
[8.626018] (px4_msgs) StdoutLine: {'line': b'-- Up-to-date: /home/em/ros_workspace_2025/nav_ws/install/px4_msgs/include/px4_msgs/px4_msgs/msg/detail/vehicle_odometry__type_support.h\n'}
[8.626047] (px4_msgs) StdoutLine: {'line': b'-- Up-to-date: /home/em/ros_workspace_2025/nav_ws/install/px4_msgs/include/px4_msgs/px4_msgs/msg/detail/heater_status__struct.h\n'}
[8.626075] (px4_msgs) StdoutLine: {'line': b'-- Up-to-date: /home/em/ros_workspace_2025/nav_ws/install/px4_msgs/include/px4_msgs/px4_msgs/msg/detail/landing_target_pose__functions.h\n'}
[8.626103] (px4_msgs) StdoutLine: {'line': b'-- Up-to-date: /home/em/ros_workspace_2025/nav_ws/install/px4_msgs/include/px4_msgs/px4_msgs/msg/detail/sensor_gnss_relative__type_support.h\n'}
[8.626198] (px4_msgs) StdoutLine: {'line': b'-- Up-to-date: /home/em/ros_workspace_2025/nav_ws/install/px4_msgs/include/px4_msgs/px4_msgs/msg/detail/airspeed_wind__functions.c\n'}
[8.626258] (px4_msgs) StdoutLine: {'line': b'-- Up-to-date: /home/em/ros_workspace_2025/nav_ws/install/px4_msgs/include/px4_msgs/px4_msgs/msg/detail/gimbal_controls__functions.h\n'}
[8.626291] (px4_msgs) StdoutLine: {'line': b'-- Up-to-date: /home/em/ros_workspace_2025/nav_ws/install/px4_msgs/include/px4_msgs/px4_msgs/msg/detail/radio_status__functions.h\n'}
[8.626322] (px4_msgs) StdoutLine: {'line': b'-- Up-to-date: /home/em/ros_workspace_2025/nav_ws/install/px4_msgs/include/px4_msgs/px4_msgs/msg/detail/yaw_estimator_status__type_support.h\n'}
[8.626352] (px4_msgs) StdoutLine: {'line': b'-- Up-to-date: /home/em/ros_workspace_2025/nav_ws/install/px4_msgs/include/px4_msgs/px4_msgs/msg/detail/logger_status__functions.c\n'}
[8.626390] (px4_msgs) StdoutLine: {'line': b'-- Up-to-date: /home/em/ros_workspace_2025/nav_ws/install/px4_msgs/include/px4_msgs/px4_msgs/msg/detail/rover_differential_setpoint__type_support.h\n'}
[8.626421] (px4_msgs) StdoutLine: {'line': b'-- Up-to-date: /home/em/ros_workspace_2025/nav_ws/install/px4_msgs/include/px4_msgs/px4_msgs/msg/detail/rover_ackermann_setpoint__type_support.h\n'}
[8.626473] (px4_msgs) StdoutLine: {'line': b'-- Up-to-date: /home/em/ros_workspace_2025/nav_ws/install/px4_msgs/include/px4_msgs/px4_msgs/msg/detail/magnetometer_bias_estimate__struct.h\n'}
[8.626505] (px4_msgs) StdoutLine: {'line': b'-- Up-to-date: /home/em/ros_workspace_2025/nav_ws/install/px4_msgs/include/px4_msgs/px4_msgs/msg/detail/airspeed__struct.h\n'}
[8.626538] (px4_msgs) StdoutLine: {'line': b'-- Up-to-date: /home/em/ros_workspace_2025/nav_ws/install/px4_msgs/include/px4_msgs/px4_msgs/msg/detail/satellite_info__functions.c\n'}
[8.626567] (px4_msgs) StdoutLine: {'line': b'-- Up-to-date: /home/em/ros_workspace_2025/nav_ws/install/px4_msgs/include/px4_msgs/px4_msgs/msg/detail/vehicle_roi__type_support.h\n'}
[8.626595] (px4_msgs) StdoutLine: {'line': b'-- Up-to-date: /home/em/ros_workspace_2025/nav_ws/install/px4_msgs/include/px4_msgs/px4_msgs/msg/detail/follow_target__functions.c\n'}
[8.626637] (px4_msgs) StdoutLine: {'line': b'-- Up-to-date: /home/em/ros_workspace_2025/nav_ws/install/px4_msgs/include/px4_msgs/px4_msgs/msg/detail/rpm__functions.h\n'}
[8.626669] (px4_msgs) StdoutLine: {'line': b'-- Up-to-date: /home/em/ros_workspace_2025/nav_ws/install/px4_msgs/include/px4_msgs/px4_msgs/msg/detail/sensor_baro__struct.h\n'}
[8.626697] (px4_msgs) StdoutLine: {'line': b'-- Up-to-date: /home/em/ros_workspace_2025/nav_ws/install/px4_msgs/include/px4_msgs/px4_msgs/msg/detail/estimator_bias3d__functions.h\n'}
[8.626726] (px4_msgs) StdoutLine: {'line': b'-- Up-to-date: /home/em/ros_workspace_2025/nav_ws/install/px4_msgs/include/px4_msgs/px4_msgs/msg/detail/health_report__functions.c\n'}
[8.626754] (px4_msgs) StdoutLine: {'line': b'-- Up-to-date: /home/em/ros_workspace_2025/nav_ws/install/px4_msgs/include/px4_msgs/px4_msgs/msg/detail/home_position__functions.h\n'}
[8.626781] (px4_msgs) StdoutLine: {'line': b'-- Up-to-date: /home/em/ros_workspace_2025/nav_ws/install/px4_msgs/include/px4_msgs/px4_msgs/msg/detail/vehicle_air_data__functions.h\n'}
[8.626809] (px4_msgs) StdoutLine: {'line': b'-- Up-to-date: /home/em/ros_workspace_2025/nav_ws/install/px4_msgs/include/px4_msgs/px4_msgs/msg/detail/action_request__functions.h\n'}
[8.626837] (px4_msgs) StdoutLine: {'line': b'-- Up-to-date: /home/em/ros_workspace_2025/nav_ws/install/px4_msgs/include/px4_msgs/px4_msgs/msg/detail/vehicle_trajectory_bezier__type_support.h\n'}
[8.626867] (px4_msgs) StdoutLine: {'line': b'-- Up-to-date: /home/em/ros_workspace_2025/nav_ws/install/px4_msgs/include/px4_msgs/px4_msgs/msg/detail/manual_control_setpoint__type_support.h\n'}
[8.626925] (px4_msgs) StdoutLine: {'line': b'-- Up-to-date: /home/em/ros_workspace_2025/nav_ws/install/px4_msgs/include/px4_msgs/px4_msgs/msg/detail/flight_phase_estimation__type_support.h\n'}
[8.626958] (px4_msgs) StdoutLine: {'line': b'-- Up-to-date: /home/em/ros_workspace_2025/nav_ws/install/px4_msgs/include/px4_msgs/px4_msgs/msg/detail/figure_eight_status__type_support.h\n'}
[8.626991] (px4_msgs) StdoutLine: {'line': b'-- Up-to-date: /home/em/ros_workspace_2025/nav_ws/install/px4_msgs/include/px4_msgs/px4_msgs/msg/detail/sensor_combined__struct.h\n'}
[8.627040] (px4_msgs) StdoutLine: {'line': b'-- Up-to-date: /home/em/ros_workspace_2025/nav_ws/install/px4_msgs/include/px4_msgs/px4_msgs/msg/detail/position_setpoint__functions.h\n'}
[8.627095] (px4_msgs) StdoutLine: {'line': b'-- Up-to-date: /home/em/ros_workspace_2025/nav_ws/install/px4_msgs/include/px4_msgs/px4_msgs/msg/detail/geofence_status__type_support.h\n'}
[8.627144] (px4_msgs) StdoutLine: {'line': b'-- Up-to-date: /home/em/ros_workspace_2025/nav_ws/install/px4_msgs/include/px4_msgs/px4_msgs/msg/detail/debug_key_value__struct.h\n'}
[8.627181] (px4_msgs) StdoutLine: {'line': b'-- Up-to-date: /home/em/ros_workspace_2025/nav_ws/install/px4_msgs/include/px4_msgs/px4_msgs/msg/detail/can_interface_status__functions.c\n'}
[8.627284] (px4_msgs) StdoutLine: {'line': b'-- Up-to-date: /home/em/ros_workspace_2025/nav_ws/install/px4_msgs/include/px4_msgs/px4_msgs/msg/detail/register_ext_component_reply__functions.c\n'}
[8.627385] (px4_msgs) StdoutLine: {'line': b'-- Up-to-date: /home/em/ros_workspace_2025/nav_ws/install/px4_msgs/include/px4_msgs/px4_msgs/msg/detail/follow_target_status__functions.c\n'}
[8.627410] (px4_msgs) StdoutLine: {'line': b'-- Up-to-date: /home/em/ros_workspace_2025/nav_ws/install/px4_msgs/include/px4_msgs/px4_msgs/msg/detail/uavcan_parameter_value__functions.c\n'}
[8.627437] (px4_msgs) StdoutLine: {'line': b'-- Up-to-date: /home/em/ros_workspace_2025/nav_ws/install/px4_msgs/include/px4_msgs/px4_msgs/msg/detail/gpio_request__functions.h\n'}
[8.627461] (px4_msgs) StdoutLine: {'line': b'-- Up-to-date: /home/em/ros_workspace_2025/nav_ws/install/px4_msgs/include/px4_msgs/px4_msgs/msg/detail/gps_dump__struct.h\n'}
[8.627485] (px4_msgs) StdoutLine: {'line': b'-- Up-to-date: /home/em/ros_workspace_2025/nav_ws/install/px4_msgs/include/px4_msgs/px4_msgs/msg/detail/parameter_set_value_request__functions.c\n'}
[8.627509] (px4_msgs) StdoutLine: {'line': b'-- Up-to-date: /home/em/ros_workspace_2025/nav_ws/install/px4_msgs/include/px4_msgs/px4_msgs/msg/detail/estimator_status_flags__struct.h\n'}
[8.627531] (px4_msgs) StdoutLine: {'line': b'-- Up-to-date: /home/em/ros_workspace_2025/nav_ws/install/px4_msgs/include/px4_msgs/px4_msgs/msg/detail/sensor_correction__functions.c\n'}
[8.627554] (px4_msgs) StdoutLine: {'line': b'-- Up-to-date: /home/em/ros_workspace_2025/nav_ws/install/px4_msgs/include/px4_msgs/px4_msgs/msg/detail/rtl_time_estimate__type_support.h\n'}
[8.627587] (px4_msgs) StdoutLine: {'line': b'-- Up-to-date: /home/em/ros_workspace_2025/nav_ws/install/px4_msgs/include/px4_msgs/px4_msgs/msg/detail/button_event__type_support.h\n'}
[8.627611] (px4_msgs) StdoutLine: {'line': b'-- Up-to-date: /home/em/ros_workspace_2025/nav_ws/install/px4_msgs/include/px4_msgs/px4_msgs/msg/detail/distance_sensor__type_support.h\n'}
[8.627634] (px4_msgs) StdoutLine: {'line': b'-- Up-to-date: /home/em/ros_workspace_2025/nav_ws/install/px4_msgs/include/px4_msgs/px4_msgs/msg/detail/vehicle_constraints__functions.c\n'}
[8.627658] (px4_msgs) StdoutLine: {'line': b'-- Up-to-date: /home/em/ros_workspace_2025/nav_ws/install/px4_msgs/include/px4_msgs/px4_msgs/msg/detail/gimbal_manager_set_manual_control__functions.c\n'}
[8.627685] (px4_msgs) StdoutLine: {'line': b'-- Up-to-date: /home/em/ros_workspace_2025/nav_ws/install/px4_msgs/include/px4_msgs/px4_msgs/msg/detail/tecs_status__functions.c\n'}
[8.627708] (px4_msgs) StdoutLine: {'line': b'-- Up-to-date: /home/em/ros_workspace_2025/nav_ws/install/px4_msgs/include/px4_msgs/px4_msgs/msg/detail/estimator_event_flags__struct.h\n'}
[8.627730] (px4_msgs) StdoutLine: {'line': b'-- Up-to-date: /home/em/ros_workspace_2025/nav_ws/install/px4_msgs/include/px4_msgs/px4_msgs/msg/detail/radio_status__struct.h\n'}
[8.627753] (px4_msgs) StdoutLine: {'line': b'-- Up-to-date: /home/em/ros_workspace_2025/nav_ws/install/px4_msgs/include/px4_msgs/px4_msgs/msg/detail/npfg_status__functions.c\n'}
[8.627775] (px4_msgs) StdoutLine: {'line': b'-- Up-to-date: /home/em/ros_workspace_2025/nav_ws/install/px4_msgs/include/px4_msgs/px4_msgs/msg/detail/uavcan_parameter_request__struct.h\n'}
[8.627798] (px4_msgs) StdoutLine: {'line': b'-- Up-to-date: /home/em/ros_workspace_2025/nav_ws/install/px4_msgs/include/px4_msgs/px4_msgs/msg/detail/ulog_stream__type_support.h\n'}
[8.627820] (px4_msgs) StdoutLine: {'line': b'-- Up-to-date: /home/em/ros_workspace_2025/nav_ws/install/px4_msgs/include/px4_msgs/px4_msgs/msg/detail/rover_mecanum_status__type_support.h\n'}
[8.627842] (px4_msgs) StdoutLine: {'line': b'-- Up-to-date: /home/em/ros_workspace_2025/nav_ws/install/px4_msgs/include/px4_msgs/px4_msgs/msg/detail/magnetometer_bias_estimate__functions.h\n'}
[8.627864] (px4_msgs) StdoutLine: {'line': b'-- Up-to-date: /home/em/ros_workspace_2025/nav_ws/install/px4_msgs/include/px4_msgs/px4_msgs/msg/detail/arming_check_reply__struct.h\n'}
[8.627886] (px4_msgs) StdoutLine: {'line': b'-- Up-to-date: /home/em/ros_workspace_2025/nav_ws/install/px4_msgs/include/px4_msgs/px4_msgs/msg/detail/hover_thrust_estimate__type_support.h\n'}
[8.627909] (px4_msgs) StdoutLine: {'line': b'-- Up-to-date: /home/em/ros_workspace_2025/nav_ws/install/px4_msgs/include/px4_msgs/px4_msgs/msg/detail/generator_status__functions.h\n'}
[8.627932] (px4_msgs) StdoutLine: {'line': b'-- Up-to-date: /home/em/ros_workspace_2025/nav_ws/install/px4_msgs/include/px4_msgs/px4_msgs/msg/detail/gpio_out__struct.h\n'}
[8.627954] (px4_msgs) StdoutLine: {'line': b'-- Up-to-date: /home/em/ros_workspace_2025/nav_ws/install/px4_msgs/include/px4_msgs/px4_msgs/msg/detail/actuator_armed__type_support.h\n'}
[8.627977] (px4_msgs) StdoutLine: {'line': b'-- Up-to-date: /home/em/ros_workspace_2025/nav_ws/install/px4_msgs/include/px4_msgs/px4_msgs/msg/detail/message_format_request__functions.c\n'}
[8.628000] (px4_msgs) StdoutLine: {'line': b'-- Up-to-date: /home/em/ros_workspace_2025/nav_ws/install/px4_msgs/include/px4_msgs/px4_msgs/msg/detail/arming_check_reply__functions.c\n'}
[8.628022] (px4_msgs) StdoutLine: {'line': b'-- Up-to-date: /home/em/ros_workspace_2025/nav_ws/install/px4_msgs/include/px4_msgs/px4_msgs/msg/detail/vehicle_local_position__functions.c\n'}
[8.628043] (px4_msgs) StdoutLine: {'line': b'-- Up-to-date: /home/em/ros_workspace_2025/nav_ws/install/px4_msgs/include/px4_msgs/px4_msgs/msg/detail/qshell_retval__functions.c\n'}
[8.628065] (px4_msgs) StdoutLine: {'line': b'-- Up-to-date: /home/em/ros_workspace_2025/nav_ws/install/px4_msgs/include/px4_msgs/px4_msgs/msg/detail/sensor_selection__functions.h\n'}
[8.628089] (px4_msgs) StdoutLine: {'line': b'-- Up-to-date: /home/em/ros_workspace_2025/nav_ws/install/px4_msgs/include/px4_msgs/px4_msgs/msg/detail/hover_thrust_estimate__struct.h\n'}
[8.628112] (px4_msgs) StdoutLine: {'line': b'-- Up-to-date: /home/em/ros_workspace_2025/nav_ws/install/px4_msgs/include/px4_msgs/px4_msgs/msg/detail/pps_capture__functions.c\n'}
[8.628135] (px4_msgs) StdoutLine: {'line': b'-- Up-to-date: /home/em/ros_workspace_2025/nav_ws/install/px4_msgs/include/px4_msgs/px4_msgs/msg/detail/rover_ackermann_status__functions.c\n'}
[8.628157] (px4_msgs) StdoutLine: {'line': b'-- Up-to-date: /home/em/ros_workspace_2025/nav_ws/install/px4_msgs/include/px4_msgs/px4_msgs/msg/detail/parameter_set_value_response__type_support.h\n'}
[8.628179] (px4_msgs) StdoutLine: {'line': b'-- Up-to-date: /home/em/ros_workspace_2025/nav_ws/install/px4_msgs/include/px4_msgs/px4_msgs/msg/detail/open_drone_id_operator_id__functions.h\n'}
[8.628218] (px4_msgs) StdoutLine: {'line': b'-- Up-to-date: /home/em/ros_workspace_2025/nav_ws/install/px4_msgs/include/px4_msgs/px4_msgs/msg/detail/goto_setpoint__type_support.h\n'}
[8.628240] (px4_msgs) StdoutLine: {'line': b'-- Up-to-date: /home/em/ros_workspace_2025/nav_ws/install/px4_msgs/include/px4_msgs/px4_msgs/msg/detail/landing_target_pose__functions.c\n'}
[8.628265] (px4_msgs) StdoutLine: {'line': b'-- Up-to-date: /home/em/ros_workspace_2025/nav_ws/install/px4_msgs/include/px4_msgs/px4_msgs/msg/detail/dataman_response__struct.h\n'}
[8.628288] (px4_msgs) StdoutLine: {'line': b'-- Up-to-date: /home/em/ros_workspace_2025/nav_ws/install/px4_msgs/include/px4_msgs/px4_msgs/msg/detail/rc_parameter_map__type_support.h\n'}
[8.628312] (px4_msgs) StdoutLine: {'line': b'-- Up-to-date: /home/em/ros_workspace_2025/nav_ws/install/px4_msgs/include/px4_msgs/px4_msgs/msg/detail/dataman_request__struct.h\n'}
[8.628336] (px4_msgs) StdoutLine: {'line': b'-- Up-to-date: /home/em/ros_workspace_2025/nav_ws/install/px4_msgs/include/px4_msgs/px4_msgs/msg/detail/estimator_status_flags__functions.h\n'}
[8.628358] (px4_msgs) StdoutLine: {'line': b'-- Up-to-date: /home/em/ros_workspace_2025/nav_ws/install/px4_msgs/include/px4_msgs/px4_msgs/msg/detail/unregister_ext_component__type_support.h\n'}
[8.628382] (px4_msgs) StdoutLine: {'line': b'-- Up-to-date: /home/em/ros_workspace_2025/nav_ws/install/px4_msgs/include/px4_msgs/px4_msgs/msg/detail/health_report__type_support.h\n'}
[8.628405] (px4_msgs) StdoutLine: {'line': b'-- Up-to-date: /home/em/ros_workspace_2025/nav_ws/install/px4_msgs/include/px4_msgs/px4_msgs/msg/detail/radio_status__functions.c\n'}
[8.628427] (px4_msgs) StdoutLine: {'line': b'-- Up-to-date: /home/em/ros_workspace_2025/nav_ws/install/px4_msgs/include/px4_msgs/px4_msgs/msg/detail/vehicle_optical_flow_vel__functions.c\n'}
[8.628451] (px4_msgs) StdoutLine: {'line': b'-- Up-to-date: /home/em/ros_workspace_2025/nav_ws/install/px4_msgs/include/px4_msgs/px4_msgs/msg/detail/power_monitor__type_support.h\n'}
[8.628474] (px4_msgs) StdoutLine: {'line': b'-- Up-to-date: /home/em/ros_workspace_2025/nav_ws/install/px4_msgs/include/px4_msgs/px4_msgs/msg/detail/gimbal_device_attitude_status__functions.h\n'}
[8.628498] (px4_msgs) StdoutLine: {'line': b'-- Up-to-date: /home/em/ros_workspace_2025/nav_ws/install/px4_msgs/include/px4_msgs/px4_msgs/msg/detail/ekf2_timestamps__struct.h\n'}
[8.628520] (px4_msgs) StdoutLine: {'line': b'-- Up-to-date: /home/em/ros_workspace_2025/nav_ws/install/px4_msgs/include/px4_msgs/px4_msgs/msg/detail/parameter_update__struct.h\n'}
[8.628578] (px4_msgs) StdoutLine: {'line': b'-- Up-to-date: /home/em/ros_workspace_2025/nav_ws/install/px4_msgs/include/px4_msgs/px4_msgs/msg/detail/vehicle_angular_velocity__struct.h\n'}
[8.628600] (px4_msgs) StdoutLine: {'line': b'-- Up-to-date: /home/em/ros_workspace_2025/nav_ws/install/px4_msgs/include/px4_msgs/px4_msgs/msg/detail/estimator_states__type_support.h\n'}
[8.628622] (px4_msgs) StdoutLine: {'line': b'-- Up-to-date: /home/em/ros_workspace_2025/nav_ws/install/px4_msgs/include/px4_msgs/px4_msgs/msg/detail/camera_trigger__struct.h\n'}
[8.628644] (px4_msgs) StdoutLine: {'line': b'-- Up-to-date: /home/em/ros_workspace_2025/nav_ws/install/px4_msgs/include/px4_msgs/px4_msgs/msg/detail/system_power__functions.c\n'}
[8.628666] (px4_msgs) StdoutLine: {'line': b'-- Up-to-date: /home/em/ros_workspace_2025/nav_ws/install/px4_msgs/include/px4_msgs/px4_msgs/msg/detail/dataman_response__type_support.h\n'}
[8.628687] (px4_msgs) StdoutLine: {'line': b'-- Up-to-date: /home/em/ros_workspace_2025/nav_ws/install/px4_msgs/include/px4_msgs/px4_msgs/msg/detail/parameter_set_value_request__type_support.h\n'}
[8.628709] (px4_msgs) StdoutLine: {'line': b'-- Up-to-date: /home/em/ros_workspace_2025/nav_ws/install/px4_msgs/include/px4_msgs/px4_msgs/msg/detail/gimbal_manager_status__type_support.h\n'}
[8.628732] (px4_msgs) StdoutLine: {'line': b'-- Up-to-date: /home/em/ros_workspace_2025/nav_ws/install/px4_msgs/include/px4_msgs/px4_msgs/msg/detail/onboard_computer_status__functions.c\n'}
[8.628753] (px4_msgs) StdoutLine: {'line': b'-- Up-to-date: /home/em/ros_workspace_2025/nav_ws/install/px4_msgs/include/px4_msgs/px4_msgs/msg/detail/takeoff_status__functions.c\n'}
[8.628774] (px4_msgs) StdoutLine: {'line': b'-- Up-to-date: /home/em/ros_workspace_2025/nav_ws/install/px4_msgs/include/px4_msgs/px4_msgs/msg/detail/input_rc__type_support.h\n'}
[8.628796] (px4_msgs) StdoutLine: {'line': b'-- Up-to-date: /home/em/ros_workspace_2025/nav_ws/install/px4_msgs/include/px4_msgs/px4_msgs/msg/detail/open_drone_id_self_id__struct.h\n'}
[8.628818] (px4_msgs) StdoutLine: {'line': b'-- Up-to-date: /home/em/ros_workspace_2025/nav_ws/install/px4_msgs/include/px4_msgs/px4_msgs/msg/detail/power_monitor__struct.h\n'}
[8.628840] (px4_msgs) StdoutLine: {'line': b'-- Up-to-date: /home/em/ros_workspace_2025/nav_ws/install/px4_msgs/include/px4_msgs/px4_msgs/msg/detail/orb_test_medium__functions.h\n'}
[8.628919] (px4_msgs) StdoutLine: {'line': b'-- Up-to-date: /home/em/ros_workspace_2025/nav_ws/install/px4_msgs/include/px4_msgs/px4_msgs/msg/detail/radio_status__type_support.h\n'}
[8.628941] (px4_msgs) StdoutLine: {'line': b'-- Up-to-date: /home/em/ros_workspace_2025/nav_ws/install/px4_msgs/include/px4_msgs/px4_msgs/msg/detail/transponder_report__struct.h\n'}
[8.628963] (px4_msgs) StdoutLine: {'line': b'-- Up-to-date: /home/em/ros_workspace_2025/nav_ws/install/px4_msgs/include/px4_msgs/px4_msgs/msg/detail/gimbal_manager_status__functions.h\n'}
[8.628985] (px4_msgs) StdoutLine: {'line': b'-- Up-to-date: /home/em/ros_workspace_2025/nav_ws/install/px4_msgs/include/px4_msgs/px4_msgs/msg/detail/estimator_sensor_bias__functions.c\n'}
[8.629007] (px4_msgs) StdoutLine: {'line': b'-- Up-to-date: /home/em/ros_workspace_2025/nav_ws/install/px4_msgs/include/px4_msgs/px4_msgs/msg/detail/follow_target_status__functions.h\n'}
[8.629031] (px4_msgs) StdoutLine: {'line': b'-- Up-to-date: /home/em/ros_workspace_2025/nav_ws/install/px4_msgs/include/px4_msgs/px4_msgs/msg/detail/collision_constraints__functions.h\n'}
[8.629054] (px4_msgs) StdoutLine: {'line': b'-- Up-to-date: /home/em/ros_workspace_2025/nav_ws/install/px4_msgs/include/px4_msgs/px4_msgs/msg/detail/estimator_status_flags__functions.c\n'}
[8.629079] (px4_msgs) StdoutLine: {'line': b'-- Up-to-date: /home/em/ros_workspace_2025/nav_ws/install/px4_msgs/include/px4_msgs/px4_msgs/msg/detail/airspeed_wind__type_support.h\n'}
[8.629101] (px4_msgs) StdoutLine: {'line': b'-- Up-to-date: /home/em/ros_workspace_2025/nav_ws/install/px4_msgs/include/px4_msgs/px4_msgs/msg/detail/parameter_update__functions.c\n'}
[8.629123] (px4_msgs) StdoutLine: {'line': b'-- Up-to-date: /home/em/ros_workspace_2025/nav_ws/install/px4_msgs/include/px4_msgs/px4_msgs/msg/detail/sensor_selection__functions.c\n'}
[8.629145] (px4_msgs) StdoutLine: {'line': b'-- Up-to-date: /home/em/ros_workspace_2025/nav_ws/install/px4_msgs/include/px4_msgs/px4_msgs/msg/detail/esc_report__functions.c\n'}
[8.629167] (px4_msgs) StdoutLine: {'line': b'-- Up-to-date: /home/em/ros_workspace_2025/nav_ws/install/px4_msgs/include/px4_msgs/px4_msgs/msg/detail/cpuload__type_support.h\n'}
[8.629191] (px4_msgs) StdoutLine: {'line': b'-- Up-to-date: /home/em/ros_workspace_2025/nav_ws/install/px4_msgs/include/px4_msgs/px4_msgs/msg/detail/sensor_hygrometer__functions.c\n'}
[8.629216] (px4_msgs) StdoutLine: {'line': b'-- Up-to-date: /home/em/ros_workspace_2025/nav_ws/install/px4_msgs/include/px4_msgs/px4_msgs/msg/detail/manual_control_setpoint__functions.h\n'}
[8.629238] (px4_msgs) StdoutLine: {'line': b'-- Up-to-date: /home/em/ros_workspace_2025/nav_ws/install/px4_msgs/include/px4_msgs/px4_msgs/msg/detail/adc_report__type_support.h\n'}
[8.629324] (px4_msgs) StdoutLine: {'line': b'-- Up-to-date: /home/em/ros_workspace_2025/nav_ws/install/px4_msgs/include/px4_msgs/px4_msgs/msg/detail/message_format_response__functions.c\n'}
[8.629370] (px4_msgs) StdoutLine: {'line': b'-- Up-to-date: /home/em/ros_workspace_2025/nav_ws/install/px4_msgs/include/px4_msgs/px4_msgs/msg/detail/sensor_gyro__functions.h\n'}
[8.629414] (px4_msgs) StdoutLine: {'line': b'-- Up-to-date: /home/em/ros_workspace_2025/nav_ws/install/px4_msgs/include/px4_msgs/px4_msgs/msg/detail/velocity_limits__functions.c\n'}
[8.629440] (px4_msgs) StdoutLine: {'line': b'-- Up-to-date: /home/em/ros_workspace_2025/nav_ws/install/px4_msgs/include/px4_msgs/px4_msgs/msg/detail/vtol_vehicle_status__functions.h\n'}
[8.629465] (px4_msgs) StdoutLine: {'line': b'-- Up-to-date: /home/em/ros_workspace_2025/nav_ws/install/px4_msgs/include/px4_msgs/px4_msgs/msg/detail/rover_ackermann_guidance_status__functions.h\n'}
[8.629489] (px4_msgs) StdoutLine: {'line': b'-- Up-to-date: /home/em/ros_workspace_2025/nav_ws/install/px4_msgs/include/px4_msgs/px4_msgs/msg/detail/rover_ackermann_guidance_status__type_support.h\n'}
[8.629513] (px4_msgs) StdoutLine: {'line': b'-- Up-to-date: /home/em/ros_workspace_2025/nav_ws/install/px4_msgs/include/px4_msgs/px4_msgs/msg/detail/vehicle_imu__functions.c\n'}
[8.629536] (px4_msgs) StdoutLine: {'line': b'-- Up-to-date: /home/em/ros_workspace_2025/nav_ws/install/px4_msgs/include/px4_msgs/px4_msgs/msg/detail/uavcan_parameter_request__functions.c\n'}
[8.629558] (px4_msgs) StdoutLine: {'line': b'-- Up-to-date: /home/em/ros_workspace_2025/nav_ws/install/px4_msgs/include/px4_msgs/px4_msgs/msg/detail/actuator_motors__struct.h\n'}
[8.629581] (px4_msgs) StdoutLine: {'line': b'-- Up-to-date: /home/em/ros_workspace_2025/nav_ws/install/px4_msgs/include/px4_msgs/px4_msgs/msg/detail/collision_report__functions.h\n'}
[8.629604] (px4_msgs) StdoutLine: {'line': b'-- Up-to-date: /home/em/ros_workspace_2025/nav_ws/install/px4_msgs/include/px4_msgs/px4_msgs/msg/detail/sensors_status_imu__type_support.h\n'}
[8.629627] (px4_msgs) StdoutLine: {'line': b'-- Up-to-date: /home/em/ros_workspace_2025/nav_ws/install/px4_msgs/include/px4_msgs/px4_msgs/msg/detail/estimator_innovations__functions.c\n'}
[8.629902] (px4_msgs) StdoutLine: {'line': b'-- Up-to-date: /home/em/ros_workspace_2025/nav_ws/install/px4_msgs/include/px4_msgs/px4_msgs/msg/detail/vehicle_attitude__type_support.h\n'}
[8.629927] (px4_msgs) StdoutLine: {'line': b'-- Up-to-date: /home/em/ros_workspace_2025/nav_ws/install/px4_msgs/include/px4_msgs/px4_msgs/msg/detail/vehicle_magnetometer__type_support.h\n'}
[8.629951] (px4_msgs) StdoutLine: {'line': b'-- Up-to-date: /home/em/ros_workspace_2025/nav_ws/install/px4_msgs/include/px4_msgs/px4_msgs/msg/detail/gripper__functions.c\n'}
[8.629976] (px4_msgs) StdoutLine: {'line': b'-- Up-to-date: /home/em/ros_workspace_2025/nav_ws/install/px4_msgs/include/px4_msgs/px4_msgs/msg/detail/dataman_response__functions.c\n'}
[8.629999] (px4_msgs) StdoutLine: {'line': b'-- Up-to-date: /home/em/ros_workspace_2025/nav_ws/install/px4_msgs/include/px4_msgs/px4_msgs/msg/detail/sensor_gyro_fifo__functions.h\n'}
[8.630022] (px4_msgs) StdoutLine: {'line': b'-- Up-to-date: /home/em/ros_workspace_2025/nav_ws/install/px4_msgs/include/px4_msgs/px4_msgs/msg/detail/navigator_status__functions.c\n'}
[8.630045] (px4_msgs) StdoutLine: {'line': b'-- Up-to-date: /home/em/ros_workspace_2025/nav_ws/install/px4_msgs/include/px4_msgs/px4_msgs/msg/detail/dataman_request__functions.h\n'}
[8.630069] (px4_msgs) StdoutLine: {'line': b'-- Up-to-date: /home/em/ros_workspace_2025/nav_ws/install/px4_msgs/include/px4_msgs/px4_msgs/msg/detail/estimator_bias__type_support.h\n'}
[8.630091] (px4_msgs) StdoutLine: {'line': b'-- Up-to-date: /home/em/ros_workspace_2025/nav_ws/install/px4_msgs/include/px4_msgs/px4_msgs/msg/detail/register_ext_component_reply__functions.h\n'}
[8.630114] (px4_msgs) StdoutLine: {'line': b'-- Up-to-date: /home/em/ros_workspace_2025/nav_ws/install/px4_msgs/include/px4_msgs/px4_msgs/msg/detail/parameter_update__functions.h\n'}
[8.630135] (-) TimerEvent: {}
[8.630268] (px4_msgs) StdoutLine: {'line': b'-- Up-to-date: /home/em/ros_workspace_2025/nav_ws/install/px4_msgs/include/px4_msgs/px4_msgs/msg/detail/differential_pressure__functions.c\n'}
[8.630325] (px4_msgs) StdoutLine: {'line': b'-- Up-to-date: /home/em/ros_workspace_2025/nav_ws/install/px4_msgs/include/px4_msgs/px4_msgs/msg/detail/vehicle_local_position__struct.h\n'}
[8.630352] (px4_msgs) StdoutLine: {'line': b'-- Up-to-date: /home/em/ros_workspace_2025/nav_ws/install/px4_msgs/include/px4_msgs/px4_msgs/msg/detail/position_controller_landing_status__struct.h\n'}
[8.630379] (px4_msgs) StdoutLine: {'line': b'-- Up-to-date: /home/em/ros_workspace_2025/nav_ws/install/px4_msgs/include/px4_msgs/px4_msgs/msg/detail/battery_status__functions.c\n'}
[8.630404] (px4_msgs) StdoutLine: {'line': b'-- Up-to-date: /home/em/ros_workspace_2025/nav_ws/install/px4_msgs/include/px4_msgs/px4_msgs/msg/detail/trajectory_setpoint__functions.c\n'}
[8.630430] (px4_msgs) StdoutLine: {'line': b'-- Up-to-date: /home/em/ros_workspace_2025/nav_ws/install/px4_msgs/include/px4_msgs/px4_msgs/msg/detail/position_setpoint_triplet__functions.c\n'}
[8.630454] (px4_msgs) StdoutLine: {'line': b'-- Up-to-date: /home/em/ros_workspace_2025/nav_ws/install/px4_msgs/include/px4_msgs/px4_msgs/msg/detail/ulog_stream_ack__functions.c\n'}
[8.630477] (px4_msgs) StdoutLine: {'line': b'-- Up-to-date: /home/em/ros_workspace_2025/nav_ws/install/px4_msgs/include/px4_msgs/px4_msgs/msg/detail/actuator_controls_status__struct.h\n'}
[8.630504] (px4_msgs) StdoutLine: {'line': b'-- Up-to-date: /home/em/ros_workspace_2025/nav_ws/install/px4_msgs/include/px4_msgs/px4_msgs/msg/detail/gimbal_manager_set_attitude__functions.c\n'}
[8.630536] (px4_msgs) StdoutLine: {'line': b'-- Up-to-date: /home/em/ros_workspace_2025/nav_ws/install/px4_msgs/include/px4_msgs/px4_msgs/msg/detail/tecs_status__type_support.h\n'}
[8.630563] (px4_msgs) StdoutLine: {'line': b'-- Up-to-date: /home/em/ros_workspace_2025/nav_ws/install/px4_msgs/include/px4_msgs/px4_msgs/msg/detail/sensor_gps__type_support.h\n'}
[8.630586] (px4_msgs) StdoutLine: {'line': b'-- Up-to-date: /home/em/ros_workspace_2025/nav_ws/install/px4_msgs/include/px4_msgs/px4_msgs/msg/detail/cpuload__functions.c\n'}
[8.630622] (px4_msgs) StdoutLine: {'line': b'-- Up-to-date: /home/em/ros_workspace_2025/nav_ws/install/px4_msgs/include/px4_msgs/px4_msgs/msg/detail/telemetry_status__functions.c\n'}
[8.630644] (px4_msgs) StdoutLine: {'line': b'-- Up-to-date: /home/em/ros_workspace_2025/nav_ws/install/px4_msgs/include/px4_msgs/px4_msgs/msg/detail/estimator_innovations__type_support.h\n'}
[8.630672] (px4_msgs) StdoutLine: {'line': b'-- Up-to-date: /home/em/ros_workspace_2025/nav_ws/install/px4_msgs/include/px4_msgs/px4_msgs/msg/detail/sensor_selection__struct.h\n'}
[8.630696] (px4_msgs) StdoutLine: {'line': b'-- Up-to-date: /home/em/ros_workspace_2025/nav_ws/install/px4_msgs/include/px4_msgs/px4_msgs/msg/detail/rover_mecanum_status__functions.h\n'}
[8.630720] (px4_msgs) StdoutLine: {'line': b'-- Up-to-date: /home/em/ros_workspace_2025/nav_ws/install/px4_msgs/include/px4_msgs/px4_msgs/msg/detail/register_ext_component_request__type_support.h\n'}
[8.630744] (px4_msgs) StdoutLine: {'line': b'-- Up-to-date: /home/em/ros_workspace_2025/nav_ws/install/px4_msgs/include/px4_msgs/px4_msgs/msg/detail/input_rc__functions.h\n'}
[8.630777] (px4_msgs) StdoutLine: {'line': b'-- Up-to-date: /home/em/ros_workspace_2025/nav_ws/install/px4_msgs/include/px4_msgs/px4_msgs/msg/detail/vehicle_magnetometer__struct.h\n'}
[8.630824] (px4_msgs) StdoutLine: {'line': b'-- Up-to-date: /home/em/ros_workspace_2025/nav_ws/install/px4_msgs/include/px4_msgs/px4_msgs/msg/detail/debug_array__functions.h\n'}
[8.630890] (px4_msgs) StdoutLine: {'line': b'-- Up-to-date: /home/em/ros_workspace_2025/nav_ws/install/px4_msgs/include/px4_msgs/px4_msgs/msg/detail/vehicle_trajectory_bezier__functions.h\n'}
[8.630931] (px4_msgs) StdoutLine: {'line': b'-- Up-to-date: /home/em/ros_workspace_2025/nav_ws/install/px4_msgs/include/px4_msgs/px4_msgs/msg/detail/fuel_tank_status__functions.c\n'}
[8.631042] (px4_msgs) StdoutLine: {'line': b'-- Up-to-date: /home/em/ros_workspace_2025/nav_ws/install/px4_msgs/include/px4_msgs/px4_msgs/msg/detail/parameter_reset_request__functions.c\n'}
[8.631134] (px4_msgs) StdoutLine: {'line': b'-- Up-to-date: /home/em/ros_workspace_2025/nav_ws/install/px4_msgs/include/px4_msgs/px4_msgs/msg/detail/figure_eight_status__struct.h\n'}
[8.631162] (px4_msgs) StdoutLine: {'line': b'-- Up-to-date: /home/em/ros_workspace_2025/nav_ws/install/px4_msgs/include/px4_msgs/px4_msgs/msg/detail/takeoff_status__functions.h\n'}
[8.631192] (px4_msgs) StdoutLine: {'line': b'-- Up-to-date: /home/em/ros_workspace_2025/nav_ws/install/px4_msgs/include/px4_msgs/px4_msgs/msg/detail/rover_ackermann_setpoint__struct.h\n'}
[8.631222] (px4_msgs) StdoutLine: {'line': b'-- Up-to-date: /home/em/ros_workspace_2025/nav_ws/install/px4_msgs/include/px4_msgs/px4_msgs/msg/detail/estimator_bias__struct.h\n'}
[8.631247] (px4_msgs) StdoutLine: {'line': b'-- Up-to-date: /home/em/ros_workspace_2025/nav_ws/install/px4_msgs/include/px4_msgs/px4_msgs/msg/detail/config_overrides__struct.h\n'}
[8.631271] (px4_msgs) StdoutLine: {'line': b'-- Up-to-date: /home/em/ros_workspace_2025/nav_ws/install/px4_msgs/include/px4_msgs/px4_msgs/msg/detail/goto_setpoint__functions.h\n'}
[8.631316] (px4_msgs) StdoutLine: {'line': b'-- Up-to-date: /home/em/ros_workspace_2025/nav_ws/install/px4_msgs/include/px4_msgs/px4_msgs/msg/detail/sensor_mag__type_support.h\n'}
[8.631345] (px4_msgs) StdoutLine: {'line': b'-- Up-to-date: /home/em/ros_workspace_2025/nav_ws/install/px4_msgs/include/px4_msgs/px4_msgs/msg/detail/open_drone_id_system__functions.h\n'}
[8.631370] (px4_msgs) StdoutLine: {'line': b'-- Up-to-date: /home/em/ros_workspace_2025/nav_ws/install/px4_msgs/include/px4_msgs/px4_msgs/msg/detail/collision_report__struct.h\n'}
[8.631396] (px4_msgs) StdoutLine: {'line': b'-- Up-to-date: /home/em/ros_workspace_2025/nav_ws/install/px4_msgs/include/px4_msgs/px4_msgs/msg/detail/cellular_status__type_support.h\n'}
[8.631420] (px4_msgs) StdoutLine: {'line': b'-- Up-to-date: /home/em/ros_workspace_2025/nav_ws/install/px4_msgs/include/px4_msgs/px4_msgs/msg/detail/trajectory_setpoint__type_support.h\n'}
[8.631445] (px4_msgs) StdoutLine: {'line': b'-- Up-to-date: /home/em/ros_workspace_2025/nav_ws/install/px4_msgs/include/px4_msgs/px4_msgs/msg/detail/camera_trigger__functions.c\n'}
[8.631470] (px4_msgs) StdoutLine: {'line': b'-- Up-to-date: /home/em/ros_workspace_2025/nav_ws/install/px4_msgs/include/px4_msgs/px4_msgs/msg/detail/mission__type_support.h\n'}
[8.631494] (px4_msgs) StdoutLine: {'line': b'-- Up-to-date: /home/em/ros_workspace_2025/nav_ws/install/px4_msgs/include/px4_msgs/px4_msgs/msg/detail/vehicle_angular_velocity__functions.h\n'}
[8.631521] (px4_msgs) StdoutLine: {'line': b'-- Up-to-date: /home/em/ros_workspace_2025/nav_ws/install/px4_msgs/include/px4_msgs/px4_msgs/msg/detail/landing_gear__type_support.h\n'}
[8.631543] (px4_msgs) StdoutLine: {'line': b'-- Up-to-date: /home/em/ros_workspace_2025/nav_ws/install/px4_msgs/include/px4_msgs/px4_msgs/msg/detail/geofence_result__functions.c\n'}
[8.631566] (px4_msgs) StdoutLine: {'line': b'-- Up-to-date: /home/em/ros_workspace_2025/nav_ws/install/px4_msgs/include/px4_msgs/px4_msgs/msg/detail/goto_setpoint__struct.h\n'}
[8.631588] (px4_msgs) StdoutLine: {'line': b'-- Up-to-date: /home/em/ros_workspace_2025/nav_ws/install/px4_msgs/include/px4_msgs/px4_msgs/msg/detail/debug_value__functions.h\n'}
[8.631610] (px4_msgs) StdoutLine: {'line': b'-- Up-to-date: /home/em/ros_workspace_2025/nav_ws/install/px4_msgs/include/px4_msgs/px4_msgs/msg/detail/power_button_state__type_support.h\n'}
[8.631666] (px4_msgs) StdoutLine: {'line': b'-- Up-to-date: /home/em/ros_workspace_2025/nav_ws/install/px4_msgs/include/px4_msgs/px4_msgs/msg/detail/buffer128__struct.h\n'}
[8.631690] (px4_msgs) StdoutLine: {'line': b'-- Up-to-date: /home/em/ros_workspace_2025/nav_ws/install/px4_msgs/include/px4_msgs/px4_msgs/msg/detail/navigator_mission_item__functions.c\n'}
[8.631715] (px4_msgs) StdoutLine: {'line': b'-- Up-to-date: /home/em/ros_workspace_2025/nav_ws/install/px4_msgs/include/px4_msgs/px4_msgs/msg/detail/estimator_gps_status__functions.h\n'}
[8.631738] (px4_msgs) StdoutLine: {'line': b'-- Up-to-date: /home/em/ros_workspace_2025/nav_ws/install/px4_msgs/include/px4_msgs/px4_msgs/msg/detail/vehicle_command_ack__struct.h\n'}
[8.631761] (px4_msgs) StdoutLine: {'line': b'-- Up-to-date: /home/em/ros_workspace_2025/nav_ws/install/px4_msgs/include/px4_msgs/px4_msgs/msg/detail/satellite_info__struct.h\n'}
[8.631784] (px4_msgs) StdoutLine: {'line': b'-- Up-to-date: /home/em/ros_workspace_2025/nav_ws/install/px4_msgs/include/px4_msgs/px4_msgs/msg/detail/unregister_ext_component__struct.h\n'}
[8.631809] (px4_msgs) StdoutLine: {'line': b'-- Up-to-date: /home/em/ros_workspace_2025/nav_ws/install/px4_msgs/include/px4_msgs/px4_msgs/msg/detail/vehicle_torque_setpoint__functions.c\n'}
[8.631832] (px4_msgs) StdoutLine: {'line': b'-- Up-to-date: /home/em/ros_workspace_2025/nav_ws/install/px4_msgs/include/px4_msgs/px4_msgs/msg/detail/orb_test_large__type_support.h\n'}
[8.631854] (px4_msgs) StdoutLine: {'line': b'-- Up-to-date: /home/em/ros_workspace_2025/nav_ws/install/px4_msgs/include/px4_msgs/px4_msgs/msg/detail/rover_differential_setpoint__functions.h\n'}
[8.631878] (px4_msgs) StdoutLine: {'line': b'-- Up-to-date: /home/em/ros_workspace_2025/nav_ws/install/px4_msgs/include/px4_msgs/px4_msgs/msg/detail/navigator_mission_item__functions.h\n'}
[8.631900] (px4_msgs) StdoutLine: {'line': b'-- Up-to-date: /home/em/ros_workspace_2025/nav_ws/install/px4_msgs/include/px4_msgs/px4_msgs/msg/detail/gimbal_device_information__functions.c\n'}
[8.632022] (px4_msgs) StdoutLine: {'line': b'-- Up-to-date: /home/em/ros_workspace_2025/nav_ws/install/px4_msgs/include/px4_msgs/px4_msgs/msg/detail/gpio_in__type_support.h\n'}
[8.632048] (px4_msgs) StdoutLine: {'line': b'-- Up-to-date: /home/em/ros_workspace_2025/nav_ws/install/px4_msgs/include/px4_msgs/px4_msgs/msg/detail/telemetry_status__struct.h\n'}
[8.632073] (px4_msgs) StdoutLine: {'line': b'-- Up-to-date: /home/em/ros_workspace_2025/nav_ws/install/px4_msgs/include/px4_msgs/px4_msgs/msg/detail/estimator_aid_source3d__functions.h\n'}
[8.632115] (px4_msgs) StdoutLine: {'line': b'-- Up-to-date: /home/em/ros_workspace_2025/nav_ws/install/px4_msgs/include/px4_msgs/px4_msgs/msg/detail/actuator_servos_trim__functions.h\n'}
[8.632141] (px4_msgs) StdoutLine: {'line': b'-- Up-to-date: /home/em/ros_workspace_2025/nav_ws/install/px4_msgs/include/px4_msgs/px4_msgs/msg/detail/sensor_gyro_fft__functions.c\n'}
[8.632167] (px4_msgs) StdoutLine: {'line': b'-- Up-to-date: /home/em/ros_workspace_2025/nav_ws/install/px4_msgs/include/px4_msgs/px4_msgs/msg/detail/gpio_in__functions.c\n'}
[8.632196] (px4_msgs) StdoutLine: {'line': b'-- Up-to-date: /home/em/ros_workspace_2025/nav_ws/install/px4_msgs/include/px4_msgs/px4_msgs/msg/detail/unregister_ext_component__functions.c\n'}
[8.632222] (px4_msgs) StdoutLine: {'line': b'-- Up-to-date: /home/em/ros_workspace_2025/nav_ws/install/px4_msgs/include/px4_msgs/px4_msgs/msg/detail/sensor_gnss_relative__struct.h\n'}
[8.632248] (px4_msgs) StdoutLine: {'line': b'-- Up-to-date: /home/em/ros_workspace_2025/nav_ws/install/px4_msgs/include/px4_msgs/px4_msgs/msg/detail/logger_status__type_support.h\n'}
[8.632280] (px4_msgs) StdoutLine: {'line': b'-- Up-to-date: /home/em/ros_workspace_2025/nav_ws/install/px4_msgs/include/px4_msgs/px4_msgs/msg/detail/vehicle_local_position__functions.h\n'}
[8.632303] (px4_msgs) StdoutLine: {'line': b'-- Up-to-date: /home/em/ros_workspace_2025/nav_ws/install/px4_msgs/include/px4_msgs/px4_msgs/msg/detail/rover_ackermann_status__type_support.h\n'}
[8.632326] (px4_msgs) StdoutLine: {'line': b'-- Up-to-date: /home/em/ros_workspace_2025/nav_ws/install/px4_msgs/include/px4_msgs/px4_msgs/msg/detail/rc_channels__functions.h\n'}
[8.632349] (px4_msgs) StdoutLine: {'line': b'-- Up-to-date: /home/em/ros_workspace_2025/nav_ws/install/px4_msgs/include/px4_msgs/px4_msgs/msg/detail/estimator_aid_source1d__type_support.h\n'}
[8.632373] (px4_msgs) StdoutLine: {'line': b'-- Up-to-date: /home/em/ros_workspace_2025/nav_ws/install/px4_msgs/include/px4_msgs/px4_msgs/msg/detail/parameter_update__type_support.h\n'}
[8.632397] (px4_msgs) StdoutLine: {'line': b'-- Up-to-date: /home/em/ros_workspace_2025/nav_ws/install/px4_msgs/include/px4_msgs/px4_msgs/msg/detail/rtl_status__functions.h\n'}
[8.632419] (px4_msgs) StdoutLine: {'line': b'-- Up-to-date: /home/em/ros_workspace_2025/nav_ws/install/px4_msgs/include/px4_msgs/px4_msgs/msg/detail/home_position__struct.h\n'}
[8.632442] (px4_msgs) StdoutLine: {'line': b'-- Up-to-date: /home/em/ros_workspace_2025/nav_ws/install/px4_msgs/include/px4_msgs/px4_msgs/msg/detail/timesync_status__functions.h\n'}
[8.632466] (px4_msgs) StdoutLine: {'line': b'-- Up-to-date: /home/em/ros_workspace_2025/nav_ws/install/px4_msgs/include/px4_msgs/px4_msgs/msg/detail/flight_phase_estimation__struct.h\n'}
[8.632489] (px4_msgs) StdoutLine: {'line': b'-- Up-to-date: /home/em/ros_workspace_2025/nav_ws/install/px4_msgs/include/px4_msgs/px4_msgs/msg/detail/gripper__struct.h\n'}
[8.632512] (px4_msgs) StdoutLine: {'line': b'-- Up-to-date: /home/em/ros_workspace_2025/nav_ws/install/px4_msgs/include/px4_msgs/px4_msgs/msg/detail/ekf2_timestamps__functions.c\n'}
[8.632535] (px4_msgs) StdoutLine: {'line': b'-- Up-to-date: /home/em/ros_workspace_2025/nav_ws/install/px4_msgs/include/px4_msgs/px4_msgs/msg/detail/sensor_gyro__struct.h\n'}
[8.632559] (px4_msgs) StdoutLine: {'line': b'-- Up-to-date: /home/em/ros_workspace_2025/nav_ws/install/px4_msgs/include/px4_msgs/px4_msgs/msg/detail/collision_constraints__functions.c\n'}
[8.632582] (px4_msgs) StdoutLine: {'line': b'-- Up-to-date: /home/em/ros_workspace_2025/nav_ws/install/px4_msgs/include/px4_msgs/px4_msgs/msg/detail/esc_report__type_support.h\n'}
[8.632605] (px4_msgs) StdoutLine: {'line': b'-- Up-to-date: /home/em/ros_workspace_2025/nav_ws/install/px4_msgs/include/px4_msgs/px4_msgs/msg/detail/npfg_status__functions.h\n'}
[8.632648] (px4_msgs) StdoutLine: {'line': b'-- Up-to-date: /home/em/ros_workspace_2025/nav_ws/install/px4_msgs/include/px4_msgs/px4_msgs/msg/detail/cpuload__functions.h\n'}
[8.632672] (px4_msgs) StdoutLine: {'line': b'-- Up-to-date: /home/em/ros_workspace_2025/nav_ws/install/px4_msgs/include/px4_msgs/px4_msgs/msg/detail/wind__struct.h\n'}
[8.632697] (px4_msgs) StdoutLine: {'line': b'-- Up-to-date: /home/em/ros_workspace_2025/nav_ws/install/px4_msgs/include/px4_msgs/px4_msgs/msg/detail/rover_differential_setpoint__struct.h\n'}
[8.632721] (px4_msgs) StdoutLine: {'line': b'-- Up-to-date: /home/em/ros_workspace_2025/nav_ws/install/px4_msgs/include/px4_msgs/px4_msgs/msg/detail/mount_orientation__type_support.h\n'}
[8.632744] (px4_msgs) StdoutLine: {'line': b'-- Up-to-date: /home/em/ros_workspace_2025/nav_ws/install/px4_msgs/include/px4_msgs/px4_msgs/msg/detail/log_message__struct.h\n'}
[8.632770] (px4_msgs) StdoutLine: {'line': b'-- Up-to-date: /home/em/ros_workspace_2025/nav_ws/install/px4_msgs/include/px4_msgs/px4_msgs/msg/detail/esc_status__functions.h\n'}
[8.632796] (px4_msgs) StdoutLine: {'line': b'-- Up-to-date: /home/em/ros_workspace_2025/nav_ws/install/px4_msgs/include/px4_msgs/px4_msgs/msg/detail/estimator_gps_status__type_support.h\n'}
[8.632822] (px4_msgs) StdoutLine: {'line': b'-- Up-to-date: /home/em/ros_workspace_2025/nav_ws/install/px4_msgs/include/px4_msgs/px4_msgs/msg/detail/sensor_uwb__struct.h\n'}
[8.632846] (px4_msgs) StdoutLine: {'line': b'-- Up-to-date: /home/em/ros_workspace_2025/nav_ws/install/px4_msgs/include/px4_msgs/px4_msgs/msg/detail/vehicle_air_data__functions.c\n'}
[8.632869] (px4_msgs) StdoutLine: {'line': b'-- Up-to-date: /home/em/ros_workspace_2025/nav_ws/install/px4_msgs/include/px4_msgs/px4_msgs/msg/detail/sensor_airflow__functions.h\n'}
[8.632892] (px4_msgs) StdoutLine: {'line': b'-- Up-to-date: /home/em/ros_workspace_2025/nav_ws/install/px4_msgs/include/px4_msgs/px4_msgs/msg/detail/adc_report__functions.c\n'}
[8.632915] (px4_msgs) StdoutLine: {'line': b'-- Up-to-date: /home/em/ros_workspace_2025/nav_ws/install/px4_msgs/include/px4_msgs/px4_msgs/msg/detail/px4io_status__functions.h\n'}
[8.632937] (px4_msgs) StdoutLine: {'line': b'-- Up-to-date: /home/em/ros_workspace_2025/nav_ws/install/px4_msgs/include/px4_msgs/px4_msgs/msg/detail/offboard_control_mode__struct.h\n'}
[8.632962] (px4_msgs) StdoutLine: {'line': b'-- Up-to-date: /home/em/ros_workspace_2025/nav_ws/install/px4_msgs/include/px4_msgs/px4_msgs/msg/detail/distance_sensor__struct.h\n'}
[8.632985] (px4_msgs) StdoutLine: {'line': b'-- Up-to-date: /home/em/ros_workspace_2025/nav_ws/install/px4_msgs/include/px4_msgs/px4_msgs/msg/detail/vehicle_angular_velocity__functions.c\n'}
[8.633008] (px4_msgs) StdoutLine: {'line': b'-- Up-to-date: /home/em/ros_workspace_2025/nav_ws/install/px4_msgs/include/px4_msgs/px4_msgs/msg/detail/health_report__struct.h\n'}
[8.633030] (px4_msgs) StdoutLine: {'line': b'-- Up-to-date: /home/em/ros_workspace_2025/nav_ws/install/px4_msgs/include/px4_msgs/px4_msgs/msg/detail/system_power__struct.h\n'}
[8.633054] (px4_msgs) StdoutLine: {'line': b'-- Up-to-date: /home/em/ros_workspace_2025/nav_ws/install/px4_msgs/include/px4_msgs/px4_msgs/msg/detail/sensor_gyro_fifo__struct.h\n'}
[8.633078] (px4_msgs) StdoutLine: {'line': b'-- Up-to-date: /home/em/ros_workspace_2025/nav_ws/install/px4_msgs/include/px4_msgs/px4_msgs/msg/detail/orb_test_large__struct.h\n'}
[8.633102] (px4_msgs) StdoutLine: {'line': b'-- Up-to-date: /home/em/ros_workspace_2025/nav_ws/install/px4_msgs/include/px4_msgs/px4_msgs/msg/detail/sensor_correction__functions.h\n'}
[8.633127] (px4_msgs) StdoutLine: {'line': b'-- Up-to-date: /home/em/ros_workspace_2025/nav_ws/install/px4_msgs/include/px4_msgs/px4_msgs/msg/detail/orb_test_large__functions.c\n'}
[8.633165] (px4_msgs) StdoutLine: {'line': b'-- Up-to-date: /home/em/ros_workspace_2025/nav_ws/install/px4_msgs/include/px4_msgs/px4_msgs/msg/detail/launch_detection_status__functions.h\n'}
[8.633196] (px4_msgs) StdoutLine: {'line': b'-- Up-to-date: /home/em/ros_workspace_2025/nav_ws/install/px4_msgs/include/px4_msgs/px4_msgs/msg/detail/estimator_selector_status__type_support.h\n'}
[8.633225] (px4_msgs) StdoutLine: {'line': b'-- Up-to-date: /home/em/ros_workspace_2025/nav_ws/install/px4_msgs/include/px4_msgs/px4_msgs/msg/detail/position_controller_status__struct.h\n'}
[8.633253] (px4_msgs) StdoutLine: {'line': b'-- Up-to-date: /home/em/ros_workspace_2025/nav_ws/install/px4_msgs/include/px4_msgs/px4_msgs/msg/detail/internal_combustion_engine_status__functions.h\n'}
[8.633278] (px4_msgs) StdoutLine: {'line': b'-- Up-to-date: /home/em/ros_workspace_2025/nav_ws/install/px4_msgs/include/px4_msgs/px4_msgs/msg/detail/airspeed_validated__functions.c\n'}
[8.633302] (px4_msgs) StdoutLine: {'line': b'-- Up-to-date: /home/em/ros_workspace_2025/nav_ws/install/px4_msgs/include/px4_msgs/px4_msgs/msg/detail/sensor_gnss_relative__functions.c\n'}
[8.633326] (px4_msgs) StdoutLine: {'line': b'-- Up-to-date: /home/em/ros_workspace_2025/nav_ws/install/px4_msgs/include/px4_msgs/px4_msgs/msg/detail/event__type_support.h\n'}
[8.633351] (px4_msgs) StdoutLine: {'line': b'-- Up-to-date: /home/em/ros_workspace_2025/nav_ws/install/px4_msgs/include/px4_msgs/px4_msgs/msg/detail/vehicle_rates_setpoint__struct.h\n'}
[8.633375] (px4_msgs) StdoutLine: {'line': b'-- Up-to-date: /home/em/ros_workspace_2025/nav_ws/install/px4_msgs/include/px4_msgs/px4_msgs/msg/detail/mission_result__struct.h\n'}
[8.633400] (px4_msgs) StdoutLine: {'line': b'-- Up-to-date: /home/em/ros_workspace_2025/nav_ws/install/px4_msgs/include/px4_msgs/px4_msgs/msg/detail/vehicle_attitude_setpoint__type_support.h\n'}
[8.633436] (px4_msgs) StdoutLine: {'line': b'-- Up-to-date: /home/em/ros_workspace_2025/nav_ws/install/px4_msgs/include/px4_msgs/px4_msgs/msg/detail/uavcan_parameter_value__type_support.h\n'}
[8.633480] (px4_msgs) StdoutLine: {'line': b'-- Up-to-date: /home/em/ros_workspace_2025/nav_ws/install/px4_msgs/include/px4_msgs/px4_msgs/msg/detail/vehicle_local_position__type_support.h\n'}
[8.633655] (px4_msgs) StdoutLine: {'line': b'-- Up-to-date: /home/em/ros_workspace_2025/nav_ws/install/px4_msgs/include/px4_msgs/px4_msgs/msg/detail/log_message__functions.h\n'}
[8.633746] (px4_msgs) StdoutLine: {'line': b'-- Up-to-date: /home/em/ros_workspace_2025/nav_ws/install/px4_msgs/include/px4_msgs/px4_msgs/msg/detail/power_button_state__functions.h\n'}
[8.633773] (px4_msgs) StdoutLine: {'line': b'-- Up-to-date: /home/em/ros_workspace_2025/nav_ws/install/px4_msgs/include/px4_msgs/px4_msgs/msg/detail/vehicle_global_position__functions.c\n'}
[8.633799] (px4_msgs) StdoutLine: {'line': b'-- Up-to-date: /home/em/ros_workspace_2025/nav_ws/install/px4_msgs/include/px4_msgs/px4_msgs/msg/detail/sensor_hygrometer__functions.h\n'}
[8.633829] (px4_msgs) StdoutLine: {'line': b'-- Up-to-date: /home/em/ros_workspace_2025/nav_ws/install/px4_msgs/include/px4_msgs/px4_msgs/msg/detail/mount_orientation__struct.h\n'}
[8.633852] (px4_msgs) StdoutLine: {'line': b'-- Up-to-date: /home/em/ros_workspace_2025/nav_ws/install/px4_msgs/include/px4_msgs/px4_msgs/msg/detail/vehicle_attitude_setpoint__struct.h\n'}
[8.633874] (px4_msgs) StdoutLine: {'line': b'-- Up-to-date: /home/em/ros_workspace_2025/nav_ws/install/px4_msgs/include/px4_msgs/px4_msgs/msg/detail/rover_ackermann_setpoint__functions.h\n'}
[8.633896] (px4_msgs) StdoutLine: {'line': b'-- Up-to-date: /home/em/ros_workspace_2025/nav_ws/install/px4_msgs/include/px4_msgs/px4_msgs/msg/detail/sensor_baro__type_support.h\n'}
[8.633918] (px4_msgs) StdoutLine: {'line': b'-- Up-to-date: /home/em/ros_workspace_2025/nav_ws/install/px4_msgs/include/px4_msgs/px4_msgs/msg/detail/rc_parameter_map__struct.h\n'}
[8.633940] (px4_msgs) StdoutLine: {'line': b'-- Up-to-date: /home/em/ros_workspace_2025/nav_ws/install/px4_msgs/include/px4_msgs/px4_msgs/msg/detail/normalized_unsigned_setpoint__functions.c\n'}
[8.633962] (px4_msgs) StdoutLine: {'line': b'-- Up-to-date: /home/em/ros_workspace_2025/nav_ws/install/px4_msgs/include/px4_msgs/px4_msgs/msg/detail/sensor_accel__functions.c\n'}
[8.633985] (px4_msgs) StdoutLine: {'line': b'-- Up-to-date: /home/em/ros_workspace_2025/nav_ws/install/px4_msgs/include/px4_msgs/px4_msgs/msg/detail/sensor_gps__functions.h\n'}
[8.634008] (px4_msgs) StdoutLine: {'line': b'-- Up-to-date: /home/em/ros_workspace_2025/nav_ws/install/px4_msgs/include/px4_msgs/px4_msgs/msg/detail/vehicle_imu__functions.h\n'}
[8.634072] (px4_msgs) StdoutLine: {'line': b'-- Up-to-date: /home/em/ros_workspace_2025/nav_ws/install/px4_msgs/include/px4_msgs/px4_msgs/msg/detail/open_drone_id_arm_status__functions.h\n'}
[8.634095] (px4_msgs) StdoutLine: {'line': b'-- Up-to-date: /home/em/ros_workspace_2025/nav_ws/install/px4_msgs/include/px4_msgs/px4_msgs/msg/detail/message_format_request__type_support.h\n'}
[8.634118] (px4_msgs) StdoutLine: {'line': b'-- Up-to-date: /home/em/ros_workspace_2025/nav_ws/install/px4_msgs/include/px4_msgs/px4_msgs/msg/detail/vehicle_status__functions.h\n'}
[8.634143] (px4_msgs) StdoutLine: {'line': b'-- Up-to-date: /home/em/ros_workspace_2025/nav_ws/install/px4_msgs/include/px4_msgs/px4_msgs/msg/detail/power_monitor__functions.c\n'}
[8.634166] (px4_msgs) StdoutLine: {'line': b'-- Up-to-date: /home/em/ros_workspace_2025/nav_ws/install/px4_msgs/include/px4_msgs/px4_msgs/msg/detail/rover_mecanum_setpoint__functions.c\n'}
[8.634187] (px4_msgs) StdoutLine: {'line': b'-- Up-to-date: /home/em/ros_workspace_2025/nav_ws/install/px4_msgs/include/px4_msgs/px4_msgs/msg/detail/landing_target_pose__type_support.h\n'}
[8.634216] (px4_msgs) StdoutLine: {'line': b'-- Up-to-date: /home/em/ros_workspace_2025/nav_ws/install/px4_msgs/include/px4_msgs/px4_msgs/msg/detail/rover_mecanum_guidance_status__functions.h\n'}
[8.634277] (px4_msgs) StdoutLine: {'line': b'-- Up-to-date: /home/em/ros_workspace_2025/nav_ws/install/px4_msgs/include/px4_msgs/px4_msgs/msg/detail/rover_ackermann_guidance_status__struct.h\n'}
[8.634303] (px4_msgs) StdoutLine: {'line': b'-- Up-to-date: /home/em/ros_workspace_2025/nav_ws/install/px4_msgs/include/px4_msgs/px4_msgs/msg/detail/satellite_info__functions.h\n'}
[8.634328] (px4_msgs) StdoutLine: {'line': b'-- Up-to-date: /home/em/ros_workspace_2025/nav_ws/install/px4_msgs/include/px4_msgs/px4_msgs/msg/detail/mission__functions.h\n'}
[8.634353] (px4_msgs) StdoutLine: {'line': b'-- Up-to-date: /home/em/ros_workspace_2025/nav_ws/install/px4_msgs/include/px4_msgs/px4_msgs/msg/detail/camera_status__struct.h\n'}
[8.634377] (px4_msgs) StdoutLine: {'line': b'-- Up-to-date: /home/em/ros_workspace_2025/nav_ws/install/px4_msgs/include/px4_msgs/px4_msgs/msg/detail/transponder_report__functions.h\n'}
[8.634401] (px4_msgs) StdoutLine: {'line': b'-- Up-to-date: /home/em/ros_workspace_2025/nav_ws/install/px4_msgs/include/px4_msgs/px4_msgs/msg/detail/velocity_limits__struct.h\n'}
[8.634424] (px4_msgs) StdoutLine: {'line': b'-- Up-to-date: /home/em/ros_workspace_2025/nav_ws/install/px4_msgs/include/px4_msgs/px4_msgs/msg/detail/ping__type_support.h\n'}
[8.634447] (px4_msgs) StdoutLine: {'line': b'-- Up-to-date: /home/em/ros_workspace_2025/nav_ws/install/px4_msgs/include/px4_msgs/px4_msgs/msg/detail/actuator_test__type_support.h\n'}
[8.634469] (px4_msgs) StdoutLine: {'line': b'-- Up-to-date: /home/em/ros_workspace_2025/nav_ws/install/px4_msgs/include/px4_msgs/px4_msgs/msg/detail/geofence_result__functions.h\n'}
[8.634502] (px4_msgs) StdoutLine: {'line': b'-- Up-to-date: /home/em/ros_workspace_2025/nav_ws/install/px4_msgs/include/px4_msgs/px4_msgs/msg/detail/system_power__functions.h\n'}
[8.634526] (px4_msgs) StdoutLine: {'line': b'-- Up-to-date: /home/em/ros_workspace_2025/nav_ws/install/px4_msgs/include/px4_msgs/px4_msgs/msg/detail/estimator_bias__functions.c\n'}
[8.634551] (px4_msgs) StdoutLine: {'line': b'-- Up-to-date: /home/em/ros_workspace_2025/nav_ws/install/px4_msgs/include/px4_msgs/px4_msgs/msg/detail/actuator_servos__functions.h\n'}
[8.634574] (px4_msgs) StdoutLine: {'line': b'-- Up-to-date: /home/em/ros_workspace_2025/nav_ws/install/px4_msgs/include/px4_msgs/px4_msgs/msg/detail/gpio_request__struct.h\n'}
[8.634597] (px4_msgs) StdoutLine: {'line': b'-- Up-to-date: /home/em/ros_workspace_2025/nav_ws/install/px4_msgs/include/px4_msgs/px4_msgs/msg/detail/camera_status__functions.c\n'}
[8.634619] (px4_msgs) StdoutLine: {'line': b'-- Up-to-date: /home/em/ros_workspace_2025/nav_ws/install/px4_msgs/include/px4_msgs/px4_msgs/msg/detail/task_stack_info__functions.h\n'}
[8.634674] (px4_msgs) StdoutLine: {'line': b'-- Up-to-date: /home/em/ros_workspace_2025/nav_ws/install/px4_msgs/include/px4_msgs/px4_msgs/msg/detail/rover_ackermann_status__struct.h\n'}
[8.634708] (px4_msgs) StdoutLine: {'line': b'-- Up-to-date: /home/em/ros_workspace_2025/nav_ws/install/px4_msgs/include/px4_msgs/px4_msgs/msg/detail/follow_target__type_support.h\n'}
[8.634735] (px4_msgs) StdoutLine: {'line': b'-- Up-to-date: /home/em/ros_workspace_2025/nav_ws/install/px4_msgs/include/px4_msgs/px4_msgs/msg/detail/gimbal_device_attitude_status__functions.c\n'}
[8.634759] (px4_msgs) StdoutLine: {'line': b'-- Up-to-date: /home/em/ros_workspace_2025/nav_ws/install/px4_msgs/include/px4_msgs/px4_msgs/msg/detail/gpio_config__struct.h\n'}
[8.634781] (px4_msgs) StdoutLine: {'line': b'-- Up-to-date: /home/em/ros_workspace_2025/nav_ws/install/px4_msgs/include/px4_msgs/px4_msgs/msg/detail/gpio_request__functions.c\n'}
[8.634805] (px4_msgs) StdoutLine: {'line': b'-- Up-to-date: /home/em/ros_workspace_2025/nav_ws/install/px4_msgs/include/px4_msgs/px4_msgs/msg/detail/action_request__type_support.h\n'}
[8.634829] (px4_msgs) StdoutLine: {'line': b'-- Up-to-date: /home/em/ros_workspace_2025/nav_ws/install/px4_msgs/include/px4_msgs/px4_msgs/msg/detail/vehicle_status__type_support.h\n'}
[8.634885] (px4_msgs) StdoutLine: {'line': b'-- Up-to-date: /home/em/ros_workspace_2025/nav_ws/install/px4_msgs/include/px4_msgs/px4_msgs/msg/detail/failsafe_flags__type_support.h\n'}
[8.635123] (px4_msgs) StdoutLine: {'line': b'-- Up-to-date: /home/em/ros_workspace_2025/nav_ws/install/px4_msgs/include/px4_msgs/px4_msgs/msg/detail/estimator_sensor_bias__functions.h\n'}
[8.635269] (px4_msgs) StdoutLine: {'line': b'-- Up-to-date: /home/em/ros_workspace_2025/nav_ws/install/px4_msgs/include/px4_msgs/px4_msgs/msg/detail/trajectory_setpoint__functions.h\n'}
[8.635377] (px4_msgs) StdoutLine: {'line': b'-- Up-to-date: /home/em/ros_workspace_2025/nav_ws/install/px4_msgs/include/px4_msgs/px4_msgs/msg/detail/distance_sensor__functions.h\n'}
[8.635477] (px4_msgs) StdoutLine: {'line': b'-- Up-to-date: /home/em/ros_workspace_2025/nav_ws/install/px4_msgs/include/px4_msgs/px4_msgs/msg/detail/gimbal_device_information__functions.h\n'}
[8.635576] (px4_msgs) StdoutLine: {'line': b'-- Up-to-date: /home/em/ros_workspace_2025/nav_ws/install/px4_msgs/include/px4_msgs/px4_msgs/msg/detail/follow_target_estimator__functions.c\n'}
[8.635680] (px4_msgs) StdoutLine: {'line': b'-- Up-to-date: /home/em/ros_workspace_2025/nav_ws/install/px4_msgs/include/px4_msgs/px4_msgs/msg/detail/uavcan_parameter_value__functions.h\n'}
[8.635777] (px4_msgs) StdoutLine: {'line': b'-- Up-to-date: /home/em/ros_workspace_2025/nav_ws/install/px4_msgs/include/px4_msgs/px4_msgs/msg/detail/ekf2_timestamps__functions.h\n'}
[8.635882] (px4_msgs) StdoutLine: {'line': b'-- Up-to-date: /home/em/ros_workspace_2025/nav_ws/install/px4_msgs/include/px4_msgs/px4_msgs/msg/detail/rc_parameter_map__functions.c\n'}
[8.635980] (px4_msgs) StdoutLine: {'line': b'-- Up-to-date: /home/em/ros_workspace_2025/nav_ws/install/px4_msgs/include/px4_msgs/px4_msgs/msg/detail/position_setpoint_triplet__struct.h\n'}
[8.636059] (px4_msgs) StdoutLine: {'line': b'-- Up-to-date: /home/em/ros_workspace_2025/nav_ws/install/px4_msgs/include/px4_msgs/px4_msgs/msg/detail/estimator_bias__functions.h\n'}
[8.636115] (px4_msgs) StdoutLine: {'line': b'-- Up-to-date: /home/em/ros_workspace_2025/nav_ws/install/px4_msgs/include/px4_msgs/px4_msgs/msg/detail/gimbal_manager_information__functions.c\n'}
[8.636174] (px4_msgs) StdoutLine: {'line': b'-- Up-to-date: /home/em/ros_workspace_2025/nav_ws/install/px4_msgs/include/px4_msgs/px4_msgs/msg/detail/tune_control__functions.h\n'}
[8.636252] (px4_msgs) StdoutLine: {'line': b'-- Up-to-date: /home/em/ros_workspace_2025/nav_ws/install/px4_msgs/include/px4_msgs/px4_msgs/msg/detail/rover_mecanum_status__functions.c\n'}
[8.636354] (px4_msgs) StdoutLine: {'line': b'-- Up-to-date: /home/em/ros_workspace_2025/nav_ws/install/px4_msgs/include/px4_msgs/px4_msgs/msg/detail/landing_target_innovations__functions.c\n'}
[8.636449] (px4_msgs) StdoutLine: {'line': b'-- Up-to-date: /home/em/ros_workspace_2025/nav_ws/install/px4_msgs/include/px4_msgs/px4_msgs/msg/detail/airspeed_wind__struct.h\n'}
[8.636544] (px4_msgs) StdoutLine: {'line': b'-- Up-to-date: /home/em/ros_workspace_2025/nav_ws/install/px4_msgs/include/px4_msgs/px4_msgs/msg/detail/fuel_tank_status__struct.h\n'}
[8.636632] (px4_msgs) StdoutLine: {'line': b'-- Up-to-date: /home/em/ros_workspace_2025/nav_ws/install/px4_msgs/include/px4_msgs/px4_msgs/msg/detail/register_ext_component_request__functions.h\n'}
[8.636696] (px4_msgs) StdoutLine: {'line': b'-- Up-to-date: /home/em/ros_workspace_2025/nav_ws/install/px4_msgs/include/px4_msgs/px4_msgs/msg/detail/gps_dump__type_support.h\n'}
[8.636863] (px4_msgs) StdoutLine: {'line': b'-- Up-to-date: /home/em/ros_workspace_2025/nav_ws/install/px4_msgs/include/px4_msgs/px4_msgs/msg/detail/rover_differential_guidance_status__functions.c\n'}
[8.636964] (px4_msgs) StdoutLine: {'line': b'-- Up-to-date: /home/em/ros_workspace_2025/nav_ws/install/px4_msgs/include/px4_msgs/px4_msgs/msg/detail/vehicle_attitude__struct.h\n'}
[8.637070] (px4_msgs) StdoutLine: {'line': b'-- Up-to-date: /home/em/ros_workspace_2025/nav_ws/install/px4_msgs/include/px4_msgs/px4_msgs/msg/detail/vehicle_status__functions.c\n'}
[8.637157] (px4_msgs) StdoutLine: {'line': b'-- Up-to-date: /home/em/ros_workspace_2025/nav_ws/install/px4_msgs/include/px4_msgs/px4_msgs/msg/detail/cpuload__struct.h\n'}
[8.637274] (px4_msgs) StdoutLine: {'line': b'-- Up-to-date: /home/em/ros_workspace_2025/nav_ws/install/px4_msgs/include/px4_msgs/px4_msgs/msg/detail/mission_result__type_support.h\n'}
[8.637527] (px4_msgs) StdoutLine: {'line': b'-- Up-to-date: /home/em/ros_workspace_2025/nav_ws/install/px4_msgs/include/px4_msgs/px4_msgs/msg/detail/arming_check_reply__type_support.h\n'}
[8.637710] (px4_msgs) StdoutLine: {'line': b'-- Up-to-date: /home/em/ros_workspace_2025/nav_ws/install/px4_msgs/include/px4_msgs/px4_msgs/msg/detail/tecs_status__struct.h\n'}
[8.637887] (px4_msgs) StdoutLine: {'line': b'-- Up-to-date: /home/em/ros_workspace_2025/nav_ws/install/px4_msgs/include/px4_msgs/px4_msgs/msg/detail/uavcan_parameter_request__type_support.h\n'}
[8.637988] (px4_msgs) StdoutLine: {'line': b'-- Up-to-date: /home/em/ros_workspace_2025/nav_ws/install/px4_msgs/include/px4_msgs/px4_msgs/msg/detail/trajectory_waypoint__type_support.h\n'}
[8.638065] (px4_msgs) StdoutLine: {'line': b'-- Up-to-date: /home/em/ros_workspace_2025/nav_ws/install/px4_msgs/include/px4_msgs/px4_msgs/msg/detail/estimator_aid_source1d__functions.c\n'}
[8.638157] (px4_msgs) StdoutLine: {'line': b'-- Up-to-date: /home/em/ros_workspace_2025/nav_ws/install/px4_msgs/include/px4_msgs/px4_msgs/msg/detail/launch_detection_status__functions.c\n'}
[8.638244] (px4_msgs) StdoutLine: {'line': b'-- Up-to-date: /home/em/ros_workspace_2025/nav_ws/install/px4_msgs/include/px4_msgs/px4_msgs/msg/detail/debug_value__functions.c\n'}
[8.638331] (px4_msgs) StdoutLine: {'line': b'-- Up-to-date: /home/em/ros_workspace_2025/nav_ws/install/px4_msgs/include/px4_msgs/px4_msgs/msg/detail/sensor_preflight_mag__functions.h\n'}
[8.638421] (px4_msgs) StdoutLine: {'line': b'-- Up-to-date: /home/em/ros_workspace_2025/nav_ws/install/px4_msgs/include/px4_msgs/px4_msgs/msg/detail/camera_capture__functions.c\n'}
[8.638463] (px4_msgs) StdoutLine: {'line': b'-- Up-to-date: /home/em/ros_workspace_2025/nav_ws/install/px4_msgs/include/px4_msgs/px4_msgs/msg/detail/gimbal_manager_set_manual_control__functions.h\n'}
[8.638503] (px4_msgs) StdoutLine: {'line': b'-- Up-to-date: /home/em/ros_workspace_2025/nav_ws/install/px4_msgs/include/px4_msgs/px4_msgs/msg/detail/rate_ctrl_status__type_support.h\n'}
[8.638545] (px4_msgs) StdoutLine: {'line': b'-- Up-to-date: /home/em/ros_workspace_2025/nav_ws/install/px4_msgs/include/px4_msgs/px4_msgs/msg/detail/gimbal_manager_information__functions.h\n'}
[8.638586] (px4_msgs) StdoutLine: {'line': b'-- Up-to-date: /home/em/ros_workspace_2025/nav_ws/install/px4_msgs/include/px4_msgs/px4_msgs/msg/detail/arming_check_request__functions.h\n'}
[8.638624] (px4_msgs) StdoutLine: {'line': b'-- Up-to-date: /home/em/ros_workspace_2025/nav_ws/install/px4_msgs/include/px4_msgs/px4_msgs/msg/detail/internal_combustion_engine_status__functions.c\n'}
[8.638668] (px4_msgs) StdoutLine: {'line': b'-- Up-to-date: /home/em/ros_workspace_2025/nav_ws/install/px4_msgs/include/px4_msgs/px4_msgs/msg/detail/goto_setpoint__functions.c\n'}
[8.638706] (px4_msgs) StdoutLine: {'line': b'-- Up-to-date: /home/em/ros_workspace_2025/nav_ws/install/px4_msgs/include/px4_msgs/px4_msgs/msg/detail/mount_orientation__functions.c\n'}
[8.638744] (px4_msgs) StdoutLine: {'line': b'-- Up-to-date: /home/em/ros_workspace_2025/nav_ws/install/px4_msgs/include/px4_msgs/px4_msgs/msg/detail/parameter_reset_request__type_support.h\n'}
[8.638781] (px4_msgs) StdoutLine: {'line': b'-- Up-to-date: /home/em/ros_workspace_2025/nav_ws/install/px4_msgs/include/px4_msgs/px4_msgs/msg/detail/debug_value__struct.h\n'}
[8.638823] (px4_msgs) StdoutLine: {'line': b'-- Up-to-date: /home/em/ros_workspace_2025/nav_ws/install/px4_msgs/include/px4_msgs/px4_msgs/msg/detail/gimbal_manager_set_manual_control__struct.h\n'}
[8.638862] (px4_msgs) StdoutLine: {'line': b'-- Up-to-date: /home/em/ros_workspace_2025/nav_ws/install/px4_msgs/include/px4_msgs/px4_msgs/msg/detail/vehicle_imu_status__struct.h\n'}
[8.638899] (px4_msgs) StdoutLine: {'line': b'-- Up-to-date: /home/em/ros_workspace_2025/nav_ws/install/px4_msgs/include/px4_msgs/px4_msgs/msg/detail/failure_detector_status__functions.c\n'}
[8.638937] (px4_msgs) StdoutLine: {'line': b'-- Up-to-date: /home/em/ros_workspace_2025/nav_ws/install/px4_msgs/include/px4_msgs/px4_msgs/msg/detail/magnetometer_bias_estimate__functions.c\n'}
[8.638975] (px4_msgs) StdoutLine: {'line': b'-- Up-to-date: /home/em/ros_workspace_2025/nav_ws/install/px4_msgs/include/px4_msgs/px4_msgs/msg/detail/estimator_event_flags__functions.h\n'}
[8.639014] (px4_msgs) StdoutLine: {'line': b'-- Up-to-date: /home/em/ros_workspace_2025/nav_ws/install/px4_msgs/include/px4_msgs/px4_msgs/msg/detail/sensor_accel_fifo__struct.h\n'}
[8.639051] (px4_msgs) StdoutLine: {'line': b'-- Up-to-date: /home/em/ros_workspace_2025/nav_ws/install/px4_msgs/include/px4_msgs/px4_msgs/msg/detail/message_format_response__functions.h\n'}
[8.639088] (px4_msgs) StdoutLine: {'line': b'-- Up-to-date: /home/em/ros_workspace_2025/nav_ws/install/px4_msgs/include/px4_msgs/px4_msgs/msg/detail/vehicle_local_position_setpoint__struct.h\n'}
[8.639125] (px4_msgs) StdoutLine: {'line': b'-- Up-to-date: /home/em/ros_workspace_2025/nav_ws/install/px4_msgs/include/px4_msgs/px4_msgs/msg/detail/landing_target_pose__struct.h\n'}
[8.639162] (px4_msgs) StdoutLine: {'line': b'-- Up-to-date: /home/em/ros_workspace_2025/nav_ws/install/px4_msgs/include/px4_msgs/px4_msgs/msg/detail/failure_detector_status__functions.h\n'}
[8.639207] (px4_msgs) StdoutLine: {'line': b'-- Up-to-date: /home/em/ros_workspace_2025/nav_ws/install/px4_msgs/include/px4_msgs/px4_msgs/msg/detail/generator_status__functions.c\n'}
[8.639250] (px4_msgs) StdoutLine: {'line': b'-- Up-to-date: /home/em/ros_workspace_2025/nav_ws/install/px4_msgs/include/px4_msgs/px4_msgs/msg/detail/gimbal_controls__functions.c\n'}
[8.639288] (px4_msgs) StdoutLine: {'line': b'-- Up-to-date: /home/em/ros_workspace_2025/nav_ws/install/px4_msgs/include/px4_msgs/px4_msgs/msg/detail/log_message__type_support.h\n'}
[8.639326] (px4_msgs) StdoutLine: {'line': b'-- Up-to-date: /home/em/ros_workspace_2025/nav_ws/install/px4_msgs/include/px4_msgs/px4_msgs/msg/detail/internal_combustion_engine_status__struct.h\n'}
[8.639364] (px4_msgs) StdoutLine: {'line': b'-- Up-to-date: /home/em/ros_workspace_2025/nav_ws/install/px4_msgs/include/px4_msgs/px4_msgs/msg/detail/logger_status__struct.h\n'}
[8.639404] (px4_msgs) StdoutLine: {'line': b'-- Up-to-date: /home/em/ros_workspace_2025/nav_ws/install/px4_msgs/include/px4_msgs/px4_msgs/msg/detail/sensor_airflow__functions.c\n'}
[8.639445] (px4_msgs) StdoutLine: {'line': b'-- Up-to-date: /home/em/ros_workspace_2025/nav_ws/install/px4_msgs/include/px4_msgs/px4_msgs/msg/detail/gpio_request__type_support.h\n'}
[8.639487] (px4_msgs) StdoutLine: {'line': b'-- Up-to-date: /home/em/ros_workspace_2025/nav_ws/install/px4_msgs/include/px4_msgs/px4_msgs/msg/detail/sensor_accel__type_support.h\n'}
[8.639531] (px4_msgs) StdoutLine: {'line': b'-- Up-to-date: /home/em/ros_workspace_2025/nav_ws/install/px4_msgs/include/px4_msgs/px4_msgs/msg/detail/flight_phase_estimation__functions.h\n'}
[8.639571] (px4_msgs) StdoutLine: {'line': b'-- Up-to-date: /home/em/ros_workspace_2025/nav_ws/install/px4_msgs/include/px4_msgs/px4_msgs/msg/detail/vehicle_acceleration__struct.h\n'}
[8.639611] (px4_msgs) StdoutLine: {'line': b'-- Up-to-date: /home/em/ros_workspace_2025/nav_ws/install/px4_msgs/include/px4_msgs/px4_msgs/msg/detail/actuator_servos_trim__struct.h\n'}
[8.639651] (px4_msgs) StdoutLine: {'line': b'-- Up-to-date: /home/em/ros_workspace_2025/nav_ws/install/px4_msgs/include/px4_msgs/px4_msgs/msg/detail/vehicle_air_data__struct.h\n'}
[8.639691] (px4_msgs) StdoutLine: {'line': b'-- Up-to-date: /home/em/ros_workspace_2025/nav_ws/install/px4_msgs/include/px4_msgs/px4_msgs/msg/detail/vehicle_attitude__functions.h\n'}
[8.639730] (px4_msgs) StdoutLine: {'line': b'-- Up-to-date: /home/em/ros_workspace_2025/nav_ws/install/px4_msgs/include/px4_msgs/px4_msgs/msg/detail/button_event__functions.c\n'}
[8.639769] (px4_msgs) StdoutLine: {'line': b'-- Up-to-date: /home/em/ros_workspace_2025/nav_ws/install/px4_msgs/include/px4_msgs/px4_msgs/msg/detail/obstacle_distance__functions.c\n'}
[8.639806] (px4_msgs) StdoutLine: {'line': b'-- Up-to-date: /home/em/ros_workspace_2025/nav_ws/install/px4_msgs/include/px4_msgs/px4_msgs/msg/detail/power_button_state__functions.c\n'}
[8.639844] (px4_msgs) StdoutLine: {'line': b'-- Up-to-date: /home/em/ros_workspace_2025/nav_ws/install/px4_msgs/include/px4_msgs/px4_msgs/msg/detail/gpio_in__functions.h\n'}
[8.639881] (px4_msgs) StdoutLine: {'line': b'-- Up-to-date: /home/em/ros_workspace_2025/nav_ws/install/px4_msgs/include/px4_msgs/px4_msgs/msg/detail/takeoff_status__struct.h\n'}
[8.639917] (px4_msgs) StdoutLine: {'line': b'-- Up-to-date: /home/em/ros_workspace_2025/nav_ws/install/px4_msgs/include/px4_msgs/px4_msgs/msg/detail/vehicle_trajectory_bezier__struct.h\n'}
[8.639954] (px4_msgs) StdoutLine: {'line': b'-- Up-to-date: /home/em/ros_workspace_2025/nav_ws/install/px4_msgs/include/px4_msgs/px4_msgs/msg/detail/sensor_uwb__functions.h\n'}
[8.639992] (px4_msgs) StdoutLine: {'line': b'-- Up-to-date: /home/em/ros_workspace_2025/nav_ws/install/px4_msgs/include/px4_msgs/px4_msgs/msg/detail/estimator_status_flags__type_support.h\n'}
[8.640029] (px4_msgs) StdoutLine: {'line': b'-- Up-to-date: /home/em/ros_workspace_2025/nav_ws/install/px4_msgs/include/px4_msgs/px4_msgs/msg/detail/orbit_status__functions.h\n'}
[8.640067] (px4_msgs) StdoutLine: {'line': b'-- Up-to-date: /home/em/ros_workspace_2025/nav_ws/install/px4_msgs/include/px4_msgs/px4_msgs/msg/detail/qshell_retval__struct.h\n'}
[8.640105] (px4_msgs) StdoutLine: {'line': b'-- Up-to-date: /home/em/ros_workspace_2025/nav_ws/install/px4_msgs/include/px4_msgs/px4_msgs/msg/detail/npfg_status__type_support.h\n'}
[8.640142] (px4_msgs) StdoutLine: {'line': b'-- Up-to-date: /home/em/ros_workspace_2025/nav_ws/install/px4_msgs/include/px4_msgs/px4_msgs/msg/detail/qshell_req__type_support.h\n'}
[8.640179] (px4_msgs) StdoutLine: {'line': b'-- Up-to-date: /home/em/ros_workspace_2025/nav_ws/install/px4_msgs/include/px4_msgs/px4_msgs/msg/detail/open_drone_id_system__type_support.h\n'}
[8.640221] (px4_msgs) StdoutLine: {'line': b'-- Up-to-date: /home/em/ros_workspace_2025/nav_ws/install/px4_msgs/include/px4_msgs/px4_msgs/msg/detail/rover_differential_status__struct.h\n'}
[8.640260] (px4_msgs) StdoutLine: {'line': b'-- Up-to-date: /home/em/ros_workspace_2025/nav_ws/install/px4_msgs/include/px4_msgs/px4_msgs/msg/detail/manual_control_switches__type_support.h\n'}
[8.640297] (px4_msgs) StdoutLine: {'line': b'-- Up-to-date: /home/em/ros_workspace_2025/nav_ws/install/px4_msgs/include/px4_msgs/px4_msgs/msg/detail/estimator_aid_source1d__struct.h\n'}
[8.640336] (px4_msgs) StdoutLine: {'line': b'-- Up-to-date: /home/em/ros_workspace_2025/nav_ws/install/px4_msgs/include/px4_msgs/px4_msgs/msg/detail/led_control__struct.h\n'}
[8.640374] (px4_msgs) StdoutLine: {'line': b'-- Up-to-date: /home/em/ros_workspace_2025/nav_ws/install/px4_msgs/include/px4_msgs/px4_msgs/msg/detail/open_drone_id_operator_id__type_support.h\n'}
[8.640414] (px4_msgs) StdoutLine: {'line': b'-- Up-to-date: /home/em/ros_workspace_2025/nav_ws/install/px4_msgs/include/px4_msgs/px4_msgs/msg/detail/actuator_armed__functions.h\n'}
[8.640452] (px4_msgs) StdoutLine: {'line': b'-- Up-to-date: /home/em/ros_workspace_2025/nav_ws/install/px4_msgs/include/px4_msgs/px4_msgs/msg/detail/sensor_mag__functions.c\n'}
[8.640489] (px4_msgs) StdoutLine: {'line': b'-- Up-to-date: /home/em/ros_workspace_2025/nav_ws/install/px4_msgs/include/px4_msgs/px4_msgs/msg/detail/dataman_request__functions.c\n'}
[8.640527] (px4_msgs) StdoutLine: {'line': b'-- Up-to-date: /home/em/ros_workspace_2025/nav_ws/install/px4_msgs/include/px4_msgs/px4_msgs/msg/detail/vehicle_angular_acceleration_setpoint__functions.h\n'}
[8.640564] (px4_msgs) StdoutLine: {'line': b'-- Up-to-date: /home/em/ros_workspace_2025/nav_ws/install/px4_msgs/include/px4_msgs/px4_msgs/msg/detail/config_overrides__functions.c\n'}
[8.640601] (px4_msgs) StdoutLine: {'line': b'-- Up-to-date: /home/em/ros_workspace_2025/nav_ws/install/px4_msgs/include/px4_msgs/px4_msgs/msg/detail/rover_differential_status__functions.c\n'}
[8.640637] (px4_msgs) StdoutLine: {'line': b'-- Up-to-date: /home/em/ros_workspace_2025/nav_ws/install/px4_msgs/include/px4_msgs/px4_msgs/msg/detail/control_allocator_status__functions.h\n'}
[8.640674] (px4_msgs) StdoutLine: {'line': b'-- Up-to-date: /home/em/ros_workspace_2025/nav_ws/install/px4_msgs/include/px4_msgs/px4_msgs/msg/detail/wheel_encoders__struct.h\n'}
[8.640711] (px4_msgs) StdoutLine: {'line': b'-- Up-to-date: /home/em/ros_workspace_2025/nav_ws/install/px4_msgs/include/px4_msgs/px4_msgs/msg/detail/vehicle_global_position__functions.h\n'}
[8.640747] (px4_msgs) StdoutLine: {'line': b'-- Up-to-date: /home/em/ros_workspace_2025/nav_ws/install/px4_msgs/include/px4_msgs/px4_msgs/msg/detail/mission_result__functions.c\n'}
[8.640784] (px4_msgs) StdoutLine: {'line': b'-- Up-to-date: /home/em/ros_workspace_2025/nav_ws/install/px4_msgs/include/px4_msgs/px4_msgs/msg/detail/geofence_status__struct.h\n'}
[8.640822] (px4_msgs) StdoutLine: {'line': b'-- Up-to-date: /home/em/ros_workspace_2025/nav_ws/install/px4_msgs/include/px4_msgs/px4_msgs/msg/detail/esc_report__struct.h\n'}
[8.640861] (px4_msgs) StdoutLine: {'line': b'-- Up-to-date: /home/em/ros_workspace_2025/nav_ws/install/px4_msgs/include/px4_msgs/px4_msgs/msg/detail/iridiumsbd_status__struct.h\n'}
[8.640900] (px4_msgs) StdoutLine: {'line': b'-- Up-to-date: /home/em/ros_workspace_2025/nav_ws/install/px4_msgs/include/px4_msgs/px4_msgs/msg/detail/landing_target_innovations__functions.h\n'}
[8.640937] (px4_msgs) StdoutLine: {'line': b'-- Up-to-date: /home/em/ros_workspace_2025/nav_ws/install/px4_msgs/include/px4_msgs/px4_msgs/msg/detail/mount_orientation__functions.h\n'}
[8.640973] (px4_msgs) StdoutLine: {'line': b'-- Up-to-date: /home/em/ros_workspace_2025/nav_ws/install/px4_msgs/include/px4_msgs/px4_msgs/msg/detail/navigator_mission_item__struct.h\n'}
[8.641009] (px4_msgs) StdoutLine: {'line': b'-- Up-to-date: /home/em/ros_workspace_2025/nav_ws/install/px4_msgs/include/px4_msgs/px4_msgs/msg/detail/vehicle_trajectory_waypoint__functions.h\n'}
[8.641045] (px4_msgs) StdoutLine: {'line': b'-- Up-to-date: /home/em/ros_workspace_2025/nav_ws/install/px4_msgs/include/px4_msgs/px4_msgs/msg/detail/sensors_status_imu__functions.c\n'}
[8.641081] (px4_msgs) StdoutLine: {'line': b'-- Up-to-date: /home/em/ros_workspace_2025/nav_ws/install/px4_msgs/include/px4_msgs/px4_msgs/msg/detail/pps_capture__functions.h\n'}
[8.641118] (px4_msgs) StdoutLine: {'line': b'-- Up-to-date: /home/em/ros_workspace_2025/nav_ws/install/px4_msgs/include/px4_msgs/px4_msgs/msg/detail/debug_vect__struct.h\n'}
[8.641154] (px4_msgs) StdoutLine: {'line': b'-- Up-to-date: /home/em/ros_workspace_2025/nav_ws/install/px4_msgs/include/px4_msgs/px4_msgs/msg/detail/sensor_accel_fifo__functions.h\n'}
[8.641194] (px4_msgs) StdoutLine: {'line': b'-- Up-to-date: /home/em/ros_workspace_2025/nav_ws/install/px4_msgs/include/px4_msgs/px4_msgs/msg/detail/yaw_estimator_status__struct.h\n'}
[8.641233] (px4_msgs) StdoutLine: {'line': b'-- Up-to-date: /home/em/ros_workspace_2025/nav_ws/install/px4_msgs/include/px4_msgs/px4_msgs/msg/detail/debug_array__type_support.h\n'}
[8.641270] (px4_msgs) StdoutLine: {'line': b'-- Up-to-date: /home/em/ros_workspace_2025/nav_ws/install/px4_msgs/include/px4_msgs/px4_msgs/msg/detail/vehicle_odometry__functions.c\n'}
[8.641307] (px4_msgs) StdoutLine: {'line': b'-- Up-to-date: /home/em/ros_workspace_2025/nav_ws/install/px4_msgs/include/px4_msgs/px4_msgs/msg/detail/vehicle_optical_flow__functions.c\n'}
[8.641344] (px4_msgs) StdoutLine: {'line': b'-- Up-to-date: /home/em/ros_workspace_2025/nav_ws/install/px4_msgs/include/px4_msgs/px4_msgs/msg/detail/geofence_status__functions.h\n'}
[8.641383] (px4_msgs) StdoutLine: {'line': b'-- Up-to-date: /home/em/ros_workspace_2025/nav_ws/install/px4_msgs/include/px4_msgs/px4_msgs/msg/detail/vehicle_optical_flow_vel__type_support.h\n'}
[8.641422] (px4_msgs) StdoutLine: {'line': b'-- Up-to-date: /home/em/ros_workspace_2025/nav_ws/install/px4_msgs/include/px4_msgs/px4_msgs/msg/detail/vehicle_rates_setpoint__type_support.h\n'}
[8.641461] (px4_msgs) StdoutLine: {'line': b'-- Up-to-date: /home/em/ros_workspace_2025/nav_ws/install/px4_msgs/include/px4_msgs/px4_msgs/msg/detail/ping__functions.h\n'}
[8.641499] (px4_msgs) StdoutLine: {'line': b'-- Up-to-date: /home/em/ros_workspace_2025/nav_ws/install/px4_msgs/include/px4_msgs/px4_msgs/msg/detail/tune_control__type_support.h\n'}
[8.641540] (px4_msgs) StdoutLine: {'line': b'-- Up-to-date: /home/em/ros_workspace_2025/nav_ws/install/px4_msgs/include/px4_msgs/px4_msgs/msg/detail/sensor_gnss_relative__functions.h\n'}
[8.641605] (px4_msgs) StdoutLine: {'line': b'-- Up-to-date: /home/em/ros_workspace_2025/nav_ws/install/px4_msgs/include/px4_msgs/px4_msgs/msg/detail/failsafe_flags__functions.h\n'}
[8.641780] (px4_msgs) StdoutLine: {'line': b'-- Up-to-date: /home/em/ros_workspace_2025/nav_ws/install/px4_msgs/include/px4_msgs/px4_msgs/msg/detail/vehicle_angular_velocity__type_support.h\n'}
[8.641821] (px4_msgs) StdoutLine: {'line': b'-- Up-to-date: /home/em/ros_workspace_2025/nav_ws/install/px4_msgs/include/px4_msgs/px4_msgs/msg/detail/estimator_sensor_bias__struct.h\n'}
[8.641862] (px4_msgs) StdoutLine: {'line': b'-- Up-to-date: /home/em/ros_workspace_2025/nav_ws/install/px4_msgs/include/px4_msgs/px4_msgs/msg/detail/vtol_vehicle_status__type_support.h\n'}
[8.641902] (px4_msgs) StdoutLine: {'line': b'-- Up-to-date: /home/em/ros_workspace_2025/nav_ws/install/px4_msgs/include/px4_msgs/px4_msgs/msg/detail/navigator_mission_item__type_support.h\n'}
[8.641942] (px4_msgs) StdoutLine: {'line': b'-- Up-to-date: /home/em/ros_workspace_2025/nav_ws/install/px4_msgs/include/px4_msgs/px4_msgs/msg/detail/config_overrides__type_support.h\n'}
[8.641982] (px4_msgs) StdoutLine: {'line': b'-- Up-to-date: /home/em/ros_workspace_2025/nav_ws/install/px4_msgs/include/px4_msgs/px4_msgs/msg/detail/rate_ctrl_status__struct.h\n'}
[8.642020] (px4_msgs) StdoutLine: {'line': b'-- Up-to-date: /home/em/ros_workspace_2025/nav_ws/install/px4_msgs/include/px4_msgs/px4_msgs/msg/detail/telemetry_status__functions.h\n'}
[8.642058] (px4_msgs) StdoutLine: {'line': b'-- Up-to-date: /home/em/ros_workspace_2025/nav_ws/install/px4_msgs/include/px4_msgs/px4_msgs/msg/detail/vehicle_command__struct.h\n'}
[8.642107] (px4_msgs) StdoutLine: {'line': b'-- Up-to-date: /home/em/ros_workspace_2025/nav_ws/install/px4_msgs/include/px4_msgs/px4_msgs/msg/detail/navigator_status__struct.h\n'}
[8.642508] (px4_msgs) StdoutLine: {'line': b'-- Up-to-date: /home/em/ros_workspace_2025/nav_ws/install/px4_msgs/include/px4_msgs/px4_msgs/msg/detail/vehicle_acceleration__type_support.h\n'}
[8.642630] (px4_msgs) StdoutLine: {'line': b'-- Up-to-date: /home/em/ros_workspace_2025/nav_ws/install/px4_msgs/include/px4_msgs/px4_msgs/msg/detail/manual_control_switches__functions.c\n'}
[8.642678] (px4_msgs) StdoutLine: {'line': b'-- Up-to-date: /home/em/ros_workspace_2025/nav_ws/install/px4_msgs/include/px4_msgs/px4_msgs/msg/detail/mag_worker_data__functions.h\n'}
[8.642754] (px4_msgs) StdoutLine: {'line': b'-- Up-to-date: /home/em/ros_workspace_2025/nav_ws/install/px4_msgs/include/px4_msgs/px4_msgs/msg/detail/tecs_status__functions.h\n'}
[8.642843] (px4_msgs) StdoutLine: {'line': b'-- Up-to-date: /home/em/ros_workspace_2025/nav_ws/install/px4_msgs/include/px4_msgs/px4_msgs/msg/detail/gimbal_controls__type_support.h\n'}
[8.642954] (px4_msgs) StdoutLine: {'line': b'-- Up-to-date: /home/em/ros_workspace_2025/nav_ws/install/px4_msgs/include/px4_msgs/px4_msgs/msg/detail/irlock_report__functions.h\n'}
[8.642997] (px4_msgs) StdoutLine: {'line': b'-- Up-to-date: /home/em/ros_workspace_2025/nav_ws/install/px4_msgs/include/px4_msgs/px4_msgs/msg/detail/sensor_optical_flow__type_support.h\n'}
[8.643040] (px4_msgs) StdoutLine: {'line': b'-- Up-to-date: /home/em/ros_workspace_2025/nav_ws/install/px4_msgs/include/px4_msgs/px4_msgs/msg/detail/vehicle_imu__type_support.h\n'}
[8.643084] (px4_msgs) StdoutLine: {'line': b'-- Up-to-date: /home/em/ros_workspace_2025/nav_ws/install/px4_msgs/include/px4_msgs/px4_msgs/msg/detail/rover_differential_guidance_status__functions.h\n'}
[8.643127] (px4_msgs) StdoutLine: {'line': b'-- Up-to-date: /home/em/ros_workspace_2025/nav_ws/install/px4_msgs/include/px4_msgs/px4_msgs/msg/detail/can_interface_status__struct.h\n'}
[8.643158] (px4_msgs) StdoutLine: {'line': b'-- Up-to-date: /home/em/ros_workspace_2025/nav_ws/install/px4_msgs/include/px4_msgs/px4_msgs/msg/detail/obstacle_distance__type_support.h\n'}
[8.643187] (px4_msgs) StdoutLine: {'line': b'-- Up-to-date: /home/em/ros_workspace_2025/nav_ws/install/px4_msgs/include/px4_msgs/px4_msgs/msg/detail/offboard_control_mode__functions.c\n'}
[8.643311] (px4_msgs) StdoutLine: {'line': b'-- Up-to-date: /home/em/ros_workspace_2025/nav_ws/install/px4_msgs/include/px4_msgs/px4_msgs/msg/detail/manual_control_switches__struct.h\n'}
[8.643338] (px4_msgs) StdoutLine: {'line': b'-- Up-to-date: /home/em/ros_workspace_2025/nav_ws/install/px4_msgs/include/px4_msgs/px4_msgs/msg/detail/actuator_controls_status__type_support.h\n'}
[8.643370] (px4_msgs) StdoutLine: {'line': b'-- Up-to-date: /home/em/ros_workspace_2025/nav_ws/install/px4_msgs/include/px4_msgs/px4_msgs/msg/detail/debug_key_value__type_support.h\n'}
[8.643395] (px4_msgs) StdoutLine: {'line': b'-- Up-to-date: /home/em/ros_workspace_2025/nav_ws/install/px4_msgs/include/px4_msgs/px4_msgs/msg/detail/mag_worker_data__functions.c\n'}
[8.643424] (px4_msgs) StdoutLine: {'line': b'-- Up-to-date: /home/em/ros_workspace_2025/nav_ws/install/px4_msgs/include/px4_msgs/px4_msgs/msg/detail/vehicle_land_detected__functions.c\n'}
[8.643469] (px4_msgs) StdoutLine: {'line': b'-- Up-to-date: /home/em/ros_workspace_2025/nav_ws/install/px4_msgs/include/px4_msgs/px4_msgs/msg/detail/differential_pressure__type_support.h\n'}
[8.643525] (px4_msgs) StdoutLine: {'line': b'-- Up-to-date: /home/em/ros_workspace_2025/nav_ws/install/px4_msgs/include/px4_msgs/px4_msgs/msg/detail/transponder_report__functions.c\n'}
[8.643562] (px4_msgs) StdoutLine: {'line': b'-- Up-to-date: /home/em/ros_workspace_2025/nav_ws/install/px4_msgs/include/px4_msgs/px4_msgs/msg/detail/estimator_bias3d__type_support.h\n'}
[8.643588] (px4_msgs) StdoutLine: {'line': b'-- Up-to-date: /home/em/ros_workspace_2025/nav_ws/install/px4_msgs/include/px4_msgs/px4_msgs/msg/detail/mag_worker_data__struct.h\n'}
[8.643615] (px4_msgs) StdoutLine: {'line': b'-- Up-to-date: /home/em/ros_workspace_2025/nav_ws/install/px4_msgs/include/px4_msgs/px4_msgs/msg/detail/gps_inject_data__functions.c\n'}
[8.643640] (px4_msgs) StdoutLine: {'line': b'-- Up-to-date: /home/em/ros_workspace_2025/nav_ws/install/px4_msgs/include/px4_msgs/px4_msgs/msg/detail/mission__functions.c\n'}
[8.643666] (px4_msgs) StdoutLine: {'line': b'-- Up-to-date: /home/em/ros_workspace_2025/nav_ws/install/px4_msgs/include/px4_msgs/px4_msgs/msg/detail/estimator_gps_status__functions.c\n'}
[8.643690] (px4_msgs) StdoutLine: {'line': b'-- Up-to-date: /home/em/ros_workspace_2025/nav_ws/install/px4_msgs/include/px4_msgs/px4_msgs/msg/detail/timesync_status__functions.c\n'}
[8.643724] (px4_msgs) StdoutLine: {'line': b'-- Up-to-date: /home/em/ros_workspace_2025/nav_ws/install/px4_msgs/include/px4_msgs/px4_msgs/msg/detail/actuator_motors__functions.c\n'}
[8.643748] (px4_msgs) StdoutLine: {'line': b'-- Up-to-date: /home/em/ros_workspace_2025/nav_ws/install/px4_msgs/include/px4_msgs/px4_msgs/msg/detail/sensors_status__functions.c\n'}
[8.643772] (px4_msgs) StdoutLine: {'line': b'-- Up-to-date: /home/em/ros_workspace_2025/nav_ws/install/px4_msgs/include/px4_msgs/px4_msgs/msg/detail/rtl_status__type_support.h\n'}
[8.643797] (px4_msgs) StdoutLine: {'line': b'-- Up-to-date: /home/em/ros_workspace_2025/nav_ws/install/px4_msgs/include/px4_msgs/px4_msgs/msg/detail/vehicle_optical_flow__type_support.h\n'}
[8.643822] (px4_msgs) StdoutLine: {'line': b'-- Up-to-date: /home/em/ros_workspace_2025/nav_ws/install/px4_msgs/include/px4_msgs/px4_msgs/msg/detail/sensor_accel_fifo__functions.c\n'}
[8.643846] (px4_msgs) StdoutLine: {'line': b'-- Up-to-date: /home/em/ros_workspace_2025/nav_ws/install/px4_msgs/include/px4_msgs/px4_msgs/msg/detail/distance_sensor_mode_change_request__functions.c\n'}
[8.643869] (px4_msgs) StdoutLine: {'line': b'-- Up-to-date: /home/em/ros_workspace_2025/nav_ws/install/px4_msgs/include/px4_msgs/px4_msgs/msg/detail/vehicle_control_mode__struct.h\n'}
[8.643893] (px4_msgs) StdoutLine: {'line': b'-- Up-to-date: /home/em/ros_workspace_2025/nav_ws/install/px4_msgs/include/px4_msgs/px4_msgs/msg/detail/follow_target_estimator__functions.h\n'}
[8.643918] (px4_msgs) StdoutLine: {'line': b'-- Up-to-date: /home/em/ros_workspace_2025/nav_ws/install/px4_msgs/include/px4_msgs/px4_msgs/msg/detail/collision_constraints__struct.h\n'}
[8.643942] (px4_msgs) StdoutLine: {'line': b'-- Up-to-date: /home/em/ros_workspace_2025/nav_ws/install/px4_msgs/include/px4_msgs/px4_msgs/msg/detail/buffer128__functions.c\n'}
[8.643966] (px4_msgs) StdoutLine: {'line': b'-- Up-to-date: /home/em/ros_workspace_2025/nav_ws/install/px4_msgs/include/px4_msgs/px4_msgs/msg/detail/gimbal_device_set_attitude__functions.h\n'}
[8.643991] (px4_msgs) StdoutLine: {'line': b'-- Up-to-date: /home/em/ros_workspace_2025/nav_ws/install/px4_msgs/include/px4_msgs/px4_msgs/msg/detail/home_position__functions.c\n'}
[8.644017] (px4_msgs) StdoutLine: {'line': b'-- Up-to-date: /home/em/ros_workspace_2025/nav_ws/install/px4_msgs/include/px4_msgs/px4_msgs/msg/detail/rpm__struct.h\n'}
[8.644043] (px4_msgs) StdoutLine: {'line': b'-- Up-to-date: /home/em/ros_workspace_2025/nav_ws/install/px4_msgs/include/px4_msgs/px4_msgs/msg/detail/orb_test__functions.h\n'}
[8.644069] (px4_msgs) StdoutLine: {'line': b'-- Up-to-date: /home/em/ros_workspace_2025/nav_ws/install/px4_msgs/include/px4_msgs/px4_msgs/msg/detail/gimbal_device_set_attitude__functions.c\n'}
[8.644095] (px4_msgs) StdoutLine: {'line': b'-- Up-to-date: /home/em/ros_workspace_2025/nav_ws/install/px4_msgs/include/px4_msgs/px4_msgs/msg/detail/position_setpoint__struct.h\n'}
[8.644119] (px4_msgs) StdoutLine: {'line': b'-- Up-to-date: /home/em/ros_workspace_2025/nav_ws/install/px4_msgs/include/px4_msgs/px4_msgs/msg/detail/sensor_preflight_mag__struct.h\n'}
[8.644143] (px4_msgs) StdoutLine: {'line': b'-- Up-to-date: /home/em/ros_workspace_2025/nav_ws/install/px4_msgs/include/px4_msgs/px4_msgs/msg/detail/distance_sensor_mode_change_request__type_support.h\n'}
[8.644168] (px4_msgs) StdoutLine: {'line': b'-- Up-to-date: /home/em/ros_workspace_2025/nav_ws/install/px4_msgs/include/px4_msgs/px4_msgs/msg/detail/sensor_hygrometer__type_support.h\n'}
[8.644200] (px4_msgs) StdoutLine: {'line': b'-- Up-to-date: /home/em/ros_workspace_2025/nav_ws/install/px4_msgs/include/px4_msgs/px4_msgs/msg/detail/mavlink_log__type_support.h\n'}
[8.644231] (px4_msgs) StdoutLine: {'line': b'-- Up-to-date: /home/em/ros_workspace_2025/nav_ws/install/px4_msgs/include/px4_msgs/px4_msgs/msg/detail/mavlink_tunnel__functions.h\n'}
[8.644255] (px4_msgs) StdoutLine: {'line': b'-- Up-to-date: /home/em/ros_workspace_2025/nav_ws/install/px4_msgs/include/px4_msgs/px4_msgs/msg/detail/fuel_tank_status__type_support.h\n'}
[8.644303] (px4_msgs) StdoutLine: {'line': b'-- Up-to-date: /home/em/ros_workspace_2025/nav_ws/install/px4_msgs/include/px4_msgs/px4_msgs/msg/detail/vehicle_optical_flow__functions.h\n'}
[8.644328] (px4_msgs) StdoutLine: {'line': b'-- Up-to-date: /home/em/ros_workspace_2025/nav_ws/install/px4_msgs/include/px4_msgs/px4_msgs/msg/detail/hover_thrust_estimate__functions.h\n'}
[8.644453] (px4_msgs) StdoutLine: {'line': b'-- Up-to-date: /home/em/ros_workspace_2025/nav_ws/install/px4_msgs/include/px4_msgs/px4_msgs/msg/detail/vehicle_odometry__functions.h\n'}
[8.644481] (px4_msgs) StdoutLine: {'line': b'-- Up-to-date: /home/em/ros_workspace_2025/nav_ws/install/px4_msgs/include/px4_msgs/px4_msgs/msg/detail/orbit_status__type_support.h\n'}
[8.644506] (px4_msgs) StdoutLine: {'line': b'-- Up-to-date: /home/em/ros_workspace_2025/nav_ws/install/px4_msgs/include/px4_msgs/px4_msgs/msg/detail/estimator_states__functions.c\n'}
[8.644530] (px4_msgs) StdoutLine: {'line': b'-- Up-to-date: /home/em/ros_workspace_2025/nav_ws/install/px4_msgs/include/px4_msgs/px4_msgs/msg/detail/sensors_status__struct.h\n'}
[8.644555] (px4_msgs) StdoutLine: {'line': b'-- Up-to-date: /home/em/ros_workspace_2025/nav_ws/install/px4_msgs/include/px4_msgs/px4_msgs/msg/detail/estimator_innovations__functions.h\n'}
[8.644579] (px4_msgs) StdoutLine: {'line': b'-- Up-to-date: /home/em/ros_workspace_2025/nav_ws/install/px4_msgs/include/px4_msgs/px4_msgs/msg/detail/vehicle_acceleration__functions.c\n'}
[8.644603] (px4_msgs) StdoutLine: {'line': b'-- Up-to-date: /home/em/ros_workspace_2025/nav_ws/install/px4_msgs/include/px4_msgs/px4_msgs/msg/detail/action_request__functions.c\n'}
[8.644627] (px4_msgs) StdoutLine: {'line': b'-- Up-to-date: /home/em/ros_workspace_2025/nav_ws/install/px4_msgs/include/px4_msgs/px4_msgs/msg/detail/vehicle_angular_acceleration_setpoint__functions.c\n'}
[8.644651] (px4_msgs) StdoutLine: {'line': b'-- Up-to-date: /home/em/ros_workspace_2025/nav_ws/install/px4_msgs/include/px4_msgs/px4_msgs/msg/detail/irlock_report__functions.c\n'}
[8.644674] (px4_msgs) StdoutLine: {'line': b'-- Up-to-date: /home/em/ros_workspace_2025/nav_ws/install/px4_msgs/include/px4_msgs/px4_msgs/msg/detail/register_ext_component_reply__type_support.h\n'}
[8.644696] (px4_msgs) StdoutLine: {'line': b'-- Up-to-date: /home/em/ros_workspace_2025/nav_ws/install/px4_msgs/include/px4_msgs/px4_msgs/msg/detail/vehicle_attitude_setpoint__functions.c\n'}
[8.644720] (px4_msgs) StdoutLine: {'line': b'-- Up-to-date: /home/em/ros_workspace_2025/nav_ws/install/px4_msgs/include/px4_msgs/px4_msgs/msg/detail/takeoff_status__type_support.h\n'}
[8.644761] (px4_msgs) StdoutLine: {'line': b'-- Up-to-date: /home/em/ros_workspace_2025/nav_ws/install/px4_msgs/include/px4_msgs/px4_msgs/msg/detail/estimator_aid_source1d__functions.h\n'}
[8.644785] (px4_msgs) StdoutLine: {'line': b'-- Up-to-date: /home/em/ros_workspace_2025/nav_ws/install/px4_msgs/include/px4_msgs/px4_msgs/msg/detail/rtl_time_estimate__struct.h\n'}
[8.644808] (px4_msgs) StdoutLine: {'line': b'-- Up-to-date: /home/em/ros_workspace_2025/nav_ws/install/px4_msgs/include/px4_msgs/px4_msgs/msg/detail/actuator_motors__type_support.h\n'}
[8.644831] (px4_msgs) StdoutLine: {'line': b'-- Up-to-date: /home/em/ros_workspace_2025/nav_ws/install/px4_msgs/include/px4_msgs/px4_msgs/msg/detail/estimator_event_flags__functions.c\n'}
[8.644885] (px4_msgs) StdoutLine: {'line': b'-- Up-to-date: /home/em/ros_workspace_2025/nav_ws/install/px4_msgs/include/px4_msgs/px4_msgs/msg/detail/orb_test__struct.h\n'}
[8.644910] (px4_msgs) StdoutLine: {'line': b'-- Up-to-date: /home/em/ros_workspace_2025/nav_ws/install/px4_msgs/include/px4_msgs/px4_msgs/msg/detail/vehicle_optical_flow_vel__functions.h\n'}
[8.644934] (px4_msgs) StdoutLine: {'line': b'-- Up-to-date: /home/em/ros_workspace_2025/nav_ws/install/px4_msgs/include/px4_msgs/px4_msgs/msg/detail/power_monitor__functions.h\n'}
[8.644959] (px4_msgs) StdoutLine: {'line': b'-- Up-to-date: /home/em/ros_workspace_2025/nav_ws/install/px4_msgs/include/px4_msgs/px4_msgs/msg/detail/sensor_uwb__functions.c\n'}
[8.644999] (px4_msgs) StdoutLine: {'line': b'-- Up-to-date: /home/em/ros_workspace_2025/nav_ws/install/px4_msgs/include/px4_msgs/px4_msgs/msg/detail/distance_sensor__functions.c\n'}
[8.645024] (px4_msgs) StdoutLine: {'line': b'-- Up-to-date: /home/em/ros_workspace_2025/nav_ws/install/px4_msgs/include/px4_msgs/px4_msgs/msg/detail/pwm_input__type_support.h\n'}
[8.645049] (px4_msgs) StdoutLine: {'line': b'-- Up-to-date: /home/em/ros_workspace_2025/nav_ws/install/px4_msgs/include/px4_msgs/px4_msgs/msg/detail/ulog_stream__struct.h\n'}
[8.645074] (px4_msgs) StdoutLine: {'line': b'-- Up-to-date: /home/em/ros_workspace_2025/nav_ws/install/px4_msgs/include/px4_msgs/px4_msgs/msg/detail/sensor_gyro_fifo__functions.c\n'}
[8.645098] (px4_msgs) StdoutLine: {'line': b'-- Up-to-date: /home/em/ros_workspace_2025/nav_ws/install/px4_msgs/include/px4_msgs/px4_msgs/msg/detail/mode_completed__struct.h\n'}
[8.645123] (px4_msgs) StdoutLine: {'line': b'-- Up-to-date: /home/em/ros_workspace_2025/nav_ws/install/px4_msgs/include/px4_msgs/px4_msgs/msg/detail/tune_control__functions.c\n'}
[8.645147] (px4_msgs) StdoutLine: {'line': b'-- Up-to-date: /home/em/ros_workspace_2025/nav_ws/install/px4_msgs/include/px4_msgs/px4_msgs/msg/detail/irlock_report__struct.h\n'}
[8.645171] (px4_msgs) StdoutLine: {'line': b'-- Up-to-date: /home/em/ros_workspace_2025/nav_ws/install/px4_msgs/include/px4_msgs/px4_msgs/msg/detail/vehicle_thrust_setpoint__functions.h\n'}
[8.645200] (px4_msgs) StdoutLine: {'line': b'-- Up-to-date: /home/em/ros_workspace_2025/nav_ws/install/px4_msgs/include/px4_msgs/px4_msgs/msg/detail/wheel_encoders__functions.h\n'}
[8.645225] (px4_msgs) StdoutLine: {'line': b'-- Up-to-date: /home/em/ros_workspace_2025/nav_ws/install/px4_msgs/include/px4_msgs/px4_msgs/msg/detail/estimator_aid_source2d__functions.h\n'}
[8.645248] (px4_msgs) StdoutLine: {'line': b'-- Up-to-date: /home/em/ros_workspace_2025/nav_ws/install/px4_msgs/include/px4_msgs/px4_msgs/msg/detail/rover_differential_guidance_status__struct.h\n'}
[8.645318] (px4_msgs) StdoutLine: {'line': b'-- Up-to-date: /home/em/ros_workspace_2025/nav_ws/install/px4_msgs/include/px4_msgs/px4_msgs/msg/detail/follow_target_estimator__type_support.h\n'}
[8.645358] (px4_msgs) StdoutLine: {'line': b'-- Up-to-date: /home/em/ros_workspace_2025/nav_ws/install/px4_msgs/include/px4_msgs/px4_msgs/msg/detail/rtl_status__struct.h\n'}
[8.645389] (px4_msgs) StdoutLine: {'line': b'-- Up-to-date: /home/em/ros_workspace_2025/nav_ws/install/px4_msgs/include/px4_msgs/px4_msgs/msg/detail/landing_target_innovations__type_support.h\n'}
[8.645414] (px4_msgs) StdoutLine: {'line': b'-- Up-to-date: /home/em/ros_workspace_2025/nav_ws/install/px4_msgs/include/px4_msgs/px4_msgs/msg/detail/home_position__type_support.h\n'}
[8.645437] (px4_msgs) StdoutLine: {'line': b'-- Up-to-date: /home/em/ros_workspace_2025/nav_ws/install/px4_msgs/include/px4_msgs/px4_msgs/msg/detail/estimator_status__functions.h\n'}
[8.645462] (px4_msgs) StdoutLine: {'line': b'-- Up-to-date: /home/em/ros_workspace_2025/nav_ws/install/px4_msgs/include/px4_msgs/px4_msgs/msg/detail/message_format_request__functions.h\n'}
[8.645485] (px4_msgs) StdoutLine: {'line': b'-- Up-to-date: /home/em/ros_workspace_2025/nav_ws/install/px4_msgs/include/px4_msgs/px4_msgs/msg/detail/failsafe_flags__struct.h\n'}
[8.645508] (px4_msgs) StdoutLine: {'line': b'-- Up-to-date: /home/em/ros_workspace_2025/nav_ws/install/px4_msgs/include/px4_msgs/px4_msgs/msg/detail/open_drone_id_operator_id__functions.c\n'}
[8.645530] (px4_msgs) StdoutLine: {'line': b'-- Up-to-date: /home/em/ros_workspace_2025/nav_ws/install/px4_msgs/include/px4_msgs/px4_msgs/msg/detail/sensor_gyro_fifo__type_support.h\n'}
[8.645560] (px4_msgs) StdoutLine: {'line': b'-- Up-to-date: /home/em/ros_workspace_2025/nav_ws/install/px4_msgs/include/px4_msgs/px4_msgs/msg/detail/satellite_info__type_support.h\n'}
[8.645584] (px4_msgs) StdoutLine: {'line': b'-- Up-to-date: /home/em/ros_workspace_2025/nav_ws/install/px4_msgs/include/px4_msgs/px4_msgs/msg/detail/actuator_servos__struct.h\n'}
[8.645699] (px4_msgs) StdoutLine: {'line': b'-- Up-to-date: /home/em/ros_workspace_2025/nav_ws/install/px4_msgs/include/px4_msgs/px4_msgs/msg/detail/mode_completed__functions.c\n'}
[8.645736] (px4_msgs) StdoutLine: {'line': b'-- Up-to-date: /home/em/ros_workspace_2025/nav_ws/install/px4_msgs/include/px4_msgs/px4_msgs/msg/detail/sensor_preflight_mag__type_support.h\n'}
[8.645764] (px4_msgs) StdoutLine: {'line': b'-- Up-to-date: /home/em/ros_workspace_2025/nav_ws/install/px4_msgs/include/px4_msgs/px4_msgs/msg/detail/gimbal_device_attitude_status__struct.h\n'}
[8.645790] (px4_msgs) StdoutLine: {'line': b'-- Up-to-date: /home/em/ros_workspace_2025/nav_ws/install/px4_msgs/include/px4_msgs/px4_msgs/msg/detail/ulog_stream__functions.c\n'}
[8.645814] (px4_msgs) StdoutLine: {'line': b'-- Up-to-date: /home/em/ros_workspace_2025/nav_ws/install/px4_msgs/include/px4_msgs/px4_msgs/msg/detail/message_format_response__type_support.h\n'}
[8.645838] (px4_msgs) StdoutLine: {'line': b'-- Up-to-date: /home/em/ros_workspace_2025/nav_ws/install/px4_msgs/include/px4_msgs/px4_msgs/msg/detail/landing_target_innovations__struct.h\n'}
[8.645891] (px4_msgs) StdoutLine: {'line': b'-- Up-to-date: /home/em/ros_workspace_2025/nav_ws/install/px4_msgs/include/px4_msgs/px4_msgs/msg/detail/orbit_status__functions.c\n'}
[8.645916] (px4_msgs) StdoutLine: {'line': b'-- Up-to-date: /home/em/ros_workspace_2025/nav_ws/install/px4_msgs/include/px4_msgs/px4_msgs/msg/detail/vehicle_torque_setpoint__functions.h\n'}
[8.645941] (px4_msgs) StdoutLine: {'line': b'-- Up-to-date: /home/em/ros_workspace_2025/nav_ws/install/px4_msgs/include/px4_msgs/px4_msgs/msg/detail/tiltrotor_extra_controls__functions.h\n'}
[8.645965] (px4_msgs) StdoutLine: {'line': b'-- Up-to-date: /home/em/ros_workspace_2025/nav_ws/install/px4_msgs/include/px4_msgs/px4_msgs/msg/detail/input_rc__functions.c\n'}
[8.645989] (px4_msgs) StdoutLine: {'line': b'-- Up-to-date: /home/em/ros_workspace_2025/nav_ws/install/px4_msgs/include/px4_msgs/px4_msgs/msg/detail/open_drone_id_self_id__functions.h\n'}
[8.646012] (px4_msgs) StdoutLine: {'line': b'-- Up-to-date: /home/em/ros_workspace_2025/nav_ws/install/px4_msgs/include/px4_msgs/px4_msgs/msg/detail/can_interface_status__functions.h\n'}
[8.646036] (px4_msgs) StdoutLine: {'line': b'-- Up-to-date: /home/em/ros_workspace_2025/nav_ws/install/px4_msgs/include/px4_msgs/px4_msgs/msg/detail/parameter_set_used_request__functions.c\n'}
[8.646061] (px4_msgs) StdoutLine: {'line': b'-- Up-to-date: /home/em/ros_workspace_2025/nav_ws/install/px4_msgs/include/px4_msgs/px4_msgs/msg/detail/trajectory_bezier__functions.c\n'}
[8.646087] (px4_msgs) StdoutLine: {'line': b'-- Up-to-date: /home/em/ros_workspace_2025/nav_ws/install/px4_msgs/include/px4_msgs/px4_msgs/msg/detail/led_control__type_support.h\n'}
[8.646109] (px4_msgs) StdoutLine: {'line': b'-- Up-to-date: /home/em/ros_workspace_2025/nav_ws/install/px4_msgs/include/px4_msgs/px4_msgs/msg/detail/vehicle_roi__struct.h\n'}
[8.646132] (px4_msgs) StdoutLine: {'line': b'-- Up-to-date: /home/em/ros_workspace_2025/nav_ws/install/px4_msgs/include/px4_msgs/px4_msgs/msg/detail/log_message__functions.c\n'}
[8.646154] (px4_msgs) StdoutLine: {'line': b'-- Up-to-date: /home/em/ros_workspace_2025/nav_ws/install/px4_msgs/include/px4_msgs/px4_msgs/msg/detail/rover_mecanum_guidance_status__struct.h\n'}
[8.646176] (px4_msgs) StdoutLine: {'line': b'-- Up-to-date: /home/em/ros_workspace_2025/nav_ws/install/px4_msgs/include/px4_msgs/px4_msgs/msg/detail/gripper__type_support.h\n'}
[8.646262] (px4_msgs) StdoutLine: {'line': b'-- Up-to-date: /home/em/ros_workspace_2025/nav_ws/install/px4_msgs/include/px4_msgs/px4_msgs/msg/detail/failure_detector_status__type_support.h\n'}
[8.646288] (px4_msgs) StdoutLine: {'line': b'-- Up-to-date: /home/em/ros_workspace_2025/nav_ws/install/px4_msgs/include/px4_msgs/px4_msgs/msg/detail/actuator_outputs__functions.c\n'}
[8.646312] (px4_msgs) StdoutLine: {'line': b'-- Up-to-date: /home/em/ros_workspace_2025/nav_ws/install/px4_msgs/include/px4_msgs/px4_msgs/msg/detail/dataman_response__functions.h\n'}
[8.646338] (px4_msgs) StdoutLine: {'line': b'-- Up-to-date: /home/em/ros_workspace_2025/nav_ws/install/px4_msgs/include/px4_msgs/px4_msgs/msg/detail/vehicle_land_detected__struct.h\n'}
[8.646360] (px4_msgs) StdoutLine: {'line': b'-- Up-to-date: /home/em/ros_workspace_2025/nav_ws/install/px4_msgs/include/px4_msgs/px4_msgs/msg/detail/orbit_status__struct.h\n'}
[8.646383] (px4_msgs) StdoutLine: {'line': b'-- Up-to-date: /home/em/ros_workspace_2025/nav_ws/install/px4_msgs/include/px4_msgs/px4_msgs/msg/detail/pwm_input__functions.c\n'}
[8.646405] (px4_msgs) StdoutLine: {'line': b'-- Up-to-date: /home/em/ros_workspace_2025/nav_ws/install/px4_msgs/include/px4_msgs/px4_msgs/msg/detail/estimator_selector_status__functions.h\n'}
[8.646428] (px4_msgs) StdoutLine: {'line': b'-- Up-to-date: /home/em/ros_workspace_2025/nav_ws/install/px4_msgs/include/px4_msgs/px4_msgs/msg/detail/trajectory_waypoint__functions.h\n'}
[8.646461] (px4_msgs) StdoutLine: {'line': b'-- Up-to-date: /home/em/ros_workspace_2025/nav_ws/install/px4_msgs/include/px4_msgs/px4_msgs/msg/detail/gimbal_manager_set_manual_control__type_support.h\n'}
[8.646485] (px4_msgs) StdoutLine: {'line': b'-- Up-to-date: /home/em/ros_workspace_2025/nav_ws/install/px4_msgs/include/px4_msgs/px4_msgs/msg/detail/airspeed_validated__struct.h\n'}
[8.646508] (px4_msgs) StdoutLine: {'line': b'-- Up-to-date: /home/em/ros_workspace_2025/nav_ws/install/px4_msgs/include/px4_msgs/px4_msgs/msg/detail/geofence_status__functions.c\n'}
[8.646530] (px4_msgs) StdoutLine: {'line': b'-- Up-to-date: /home/em/ros_workspace_2025/nav_ws/install/px4_msgs/include/px4_msgs/px4_msgs/msg/detail/estimator_innovations__struct.h\n'}
[8.646553] (px4_msgs) StdoutLine: {'line': b'-- Up-to-date: /home/em/ros_workspace_2025/nav_ws/install/px4_msgs/include/px4_msgs/px4_msgs/msg/detail/iridiumsbd_status__type_support.h\n'}
[8.646576] (px4_msgs) StdoutLine: {'line': b'-- Up-to-date: /home/em/ros_workspace_2025/nav_ws/install/px4_msgs/include/px4_msgs/px4_msgs/msg/detail/estimator_selector_status__struct.h\n'}
[8.646598] (px4_msgs) StdoutLine: {'line': b'-- Up-to-date: /home/em/ros_workspace_2025/nav_ws/install/px4_msgs/include/px4_msgs/px4_msgs/msg/detail/estimator_aid_source2d__struct.h\n'}
[8.646621] (px4_msgs) StdoutLine: {'line': b'-- Up-to-date: /home/em/ros_workspace_2025/nav_ws/install/px4_msgs/include/px4_msgs/px4_msgs/msg/detail/gimbal_manager_set_attitude__struct.h\n'}
[8.646643] (px4_msgs) StdoutLine: {'line': b'-- Up-to-date: /home/em/ros_workspace_2025/nav_ws/install/px4_msgs/include/px4_msgs/px4_msgs/msg/detail/vehicle_rates_setpoint__functions.h\n'}
[8.646666] (px4_msgs) StdoutLine: {'line': b'-- Up-to-date: /home/em/ros_workspace_2025/nav_ws/install/px4_msgs/include/px4_msgs/px4_msgs/msg/detail/orb_test__type_support.h\n'}
[8.646688] (px4_msgs) StdoutLine: {'line': b'-- Up-to-date: /home/em/ros_workspace_2025/nav_ws/install/px4_msgs/include/px4_msgs/px4_msgs/msg/detail/adc_report__struct.h\n'}
[8.646711] (px4_msgs) StdoutLine: {'line': b'-- Up-to-date: /home/em/ros_workspace_2025/nav_ws/install/px4_msgs/include/px4_msgs/px4_msgs/msg/detail/gpio_in__struct.h\n'}
[8.646736] (px4_msgs) StdoutLine: {'line': b'-- Up-to-date: /home/em/ros_workspace_2025/nav_ws/install/px4_msgs/include/px4_msgs/px4_msgs/msg/detail/qshell_req__functions.c\n'}
[8.646758] (px4_msgs) StdoutLine: {'line': b'-- Up-to-date: /home/em/ros_workspace_2025/nav_ws/install/px4_msgs/include/px4_msgs/px4_msgs/msg/detail/obstacle_distance__struct.h\n'}
[8.646780] (px4_msgs) StdoutLine: {'line': b'-- Up-to-date: /home/em/ros_workspace_2025/nav_ws/install/px4_msgs/include/px4_msgs/px4_msgs/msg/detail/vtol_vehicle_status__functions.c\n'}
[8.646802] (px4_msgs) StdoutLine: {'line': b'-- Up-to-date: /home/em/ros_workspace_2025/nav_ws/install/px4_msgs/include/px4_msgs/px4_msgs/msg/detail/camera_status__functions.h\n'}
[8.646823] (px4_msgs) StdoutLine: {'line': b'-- Up-to-date: /home/em/ros_workspace_2025/nav_ws/install/px4_msgs/include/px4_msgs/px4_msgs/msg/detail/yaw_estimator_status__functions.c\n'}
[8.646844] (px4_msgs) StdoutLine: {'line': b'-- Up-to-date: /home/em/ros_workspace_2025/nav_ws/install/px4_msgs/include/px4_msgs/px4_msgs/msg/detail/position_setpoint__functions.c\n'}
[8.646867] (px4_msgs) StdoutLine: {'line': b'-- Up-to-date: /home/em/ros_workspace_2025/nav_ws/install/px4_msgs/include/px4_msgs/px4_msgs/msg/detail/distance_sensor_mode_change_request__functions.h\n'}
[8.646889] (px4_msgs) StdoutLine: {'line': b'-- Up-to-date: /home/em/ros_workspace_2025/nav_ws/install/px4_msgs/include/px4_msgs/px4_msgs/msg/detail/onboard_computer_status__struct.h\n'}
[8.646911] (px4_msgs) StdoutLine: {'line': b'-- Up-to-date: /home/em/ros_workspace_2025/nav_ws/install/px4_msgs/include/px4_msgs/px4_msgs/msg/detail/gimbal_manager_information__struct.h\n'}
[8.646933] (px4_msgs) StdoutLine: {'line': b'-- Up-to-date: /home/em/ros_workspace_2025/nav_ws/install/px4_msgs/include/px4_msgs/px4_msgs/msg/detail/vehicle_rates_setpoint__functions.c\n'}
[8.647023] (px4_msgs) StdoutLine: {'line': b'-- Up-to-date: /home/em/ros_workspace_2025/nav_ws/install/px4_msgs/include/px4_msgs/px4_msgs/msg/detail/actuator_armed__struct.h\n'}
[8.647053] (px4_msgs) StdoutLine: {'line': b'-- Up-to-date: /home/em/ros_workspace_2025/nav_ws/install/px4_msgs/include/px4_msgs/px4_msgs/msg/detail/vehicle_trajectory_waypoint__functions.c\n'}
[8.647076] (px4_msgs) StdoutLine: {'line': b'-- Up-to-date: /home/em/ros_workspace_2025/nav_ws/install/px4_msgs/include/px4_msgs/px4_msgs/msg/detail/qshell_req__struct.h\n'}
[8.647100] (px4_msgs) StdoutLine: {'line': b'-- Up-to-date: /home/em/ros_workspace_2025/nav_ws/install/px4_msgs/include/px4_msgs/px4_msgs/msg/detail/gimbal_manager_status__struct.h\n'}
[8.647123] (px4_msgs) StdoutLine: {'line': b'-- Up-to-date: /home/em/ros_workspace_2025/nav_ws/install/px4_msgs/include/px4_msgs/px4_msgs/msg/detail/pwm_input__struct.h\n'}
[8.647159] (px4_msgs) StdoutLine: {'line': b'-- Up-to-date: /home/em/ros_workspace_2025/nav_ws/install/px4_msgs/include/px4_msgs/px4_msgs/msg/vehicle_land_detected.h\n'}
[8.647202] (px4_msgs) StdoutLine: {'line': b'-- Up-to-date: /home/em/ros_workspace_2025/nav_ws/install/px4_msgs/include/px4_msgs/px4_msgs/msg/sensor_mag.h\n'}
[8.647240] (px4_msgs) StdoutLine: {'line': b'-- Up-to-date: /home/em/ros_workspace_2025/nav_ws/install/px4_msgs/include/px4_msgs/px4_msgs/msg/follow_target_status.h\n'}
[8.647278] (px4_msgs) StdoutLine: {'line': b'-- Up-to-date: /home/em/ros_workspace_2025/nav_ws/install/px4_msgs/include/px4_msgs/px4_msgs/msg/power_button_state.h\n'}
[8.647305] (px4_msgs) StdoutLine: {'line': b'-- Up-to-date: /home/em/ros_workspace_2025/nav_ws/install/px4_msgs/include/px4_msgs/px4_msgs/msg/orbit_status.h\n'}
[8.647329] (px4_msgs) StdoutLine: {'line': b'-- Up-to-date: /home/em/ros_workspace_2025/nav_ws/install/px4_msgs/include/px4_msgs/px4_msgs/msg/landing_target_innovations.h\n'}
[8.647353] (px4_msgs) StdoutLine: {'line': b'-- Up-to-date: /home/em/ros_workspace_2025/nav_ws/install/px4_msgs/include/px4_msgs/px4_msgs/msg/tiltrotor_extra_controls.h\n'}
[8.647377] (px4_msgs) StdoutLine: {'line': b'-- Up-to-date: /home/em/ros_workspace_2025/nav_ws/install/px4_msgs/include/px4_msgs/px4_msgs/msg/vehicle_roi.h\n'}
[8.647399] (px4_msgs) StdoutLine: {'line': b'-- Up-to-date: /home/em/ros_workspace_2025/nav_ws/install/px4_msgs/include/px4_msgs/px4_msgs/msg/sensor_gyro_fifo.h\n'}
[8.647422] (px4_msgs) StdoutLine: {'line': b'-- Up-to-date: /home/em/ros_workspace_2025/nav_ws/install/px4_msgs/include/px4_msgs/px4_msgs/msg/task_stack_info.h\n'}
[8.647445] (px4_msgs) StdoutLine: {'line': b'-- Up-to-date: /home/em/ros_workspace_2025/nav_ws/install/px4_msgs/include/px4_msgs/px4_msgs/msg/arming_check_request.h\n'}
[8.647467] (px4_msgs) StdoutLine: {'line': b'-- Up-to-date: /home/em/ros_workspace_2025/nav_ws/install/px4_msgs/include/px4_msgs/px4_msgs/msg/manual_control_switches.h\n'}
[8.647490] (px4_msgs) StdoutLine: {'line': b'-- Up-to-date: /home/em/ros_workspace_2025/nav_ws/install/px4_msgs/include/px4_msgs/px4_msgs/msg/failure_detector_status.h\n'}
[8.647512] (px4_msgs) StdoutLine: {'line': b'-- Up-to-date: /home/em/ros_workspace_2025/nav_ws/install/px4_msgs/include/px4_msgs/px4_msgs/msg/qshell_req.h\n'}
[8.647553] (px4_msgs) StdoutLine: {'line': b'-- Up-to-date: /home/em/ros_workspace_2025/nav_ws/install/px4_msgs/include/px4_msgs/px4_msgs/msg/sensor_gyro_fft.h\n'}
[8.647576] (px4_msgs) StdoutLine: {'line': b'-- Up-to-date: /home/em/ros_workspace_2025/nav_ws/install/px4_msgs/include/px4_msgs/px4_msgs/msg/gimbal_device_information.h\n'}
[8.647633] (px4_msgs) StdoutLine: {'line': b'-- Up-to-date: /home/em/ros_workspace_2025/nav_ws/install/px4_msgs/include/px4_msgs/px4_msgs/msg/rover_differential_guidance_status.h\n'}
[8.647660] (px4_msgs) StdoutLine: {'line': b'-- Up-to-date: /home/em/ros_workspace_2025/nav_ws/install/px4_msgs/share/px4_msgs/environment/library_path.sh\n'}
[8.647683] (px4_msgs) StdoutLine: {'line': b'-- Up-to-date: /home/em/ros_workspace_2025/nav_ws/install/px4_msgs/share/px4_msgs/environment/library_path.dsv\n'}
[8.647709] (px4_msgs) StdoutLine: {'line': b'-- Up-to-date: /home/em/ros_workspace_2025/nav_ws/install/px4_msgs/lib/libpx4_msgs__rosidl_generator_c.so\n'}
[8.647733] (px4_msgs) StdoutLine: {'line': b'-- Up-to-date: /home/em/ros_workspace_2025/nav_ws/install/px4_msgs/include/px4_msgs/px4_msgs\n'}
[8.647758] (px4_msgs) StdoutLine: {'line': b'-- Up-to-date: /home/em/ros_workspace_2025/nav_ws/install/px4_msgs/include/px4_msgs/px4_msgs/srv\n'}
[8.647782] (px4_msgs) StdoutLine: {'line': b'-- Up-to-date: /home/em/ros_workspace_2025/nav_ws/install/px4_msgs/include/px4_msgs/px4_msgs/srv/detail\n'}
[8.647806] (px4_msgs) StdoutLine: {'line': b'-- Up-to-date: /home/em/ros_workspace_2025/nav_ws/install/px4_msgs/include/px4_msgs/px4_msgs/srv/detail/vehicle_command__rosidl_typesupport_fastrtps_c.h\n'}
[8.647830] (px4_msgs) StdoutLine: {'line': b'-- Up-to-date: /home/em/ros_workspace_2025/nav_ws/install/px4_msgs/include/px4_msgs/px4_msgs/msg\n'}
[8.647852] (px4_msgs) StdoutLine: {'line': b'-- Up-to-date: /home/em/ros_workspace_2025/nav_ws/install/px4_msgs/include/px4_msgs/px4_msgs/msg/rosidl_typesupport_fastrtps_c__visibility_control.h\n'}
[8.647876] (px4_msgs) StdoutLine: {'line': b'-- Up-to-date: /home/em/ros_workspace_2025/nav_ws/install/px4_msgs/include/px4_msgs/px4_msgs/msg/detail\n'}
[8.647900] (px4_msgs) StdoutLine: {'line': b'-- Up-to-date: /home/em/ros_workspace_2025/nav_ws/install/px4_msgs/include/px4_msgs/px4_msgs/msg/detail/estimator_selector_status__rosidl_typesupport_fastrtps_c.h\n'}
[8.647925] (px4_msgs) StdoutLine: {'line': b'-- Up-to-date: /home/em/ros_workspace_2025/nav_ws/install/px4_msgs/include/px4_msgs/px4_msgs/msg/detail/actuator_motors__rosidl_typesupport_fastrtps_c.h\n'}
[8.647979] (px4_msgs) StdoutLine: {'line': b'-- Up-to-date: /home/em/ros_workspace_2025/nav_ws/install/px4_msgs/include/px4_msgs/px4_msgs/msg/detail/position_setpoint__rosidl_typesupport_fastrtps_c.h\n'}
[8.648003] (px4_msgs) StdoutLine: {'line': b'-- Up-to-date: /home/em/ros_workspace_2025/nav_ws/install/px4_msgs/include/px4_msgs/px4_msgs/msg/detail/actuator_test__rosidl_typesupport_fastrtps_c.h\n'}
[8.648025] (px4_msgs) StdoutLine: {'line': b'-- Up-to-date: /home/em/ros_workspace_2025/nav_ws/install/px4_msgs/include/px4_msgs/px4_msgs/msg/detail/estimator_gps_status__rosidl_typesupport_fastrtps_c.h\n'}
[8.648063] (px4_msgs) StdoutLine: {'line': b'-- Up-to-date: /home/em/ros_workspace_2025/nav_ws/install/px4_msgs/include/px4_msgs/px4_msgs/msg/detail/follow_target_estimator__rosidl_typesupport_fastrtps_c.h\n'}
[8.648087] (px4_msgs) StdoutLine: {'line': b'-- Up-to-date: /home/em/ros_workspace_2025/nav_ws/install/px4_msgs/include/px4_msgs/px4_msgs/msg/detail/vehicle_trajectory_waypoint__rosidl_typesupport_fastrtps_c.h\n'}
[8.648110] (px4_msgs) StdoutLine: {'line': b'-- Up-to-date: /home/em/ros_workspace_2025/nav_ws/install/px4_msgs/include/px4_msgs/px4_msgs/msg/detail/vehicle_local_position__rosidl_typesupport_fastrtps_c.h\n'}
[8.648132] (px4_msgs) StdoutLine: {'line': b'-- Up-to-date: /home/em/ros_workspace_2025/nav_ws/install/px4_msgs/include/px4_msgs/px4_msgs/msg/detail/parameter_reset_request__rosidl_typesupport_fastrtps_c.h\n'}
[8.648155] (px4_msgs) StdoutLine: {'line': b'-- Up-to-date: /home/em/ros_workspace_2025/nav_ws/install/px4_msgs/include/px4_msgs/px4_msgs/msg/detail/geofence_result__rosidl_typesupport_fastrtps_c.h\n'}
[8.648188] (px4_msgs) StdoutLine: {'line': b'-- Up-to-date: /home/em/ros_workspace_2025/nav_ws/install/px4_msgs/include/px4_msgs/px4_msgs/msg/detail/onboard_computer_status__rosidl_typesupport_fastrtps_c.h\n'}
[8.648215] (px4_msgs) StdoutLine: {'line': b'-- Up-to-date: /home/em/ros_workspace_2025/nav_ws/install/px4_msgs/include/px4_msgs/px4_msgs/msg/detail/rover_mecanum_status__rosidl_typesupport_fastrtps_c.h\n'}
[8.648236] (px4_msgs) StdoutLine: {'line': b'-- Up-to-date: /home/em/ros_workspace_2025/nav_ws/install/px4_msgs/include/px4_msgs/px4_msgs/msg/detail/message_format_response__rosidl_typesupport_fastrtps_c.h\n'}
[8.648257] (px4_msgs) StdoutLine: {'line': b'-- Up-to-date: /home/em/ros_workspace_2025/nav_ws/install/px4_msgs/include/px4_msgs/px4_msgs/msg/detail/gimbal_device_information__rosidl_typesupport_fastrtps_c.h\n'}
[8.648279] (px4_msgs) StdoutLine: {'line': b'-- Up-to-date: /home/em/ros_workspace_2025/nav_ws/install/px4_msgs/include/px4_msgs/px4_msgs/msg/detail/gps_inject_data__rosidl_typesupport_fastrtps_c.h\n'}
[8.648302] (px4_msgs) StdoutLine: {'line': b'-- Up-to-date: /home/em/ros_workspace_2025/nav_ws/install/px4_msgs/include/px4_msgs/px4_msgs/msg/detail/led_control__rosidl_typesupport_fastrtps_c.h\n'}
[8.648325] (px4_msgs) StdoutLine: {'line': b'-- Up-to-date: /home/em/ros_workspace_2025/nav_ws/install/px4_msgs/include/px4_msgs/px4_msgs/msg/detail/velocity_limits__rosidl_typesupport_fastrtps_c.h\n'}
[8.648346] (px4_msgs) StdoutLine: {'line': b'-- Up-to-date: /home/em/ros_workspace_2025/nav_ws/install/px4_msgs/include/px4_msgs/px4_msgs/msg/detail/sensor_hygrometer__rosidl_typesupport_fastrtps_c.h\n'}
[8.648367] (px4_msgs) StdoutLine: {'line': b'-- Up-to-date: /home/em/ros_workspace_2025/nav_ws/install/px4_msgs/include/px4_msgs/px4_msgs/msg/detail/gimbal_device_attitude_status__rosidl_typesupport_fastrtps_c.h\n'}
[8.648388] (px4_msgs) StdoutLine: {'line': b'-- Up-to-date: /home/em/ros_workspace_2025/nav_ws/install/px4_msgs/include/px4_msgs/px4_msgs/msg/detail/debug_vect__rosidl_typesupport_fastrtps_c.h\n'}
[8.648409] (px4_msgs) StdoutLine: {'line': b'-- Up-to-date: /home/em/ros_workspace_2025/nav_ws/install/px4_msgs/include/px4_msgs/px4_msgs/msg/detail/open_drone_id_operator_id__rosidl_typesupport_fastrtps_c.h\n'}
[8.648430] (px4_msgs) StdoutLine: {'line': b'-- Up-to-date: /home/em/ros_workspace_2025/nav_ws/install/px4_msgs/include/px4_msgs/px4_msgs/msg/detail/tune_control__rosidl_typesupport_fastrtps_c.h\n'}
[8.648450] (px4_msgs) StdoutLine: {'line': b'-- Up-to-date: /home/em/ros_workspace_2025/nav_ws/install/px4_msgs/include/px4_msgs/px4_msgs/msg/detail/rtl_status__rosidl_typesupport_fastrtps_c.h\n'}
[8.648471] (px4_msgs) StdoutLine: {'line': b'-- Up-to-date: /home/em/ros_workspace_2025/nav_ws/install/px4_msgs/include/px4_msgs/px4_msgs/msg/detail/tiltrotor_extra_controls__rosidl_typesupport_fastrtps_c.h\n'}
[8.648493] (px4_msgs) StdoutLine: {'line': b'-- Up-to-date: /home/em/ros_workspace_2025/nav_ws/install/px4_msgs/include/px4_msgs/px4_msgs/msg/detail/vehicle_angular_velocity__rosidl_typesupport_fastrtps_c.h\n'}
[8.648518] (px4_msgs) StdoutLine: {'line': b'-- Up-to-date: /home/em/ros_workspace_2025/nav_ws/install/px4_msgs/include/px4_msgs/px4_msgs/msg/detail/vtol_vehicle_status__rosidl_typesupport_fastrtps_c.h\n'}
[8.648540] (px4_msgs) StdoutLine: {'line': b'-- Up-to-date: /home/em/ros_workspace_2025/nav_ws/install/px4_msgs/include/px4_msgs/px4_msgs/msg/detail/buffer128__rosidl_typesupport_fastrtps_c.h\n'}
[8.648566] (px4_msgs) StdoutLine: {'line': b'-- Up-to-date: /home/em/ros_workspace_2025/nav_ws/install/px4_msgs/include/px4_msgs/px4_msgs/msg/detail/actuator_outputs__rosidl_typesupport_fastrtps_c.h\n'}
[8.648599] (px4_msgs) StdoutLine: {'line': b'-- Up-to-date: /home/em/ros_workspace_2025/nav_ws/install/px4_msgs/include/px4_msgs/px4_msgs/msg/detail/landing_target_innovations__rosidl_typesupport_fastrtps_c.h\n'}
[8.648620] (px4_msgs) StdoutLine: {'line': b'-- Up-to-date: /home/em/ros_workspace_2025/nav_ws/install/px4_msgs/include/px4_msgs/px4_msgs/msg/detail/manual_control_switches__rosidl_typesupport_fastrtps_c.h\n'}
[8.648642] (px4_msgs) StdoutLine: {'line': b'-- Up-to-date: /home/em/ros_workspace_2025/nav_ws/install/px4_msgs/include/px4_msgs/px4_msgs/msg/detail/goto_setpoint__rosidl_typesupport_fastrtps_c.h\n'}
[8.648662] (px4_msgs) StdoutLine: {'line': b'-- Up-to-date: /home/em/ros_workspace_2025/nav_ws/install/px4_msgs/include/px4_msgs/px4_msgs/msg/detail/tecs_status__rosidl_typesupport_fastrtps_c.h\n'}
[8.648683] (px4_msgs) StdoutLine: {'line': b'-- Up-to-date: /home/em/ros_workspace_2025/nav_ws/install/px4_msgs/include/px4_msgs/px4_msgs/msg/detail/follow_target_status__rosidl_typesupport_fastrtps_c.h\n'}
[8.648702] (px4_msgs) StdoutLine: {'line': b'-- Up-to-date: /home/em/ros_workspace_2025/nav_ws/install/px4_msgs/include/px4_msgs/px4_msgs/msg/detail/vehicle_status__rosidl_typesupport_fastrtps_c.h\n'}
[8.648723] (px4_msgs) StdoutLine: {'line': b'-- Up-to-date: /home/em/ros_workspace_2025/nav_ws/install/px4_msgs/include/px4_msgs/px4_msgs/msg/detail/rover_ackermann_setpoint__rosidl_typesupport_fastrtps_c.h\n'}
[8.648744] (px4_msgs) StdoutLine: {'line': b'-- Up-to-date: /home/em/ros_workspace_2025/nav_ws/install/px4_msgs/include/px4_msgs/px4_msgs/msg/detail/esc_report__rosidl_typesupport_fastrtps_c.h\n'}
[8.648765] (px4_msgs) StdoutLine: {'line': b'-- Up-to-date: /home/em/ros_workspace_2025/nav_ws/install/px4_msgs/include/px4_msgs/px4_msgs/msg/detail/failsafe_flags__rosidl_typesupport_fastrtps_c.h\n'}
[8.648787] (px4_msgs) StdoutLine: {'line': b'-- Up-to-date: /home/em/ros_workspace_2025/nav_ws/install/px4_msgs/include/px4_msgs/px4_msgs/msg/detail/vehicle_optical_flow_vel__rosidl_typesupport_fastrtps_c.h\n'}
[8.648814] (px4_msgs) StdoutLine: {'line': b'-- Up-to-date: /home/em/ros_workspace_2025/nav_ws/install/px4_msgs/include/px4_msgs/px4_msgs/msg/detail/gps_dump__rosidl_typesupport_fastrtps_c.h\n'}
[8.648837] (px4_msgs) StdoutLine: {'line': b'-- Up-to-date: /home/em/ros_workspace_2025/nav_ws/install/px4_msgs/include/px4_msgs/px4_msgs/msg/detail/home_position__rosidl_typesupport_fastrtps_c.h\n'}
[8.648858] (px4_msgs) StdoutLine: {'line': b'-- Up-to-date: /home/em/ros_workspace_2025/nav_ws/install/px4_msgs/include/px4_msgs/px4_msgs/msg/detail/sensor_accel__rosidl_typesupport_fastrtps_c.h\n'}
[8.648879] (px4_msgs) StdoutLine: {'line': b'-- Up-to-date: /home/em/ros_workspace_2025/nav_ws/install/px4_msgs/include/px4_msgs/px4_msgs/msg/detail/camera_trigger__rosidl_typesupport_fastrtps_c.h\n'}
[8.648899] (px4_msgs) StdoutLine: {'line': b'-- Up-to-date: /home/em/ros_workspace_2025/nav_ws/install/px4_msgs/include/px4_msgs/px4_msgs/msg/detail/npfg_status__rosidl_typesupport_fastrtps_c.h\n'}
[8.648919] (px4_msgs) StdoutLine: {'line': b'-- Up-to-date: /home/em/ros_workspace_2025/nav_ws/install/px4_msgs/include/px4_msgs/px4_msgs/msg/detail/gpio_request__rosidl_typesupport_fastrtps_c.h\n'}
[8.648940] (px4_msgs) StdoutLine: {'line': b'-- Up-to-date: /home/em/ros_workspace_2025/nav_ws/install/px4_msgs/include/px4_msgs/px4_msgs/msg/detail/vehicle_thrust_setpoint__rosidl_typesupport_fastrtps_c.h\n'}
[8.648963] (px4_msgs) StdoutLine: {'line': b'-- Up-to-date: /home/em/ros_workspace_2025/nav_ws/install/px4_msgs/include/px4_msgs/px4_msgs/msg/detail/sensors_status__rosidl_typesupport_fastrtps_c.h\n'}
[8.648986] (px4_msgs) StdoutLine: {'line': b'-- Up-to-date: /home/em/ros_workspace_2025/nav_ws/install/px4_msgs/include/px4_msgs/px4_msgs/msg/detail/vehicle_attitude__rosidl_typesupport_fastrtps_c.h\n'}
[8.649008] (px4_msgs) StdoutLine: {'line': b'-- Up-to-date: /home/em/ros_workspace_2025/nav_ws/install/px4_msgs/include/px4_msgs/px4_msgs/msg/detail/landing_target_pose__rosidl_typesupport_fastrtps_c.h\n'}
[8.649031] (px4_msgs) StdoutLine: {'line': b'-- Up-to-date: /home/em/ros_workspace_2025/nav_ws/install/px4_msgs/include/px4_msgs/px4_msgs/msg/detail/rate_ctrl_status__rosidl_typesupport_fastrtps_c.h\n'}
[8.649053] (px4_msgs) StdoutLine: {'line': b'-- Up-to-date: /home/em/ros_workspace_2025/nav_ws/install/px4_msgs/include/px4_msgs/px4_msgs/msg/detail/position_controller_status__rosidl_typesupport_fastrtps_c.h\n'}
[8.649088] (px4_msgs) StdoutLine: {'line': b'-- Up-to-date: /home/em/ros_workspace_2025/nav_ws/install/px4_msgs/include/px4_msgs/px4_msgs/msg/detail/register_ext_component_request__rosidl_typesupport_fastrtps_c.h\n'}
[8.649109] (px4_msgs) StdoutLine: {'line': b'-- Up-to-date: /home/em/ros_workspace_2025/nav_ws/install/px4_msgs/include/px4_msgs/px4_msgs/msg/detail/input_rc__rosidl_typesupport_fastrtps_c.h\n'}
[8.649131] (px4_msgs) StdoutLine: {'line': b'-- Up-to-date: /home/em/ros_workspace_2025/nav_ws/install/px4_msgs/include/px4_msgs/px4_msgs/msg/detail/position_controller_landing_status__rosidl_typesupport_fastrtps_c.h\n'}
[8.649164] (px4_msgs) StdoutLine: {'line': b'-- Up-to-date: /home/em/ros_workspace_2025/nav_ws/install/px4_msgs/include/px4_msgs/px4_msgs/msg/detail/config_overrides__rosidl_typesupport_fastrtps_c.h\n'}
[8.649191] (px4_msgs) StdoutLine: {'line': b'-- Up-to-date: /home/em/ros_workspace_2025/nav_ws/install/px4_msgs/include/px4_msgs/px4_msgs/msg/detail/vehicle_control_mode__rosidl_typesupport_fastrtps_c.h\n'}
[8.649216] (px4_msgs) StdoutLine: {'line': b'-- Up-to-date: /home/em/ros_workspace_2025/nav_ws/install/px4_msgs/include/px4_msgs/px4_msgs/msg/detail/adc_report__rosidl_typesupport_fastrtps_c.h\n'}
[8.649238] (px4_msgs) StdoutLine: {'line': b'-- Up-to-date: /home/em/ros_workspace_2025/nav_ws/install/px4_msgs/include/px4_msgs/px4_msgs/msg/detail/sensor_gyro__rosidl_typesupport_fastrtps_c.h\n'}
[8.649258] (px4_msgs) StdoutLine: {'line': b'-- Up-to-date: /home/em/ros_workspace_2025/nav_ws/install/px4_msgs/include/px4_msgs/px4_msgs/msg/detail/health_report__rosidl_typesupport_fastrtps_c.h\n'}
[8.649280] (px4_msgs) StdoutLine: {'line': b'-- Up-to-date: /home/em/ros_workspace_2025/nav_ws/install/px4_msgs/include/px4_msgs/px4_msgs/msg/detail/esc_status__rosidl_typesupport_fastrtps_c.h\n'}
[8.649303] (px4_msgs) StdoutLine: {'line': b'-- Up-to-date: /home/em/ros_workspace_2025/nav_ws/install/px4_msgs/include/px4_msgs/px4_msgs/msg/detail/irlock_report__rosidl_typesupport_fastrtps_c.h\n'}
[8.649325] (px4_msgs) StdoutLine: {'line': b'-- Up-to-date: /home/em/ros_workspace_2025/nav_ws/install/px4_msgs/include/px4_msgs/px4_msgs/msg/detail/dataman_request__rosidl_typesupport_fastrtps_c.h\n'}
[8.649347] (px4_msgs) StdoutLine: {'line': b'-- Up-to-date: /home/em/ros_workspace_2025/nav_ws/install/px4_msgs/include/px4_msgs/px4_msgs/msg/detail/yaw_estimator_status__rosidl_typesupport_fastrtps_c.h\n'}
[8.649370] (px4_msgs) StdoutLine: {'line': b'-- Up-to-date: /home/em/ros_workspace_2025/nav_ws/install/px4_msgs/include/px4_msgs/px4_msgs/msg/detail/vehicle_command_ack__rosidl_typesupport_fastrtps_c.h\n'}
[8.649393] (px4_msgs) StdoutLine: {'line': b'-- Up-to-date: /home/em/ros_workspace_2025/nav_ws/install/px4_msgs/include/px4_msgs/px4_msgs/msg/detail/actuator_controls_status__rosidl_typesupport_fastrtps_c.h\n'}
[8.649415] (px4_msgs) StdoutLine: {'line': b'-- Up-to-date: /home/em/ros_workspace_2025/nav_ws/install/px4_msgs/include/px4_msgs/px4_msgs/msg/detail/vehicle_local_position_setpoint__rosidl_typesupport_fastrtps_c.h\n'}
[8.649438] (px4_msgs) StdoutLine: {'line': b'-- Up-to-date: /home/em/ros_workspace_2025/nav_ws/install/px4_msgs/include/px4_msgs/px4_msgs/msg/detail/sensor_selection__rosidl_typesupport_fastrtps_c.h\n'}
[8.649461] (px4_msgs) StdoutLine: {'line': b'-- Up-to-date: /home/em/ros_workspace_2025/nav_ws/install/px4_msgs/include/px4_msgs/px4_msgs/msg/detail/event__rosidl_typesupport_fastrtps_c.h\n'}
[8.649484] (px4_msgs) StdoutLine: {'line': b'-- Up-to-date: /home/em/ros_workspace_2025/nav_ws/install/px4_msgs/include/px4_msgs/px4_msgs/msg/detail/wheel_encoders__rosidl_typesupport_fastrtps_c.h\n'}
[8.649507] (px4_msgs) StdoutLine: {'line': b'-- Up-to-date: /home/em/ros_workspace_2025/nav_ws/install/px4_msgs/include/px4_msgs/px4_msgs/msg/detail/vehicle_global_position__rosidl_typesupport_fastrtps_c.h\n'}
[8.649530] (px4_msgs) StdoutLine: {'line': b'-- Up-to-date: /home/em/ros_workspace_2025/nav_ws/install/px4_msgs/include/px4_msgs/px4_msgs/msg/detail/cellular_status__rosidl_typesupport_fastrtps_c.h\n'}
[8.649562] (px4_msgs) StdoutLine: {'line': b'-- Up-to-date: /home/em/ros_workspace_2025/nav_ws/install/px4_msgs/include/px4_msgs/px4_msgs/msg/detail/launch_detection_status__rosidl_typesupport_fastrtps_c.h\n'}
[8.649585] (px4_msgs) StdoutLine: {'line': b'-- Up-to-date: /home/em/ros_workspace_2025/nav_ws/install/px4_msgs/include/px4_msgs/px4_msgs/msg/detail/message_format_request__rosidl_typesupport_fastrtps_c.h\n'}
[8.649607] (px4_msgs) StdoutLine: {'line': b'-- Up-to-date: /home/em/ros_workspace_2025/nav_ws/install/px4_msgs/include/px4_msgs/px4_msgs/msg/detail/mavlink_tunnel__rosidl_typesupport_fastrtps_c.h\n'}
[8.649631] (px4_msgs) StdoutLine: {'line': b'-- Up-to-date: /home/em/ros_workspace_2025/nav_ws/install/px4_msgs/include/px4_msgs/px4_msgs/msg/detail/parameter_update__rosidl_typesupport_fastrtps_c.h\n'}
[8.649669] (px4_msgs) StdoutLine: {'line': b'-- Up-to-date: /home/em/ros_workspace_2025/nav_ws/install/px4_msgs/include/px4_msgs/px4_msgs/msg/detail/estimator_states__rosidl_typesupport_fastrtps_c.h\n'}
[8.649710] (px4_msgs) StdoutLine: {'line': b'-- Up-to-date: /home/em/ros_workspace_2025/nav_ws/install/px4_msgs/include/px4_msgs/px4_msgs/msg/detail/gpio_config__rosidl_typesupport_fastrtps_c.h\n'}
[8.649807] (px4_msgs) StdoutLine: {'line': b'-- Up-to-date: /home/em/ros_workspace_2025/nav_ws/install/px4_msgs/include/px4_msgs/px4_msgs/msg/detail/figure_eight_status__rosidl_typesupport_fastrtps_c.h\n'}
[8.649833] (px4_msgs) StdoutLine: {'line': b'-- Up-to-date: /home/em/ros_workspace_2025/nav_ws/install/px4_msgs/include/px4_msgs/px4_msgs/msg/detail/mode_completed__rosidl_typesupport_fastrtps_c.h\n'}
[8.649857] (px4_msgs) StdoutLine: {'line': b'-- Up-to-date: /home/em/ros_workspace_2025/nav_ws/install/px4_msgs/include/px4_msgs/px4_msgs/msg/detail/ulog_stream_ack__rosidl_typesupport_fastrtps_c.h\n'}
[8.649881] (px4_msgs) StdoutLine: {'line': b'-- Up-to-date: /home/em/ros_workspace_2025/nav_ws/install/px4_msgs/include/px4_msgs/px4_msgs/msg/detail/navigator_mission_item__rosidl_typesupport_fastrtps_c.h\n'}
[8.649907] (px4_msgs) StdoutLine: {'line': b'-- Up-to-date: /home/em/ros_workspace_2025/nav_ws/install/px4_msgs/include/px4_msgs/px4_msgs/msg/detail/orb_test_large__rosidl_typesupport_fastrtps_c.h\n'}
[8.649932] (px4_msgs) StdoutLine: {'line': b'-- Up-to-date: /home/em/ros_workspace_2025/nav_ws/install/px4_msgs/include/px4_msgs/px4_msgs/msg/detail/vehicle_optical_flow__rosidl_typesupport_fastrtps_c.h\n'}
[8.649957] (px4_msgs) StdoutLine: {'line': b'-- Up-to-date: /home/em/ros_workspace_2025/nav_ws/install/px4_msgs/include/px4_msgs/px4_msgs/msg/detail/iridiumsbd_status__rosidl_typesupport_fastrtps_c.h\n'}
[8.649980] (px4_msgs) StdoutLine: {'line': b'-- Up-to-date: /home/em/ros_workspace_2025/nav_ws/install/px4_msgs/include/px4_msgs/px4_msgs/msg/detail/sensor_airflow__rosidl_typesupport_fastrtps_c.h\n'}
[8.650002] (px4_msgs) StdoutLine: {'line': b'-- Up-to-date: /home/em/ros_workspace_2025/nav_ws/install/px4_msgs/include/px4_msgs/px4_msgs/msg/detail/vehicle_attitude_setpoint__rosidl_typesupport_fastrtps_c.h\n'}
[8.650106] (px4_msgs) StdoutLine: {'line': b'-- Up-to-date: /home/em/ros_workspace_2025/nav_ws/install/px4_msgs/include/px4_msgs/px4_msgs/msg/detail/debug_key_value__rosidl_typesupport_fastrtps_c.h\n'}
[8.650131] (px4_msgs) StdoutLine: {'line': b'-- Up-to-date: /home/em/ros_workspace_2025/nav_ws/install/px4_msgs/include/px4_msgs/px4_msgs/msg/detail/qshell_req__rosidl_typesupport_fastrtps_c.h\n'}
[8.650154] (px4_msgs) StdoutLine: {'line': b'-- Up-to-date: /home/em/ros_workspace_2025/nav_ws/install/px4_msgs/include/px4_msgs/px4_msgs/msg/detail/vehicle_rates_setpoint__rosidl_typesupport_fastrtps_c.h\n'}
[8.650177] (px4_msgs) StdoutLine: {'line': b'-- Up-to-date: /home/em/ros_workspace_2025/nav_ws/install/px4_msgs/include/px4_msgs/px4_msgs/msg/detail/orbit_status__rosidl_typesupport_fastrtps_c.h\n'}
[8.650206] (px4_msgs) StdoutLine: {'line': b'-- Up-to-date: /home/em/ros_workspace_2025/nav_ws/install/px4_msgs/include/px4_msgs/px4_msgs/msg/detail/generator_status__rosidl_typesupport_fastrtps_c.h\n'}
[8.650250] (px4_msgs) StdoutLine: {'line': b'-- Up-to-date: /home/em/ros_workspace_2025/nav_ws/install/px4_msgs/include/px4_msgs/px4_msgs/msg/detail/navigator_status__rosidl_typesupport_fastrtps_c.h\n'}
[8.650274] (px4_msgs) StdoutLine: {'line': b'-- Up-to-date: /home/em/ros_workspace_2025/nav_ws/install/px4_msgs/include/px4_msgs/px4_msgs/msg/detail/vehicle_torque_setpoint__rosidl_typesupport_fastrtps_c.h\n'}
[8.650296] (px4_msgs) StdoutLine: {'line': b'-- Up-to-date: /home/em/ros_workspace_2025/nav_ws/install/px4_msgs/include/px4_msgs/px4_msgs/msg/detail/rtl_time_estimate__rosidl_typesupport_fastrtps_c.h\n'}
[8.650319] (px4_msgs) StdoutLine: {'line': b'-- Up-to-date: /home/em/ros_workspace_2025/nav_ws/install/px4_msgs/include/px4_msgs/px4_msgs/msg/detail/vehicle_trajectory_bezier__rosidl_typesupport_fastrtps_c.h\n'}
[8.650341] (px4_msgs) StdoutLine: {'line': b'-- Up-to-date: /home/em/ros_workspace_2025/nav_ws/install/px4_msgs/include/px4_msgs/px4_msgs/msg/detail/mag_worker_data__rosidl_typesupport_fastrtps_c.h\n'}
[8.650364] (px4_msgs) StdoutLine: {'line': b'-- Up-to-date: /home/em/ros_workspace_2025/nav_ws/install/px4_msgs/include/px4_msgs/px4_msgs/msg/detail/estimator_aid_source1d__rosidl_typesupport_fastrtps_c.h\n'}
[8.650386] (px4_msgs) StdoutLine: {'line': b'-- Up-to-date: /home/em/ros_workspace_2025/nav_ws/install/px4_msgs/include/px4_msgs/px4_msgs/msg/detail/arming_check_request__rosidl_typesupport_fastrtps_c.h\n'}
[8.650408] (px4_msgs) StdoutLine: {'line': b'-- Up-to-date: /home/em/ros_workspace_2025/nav_ws/install/px4_msgs/include/px4_msgs/px4_msgs/msg/detail/mission__rosidl_typesupport_fastrtps_c.h\n'}
[8.650430] (px4_msgs) StdoutLine: {'line': b'-- Up-to-date: /home/em/ros_workspace_2025/nav_ws/install/px4_msgs/include/px4_msgs/px4_msgs/msg/detail/battery_status__rosidl_typesupport_fastrtps_c.h\n'}
[8.650452] (px4_msgs) StdoutLine: {'line': b'-- Up-to-date: /home/em/ros_workspace_2025/nav_ws/install/px4_msgs/include/px4_msgs/px4_msgs/msg/detail/vehicle_imu_status__rosidl_typesupport_fastrtps_c.h\n'}
[8.650474] (px4_msgs) StdoutLine: {'line': b'-- Up-to-date: /home/em/ros_workspace_2025/nav_ws/install/px4_msgs/include/px4_msgs/px4_msgs/msg/detail/gimbal_device_set_attitude__rosidl_typesupport_fastrtps_c.h\n'}
[8.650497] (px4_msgs) StdoutLine: {'line': b'-- Up-to-date: /home/em/ros_workspace_2025/nav_ws/install/px4_msgs/include/px4_msgs/px4_msgs/msg/detail/unregister_ext_component__rosidl_typesupport_fastrtps_c.h\n'}
[8.650521] (px4_msgs) StdoutLine: {'line': b'-- Up-to-date: /home/em/ros_workspace_2025/nav_ws/install/px4_msgs/include/px4_msgs/px4_msgs/msg/detail/gimbal_manager_status__rosidl_typesupport_fastrtps_c.h\n'}
[8.650543] (px4_msgs) StdoutLine: {'line': b'-- Up-to-date: /home/em/ros_workspace_2025/nav_ws/install/px4_msgs/include/px4_msgs/px4_msgs/msg/detail/gimbal_manager_set_manual_control__rosidl_typesupport_fastrtps_c.h\n'}
[8.650566] (px4_msgs) StdoutLine: {'line': b'-- Up-to-date: /home/em/ros_workspace_2025/nav_ws/install/px4_msgs/include/px4_msgs/px4_msgs/msg/detail/pwm_input__rosidl_typesupport_fastrtps_c.h\n'}
[8.650592] (px4_msgs) StdoutLine: {'line': b'-- Up-to-date: /home/em/ros_workspace_2025/nav_ws/install/px4_msgs/include/px4_msgs/px4_msgs/msg/detail/rc_parameter_map__rosidl_typesupport_fastrtps_c.h\n'}
[8.650615] (px4_msgs) StdoutLine: {'line': b'-- Up-to-date: /home/em/ros_workspace_2025/nav_ws/install/px4_msgs/include/px4_msgs/px4_msgs/msg/detail/mavlink_log__rosidl_typesupport_fastrtps_c.h\n'}
[8.650642] (px4_msgs) StdoutLine: {'line': b'-- Up-to-date: /home/em/ros_workspace_2025/nav_ws/install/px4_msgs/include/px4_msgs/px4_msgs/msg/detail/mission_result__rosidl_typesupport_fastrtps_c.h\n'}
[8.650666] (px4_msgs) StdoutLine: {'line': b'-- Up-to-date: /home/em/ros_workspace_2025/nav_ws/install/px4_msgs/include/px4_msgs/px4_msgs/msg/detail/vehicle_angular_acceleration_setpoint__rosidl_typesupport_fastrtps_c.h\n'}
[8.650691] (px4_msgs) StdoutLine: {'line': b'-- Up-to-date: /home/em/ros_workspace_2025/nav_ws/install/px4_msgs/include/px4_msgs/px4_msgs/msg/detail/sensor_baro__rosidl_typesupport_fastrtps_c.h\n'}
[8.650717] (px4_msgs) StdoutLine: {'line': b'-- Up-to-date: /home/em/ros_workspace_2025/nav_ws/install/px4_msgs/include/px4_msgs/px4_msgs/msg/detail/open_drone_id_self_id__rosidl_typesupport_fastrtps_c.h\n'}
[8.650741] (px4_msgs) StdoutLine: {'line': b'-- Up-to-date: /home/em/ros_workspace_2025/nav_ws/install/px4_msgs/include/px4_msgs/px4_msgs/msg/detail/flight_phase_estimation__rosidl_typesupport_fastrtps_c.h\n'}
[8.650766] (px4_msgs) StdoutLine: {'line': b'-- Up-to-date: /home/em/ros_workspace_2025/nav_ws/install/px4_msgs/include/px4_msgs/px4_msgs/msg/detail/sensor_uwb__rosidl_typesupport_fastrtps_c.h\n'}
[8.650790] (px4_msgs) StdoutLine: {'line': b'-- Up-to-date: /home/em/ros_workspace_2025/nav_ws/install/px4_msgs/include/px4_msgs/px4_msgs/msg/detail/wind__rosidl_typesupport_fastrtps_c.h\n'}
[8.650813] (px4_msgs) StdoutLine: {'line': b'-- Up-to-date: /home/em/ros_workspace_2025/nav_ws/install/px4_msgs/include/px4_msgs/px4_msgs/msg/detail/debug_value__rosidl_typesupport_fastrtps_c.h\n'}
[8.650835] (px4_msgs) StdoutLine: {'line': b'-- Up-to-date: /home/em/ros_workspace_2025/nav_ws/install/px4_msgs/include/px4_msgs/px4_msgs/msg/detail/timesync_status__rosidl_typesupport_fastrtps_c.h\n'}
[8.650859] (px4_msgs) StdoutLine: {'line': b'-- Up-to-date: /home/em/ros_workspace_2025/nav_ws/install/px4_msgs/include/px4_msgs/px4_msgs/msg/detail/parameter_set_used_request__rosidl_typesupport_fastrtps_c.h\n'}
[8.650882] (px4_msgs) StdoutLine: {'line': b'-- Up-to-date: /home/em/ros_workspace_2025/nav_ws/install/px4_msgs/include/px4_msgs/px4_msgs/msg/detail/control_allocator_status__rosidl_typesupport_fastrtps_c.h\n'}
[8.650942] (px4_msgs) StdoutLine: {'line': b'-- Up-to-date: /home/em/ros_workspace_2025/nav_ws/install/px4_msgs/include/px4_msgs/px4_msgs/msg/detail/task_stack_info__rosidl_typesupport_fastrtps_c.h\n'}
[8.651072] (px4_msgs) StdoutLine: {'line': b'-- Up-to-date: /home/em/ros_workspace_2025/nav_ws/install/px4_msgs/include/px4_msgs/px4_msgs/msg/detail/vehicle_roi__rosidl_typesupport_fastrtps_c.h\n'}
[8.651097] (px4_msgs) StdoutLine: {'line': b'-- Up-to-date: /home/em/ros_workspace_2025/nav_ws/install/px4_msgs/include/px4_msgs/px4_msgs/msg/detail/estimator_aid_source2d__rosidl_typesupport_fastrtps_c.h\n'}
[8.651210] (px4_msgs) StdoutLine: {'line': b'-- Up-to-date: /home/em/ros_workspace_2025/nav_ws/install/px4_msgs/include/px4_msgs/px4_msgs/msg/detail/log_message__rosidl_typesupport_fastrtps_c.h\n'}
[8.651263] (px4_msgs) StdoutLine: {'line': b'-- Up-to-date: /home/em/ros_workspace_2025/nav_ws/install/px4_msgs/include/px4_msgs/px4_msgs/msg/detail/estimator_aid_source3d__rosidl_typesupport_fastrtps_c.h\n'}
[8.651297] (px4_msgs) StdoutLine: {'line': b'-- Up-to-date: /home/em/ros_workspace_2025/nav_ws/install/px4_msgs/include/px4_msgs/px4_msgs/msg/detail/sensor_combined__rosidl_typesupport_fastrtps_c.h\n'}
[8.651323] (px4_msgs) StdoutLine: {'line': b'-- Up-to-date: /home/em/ros_workspace_2025/nav_ws/install/px4_msgs/include/px4_msgs/px4_msgs/msg/detail/follow_target__rosidl_typesupport_fastrtps_c.h\n'}
[8.651352] (px4_msgs) StdoutLine: {'line': b'-- Up-to-date: /home/em/ros_workspace_2025/nav_ws/install/px4_msgs/include/px4_msgs/px4_msgs/msg/detail/vehicle_imu__rosidl_typesupport_fastrtps_c.h\n'}
[8.651410] (px4_msgs) StdoutLine: {'line': b'-- Up-to-date: /home/em/ros_workspace_2025/nav_ws/install/px4_msgs/include/px4_msgs/px4_msgs/msg/detail/orb_test_medium__rosidl_typesupport_fastrtps_c.h\n'}
[8.651471] (px4_msgs) StdoutLine: {'line': b'-- Up-to-date: /home/em/ros_workspace_2025/nav_ws/install/px4_msgs/include/px4_msgs/px4_msgs/msg/detail/sensor_mag__rosidl_typesupport_fastrtps_c.h\n'}
[8.651497] (px4_msgs) StdoutLine: {'line': b'-- Up-to-date: /home/em/ros_workspace_2025/nav_ws/install/px4_msgs/include/px4_msgs/px4_msgs/msg/detail/landing_gear_wheel__rosidl_typesupport_fastrtps_c.h\n'}
[8.651521] (px4_msgs) StdoutLine: {'line': b'-- Up-to-date: /home/em/ros_workspace_2025/nav_ws/install/px4_msgs/include/px4_msgs/px4_msgs/msg/detail/satellite_info__rosidl_typesupport_fastrtps_c.h\n'}
[8.651562] (px4_msgs) StdoutLine: {'line': b'-- Up-to-date: /home/em/ros_workspace_2025/nav_ws/install/px4_msgs/include/px4_msgs/px4_msgs/msg/detail/airspeed__rosidl_typesupport_fastrtps_c.h\n'}
[8.651591] (px4_msgs) StdoutLine: {'line': b'-- Up-to-date: /home/em/ros_workspace_2025/nav_ws/install/px4_msgs/include/px4_msgs/px4_msgs/msg/detail/parameter_set_value_response__rosidl_typesupport_fastrtps_c.h\n'}
[8.651614] (px4_msgs) StdoutLine: {'line': b'-- Up-to-date: /home/em/ros_workspace_2025/nav_ws/install/px4_msgs/include/px4_msgs/px4_msgs/msg/detail/rover_differential_status__rosidl_typesupport_fastrtps_c.h\n'}
[8.651637] (px4_msgs) StdoutLine: {'line': b'-- Up-to-date: /home/em/ros_workspace_2025/nav_ws/install/px4_msgs/include/px4_msgs/px4_msgs/msg/detail/estimator_status_flags__rosidl_typesupport_fastrtps_c.h\n'}
[8.651675] (px4_msgs) StdoutLine: {'line': b'-- Up-to-date: /home/em/ros_workspace_2025/nav_ws/install/px4_msgs/include/px4_msgs/px4_msgs/msg/detail/manual_control_setpoint__rosidl_typesupport_fastrtps_c.h\n'}
[8.651699] (px4_msgs) StdoutLine: {'line': b'-- Up-to-date: /home/em/ros_workspace_2025/nav_ws/install/px4_msgs/include/px4_msgs/px4_msgs/msg/detail/collision_report__rosidl_typesupport_fastrtps_c.h\n'}
[8.651722] (px4_msgs) StdoutLine: {'line': b'-- Up-to-date: /home/em/ros_workspace_2025/nav_ws/install/px4_msgs/include/px4_msgs/px4_msgs/msg/detail/ping__rosidl_typesupport_fastrtps_c.h\n'}
[8.651744] (px4_msgs) StdoutLine: {'line': b'-- Up-to-date: /home/em/ros_workspace_2025/nav_ws/install/px4_msgs/include/px4_msgs/px4_msgs/msg/detail/hover_thrust_estimate__rosidl_typesupport_fastrtps_c.h\n'}
[8.651769] (px4_msgs) StdoutLine: {'line': b'-- Up-to-date: /home/em/ros_workspace_2025/nav_ws/install/px4_msgs/include/px4_msgs/px4_msgs/msg/detail/logger_status__rosidl_typesupport_fastrtps_c.h\n'}
[8.651791] (px4_msgs) StdoutLine: {'line': b'-- Up-to-date: /home/em/ros_workspace_2025/nav_ws/install/px4_msgs/include/px4_msgs/px4_msgs/msg/detail/px4io_status__rosidl_typesupport_fastrtps_c.h\n'}
[8.651812] (px4_msgs) StdoutLine: {'line': b'-- Up-to-date: /home/em/ros_workspace_2025/nav_ws/install/px4_msgs/include/px4_msgs/px4_msgs/msg/detail/pps_capture__rosidl_typesupport_fastrtps_c.h\n'}
[8.651834] (px4_msgs) StdoutLine: {'line': b'-- Up-to-date: /home/em/ros_workspace_2025/nav_ws/install/px4_msgs/include/px4_msgs/px4_msgs/msg/detail/vehicle_land_detected__rosidl_typesupport_fastrtps_c.h\n'}
[8.651855] (px4_msgs) StdoutLine: {'line': b'-- Up-to-date: /home/em/ros_workspace_2025/nav_ws/install/px4_msgs/include/px4_msgs/px4_msgs/msg/detail/vehicle_constraints__rosidl_typesupport_fastrtps_c.h\n'}
[8.651884] (px4_msgs) StdoutLine: {'line': b'-- Up-to-date: /home/em/ros_workspace_2025/nav_ws/install/px4_msgs/include/px4_msgs/px4_msgs/msg/detail/gimbal_manager_set_attitude__rosidl_typesupport_fastrtps_c.h\n'}
[8.651909] (px4_msgs) StdoutLine: {'line': b'-- Up-to-date: /home/em/ros_workspace_2025/nav_ws/install/px4_msgs/include/px4_msgs/px4_msgs/msg/detail/position_setpoint_triplet__rosidl_typesupport_fastrtps_c.h\n'}
[8.651931] (px4_msgs) StdoutLine: {'line': b'-- Up-to-date: /home/em/ros_workspace_2025/nav_ws/install/px4_msgs/include/px4_msgs/px4_msgs/msg/detail/sensors_status_imu__rosidl_typesupport_fastrtps_c.h\n'}
[8.651954] (px4_msgs) StdoutLine: {'line': b'-- Up-to-date: /home/em/ros_workspace_2025/nav_ws/install/px4_msgs/include/px4_msgs/px4_msgs/msg/detail/landing_gear__rosidl_typesupport_fastrtps_c.h\n'}
[8.651976] (px4_msgs) StdoutLine: {'line': b'-- Up-to-date: /home/em/ros_workspace_2025/nav_ws/install/px4_msgs/include/px4_msgs/px4_msgs/msg/detail/action_request__rosidl_typesupport_fastrtps_c.h\n'}
[8.651998] (px4_msgs) StdoutLine: {'line': b'-- Up-to-date: /home/em/ros_workspace_2025/nav_ws/install/px4_msgs/include/px4_msgs/px4_msgs/msg/detail/rc_channels__rosidl_typesupport_fastrtps_c.h\n'}
[8.652020] (px4_msgs) StdoutLine: {'line': b'-- Up-to-date: /home/em/ros_workspace_2025/nav_ws/install/px4_msgs/include/px4_msgs/px4_msgs/msg/detail/actuator_armed__rosidl_typesupport_fastrtps_c.h\n'}
[8.652057] (px4_msgs) StdoutLine: {'line': b'-- Up-to-date: /home/em/ros_workspace_2025/nav_ws/install/px4_msgs/include/px4_msgs/px4_msgs/msg/detail/sensor_accel_fifo__rosidl_typesupport_fastrtps_c.h\n'}
[8.652079] (px4_msgs) StdoutLine: {'line': b'-- Up-to-date: /home/em/ros_workspace_2025/nav_ws/install/px4_msgs/include/px4_msgs/px4_msgs/msg/detail/vehicle_acceleration__rosidl_typesupport_fastrtps_c.h\n'}
[8.652104] (px4_msgs) StdoutLine: {'line': b'-- Up-to-date: /home/em/ros_workspace_2025/nav_ws/install/px4_msgs/include/px4_msgs/px4_msgs/msg/detail/power_button_state__rosidl_typesupport_fastrtps_c.h\n'}
[8.652127] (px4_msgs) StdoutLine: {'line': b'-- Up-to-date: /home/em/ros_workspace_2025/nav_ws/install/px4_msgs/include/px4_msgs/px4_msgs/msg/detail/fuel_tank_status__rosidl_typesupport_fastrtps_c.h\n'}
[8.652149] (px4_msgs) StdoutLine: {'line': b'-- Up-to-date: /home/em/ros_workspace_2025/nav_ws/install/px4_msgs/include/px4_msgs/px4_msgs/msg/detail/estimator_bias3d__rosidl_typesupport_fastrtps_c.h\n'}
[8.652185] (px4_msgs) StdoutLine: {'line': b'-- Up-to-date: /home/em/ros_workspace_2025/nav_ws/install/px4_msgs/include/px4_msgs/px4_msgs/msg/detail/gimbal_controls__rosidl_typesupport_fastrtps_c.h\n'}
[8.652230] (px4_msgs) StdoutLine: {'line': b'-- Up-to-date: /home/em/ros_workspace_2025/nav_ws/install/px4_msgs/include/px4_msgs/px4_msgs/msg/detail/orb_test__rosidl_typesupport_fastrtps_c.h\n'}
[8.652254] (px4_msgs) StdoutLine: {'line': b'-- Up-to-date: /home/em/ros_workspace_2025/nav_ws/install/px4_msgs/include/px4_msgs/px4_msgs/msg/detail/debug_array__rosidl_typesupport_fastrtps_c.h\n'}
[8.652277] (px4_msgs) StdoutLine: {'line': b'-- Up-to-date: /home/em/ros_workspace_2025/nav_ws/install/px4_msgs/include/px4_msgs/px4_msgs/msg/detail/sensor_optical_flow__rosidl_typesupport_fastrtps_c.h\n'}
[8.652312] (px4_msgs) StdoutLine: {'line': b'-- Up-to-date: /home/em/ros_workspace_2025/nav_ws/install/px4_msgs/include/px4_msgs/px4_msgs/msg/detail/cpuload__rosidl_typesupport_fastrtps_c.h\n'}
[8.652345] (px4_msgs) StdoutLine: {'line': b'-- Up-to-date: /home/em/ros_workspace_2025/nav_ws/install/px4_msgs/include/px4_msgs/px4_msgs/msg/detail/telemetry_status__rosidl_typesupport_fastrtps_c.h\n'}
[8.652370] (px4_msgs) StdoutLine: {'line': b'-- Up-to-date: /home/em/ros_workspace_2025/nav_ws/install/px4_msgs/include/px4_msgs/px4_msgs/msg/detail/open_drone_id_arm_status__rosidl_typesupport_fastrtps_c.h\n'}
[8.652394] (px4_msgs) StdoutLine: {'line': b'-- Up-to-date: /home/em/ros_workspace_2025/nav_ws/install/px4_msgs/include/px4_msgs/px4_msgs/msg/detail/sensor_gyro_fifo__rosidl_typesupport_fastrtps_c.h\n'}
[8.652417] (px4_msgs) StdoutLine: {'line': b'-- Up-to-date: /home/em/ros_workspace_2025/nav_ws/install/px4_msgs/include/px4_msgs/px4_msgs/msg/detail/vehicle_command__rosidl_typesupport_fastrtps_c.h\n'}
[8.652439] (px4_msgs) StdoutLine: {'line': b'-- Up-to-date: /home/em/ros_workspace_2025/nav_ws/install/px4_msgs/include/px4_msgs/px4_msgs/msg/detail/normalized_unsigned_setpoint__rosidl_typesupport_fastrtps_c.h\n'}
[8.652462] (px4_msgs) StdoutLine: {'line': b'-- Up-to-date: /home/em/ros_workspace_2025/nav_ws/install/px4_msgs/include/px4_msgs/px4_msgs/msg/detail/rover_ackermann_status__rosidl_typesupport_fastrtps_c.h\n'}
[8.652484] (px4_msgs) StdoutLine: {'line': b'-- Up-to-date: /home/em/ros_workspace_2025/nav_ws/install/px4_msgs/include/px4_msgs/px4_msgs/msg/detail/can_interface_status__rosidl_typesupport_fastrtps_c.h\n'}
[8.652507] (px4_msgs) StdoutLine: {'line': b'-- Up-to-date: /home/em/ros_workspace_2025/nav_ws/install/px4_msgs/include/px4_msgs/px4_msgs/msg/detail/estimator_innovations__rosidl_typesupport_fastrtps_c.h\n'}
[8.652529] (px4_msgs) StdoutLine: {'line': b'-- Up-to-date: /home/em/ros_workspace_2025/nav_ws/install/px4_msgs/include/px4_msgs/px4_msgs/msg/detail/qshell_retval__rosidl_typesupport_fastrtps_c.h\n'}
[8.652552] (px4_msgs) StdoutLine: {'line': b'-- Up-to-date: /home/em/ros_workspace_2025/nav_ws/install/px4_msgs/include/px4_msgs/px4_msgs/msg/detail/ekf2_timestamps__rosidl_typesupport_fastrtps_c.h\n'}
[8.652582] (px4_msgs) StdoutLine: {'line': b'-- Up-to-date: /home/em/ros_workspace_2025/nav_ws/install/px4_msgs/include/px4_msgs/px4_msgs/msg/detail/gpio_in__rosidl_typesupport_fastrtps_c.h\n'}
[8.652604] (px4_msgs) StdoutLine: {'line': b'-- Up-to-date: /home/em/ros_workspace_2025/nav_ws/install/px4_msgs/include/px4_msgs/px4_msgs/msg/detail/mount_orientation__rosidl_typesupport_fastrtps_c.h\n'}
[8.652627] (px4_msgs) StdoutLine: {'line': b'-- Up-to-date: /home/em/ros_workspace_2025/nav_ws/install/px4_msgs/include/px4_msgs/px4_msgs/msg/detail/failure_detector_status__rosidl_typesupport_fastrtps_c.h\n'}
[8.652650] (px4_msgs) StdoutLine: {'line': b'-- Up-to-date: /home/em/ros_workspace_2025/nav_ws/install/px4_msgs/include/px4_msgs/px4_msgs/msg/detail/vehicle_odometry__rosidl_typesupport_fastrtps_c.h\n'}
[8.652672] (px4_msgs) StdoutLine: {'line': b'-- Up-to-date: /home/em/ros_workspace_2025/nav_ws/install/px4_msgs/include/px4_msgs/px4_msgs/msg/detail/power_monitor__rosidl_typesupport_fastrtps_c.h\n'}
[8.652723] (px4_msgs) StdoutLine: {'line': b'-- Up-to-date: /home/em/ros_workspace_2025/nav_ws/install/px4_msgs/include/px4_msgs/px4_msgs/msg/detail/trajectory_setpoint__rosidl_typesupport_fastrtps_c.h\n'}
[8.652746] (px4_msgs) StdoutLine: {'line': b'-- Up-to-date: /home/em/ros_workspace_2025/nav_ws/install/px4_msgs/include/px4_msgs/px4_msgs/msg/detail/gripper__rosidl_typesupport_fastrtps_c.h\n'}
[8.652768] (px4_msgs) StdoutLine: {'line': b'-- Up-to-date: /home/em/ros_workspace_2025/nav_ws/install/px4_msgs/include/px4_msgs/px4_msgs/msg/detail/sensor_gyro_fft__rosidl_typesupport_fastrtps_c.h\n'}
[8.652790] (px4_msgs) StdoutLine: {'line': b'-- Up-to-date: /home/em/ros_workspace_2025/nav_ws/install/px4_msgs/include/px4_msgs/px4_msgs/msg/detail/rover_mecanum_setpoint__rosidl_typesupport_fastrtps_c.h\n'}
[8.652812] (px4_msgs) StdoutLine: {'line': b'-- Up-to-date: /home/em/ros_workspace_2025/nav_ws/install/px4_msgs/include/px4_msgs/px4_msgs/msg/detail/vehicle_magnetometer__rosidl_typesupport_fastrtps_c.h\n'}
[8.652848] (px4_msgs) StdoutLine: {'line': b'-- Up-to-date: /home/em/ros_workspace_2025/nav_ws/install/px4_msgs/include/px4_msgs/px4_msgs/msg/detail/airspeed_validated__rosidl_typesupport_fastrtps_c.h\n'}
[8.652871] (px4_msgs) StdoutLine: {'line': b'-- Up-to-date: /home/em/ros_workspace_2025/nav_ws/install/px4_msgs/include/px4_msgs/px4_msgs/msg/detail/rover_mecanum_guidance_status__rosidl_typesupport_fastrtps_c.h\n'}
[8.652894] (px4_msgs) StdoutLine: {'line': b'-- Up-to-date: /home/em/ros_workspace_2025/nav_ws/install/px4_msgs/include/px4_msgs/px4_msgs/msg/detail/register_ext_component_reply__rosidl_typesupport_fastrtps_c.h\n'}
[8.652916] (px4_msgs) StdoutLine: {'line': b'-- Up-to-date: /home/em/ros_workspace_2025/nav_ws/install/px4_msgs/include/px4_msgs/px4_msgs/msg/detail/internal_combustion_engine_status__rosidl_typesupport_fastrtps_c.h\n'}
[8.652939] (px4_msgs) StdoutLine: {'line': b'-- Up-to-date: /home/em/ros_workspace_2025/nav_ws/install/px4_msgs/include/px4_msgs/px4_msgs/msg/detail/dataman_response__rosidl_typesupport_fastrtps_c.h\n'}
[8.652962] (px4_msgs) StdoutLine: {'line': b'-- Up-to-date: /home/em/ros_workspace_2025/nav_ws/install/px4_msgs/include/px4_msgs/px4_msgs/msg/detail/gpio_out__rosidl_typesupport_fastrtps_c.h\n'}
[8.653001] (px4_msgs) StdoutLine: {'line': b'-- Up-to-date: /home/em/ros_workspace_2025/nav_ws/install/px4_msgs/include/px4_msgs/px4_msgs/msg/detail/button_event__rosidl_typesupport_fastrtps_c.h\n'}
[8.653031] (px4_msgs) StdoutLine: {'line': b'-- Up-to-date: /home/em/ros_workspace_2025/nav_ws/install/px4_msgs/include/px4_msgs/px4_msgs/msg/detail/rover_differential_guidance_status__rosidl_typesupport_fastrtps_c.h\n'}
[8.653054] (px4_msgs) StdoutLine: {'line': b'-- Up-to-date: /home/em/ros_workspace_2025/nav_ws/install/px4_msgs/include/px4_msgs/px4_msgs/msg/detail/sensor_gps__rosidl_typesupport_fastrtps_c.h\n'}
[8.653078] (px4_msgs) StdoutLine: {'line': b'-- Up-to-date: /home/em/ros_workspace_2025/nav_ws/install/px4_msgs/include/px4_msgs/px4_msgs/msg/detail/transponder_report__rosidl_typesupport_fastrtps_c.h\n'}
[8.653119] (px4_msgs) StdoutLine: {'line': b'-- Up-to-date: /home/em/ros_workspace_2025/nav_ws/install/px4_msgs/include/px4_msgs/px4_msgs/msg/detail/estimator_bias__rosidl_typesupport_fastrtps_c.h\n'}
[8.653153] (px4_msgs) StdoutLine: {'line': b'-- Up-to-date: /home/em/ros_workspace_2025/nav_ws/install/px4_msgs/include/px4_msgs/px4_msgs/msg/detail/sensor_gnss_relative__rosidl_typesupport_fastrtps_c.h\n'}
[8.653177] (px4_msgs) StdoutLine: {'line': b'-- Up-to-date: /home/em/ros_workspace_2025/nav_ws/install/px4_msgs/include/px4_msgs/px4_msgs/msg/detail/trajectory_bezier__rosidl_typesupport_fastrtps_c.h\n'}
[8.653206] (px4_msgs) StdoutLine: {'line': b'-- Up-to-date: /home/em/ros_workspace_2025/nav_ws/install/px4_msgs/include/px4_msgs/px4_msgs/msg/detail/heater_status__rosidl_typesupport_fastrtps_c.h\n'}
[8.653231] (px4_msgs) StdoutLine: {'line': b'-- Up-to-date: /home/em/ros_workspace_2025/nav_ws/install/px4_msgs/include/px4_msgs/px4_msgs/msg/detail/system_power__rosidl_typesupport_fastrtps_c.h\n'}
[8.653255] (px4_msgs) StdoutLine: {'line': b'-- Up-to-date: /home/em/ros_workspace_2025/nav_ws/install/px4_msgs/include/px4_msgs/px4_msgs/msg/detail/magnetometer_bias_estimate__rosidl_typesupport_fastrtps_c.h\n'}
[8.653277] (px4_msgs) StdoutLine: {'line': b'-- Up-to-date: /home/em/ros_workspace_2025/nav_ws/install/px4_msgs/include/px4_msgs/px4_msgs/msg/detail/gimbal_manager_information__rosidl_typesupport_fastrtps_c.h\n'}
[8.653300] (px4_msgs) StdoutLine: {'line': b'-- Up-to-date: /home/em/ros_workspace_2025/nav_ws/install/px4_msgs/include/px4_msgs/px4_msgs/msg/detail/rpm__rosidl_typesupport_fastrtps_c.h\n'}
[8.653323] (px4_msgs) StdoutLine: {'line': b'-- Up-to-date: /home/em/ros_workspace_2025/nav_ws/install/px4_msgs/include/px4_msgs/px4_msgs/msg/detail/estimator_sensor_bias__rosidl_typesupport_fastrtps_c.h\n'}
[8.653346] (px4_msgs) StdoutLine: {'line': b'-- Up-to-date: /home/em/ros_workspace_2025/nav_ws/install/px4_msgs/include/px4_msgs/px4_msgs/msg/detail/geofence_status__rosidl_typesupport_fastrtps_c.h\n'}
[8.653368] (px4_msgs) StdoutLine: {'line': b'-- Up-to-date: /home/em/ros_workspace_2025/nav_ws/install/px4_msgs/include/px4_msgs/px4_msgs/msg/detail/sensor_correction__rosidl_typesupport_fastrtps_c.h\n'}
[8.653390] (px4_msgs) StdoutLine: {'line': b'-- Up-to-date: /home/em/ros_workspace_2025/nav_ws/install/px4_msgs/include/px4_msgs/px4_msgs/msg/detail/uavcan_parameter_request__rosidl_typesupport_fastrtps_c.h\n'}
[8.653412] (px4_msgs) StdoutLine: {'line': b'-- Up-to-date: /home/em/ros_workspace_2025/nav_ws/install/px4_msgs/include/px4_msgs/px4_msgs/msg/detail/distance_sensor__rosidl_typesupport_fastrtps_c.h\n'}
[8.653434] (px4_msgs) StdoutLine: {'line': b'-- Up-to-date: /home/em/ros_workspace_2025/nav_ws/install/px4_msgs/include/px4_msgs/px4_msgs/msg/detail/sensor_preflight_mag__rosidl_typesupport_fastrtps_c.h\n'}
[8.653464] (px4_msgs) StdoutLine: {'line': b'-- Up-to-date: /home/em/ros_workspace_2025/nav_ws/install/px4_msgs/include/px4_msgs/px4_msgs/msg/detail/camera_capture__rosidl_typesupport_fastrtps_c.h\n'}
[8.653487] (px4_msgs) StdoutLine: {'line': b'-- Up-to-date: /home/em/ros_workspace_2025/nav_ws/install/px4_msgs/include/px4_msgs/px4_msgs/msg/detail/trajectory_waypoint__rosidl_typesupport_fastrtps_c.h\n'}
[8.653512] (px4_msgs) StdoutLine: {'line': b'-- Up-to-date: /home/em/ros_workspace_2025/nav_ws/install/px4_msgs/include/px4_msgs/px4_msgs/msg/detail/offboard_control_mode__rosidl_typesupport_fastrtps_c.h\n'}
[8.653558] (px4_msgs) StdoutLine: {'line': b'-- Up-to-date: /home/em/ros_workspace_2025/nav_ws/install/px4_msgs/include/px4_msgs/px4_msgs/msg/detail/camera_status__rosidl_typesupport_fastrtps_c.h\n'}
[8.653579] (px4_msgs) StdoutLine: {'line': b'-- Up-to-date: /home/em/ros_workspace_2025/nav_ws/install/px4_msgs/include/px4_msgs/px4_msgs/msg/detail/estimator_event_flags__rosidl_typesupport_fastrtps_c.h\n'}
[8.653601] (px4_msgs) StdoutLine: {'line': b'-- Up-to-date: /home/em/ros_workspace_2025/nav_ws/install/px4_msgs/include/px4_msgs/px4_msgs/msg/detail/estimator_status__rosidl_typesupport_fastrtps_c.h\n'}
[8.653631] (px4_msgs) StdoutLine: {'line': b'-- Up-to-date: /home/em/ros_workspace_2025/nav_ws/install/px4_msgs/include/px4_msgs/px4_msgs/msg/detail/open_drone_id_system__rosidl_typesupport_fastrtps_c.h\n'}
[8.653666] (px4_msgs) StdoutLine: {'line': b'-- Up-to-date: /home/em/ros_workspace_2025/nav_ws/install/px4_msgs/include/px4_msgs/px4_msgs/msg/detail/obstacle_distance__rosidl_typesupport_fastrtps_c.h\n'}
[8.653711] (px4_msgs) StdoutLine: {'line': b'-- Up-to-date: /home/em/ros_workspace_2025/nav_ws/install/px4_msgs/include/px4_msgs/px4_msgs/msg/detail/radio_status__rosidl_typesupport_fastrtps_c.h\n'}
[8.653781] (px4_msgs) StdoutLine: {'line': b'-- Up-to-date: /home/em/ros_workspace_2025/nav_ws/install/px4_msgs/include/px4_msgs/px4_msgs/msg/detail/collision_constraints__rosidl_typesupport_fastrtps_c.h\n'}
[8.653808] (px4_msgs) StdoutLine: {'line': b'-- Up-to-date: /home/em/ros_workspace_2025/nav_ws/install/px4_msgs/include/px4_msgs/px4_msgs/msg/detail/ulog_stream__rosidl_typesupport_fastrtps_c.h\n'}
[8.653832] (px4_msgs) StdoutLine: {'line': b'-- Up-to-date: /home/em/ros_workspace_2025/nav_ws/install/px4_msgs/include/px4_msgs/px4_msgs/msg/detail/actuator_servos_trim__rosidl_typesupport_fastrtps_c.h\n'}
[8.653854] (px4_msgs) StdoutLine: {'line': b'-- Up-to-date: /home/em/ros_workspace_2025/nav_ws/install/px4_msgs/include/px4_msgs/px4_msgs/msg/detail/autotune_attitude_control_status__rosidl_typesupport_fastrtps_c.h\n'}
[8.653878] (px4_msgs) StdoutLine: {'line': b'-- Up-to-date: /home/em/ros_workspace_2025/nav_ws/install/px4_msgs/include/px4_msgs/px4_msgs/msg/detail/differential_pressure__rosidl_typesupport_fastrtps_c.h\n'}
[8.653901] (px4_msgs) StdoutLine: {'line': b'-- Up-to-date: /home/em/ros_workspace_2025/nav_ws/install/px4_msgs/include/px4_msgs/px4_msgs/msg/detail/vehicle_air_data__rosidl_typesupport_fastrtps_c.h\n'}
[8.653924] (px4_msgs) StdoutLine: {'line': b'-- Up-to-date: /home/em/ros_workspace_2025/nav_ws/install/px4_msgs/include/px4_msgs/px4_msgs/msg/detail/arming_check_reply__rosidl_typesupport_fastrtps_c.h\n'}
[8.653948] (px4_msgs) StdoutLine: {'line': b'-- Up-to-date: /home/em/ros_workspace_2025/nav_ws/install/px4_msgs/include/px4_msgs/px4_msgs/msg/detail/rover_ackermann_guidance_status__rosidl_typesupport_fastrtps_c.h\n'}
[8.653970] (px4_msgs) StdoutLine: {'line': b'-- Up-to-date: /home/em/ros_workspace_2025/nav_ws/install/px4_msgs/include/px4_msgs/px4_msgs/msg/detail/rover_differential_setpoint__rosidl_typesupport_fastrtps_c.h\n'}
[8.653993] (px4_msgs) StdoutLine: {'line': b'-- Up-to-date: /home/em/ros_workspace_2025/nav_ws/install/px4_msgs/include/px4_msgs/px4_msgs/msg/detail/distance_sensor_mode_change_request__rosidl_typesupport_fastrtps_c.h\n'}
[8.654025] (px4_msgs) StdoutLine: {'line': b'-- Up-to-date: /home/em/ros_workspace_2025/nav_ws/install/px4_msgs/include/px4_msgs/px4_msgs/msg/detail/airspeed_wind__rosidl_typesupport_fastrtps_c.h\n'}
[8.654048] (px4_msgs) StdoutLine: {'line': b'-- Up-to-date: /home/em/ros_workspace_2025/nav_ws/install/px4_msgs/include/px4_msgs/px4_msgs/msg/detail/uavcan_parameter_value__rosidl_typesupport_fastrtps_c.h\n'}
[8.654071] (px4_msgs) StdoutLine: {'line': b'-- Up-to-date: /home/em/ros_workspace_2025/nav_ws/install/px4_msgs/include/px4_msgs/px4_msgs/msg/detail/actuator_servos__rosidl_typesupport_fastrtps_c.h\n'}
[8.654096] (px4_msgs) StdoutLine: {'line': b'-- Up-to-date: /home/em/ros_workspace_2025/nav_ws/install/px4_msgs/include/px4_msgs/px4_msgs/msg/detail/takeoff_status__rosidl_typesupport_fastrtps_c.h\n'}
[8.654117] (px4_msgs) StdoutLine: {'line': b'-- Up-to-date: /home/em/ros_workspace_2025/nav_ws/install/px4_msgs/include/px4_msgs/px4_msgs/msg/detail/parameter_set_value_request__rosidl_typesupport_fastrtps_c.h\n'}
[8.654139] (px4_msgs) StdoutLine: {'line': b'-- Up-to-date: /home/em/ros_workspace_2025/nav_ws/install/px4_msgs/lib/libpx4_msgs__rosidl_typesupport_fastrtps_c.so\n'}
[8.654177] (px4_msgs) StdoutLine: {'line': b'-- Up-to-date: /home/em/ros_workspace_2025/nav_ws/install/px4_msgs/include/px4_msgs/px4_msgs\n'}
[8.654221] (px4_msgs) StdoutLine: {'line': b'-- Up-to-date: /home/em/ros_workspace_2025/nav_ws/install/px4_msgs/include/px4_msgs/px4_msgs/srv\n'}
[8.654249] (px4_msgs) StdoutLine: {'line': b'-- Up-to-date: /home/em/ros_workspace_2025/nav_ws/install/px4_msgs/include/px4_msgs/px4_msgs/srv/vehicle_command.hpp\n'}
[8.654276] (px4_msgs) StdoutLine: {'line': b'-- Up-to-date: /home/em/ros_workspace_2025/nav_ws/install/px4_msgs/include/px4_msgs/px4_msgs/srv/detail\n'}
[8.654301] (px4_msgs) StdoutLine: {'line': b'-- Up-to-date: /home/em/ros_workspace_2025/nav_ws/install/px4_msgs/include/px4_msgs/px4_msgs/srv/detail/vehicle_command__traits.hpp\n'}
[8.654325] (px4_msgs) StdoutLine: {'line': b'-- Up-to-date: /home/em/ros_workspace_2025/nav_ws/install/px4_msgs/include/px4_msgs/px4_msgs/srv/detail/vehicle_command__builder.hpp\n'}
[8.654349] (px4_msgs) StdoutLine: {'line': b'-- Up-to-date: /home/em/ros_workspace_2025/nav_ws/install/px4_msgs/include/px4_msgs/px4_msgs/srv/detail/vehicle_command__struct.hpp\n'}
[8.654372] (px4_msgs) StdoutLine: {'line': b'-- Up-to-date: /home/em/ros_workspace_2025/nav_ws/install/px4_msgs/include/px4_msgs/px4_msgs/msg\n'}
[8.654395] (px4_msgs) StdoutLine: {'line': b'-- Up-to-date: /home/em/ros_workspace_2025/nav_ws/install/px4_msgs/include/px4_msgs/px4_msgs/msg/tecs_status.hpp\n'}
[8.654419] (px4_msgs) StdoutLine: {'line': b'-- Up-to-date: /home/em/ros_workspace_2025/nav_ws/install/px4_msgs/include/px4_msgs/px4_msgs/msg/parameter_set_value_response.hpp\n'}
[8.654451] (px4_msgs) StdoutLine: {'line': b'-- Up-to-date: /home/em/ros_workspace_2025/nav_ws/install/px4_msgs/include/px4_msgs/px4_msgs/msg/event.hpp\n'}
[8.654475] (px4_msgs) StdoutLine: {'line': b'-- Up-to-date: /home/em/ros_workspace_2025/nav_ws/install/px4_msgs/include/px4_msgs/px4_msgs/msg/vehicle_thrust_setpoint.hpp\n'}
[8.654498] (px4_msgs) StdoutLine: {'line': b'-- Up-to-date: /home/em/ros_workspace_2025/nav_ws/install/px4_msgs/include/px4_msgs/px4_msgs/msg/vehicle_trajectory_waypoint.hpp\n'}
[8.654548] (px4_msgs) StdoutLine: {'line': b'-- Up-to-date: /home/em/ros_workspace_2025/nav_ws/install/px4_msgs/include/px4_msgs/px4_msgs/msg/estimator_innovations.hpp\n'}
[8.654572] (px4_msgs) StdoutLine: {'line': b'-- Up-to-date: /home/em/ros_workspace_2025/nav_ws/install/px4_msgs/include/px4_msgs/px4_msgs/msg/estimator_bias3d.hpp\n'}
[8.654595] (px4_msgs) StdoutLine: {'line': b'-- Up-to-date: /home/em/ros_workspace_2025/nav_ws/install/px4_msgs/include/px4_msgs/px4_msgs/msg/gps_dump.hpp\n'}
[8.654618] (px4_msgs) StdoutLine: {'line': b'-- Up-to-date: /home/em/ros_workspace_2025/nav_ws/install/px4_msgs/include/px4_msgs/px4_msgs/msg/distance_sensor.hpp\n'}
[8.654640] (px4_msgs) StdoutLine: {'line': b'-- Up-to-date: /home/em/ros_workspace_2025/nav_ws/install/px4_msgs/include/px4_msgs/px4_msgs/msg/failure_detector_status.hpp\n'}
[8.654663] (px4_msgs) StdoutLine: {'line': b'-- Up-to-date: /home/em/ros_workspace_2025/nav_ws/install/px4_msgs/include/px4_msgs/px4_msgs/msg/sensor_gyro_fifo.hpp\n'}
[8.654686] (px4_msgs) StdoutLine: {'line': b'-- Up-to-date: /home/em/ros_workspace_2025/nav_ws/install/px4_msgs/include/px4_msgs/px4_msgs/msg/open_drone_id_system.hpp\n'}
[8.654708] (px4_msgs) StdoutLine: {'line': b'-- Up-to-date: /home/em/ros_workspace_2025/nav_ws/install/px4_msgs/include/px4_msgs/px4_msgs/msg/vehicle_command_ack.hpp\n'}
[8.654730] (px4_msgs) StdoutLine: {'line': b'-- Up-to-date: /home/em/ros_workspace_2025/nav_ws/install/px4_msgs/include/px4_msgs/px4_msgs/msg/button_event.hpp\n'}
[8.654755] (px4_msgs) StdoutLine: {'line': b'-- Up-to-date: /home/em/ros_workspace_2025/nav_ws/install/px4_msgs/include/px4_msgs/px4_msgs/msg/unregister_ext_component.hpp\n'}
[8.654789] (px4_msgs) StdoutLine: {'line': b'-- Up-to-date: /home/em/ros_workspace_2025/nav_ws/install/px4_msgs/include/px4_msgs/px4_msgs/msg/actuator_motors.hpp\n'}
[8.654813] (px4_msgs) StdoutLine: {'line': b'-- Up-to-date: /home/em/ros_workspace_2025/nav_ws/install/px4_msgs/include/px4_msgs/px4_msgs/msg/orb_test.hpp\n'}
[8.654837] (px4_msgs) StdoutLine: {'line': b'-- Up-to-date: /home/em/ros_workspace_2025/nav_ws/install/px4_msgs/include/px4_msgs/px4_msgs/msg/vehicle_global_position.hpp\n'}
[8.654883] (px4_msgs) StdoutLine: {'line': b'-- Up-to-date: /home/em/ros_workspace_2025/nav_ws/install/px4_msgs/include/px4_msgs/px4_msgs/msg/open_drone_id_arm_status.hpp\n'}
[8.654989] (px4_msgs) StdoutLine: {'line': b'-- Up-to-date: /home/em/ros_workspace_2025/nav_ws/install/px4_msgs/include/px4_msgs/px4_msgs/msg/estimator_sensor_bias.hpp\n'}
[8.655051] (px4_msgs) StdoutLine: {'line': b'-- Up-to-date: /home/em/ros_workspace_2025/nav_ws/install/px4_msgs/include/px4_msgs/px4_msgs/msg/home_position.hpp\n'}
[8.655075] (px4_msgs) StdoutLine: {'line': b'-- Up-to-date: /home/em/ros_workspace_2025/nav_ws/install/px4_msgs/include/px4_msgs/px4_msgs/msg/logger_status.hpp\n'}
[8.655106] (px4_msgs) StdoutLine: {'line': b'-- Up-to-date: /home/em/ros_workspace_2025/nav_ws/install/px4_msgs/include/px4_msgs/px4_msgs/msg/vehicle_local_position_setpoint.hpp\n'}
[8.655131] (px4_msgs) StdoutLine: {'line': b'-- Up-to-date: /home/em/ros_workspace_2025/nav_ws/install/px4_msgs/include/px4_msgs/px4_msgs/msg/rc_parameter_map.hpp\n'}
[8.655169] (px4_msgs) StdoutLine: {'line': b'-- Up-to-date: /home/em/ros_workspace_2025/nav_ws/install/px4_msgs/include/px4_msgs/px4_msgs/msg/orb_test_medium.hpp\n'}
[8.655197] (px4_msgs) StdoutLine: {'line': b'-- Up-to-date: /home/em/ros_workspace_2025/nav_ws/install/px4_msgs/include/px4_msgs/px4_msgs/msg/vehicle_local_position.hpp\n'}
[8.655237] (px4_msgs) StdoutLine: {'line': b'-- Up-to-date: /home/em/ros_workspace_2025/nav_ws/install/px4_msgs/include/px4_msgs/px4_msgs/msg/tune_control.hpp\n'}
[8.655262] (px4_msgs) StdoutLine: {'line': b'-- Up-to-date: /home/em/ros_workspace_2025/nav_ws/install/px4_msgs/include/px4_msgs/px4_msgs/msg/estimator_status_flags.hpp\n'}
[8.655285] (px4_msgs) StdoutLine: {'line': b'-- Up-to-date: /home/em/ros_workspace_2025/nav_ws/install/px4_msgs/include/px4_msgs/px4_msgs/msg/position_setpoint.hpp\n'}
[8.655310] (px4_msgs) StdoutLine: {'line': b'-- Up-to-date: /home/em/ros_workspace_2025/nav_ws/install/px4_msgs/include/px4_msgs/px4_msgs/msg/vehicle_torque_setpoint.hpp\n'}
[8.655334] (px4_msgs) StdoutLine: {'line': b'-- Up-to-date: /home/em/ros_workspace_2025/nav_ws/install/px4_msgs/include/px4_msgs/px4_msgs/msg/gimbal_device_information.hpp\n'}
[8.655357] (px4_msgs) StdoutLine: {'line': b'-- Up-to-date: /home/em/ros_workspace_2025/nav_ws/install/px4_msgs/include/px4_msgs/px4_msgs/msg/onboard_computer_status.hpp\n'}
[8.655380] (px4_msgs) StdoutLine: {'line': b'-- Up-to-date: /home/em/ros_workspace_2025/nav_ws/install/px4_msgs/include/px4_msgs/px4_msgs/msg/navigator_mission_item.hpp\n'}
[8.655404] (px4_msgs) StdoutLine: {'line': b'-- Up-to-date: /home/em/ros_workspace_2025/nav_ws/install/px4_msgs/include/px4_msgs/px4_msgs/msg/launch_detection_status.hpp\n'}
[8.655433] (px4_msgs) StdoutLine: {'line': b'-- Up-to-date: /home/em/ros_workspace_2025/nav_ws/install/px4_msgs/include/px4_msgs/px4_msgs/msg/sensor_airflow.hpp\n'}
[8.655455] (px4_msgs) StdoutLine: {'line': b'-- Up-to-date: /home/em/ros_workspace_2025/nav_ws/install/px4_msgs/include/px4_msgs/px4_msgs/msg/follow_target_estimator.hpp\n'}
[8.655477] (px4_msgs) StdoutLine: {'line': b'-- Up-to-date: /home/em/ros_workspace_2025/nav_ws/install/px4_msgs/include/px4_msgs/px4_msgs/msg/actuator_outputs.hpp\n'}
[8.655501] (px4_msgs) StdoutLine: {'line': b'-- Up-to-date: /home/em/ros_workspace_2025/nav_ws/install/px4_msgs/include/px4_msgs/px4_msgs/msg/iridiumsbd_status.hpp\n'}
[8.655526] (px4_msgs) StdoutLine: {'line': b'-- Up-to-date: /home/em/ros_workspace_2025/nav_ws/install/px4_msgs/include/px4_msgs/px4_msgs/msg/actuator_controls_status.hpp\n'}
[8.655602] (px4_msgs) StdoutLine: {'line': b'-- Up-to-date: /home/em/ros_workspace_2025/nav_ws/install/px4_msgs/include/px4_msgs/px4_msgs/msg/telemetry_status.hpp\n'}
[8.655626] (px4_msgs) StdoutLine: {'line': b'-- Up-to-date: /home/em/ros_workspace_2025/nav_ws/install/px4_msgs/include/px4_msgs/px4_msgs/msg/vehicle_acceleration.hpp\n'}
[8.655649] (px4_msgs) StdoutLine: {'line': b'-- Up-to-date: /home/em/ros_workspace_2025/nav_ws/install/px4_msgs/include/px4_msgs/px4_msgs/msg/offboard_control_mode.hpp\n'}
[8.655689] (px4_msgs) StdoutLine: {'line': b'-- Up-to-date: /home/em/ros_workspace_2025/nav_ws/install/px4_msgs/include/px4_msgs/px4_msgs/msg/landing_gear_wheel.hpp\n'}
[8.655713] (px4_msgs) StdoutLine: {'line': b'-- Up-to-date: /home/em/ros_workspace_2025/nav_ws/install/px4_msgs/include/px4_msgs/px4_msgs/msg/landing_target_innovations.hpp\n'}
[8.655736] (px4_msgs) StdoutLine: {'line': b'-- Up-to-date: /home/em/ros_workspace_2025/nav_ws/install/px4_msgs/include/px4_msgs/px4_msgs/msg/power_button_state.hpp\n'}
[8.655759] (px4_msgs) StdoutLine: {'line': b'-- Up-to-date: /home/em/ros_workspace_2025/nav_ws/install/px4_msgs/include/px4_msgs/px4_msgs/msg/qshell_retval.hpp\n'}
[8.655781] (px4_msgs) StdoutLine: {'line': b'-- Up-to-date: /home/em/ros_workspace_2025/nav_ws/install/px4_msgs/include/px4_msgs/px4_msgs/msg/ulog_stream_ack.hpp\n'}
[8.655805] (px4_msgs) StdoutLine: {'line': b'-- Up-to-date: /home/em/ros_workspace_2025/nav_ws/install/px4_msgs/include/px4_msgs/px4_msgs/msg/differential_pressure.hpp\n'}
[8.655827] (px4_msgs) StdoutLine: {'line': b'-- Up-to-date: /home/em/ros_workspace_2025/nav_ws/install/px4_msgs/include/px4_msgs/px4_msgs/msg/distance_sensor_mode_change_request.hpp\n'}
[8.655849] (px4_msgs) StdoutLine: {'line': b'-- Up-to-date: /home/em/ros_workspace_2025/nav_ws/install/px4_msgs/include/px4_msgs/px4_msgs/msg/cellular_status.hpp\n'}
[8.655878] (px4_msgs) StdoutLine: {'line': b'-- Up-to-date: /home/em/ros_workspace_2025/nav_ws/install/px4_msgs/include/px4_msgs/px4_msgs/msg/follow_target.hpp\n'}
[8.655901] (px4_msgs) StdoutLine: {'line': b'-- Up-to-date: /home/em/ros_workspace_2025/nav_ws/install/px4_msgs/include/px4_msgs/px4_msgs/msg/gpio_request.hpp\n'}
[8.655923] (px4_msgs) StdoutLine: {'line': b'-- Up-to-date: /home/em/ros_workspace_2025/nav_ws/install/px4_msgs/include/px4_msgs/px4_msgs/msg/rover_mecanum_status.hpp\n'}
[8.655945] (px4_msgs) StdoutLine: {'line': b'-- Up-to-date: /home/em/ros_workspace_2025/nav_ws/install/px4_msgs/include/px4_msgs/px4_msgs/msg/velocity_limits.hpp\n'}
[8.655966] (px4_msgs) StdoutLine: {'line': b'-- Up-to-date: /home/em/ros_workspace_2025/nav_ws/install/px4_msgs/include/px4_msgs/px4_msgs/msg/register_ext_component_reply.hpp\n'}
[8.655988] (px4_msgs) StdoutLine: {'line': b'-- Up-to-date: /home/em/ros_workspace_2025/nav_ws/install/px4_msgs/include/px4_msgs/px4_msgs/msg/uavcan_parameter_request.hpp\n'}
[8.656029] (px4_msgs) StdoutLine: {'line': b'-- Up-to-date: /home/em/ros_workspace_2025/nav_ws/install/px4_msgs/include/px4_msgs/px4_msgs/msg/estimator_event_flags.hpp\n'}
[8.656051] (px4_msgs) StdoutLine: {'line': b'-- Up-to-date: /home/em/ros_workspace_2025/nav_ws/install/px4_msgs/include/px4_msgs/px4_msgs/msg/tiltrotor_extra_controls.hpp\n'}
[8.656072] (px4_msgs) StdoutLine: {'line': b'-- Up-to-date: /home/em/ros_workspace_2025/nav_ws/install/px4_msgs/include/px4_msgs/px4_msgs/msg/arming_check_request.hpp\n'}
[8.656093] (px4_msgs) StdoutLine: {'line': b'-- Up-to-date: /home/em/ros_workspace_2025/nav_ws/install/px4_msgs/include/px4_msgs/px4_msgs/msg/vehicle_optical_flow_vel.hpp\n'}
[8.656115] (px4_msgs) StdoutLine: {'line': b'-- Up-to-date: /home/em/ros_workspace_2025/nav_ws/install/px4_msgs/include/px4_msgs/px4_msgs/msg/pps_capture.hpp\n'}
[8.656136] (px4_msgs) StdoutLine: {'line': b'-- Up-to-date: /home/em/ros_workspace_2025/nav_ws/install/px4_msgs/include/px4_msgs/px4_msgs/msg/actuator_test.hpp\n'}
[8.656157] (px4_msgs) StdoutLine: {'line': b'-- Up-to-date: /home/em/ros_workspace_2025/nav_ws/install/px4_msgs/include/px4_msgs/px4_msgs/msg/open_drone_id_operator_id.hpp\n'}
[8.656179] (px4_msgs) StdoutLine: {'line': b'-- Up-to-date: /home/em/ros_workspace_2025/nav_ws/install/px4_msgs/include/px4_msgs/px4_msgs/msg/rover_ackermann_setpoint.hpp\n'}
[8.656205] (px4_msgs) StdoutLine: {'line': b'-- Up-to-date: /home/em/ros_workspace_2025/nav_ws/install/px4_msgs/include/px4_msgs/px4_msgs/msg/vehicle_roi.hpp\n'}
[8.656228] (px4_msgs) StdoutLine: {'line': b'-- Up-to-date: /home/em/ros_workspace_2025/nav_ws/install/px4_msgs/include/px4_msgs/px4_msgs/msg/wheel_encoders.hpp\n'}
[8.656304] (px4_msgs) StdoutLine: {'line': b'-- Up-to-date: /home/em/ros_workspace_2025/nav_ws/install/px4_msgs/include/px4_msgs/px4_msgs/msg/satellite_info.hpp\n'}
[8.656328] (px4_msgs) StdoutLine: {'line': b'-- Up-to-date: /home/em/ros_workspace_2025/nav_ws/install/px4_msgs/include/px4_msgs/px4_msgs/msg/debug_key_value.hpp\n'}
[8.656352] (px4_msgs) StdoutLine: {'line': b'-- Up-to-date: /home/em/ros_workspace_2025/nav_ws/install/px4_msgs/include/px4_msgs/px4_msgs/msg/vehicle_odometry.hpp\n'}
[8.656375] (px4_msgs) StdoutLine: {'line': b'-- Up-to-date: /home/em/ros_workspace_2025/nav_ws/install/px4_msgs/include/px4_msgs/px4_msgs/msg/manual_control_setpoint.hpp\n'}
[8.656398] (px4_msgs) StdoutLine: {'line': b'-- Up-to-date: /home/em/ros_workspace_2025/nav_ws/install/px4_msgs/include/px4_msgs/px4_msgs/msg/estimator_aid_source1d.hpp\n'}
[8.656421] (px4_msgs) StdoutLine: {'line': b'-- Up-to-date: /home/em/ros_workspace_2025/nav_ws/install/px4_msgs/include/px4_msgs/px4_msgs/msg/pwm_input.hpp\n'}
[8.656444] (px4_msgs) StdoutLine: {'line': b'-- Up-to-date: /home/em/ros_workspace_2025/nav_ws/install/px4_msgs/include/px4_msgs/px4_msgs/msg/airspeed.hpp\n'}
[8.656495] (px4_msgs) StdoutLine: {'line': b'-- Up-to-date: /home/em/ros_workspace_2025/nav_ws/install/px4_msgs/include/px4_msgs/px4_msgs/msg/esc_status.hpp\n'}
[8.656522] (px4_msgs) StdoutLine: {'line': b'-- Up-to-date: /home/em/ros_workspace_2025/nav_ws/install/px4_msgs/include/px4_msgs/px4_msgs/msg/esc_report.hpp\n'}
[8.656544] (px4_msgs) StdoutLine: {'line': b'-- Up-to-date: /home/em/ros_workspace_2025/nav_ws/install/px4_msgs/include/px4_msgs/px4_msgs/msg/sensor_uwb.hpp\n'}
[8.656567] (px4_msgs) StdoutLine: {'line': b'-- Up-to-date: /home/em/ros_workspace_2025/nav_ws/install/px4_msgs/include/px4_msgs/px4_msgs/msg/vtol_vehicle_status.hpp\n'}
[8.656588] (px4_msgs) StdoutLine: {'line': b'-- Up-to-date: /home/em/ros_workspace_2025/nav_ws/install/px4_msgs/include/px4_msgs/px4_msgs/msg/input_rc.hpp\n'}
[8.656610] (px4_msgs) StdoutLine: {'line': b'-- Up-to-date: /home/em/ros_workspace_2025/nav_ws/install/px4_msgs/include/px4_msgs/px4_msgs/msg/rover_differential_status.hpp\n'}
[8.656633] (px4_msgs) StdoutLine: {'line': b'-- Up-to-date: /home/em/ros_workspace_2025/nav_ws/install/px4_msgs/include/px4_msgs/px4_msgs/msg/health_report.hpp\n'}
[8.656654] (px4_msgs) StdoutLine: {'line': b'-- Up-to-date: /home/em/ros_workspace_2025/nav_ws/install/px4_msgs/include/px4_msgs/px4_msgs/msg/manual_control_switches.hpp\n'}
[8.656677] (px4_msgs) StdoutLine: {'line': b'-- Up-to-date: /home/em/ros_workspace_2025/nav_ws/install/px4_msgs/include/px4_msgs/px4_msgs/msg/rover_ackermann_guidance_status.hpp\n'}
[8.656706] (px4_msgs) StdoutLine: {'line': b'-- Up-to-date: /home/em/ros_workspace_2025/nav_ws/install/px4_msgs/include/px4_msgs/px4_msgs/msg/gps_inject_data.hpp\n'}
[8.656728] (px4_msgs) StdoutLine: {'line': b'-- Up-to-date: /home/em/ros_workspace_2025/nav_ws/install/px4_msgs/include/px4_msgs/px4_msgs/msg/gimbal_manager_status.hpp\n'}
[8.656750] (px4_msgs) StdoutLine: {'line': b'-- Up-to-date: /home/em/ros_workspace_2025/nav_ws/install/px4_msgs/include/px4_msgs/px4_msgs/msg/control_allocator_status.hpp\n'}
[8.656772] (px4_msgs) StdoutLine: {'line': b'-- Up-to-date: /home/em/ros_workspace_2025/nav_ws/install/px4_msgs/include/px4_msgs/px4_msgs/msg/landing_target_pose.hpp\n'}
[8.656794] (px4_msgs) StdoutLine: {'line': b'-- Up-to-date: /home/em/ros_workspace_2025/nav_ws/install/px4_msgs/include/px4_msgs/px4_msgs/msg/geofence_result.hpp\n'}
[8.656817] (px4_msgs) StdoutLine: {'line': b'-- Up-to-date: /home/em/ros_workspace_2025/nav_ws/install/px4_msgs/include/px4_msgs/px4_msgs/msg/rtl_status.hpp\n'}
[8.656861] (px4_msgs) StdoutLine: {'line': b'-- Up-to-date: /home/em/ros_workspace_2025/nav_ws/install/px4_msgs/include/px4_msgs/px4_msgs/msg/vehicle_magnetometer.hpp\n'}
[8.656884] (px4_msgs) StdoutLine: {'line': b'-- Up-to-date: /home/em/ros_workspace_2025/nav_ws/install/px4_msgs/include/px4_msgs/px4_msgs/msg/gpio_out.hpp\n'}
[8.656970] (px4_msgs) StdoutLine: {'line': b'-- Up-to-date: /home/em/ros_workspace_2025/nav_ws/install/px4_msgs/include/px4_msgs/px4_msgs/msg/gimbal_controls.hpp\n'}
[8.656992] (px4_msgs) StdoutLine: {'line': b'-- Up-to-date: /home/em/ros_workspace_2025/nav_ws/install/px4_msgs/include/px4_msgs/px4_msgs/msg/obstacle_distance.hpp\n'}
[8.657015] (px4_msgs) StdoutLine: {'line': b'-- Up-to-date: /home/em/ros_workspace_2025/nav_ws/install/px4_msgs/include/px4_msgs/px4_msgs/msg/collision_constraints.hpp\n'}
[8.657037] (px4_msgs) StdoutLine: {'line': b'-- Up-to-date: /home/em/ros_workspace_2025/nav_ws/install/px4_msgs/include/px4_msgs/px4_msgs/msg/gpio_in.hpp\n'}
[8.657062] (px4_msgs) StdoutLine: {'line': b'-- Up-to-date: /home/em/ros_workspace_2025/nav_ws/install/px4_msgs/include/px4_msgs/px4_msgs/msg/trajectory_waypoint.hpp\n'}
[8.657085] (px4_msgs) StdoutLine: {'line': b'-- Up-to-date: /home/em/ros_workspace_2025/nav_ws/install/px4_msgs/include/px4_msgs/px4_msgs/msg/vehicle_imu_status.hpp\n'}
[8.657106] (px4_msgs) StdoutLine: {'line': b'-- Up-to-date: /home/em/ros_workspace_2025/nav_ws/install/px4_msgs/include/px4_msgs/px4_msgs/msg/failsafe_flags.hpp\n'}
[8.657128] (px4_msgs) StdoutLine: {'line': b'-- Up-to-date: /home/em/ros_workspace_2025/nav_ws/install/px4_msgs/include/px4_msgs/px4_msgs/msg/vehicle_optical_flow.hpp\n'}
[8.657152] (px4_msgs) StdoutLine: {'line': b'-- Up-to-date: /home/em/ros_workspace_2025/nav_ws/install/px4_msgs/include/px4_msgs/px4_msgs/msg/action_request.hpp\n'}
[8.657175] (px4_msgs) StdoutLine: {'line': b'-- Up-to-date: /home/em/ros_workspace_2025/nav_ws/install/px4_msgs/include/px4_msgs/px4_msgs/msg/power_monitor.hpp\n'}
[8.657201] (px4_msgs) StdoutLine: {'line': b'-- Up-to-date: /home/em/ros_workspace_2025/nav_ws/install/px4_msgs/include/px4_msgs/px4_msgs/msg/px4io_status.hpp\n'}
[8.657226] (px4_msgs) StdoutLine: {'line': b'-- Up-to-date: /home/em/ros_workspace_2025/nav_ws/install/px4_msgs/include/px4_msgs/px4_msgs/msg/rover_differential_guidance_status.hpp\n'}
[8.657251] (px4_msgs) StdoutLine: {'line': b'-- Up-to-date: /home/em/ros_workspace_2025/nav_ws/install/px4_msgs/include/px4_msgs/px4_msgs/msg/debug_vect.hpp\n'}
[8.657278] (px4_msgs) StdoutLine: {'line': b'-- Up-to-date: /home/em/ros_workspace_2025/nav_ws/install/px4_msgs/include/px4_msgs/px4_msgs/msg/gpio_config.hpp\n'}
[8.657302] (px4_msgs) StdoutLine: {'line': b'-- Up-to-date: /home/em/ros_workspace_2025/nav_ws/install/px4_msgs/include/px4_msgs/px4_msgs/msg/heater_status.hpp\n'}
[8.657325] (px4_msgs) StdoutLine: {'line': b'-- Up-to-date: /home/em/ros_workspace_2025/nav_ws/install/px4_msgs/include/px4_msgs/px4_msgs/msg/position_setpoint_triplet.hpp\n'}
[8.657348] (px4_msgs) StdoutLine: {'line': b'-- Up-to-date: /home/em/ros_workspace_2025/nav_ws/install/px4_msgs/include/px4_msgs/px4_msgs/msg/parameter_set_value_request.hpp\n'}
[8.657371] (px4_msgs) StdoutLine: {'line': b'-- Up-to-date: /home/em/ros_workspace_2025/nav_ws/install/px4_msgs/include/px4_msgs/px4_msgs/msg/message_format_request.hpp\n'}
[8.657433] (px4_msgs) StdoutLine: {'line': b'-- Up-to-date: /home/em/ros_workspace_2025/nav_ws/install/px4_msgs/include/px4_msgs/px4_msgs/msg/adc_report.hpp\n'}
[8.657455] (px4_msgs) StdoutLine: {'line': b'-- Up-to-date: /home/em/ros_workspace_2025/nav_ws/install/px4_msgs/include/px4_msgs/px4_msgs/msg/task_stack_info.hpp\n'}
[8.657477] (px4_msgs) StdoutLine: {'line': b'-- Up-to-date: /home/em/ros_workspace_2025/nav_ws/install/px4_msgs/include/px4_msgs/px4_msgs/msg/sensor_gyro_fft.hpp\n'}
[8.657499] (px4_msgs) StdoutLine: {'line': b'-- Up-to-date: /home/em/ros_workspace_2025/nav_ws/install/px4_msgs/include/px4_msgs/px4_msgs/msg/vehicle_angular_acceleration_setpoint.hpp\n'}
[8.657521] (px4_msgs) StdoutLine: {'line': b'-- Up-to-date: /home/em/ros_workspace_2025/nav_ws/install/px4_msgs/include/px4_msgs/px4_msgs/msg/debug_value.hpp\n'}
[8.657541] (px4_msgs) StdoutLine: {'line': b'-- Up-to-date: /home/em/ros_workspace_2025/nav_ws/install/px4_msgs/include/px4_msgs/px4_msgs/msg/airspeed_validated.hpp\n'}
[8.657561] (px4_msgs) StdoutLine: {'line': b'-- Up-to-date: /home/em/ros_workspace_2025/nav_ws/install/px4_msgs/include/px4_msgs/px4_msgs/msg/open_drone_id_self_id.hpp\n'}
[8.657583] (px4_msgs) StdoutLine: {'line': b'-- Up-to-date: /home/em/ros_workspace_2025/nav_ws/install/px4_msgs/include/px4_msgs/px4_msgs/msg/rpm.hpp\n'}
[8.657602] (px4_msgs) StdoutLine: {'line': b'-- Up-to-date: /home/em/ros_workspace_2025/nav_ws/install/px4_msgs/include/px4_msgs/px4_msgs/msg/vehicle_land_detected.hpp\n'}
[8.657624] (px4_msgs) StdoutLine: {'line': b'-- Up-to-date: /home/em/ros_workspace_2025/nav_ws/install/px4_msgs/include/px4_msgs/px4_msgs/msg/ulog_stream.hpp\n'}
[8.657646] (px4_msgs) StdoutLine: {'line': b'-- Up-to-date: /home/em/ros_workspace_2025/nav_ws/install/px4_msgs/include/px4_msgs/px4_msgs/msg/led_control.hpp\n'}
[8.657667] (px4_msgs) StdoutLine: {'line': b'-- Up-to-date: /home/em/ros_workspace_2025/nav_ws/install/px4_msgs/include/px4_msgs/px4_msgs/msg/parameter_reset_request.hpp\n'}
[8.657696] (px4_msgs) StdoutLine: {'line': b'-- Up-to-date: /home/em/ros_workspace_2025/nav_ws/install/px4_msgs/include/px4_msgs/px4_msgs/msg/config_overrides.hpp\n'}
[8.657729] (px4_msgs) StdoutLine: {'line': b'-- Up-to-date: /home/em/ros_workspace_2025/nav_ws/install/px4_msgs/include/px4_msgs/px4_msgs/msg/vehicle_trajectory_bezier.hpp\n'}
[8.657765] (px4_msgs) StdoutLine: {'line': b'-- Up-to-date: /home/em/ros_workspace_2025/nav_ws/install/px4_msgs/include/px4_msgs/px4_msgs/msg/figure_eight_status.hpp\n'}
[8.657803] (px4_msgs) StdoutLine: {'line': b'-- Up-to-date: /home/em/ros_workspace_2025/nav_ws/install/px4_msgs/include/px4_msgs/px4_msgs/msg/rover_differential_setpoint.hpp\n'}
[8.657829] (px4_msgs) StdoutLine: {'line': b'-- Up-to-date: /home/em/ros_workspace_2025/nav_ws/install/px4_msgs/include/px4_msgs/px4_msgs/msg/sensor_gyro.hpp\n'}
[8.657852] (px4_msgs) StdoutLine: {'line': b'-- Up-to-date: /home/em/ros_workspace_2025/nav_ws/install/px4_msgs/include/px4_msgs/px4_msgs/msg/sensor_accel_fifo.hpp\n'}
[8.657875] (px4_msgs) StdoutLine: {'line': b'-- Up-to-date: /home/em/ros_workspace_2025/nav_ws/install/px4_msgs/include/px4_msgs/px4_msgs/msg/position_controller_status.hpp\n'}
[8.657897] (px4_msgs) StdoutLine: {'line': b'-- Up-to-date: /home/em/ros_workspace_2025/nav_ws/install/px4_msgs/include/px4_msgs/px4_msgs/msg/camera_trigger.hpp\n'}
[8.657918] (px4_msgs) StdoutLine: {'line': b'-- Up-to-date: /home/em/ros_workspace_2025/nav_ws/install/px4_msgs/include/px4_msgs/px4_msgs/msg/radio_status.hpp\n'}
[8.657939] (px4_msgs) StdoutLine: {'line': b'-- Up-to-date: /home/em/ros_workspace_2025/nav_ws/install/px4_msgs/include/px4_msgs/px4_msgs/msg/normalized_unsigned_setpoint.hpp\n'}
[8.657960] (px4_msgs) StdoutLine: {'line': b'-- Up-to-date: /home/em/ros_workspace_2025/nav_ws/install/px4_msgs/include/px4_msgs/px4_msgs/msg/sensor_correction.hpp\n'}
[8.657992] (px4_msgs) StdoutLine: {'line': b'-- Up-to-date: /home/em/ros_workspace_2025/nav_ws/install/px4_msgs/include/px4_msgs/px4_msgs/msg/parameter_update.hpp\n'}
[8.658013] (px4_msgs) StdoutLine: {'line': b'-- Up-to-date: /home/em/ros_workspace_2025/nav_ws/install/px4_msgs/include/px4_msgs/px4_msgs/msg/log_message.hpp\n'}
[8.658035] (px4_msgs) StdoutLine: {'line': b'-- Up-to-date: /home/em/ros_workspace_2025/nav_ws/install/px4_msgs/include/px4_msgs/px4_msgs/msg/ping.hpp\n'}
[8.658055] (px4_msgs) StdoutLine: {'line': b'-- Up-to-date: /home/em/ros_workspace_2025/nav_ws/install/px4_msgs/include/px4_msgs/px4_msgs/msg/trajectory_setpoint.hpp\n'}
[8.658076] (px4_msgs) StdoutLine: {'line': b'-- Up-to-date: /home/em/ros_workspace_2025/nav_ws/install/px4_msgs/include/px4_msgs/px4_msgs/msg/sensor_selection.hpp\n'}
[8.658097] (px4_msgs) StdoutLine: {'line': b'-- Up-to-date: /home/em/ros_workspace_2025/nav_ws/install/px4_msgs/include/px4_msgs/px4_msgs/msg/vehicle_imu.hpp\n'}
[8.658117] (px4_msgs) StdoutLine: {'line': b'-- Up-to-date: /home/em/ros_workspace_2025/nav_ws/install/px4_msgs/include/px4_msgs/px4_msgs/msg/sensor_mag.hpp\n'}
[8.658137] (px4_msgs) StdoutLine: {'line': b'-- Up-to-date: /home/em/ros_workspace_2025/nav_ws/install/px4_msgs/include/px4_msgs/px4_msgs/msg/sensor_gnss_relative.hpp\n'}
[8.658161] (px4_msgs) StdoutLine: {'line': b'-- Up-to-date: /home/em/ros_workspace_2025/nav_ws/install/px4_msgs/include/px4_msgs/px4_msgs/msg/vehicle_command.hpp\n'}
[8.658182] (px4_msgs) StdoutLine: {'line': b'-- Up-to-date: /home/em/ros_workspace_2025/nav_ws/install/px4_msgs/include/px4_msgs/px4_msgs/msg/estimator_aid_source2d.hpp\n'}
[8.658210] (px4_msgs) StdoutLine: {'line': b'-- Up-to-date: /home/em/ros_workspace_2025/nav_ws/install/px4_msgs/include/px4_msgs/px4_msgs/msg/mavlink_log.hpp\n'}
[8.658244] (px4_msgs) StdoutLine: {'line': b'-- Up-to-date: /home/em/ros_workspace_2025/nav_ws/install/px4_msgs/include/px4_msgs/px4_msgs/msg/sensor_accel.hpp\n'}
[8.658268] (px4_msgs) StdoutLine: {'line': b'-- Up-to-date: /home/em/ros_workspace_2025/nav_ws/install/px4_msgs/include/px4_msgs/px4_msgs/msg/takeoff_status.hpp\n'}
[8.658289] (px4_msgs) StdoutLine: {'line': b'-- Up-to-date: /home/em/ros_workspace_2025/nav_ws/install/px4_msgs/include/px4_msgs/px4_msgs/msg/parameter_set_used_request.hpp\n'}
[8.658312] (px4_msgs) StdoutLine: {'line': b'-- Up-to-date: /home/em/ros_workspace_2025/nav_ws/install/px4_msgs/include/px4_msgs/px4_msgs/msg/position_controller_landing_status.hpp\n'}
[8.658333] (px4_msgs) StdoutLine: {'line': b'-- Up-to-date: /home/em/ros_workspace_2025/nav_ws/install/px4_msgs/include/px4_msgs/px4_msgs/msg/vehicle_constraints.hpp\n'}
[8.658355] (px4_msgs) StdoutLine: {'line': b'-- Up-to-date: /home/em/ros_workspace_2025/nav_ws/install/px4_msgs/include/px4_msgs/px4_msgs/msg/transponder_report.hpp\n'}
[8.658375] (px4_msgs) StdoutLine: {'line': b'-- Up-to-date: /home/em/ros_workspace_2025/nav_ws/install/px4_msgs/include/px4_msgs/px4_msgs/msg/message_format_response.hpp\n'}
[8.658396] (px4_msgs) StdoutLine: {'line': b'-- Up-to-date: /home/em/ros_workspace_2025/nav_ws/install/px4_msgs/include/px4_msgs/px4_msgs/msg/rover_mecanum_guidance_status.hpp\n'}
[8.658420] (px4_msgs) StdoutLine: {'line': b'-- Up-to-date: /home/em/ros_workspace_2025/nav_ws/install/px4_msgs/include/px4_msgs/px4_msgs/msg/camera_status.hpp\n'}
[8.658449] (px4_msgs) StdoutLine: {'line': b'-- Up-to-date: /home/em/ros_workspace_2025/nav_ws/install/px4_msgs/include/px4_msgs/px4_msgs/msg/rate_ctrl_status.hpp\n'}
[8.658470] (px4_msgs) StdoutLine: {'line': b'-- Up-to-date: /home/em/ros_workspace_2025/nav_ws/install/px4_msgs/include/px4_msgs/px4_msgs/msg/rtl_time_estimate.hpp\n'}
[8.658490] (px4_msgs) StdoutLine: {'line': b'-- Up-to-date: /home/em/ros_workspace_2025/nav_ws/install/px4_msgs/include/px4_msgs/px4_msgs/msg/mode_completed.hpp\n'}
[8.658510] (px4_msgs) StdoutLine: {'line': b'-- Up-to-date: /home/em/ros_workspace_2025/nav_ws/install/px4_msgs/include/px4_msgs/px4_msgs/msg/gimbal_manager_set_attitude.hpp\n'}
[8.658530] (px4_msgs) StdoutLine: {'line': b'-- Up-to-date: /home/em/ros_workspace_2025/nav_ws/install/px4_msgs/include/px4_msgs/px4_msgs/msg/collision_report.hpp\n'}
[8.658554] (px4_msgs) StdoutLine: {'line': b'-- Up-to-date: /home/em/ros_workspace_2025/nav_ws/install/px4_msgs/include/px4_msgs/px4_msgs/msg/trajectory_bezier.hpp\n'}
[8.658574] (px4_msgs) StdoutLine: {'line': b'-- Up-to-date: /home/em/ros_workspace_2025/nav_ws/install/px4_msgs/include/px4_msgs/px4_msgs/msg/estimator_aid_source3d.hpp\n'}
[8.658597] (px4_msgs) StdoutLine: {'line': b'-- Up-to-date: /home/em/ros_workspace_2025/nav_ws/install/px4_msgs/include/px4_msgs/px4_msgs/msg/buffer128.hpp\n'}
[8.658618] (px4_msgs) StdoutLine: {'line': b'-- Up-to-date: /home/em/ros_workspace_2025/nav_ws/install/px4_msgs/include/px4_msgs/px4_msgs/msg/estimator_bias.hpp\n'}
[8.658639] (px4_msgs) StdoutLine: {'line': b'-- Up-to-date: /home/em/ros_workspace_2025/nav_ws/install/px4_msgs/include/px4_msgs/px4_msgs/msg/sensor_hygrometer.hpp\n'}
[8.658671] (px4_msgs) StdoutLine: {'line': b'-- Up-to-date: /home/em/ros_workspace_2025/nav_ws/install/px4_msgs/include/px4_msgs/px4_msgs/msg/register_ext_component_request.hpp\n'}
[8.658691] (px4_msgs) StdoutLine: {'line': b'-- Up-to-date: /home/em/ros_workspace_2025/nav_ws/install/px4_msgs/include/px4_msgs/px4_msgs/msg/sensors_status_imu.hpp\n'}
[8.658712] (px4_msgs) StdoutLine: {'line': b'-- Up-to-date: /home/em/ros_workspace_2025/nav_ws/install/px4_msgs/include/px4_msgs/px4_msgs/msg/gimbal_manager_set_manual_control.hpp\n'}
[8.658734] (px4_msgs) StdoutLine: {'line': b'-- Up-to-date: /home/em/ros_workspace_2025/nav_ws/install/px4_msgs/include/px4_msgs/px4_msgs/msg/generator_status.hpp\n'}
[8.658756] (px4_msgs) StdoutLine: {'line': b'-- Up-to-date: /home/em/ros_workspace_2025/nav_ws/install/px4_msgs/include/px4_msgs/px4_msgs/msg/qshell_req.hpp\n'}
[8.658777] (px4_msgs) StdoutLine: {'line': b'-- Up-to-date: /home/em/ros_workspace_2025/nav_ws/install/px4_msgs/include/px4_msgs/px4_msgs/msg/system_power.hpp\n'}
[8.658798] (px4_msgs) StdoutLine: {'line': b'-- Up-to-date: /home/em/ros_workspace_2025/nav_ws/install/px4_msgs/include/px4_msgs/px4_msgs/msg/sensors_status.hpp\n'}
[8.658819] (px4_msgs) StdoutLine: {'line': b'-- Up-to-date: /home/em/ros_workspace_2025/nav_ws/install/px4_msgs/include/px4_msgs/px4_msgs/msg/mission_result.hpp\n'}
[8.658841] (px4_msgs) StdoutLine: {'line': b'-- Up-to-date: /home/em/ros_workspace_2025/nav_ws/install/px4_msgs/include/px4_msgs/px4_msgs/msg/camera_capture.hpp\n'}
[8.658862] (px4_msgs) StdoutLine: {'line': b'-- Up-to-date: /home/em/ros_workspace_2025/nav_ws/install/px4_msgs/include/px4_msgs/px4_msgs/msg/flight_phase_estimation.hpp\n'}
[8.658884] (px4_msgs) StdoutLine: {'line': b'-- Up-to-date: /home/em/ros_workspace_2025/nav_ws/install/px4_msgs/include/px4_msgs/px4_msgs/msg/autotune_attitude_control_status.hpp\n'}
[8.658906] (px4_msgs) StdoutLine: {'line': b'-- Up-to-date: /home/em/ros_workspace_2025/nav_ws/install/px4_msgs/include/px4_msgs/px4_msgs/msg/debug_array.hpp\n'}
[8.658928] (px4_msgs) StdoutLine: {'line': b'-- Up-to-date: /home/em/ros_workspace_2025/nav_ws/install/px4_msgs/include/px4_msgs/px4_msgs/msg/vehicle_angular_velocity.hpp\n'}
[8.658950] (px4_msgs) StdoutLine: {'line': b'-- Up-to-date: /home/em/ros_workspace_2025/nav_ws/install/px4_msgs/include/px4_msgs/px4_msgs/msg/can_interface_status.hpp\n'}
[8.658972] (px4_msgs) StdoutLine: {'line': b'-- Up-to-date: /home/em/ros_workspace_2025/nav_ws/install/px4_msgs/include/px4_msgs/px4_msgs/msg/irlock_report.hpp\n'}
[8.659006] (px4_msgs) StdoutLine: {'line': b'-- Up-to-date: /home/em/ros_workspace_2025/nav_ws/install/px4_msgs/include/px4_msgs/px4_msgs/msg/mag_worker_data.hpp\n'}
[8.659037] (px4_msgs) StdoutLine: {'line': b'-- Up-to-date: /home/em/ros_workspace_2025/nav_ws/install/px4_msgs/include/px4_msgs/px4_msgs/msg/actuator_armed.hpp\n'}
[8.659060] (px4_msgs) StdoutLine: {'line': b'-- Up-to-date: /home/em/ros_workspace_2025/nav_ws/install/px4_msgs/include/px4_msgs/px4_msgs/msg/npfg_status.hpp\n'}
[8.659082] (px4_msgs) StdoutLine: {'line': b'-- Up-to-date: /home/em/ros_workspace_2025/nav_ws/install/px4_msgs/include/px4_msgs/px4_msgs/msg/orb_test_large.hpp\n'}
[8.659105] (px4_msgs) StdoutLine: {'line': b'-- Up-to-date: /home/em/ros_workspace_2025/nav_ws/install/px4_msgs/include/px4_msgs/px4_msgs/msg/airspeed_wind.hpp\n'}
[8.659142] (px4_msgs) StdoutLine: {'line': b'-- Up-to-date: /home/em/ros_workspace_2025/nav_ws/install/px4_msgs/include/px4_msgs/px4_msgs/msg/gimbal_device_attitude_status.hpp\n'}
[8.659179] (px4_msgs) StdoutLine: {'line': b'-- Up-to-date: /home/em/ros_workspace_2025/nav_ws/install/px4_msgs/include/px4_msgs/px4_msgs/msg/vehicle_rates_setpoint.hpp\n'}
[8.659229] (px4_msgs) StdoutLine: {'line': b'-- Up-to-date: /home/em/ros_workspace_2025/nav_ws/install/px4_msgs/include/px4_msgs/px4_msgs/msg/vehicle_air_data.hpp\n'}
[8.659261] (px4_msgs) StdoutLine: {'line': b'-- Up-to-date: /home/em/ros_workspace_2025/nav_ws/install/px4_msgs/include/px4_msgs/px4_msgs/msg/dataman_response.hpp\n'}
[8.659297] (px4_msgs) StdoutLine: {'line': b'-- Up-to-date: /home/em/ros_workspace_2025/nav_ws/install/px4_msgs/include/px4_msgs/px4_msgs/msg/estimator_gps_status.hpp\n'}
[8.659322] (px4_msgs) StdoutLine: {'line': b'-- Up-to-date: /home/em/ros_workspace_2025/nav_ws/install/px4_msgs/include/px4_msgs/px4_msgs/msg/actuator_servos.hpp\n'}
[8.659345] (px4_msgs) StdoutLine: {'line': b'-- Up-to-date: /home/em/ros_workspace_2025/nav_ws/install/px4_msgs/include/px4_msgs/px4_msgs/msg/dataman_request.hpp\n'}
[8.659368] (px4_msgs) StdoutLine: {'line': b'-- Up-to-date: /home/em/ros_workspace_2025/nav_ws/install/px4_msgs/include/px4_msgs/px4_msgs/msg/navigator_status.hpp\n'}
[8.659416] (px4_msgs) StdoutLine: {'line': b'-- Up-to-date: /home/em/ros_workspace_2025/nav_ws/install/px4_msgs/include/px4_msgs/px4_msgs/msg/geofence_status.hpp\n'}
[8.659440] (px4_msgs) StdoutLine: {'line': b'-- Up-to-date: /home/em/ros_workspace_2025/nav_ws/install/px4_msgs/include/px4_msgs/px4_msgs/msg/vehicle_status.hpp\n'}
[8.659464] (px4_msgs) StdoutLine: {'line': b'-- Up-to-date: /home/em/ros_workspace_2025/nav_ws/install/px4_msgs/include/px4_msgs/px4_msgs/msg/rover_ackermann_status.hpp\n'}
[8.659487] (px4_msgs) StdoutLine: {'line': b'-- Up-to-date: /home/em/ros_workspace_2025/nav_ws/install/px4_msgs/include/px4_msgs/px4_msgs/msg/sensor_optical_flow.hpp\n'}
[8.659511] (px4_msgs) StdoutLine: {'line': b'-- Up-to-date: /home/em/ros_workspace_2025/nav_ws/install/px4_msgs/include/px4_msgs/px4_msgs/msg/vehicle_attitude_setpoint.hpp\n'}
[8.659535] (px4_msgs) StdoutLine: {'line': b'-- Up-to-date: /home/em/ros_workspace_2025/nav_ws/install/px4_msgs/include/px4_msgs/px4_msgs/msg/mavlink_tunnel.hpp\n'}
[8.659558] (px4_msgs) StdoutLine: {'line': b'-- Up-to-date: /home/em/ros_workspace_2025/nav_ws/install/px4_msgs/include/px4_msgs/px4_msgs/msg/wind.hpp\n'}
[8.659582] (px4_msgs) StdoutLine: {'line': b'-- Up-to-date: /home/em/ros_workspace_2025/nav_ws/install/px4_msgs/include/px4_msgs/px4_msgs/msg/vehicle_control_mode.hpp\n'}
[8.659606] (px4_msgs) StdoutLine: {'line': b'-- Up-to-date: /home/em/ros_workspace_2025/nav_ws/install/px4_msgs/include/px4_msgs/px4_msgs/msg/actuator_servos_trim.hpp\n'}
[8.659631] (px4_msgs) StdoutLine: {'line': b'-- Up-to-date: /home/em/ros_workspace_2025/nav_ws/install/px4_msgs/include/px4_msgs/px4_msgs/msg/uavcan_parameter_value.hpp\n'}
[8.659654] (px4_msgs) StdoutLine: {'line': b'-- Up-to-date: /home/em/ros_workspace_2025/nav_ws/install/px4_msgs/include/px4_msgs/px4_msgs/msg/sensor_baro.hpp\n'}
[8.659676] (px4_msgs) StdoutLine: {'line': b'-- Up-to-date: /home/em/ros_workspace_2025/nav_ws/install/px4_msgs/include/px4_msgs/px4_msgs/msg/follow_target_status.hpp\n'}
[8.659730] (px4_msgs) StdoutLine: {'line': b'-- Up-to-date: /home/em/ros_workspace_2025/nav_ws/install/px4_msgs/include/px4_msgs/px4_msgs/msg/detail\n'}
[8.659754] (px4_msgs) StdoutLine: {'line': b'-- Up-to-date: /home/em/ros_workspace_2025/nav_ws/install/px4_msgs/include/px4_msgs/px4_msgs/msg/detail/parameter_set_used_request__builder.hpp\n'}
[8.659777] (px4_msgs) StdoutLine: {'line': b'-- Up-to-date: /home/em/ros_workspace_2025/nav_ws/install/px4_msgs/include/px4_msgs/px4_msgs/msg/detail/airspeed_validated__traits.hpp\n'}
[8.659801] (px4_msgs) StdoutLine: {'line': b'-- Up-to-date: /home/em/ros_workspace_2025/nav_ws/install/px4_msgs/include/px4_msgs/px4_msgs/msg/detail/figure_eight_status__traits.hpp\n'}
[8.659824] (px4_msgs) StdoutLine: {'line': b'-- Up-to-date: /home/em/ros_workspace_2025/nav_ws/install/px4_msgs/include/px4_msgs/px4_msgs/msg/detail/pwm_input__struct.hpp\n'}
[8.659846] (px4_msgs) StdoutLine: {'line': b'-- Up-to-date: /home/em/ros_workspace_2025/nav_ws/install/px4_msgs/include/px4_msgs/px4_msgs/msg/detail/orbit_status__builder.hpp\n'}
[8.659868] (px4_msgs) StdoutLine: {'line': b'-- Up-to-date: /home/em/ros_workspace_2025/nav_ws/install/px4_msgs/include/px4_msgs/px4_msgs/msg/detail/geofence_status__traits.hpp\n'}
[8.659891] (px4_msgs) StdoutLine: {'line': b'-- Up-to-date: /home/em/ros_workspace_2025/nav_ws/install/px4_msgs/include/px4_msgs/px4_msgs/msg/detail/sensor_gps__traits.hpp\n'}
[8.659913] (px4_msgs) StdoutLine: {'line': b'-- Up-to-date: /home/em/ros_workspace_2025/nav_ws/install/px4_msgs/include/px4_msgs/px4_msgs/msg/detail/esc_report__builder.hpp\n'}
[8.659937] (px4_msgs) StdoutLine: {'line': b'-- Up-to-date: /home/em/ros_workspace_2025/nav_ws/install/px4_msgs/include/px4_msgs/px4_msgs/msg/detail/sensor_mag__struct.hpp\n'}
[8.659961] (px4_msgs) StdoutLine: {'line': b'-- Up-to-date: /home/em/ros_workspace_2025/nav_ws/install/px4_msgs/include/px4_msgs/px4_msgs/msg/detail/goto_setpoint__builder.hpp\n'}
[8.659983] (px4_msgs) StdoutLine: {'line': b'-- Up-to-date: /home/em/ros_workspace_2025/nav_ws/install/px4_msgs/include/px4_msgs/px4_msgs/msg/detail/sensor_hygrometer__traits.hpp\n'}
[8.660005] (px4_msgs) StdoutLine: {'line': b'-- Up-to-date: /home/em/ros_workspace_2025/nav_ws/install/px4_msgs/include/px4_msgs/px4_msgs/msg/detail/actuator_servos__builder.hpp\n'}
[8.660055] (px4_msgs) StdoutLine: {'line': b'-- Up-to-date: /home/em/ros_workspace_2025/nav_ws/install/px4_msgs/include/px4_msgs/px4_msgs/msg/detail/actuator_armed__builder.hpp\n'}
[8.660078] (px4_msgs) StdoutLine: {'line': b'-- Up-to-date: /home/em/ros_workspace_2025/nav_ws/install/px4_msgs/include/px4_msgs/px4_msgs/msg/detail/airspeed_validated__struct.hpp\n'}
[8.660099] (px4_msgs) StdoutLine: {'line': b'-- Up-to-date: /home/em/ros_workspace_2025/nav_ws/install/px4_msgs/include/px4_msgs/px4_msgs/msg/detail/vehicle_air_data__traits.hpp\n'}
[8.660121] (px4_msgs) StdoutLine: {'line': b'-- Up-to-date: /home/em/ros_workspace_2025/nav_ws/install/px4_msgs/include/px4_msgs/px4_msgs/msg/detail/figure_eight_status__struct.hpp\n'}
[8.660143] (px4_msgs) StdoutLine: {'line': b'-- Up-to-date: /home/em/ros_workspace_2025/nav_ws/install/px4_msgs/include/px4_msgs/px4_msgs/msg/detail/mag_worker_data__builder.hpp\n'}
[8.660165] (px4_msgs) StdoutLine: {'line': b'-- Up-to-date: /home/em/ros_workspace_2025/nav_ws/install/px4_msgs/include/px4_msgs/px4_msgs/msg/detail/ulog_stream__struct.hpp\n'}
[8.660187] (px4_msgs) StdoutLine: {'line': b'-- Up-to-date: /home/em/ros_workspace_2025/nav_ws/install/px4_msgs/include/px4_msgs/px4_msgs/msg/detail/event__struct.hpp\n'}
[8.660213] (px4_msgs) StdoutLine: {'line': b'-- Up-to-date: /home/em/ros_workspace_2025/nav_ws/install/px4_msgs/include/px4_msgs/px4_msgs/msg/detail/rover_ackermann_status__builder.hpp\n'}
[8.660271] (px4_msgs) StdoutLine: {'line': b'-- Up-to-date: /home/em/ros_workspace_2025/nav_ws/install/px4_msgs/include/px4_msgs/px4_msgs/msg/detail/cellular_status__builder.hpp\n'}
[8.660295] (px4_msgs) StdoutLine: {'line': b'-- Up-to-date: /home/em/ros_workspace_2025/nav_ws/install/px4_msgs/include/px4_msgs/px4_msgs/msg/detail/velocity_limits__builder.hpp\n'}
[8.660319] (px4_msgs) StdoutLine: {'line': b'-- Up-to-date: /home/em/ros_workspace_2025/nav_ws/install/px4_msgs/include/px4_msgs/px4_msgs/msg/detail/camera_status__struct.hpp\n'}
[8.660343] (px4_msgs) StdoutLine: {'line': b'-- Up-to-date: /home/em/ros_workspace_2025/nav_ws/install/px4_msgs/include/px4_msgs/px4_msgs/msg/detail/vehicle_constraints__builder.hpp\n'}
[8.660367] (px4_msgs) StdoutLine: {'line': b'-- Up-to-date: /home/em/ros_workspace_2025/nav_ws/install/px4_msgs/include/px4_msgs/px4_msgs/msg/detail/trajectory_bezier__traits.hpp\n'}
[8.660391] (px4_msgs) StdoutLine: {'line': b'-- Up-to-date: /home/em/ros_workspace_2025/nav_ws/install/px4_msgs/include/px4_msgs/px4_msgs/msg/detail/rover_ackermann_guidance_status__builder.hpp\n'}
[8.660414] (px4_msgs) StdoutLine: {'line': b'-- Up-to-date: /home/em/ros_workspace_2025/nav_ws/install/px4_msgs/include/px4_msgs/px4_msgs/msg/detail/wind__traits.hpp\n'}
[8.660436] (px4_msgs) StdoutLine: {'line': b'-- Up-to-date: /home/em/ros_workspace_2025/nav_ws/install/px4_msgs/include/px4_msgs/px4_msgs/msg/detail/vehicle_acceleration__builder.hpp\n'}
[8.660459] (px4_msgs) StdoutLine: {'line': b'-- Up-to-date: /home/em/ros_workspace_2025/nav_ws/install/px4_msgs/include/px4_msgs/px4_msgs/msg/detail/sensor_correction__traits.hpp\n'}
[8.660482] (px4_msgs) StdoutLine: {'line': b'-- Up-to-date: /home/em/ros_workspace_2025/nav_ws/install/px4_msgs/include/px4_msgs/px4_msgs/msg/detail/telemetry_status__traits.hpp\n'}
[8.660505] (px4_msgs) StdoutLine: {'line': b'-- Up-to-date: /home/em/ros_workspace_2025/nav_ws/install/px4_msgs/include/px4_msgs/px4_msgs/msg/detail/generator_status__builder.hpp\n'}
[8.660527] (px4_msgs) StdoutLine: {'line': b'-- Up-to-date: /home/em/ros_workspace_2025/nav_ws/install/px4_msgs/include/px4_msgs/px4_msgs/msg/detail/logger_status__traits.hpp\n'}
[8.660550] (px4_msgs) StdoutLine: {'line': b'-- Up-to-date: /home/em/ros_workspace_2025/nav_ws/install/px4_msgs/include/px4_msgs/px4_msgs/msg/detail/gimbal_device_attitude_status__traits.hpp\n'}
[8.660571] (px4_msgs) StdoutLine: {'line': b'-- Up-to-date: /home/em/ros_workspace_2025/nav_ws/install/px4_msgs/include/px4_msgs/px4_msgs/msg/detail/input_rc__traits.hpp\n'}
[8.660593] (px4_msgs) StdoutLine: {'line': b'-- Up-to-date: /home/em/ros_workspace_2025/nav_ws/install/px4_msgs/include/px4_msgs/px4_msgs/msg/detail/sensor_airflow__traits.hpp\n'}
[8.660614] (px4_msgs) StdoutLine: {'line': b'-- Up-to-date: /home/em/ros_workspace_2025/nav_ws/install/px4_msgs/include/px4_msgs/px4_msgs/msg/detail/vehicle_land_detected__struct.hpp\n'}
[8.660636] (px4_msgs) StdoutLine: {'line': b'-- Up-to-date: /home/em/ros_workspace_2025/nav_ws/install/px4_msgs/include/px4_msgs/px4_msgs/msg/detail/gimbal_manager_set_manual_control__builder.hpp\n'}
[8.660658] (px4_msgs) StdoutLine: {'line': b'-- Up-to-date: /home/em/ros_workspace_2025/nav_ws/install/px4_msgs/include/px4_msgs/px4_msgs/msg/detail/vehicle_trajectory_bezier__builder.hpp\n'}
[8.660682] (px4_msgs) StdoutLine: {'line': b'-- Up-to-date: /home/em/ros_workspace_2025/nav_ws/install/px4_msgs/include/px4_msgs/px4_msgs/msg/detail/vehicle_trajectory_bezier__traits.hpp\n'}
[8.660705] (px4_msgs) StdoutLine: {'line': b'-- Up-to-date: /home/em/ros_workspace_2025/nav_ws/install/px4_msgs/include/px4_msgs/px4_msgs/msg/detail/camera_capture__traits.hpp\n'}
[8.660726] (px4_msgs) StdoutLine: {'line': b'-- Up-to-date: /home/em/ros_workspace_2025/nav_ws/install/px4_msgs/include/px4_msgs/px4_msgs/msg/detail/offboard_control_mode__struct.hpp\n'}
[8.660749] (px4_msgs) StdoutLine: {'line': b'-- Up-to-date: /home/em/ros_workspace_2025/nav_ws/install/px4_msgs/include/px4_msgs/px4_msgs/msg/detail/follow_target__struct.hpp\n'}
[8.660771] (px4_msgs) StdoutLine: {'line': b'-- Up-to-date: /home/em/ros_workspace_2025/nav_ws/install/px4_msgs/include/px4_msgs/px4_msgs/msg/detail/rpm__traits.hpp\n'}
[8.660794] (px4_msgs) StdoutLine: {'line': b'-- Up-to-date: /home/em/ros_workspace_2025/nav_ws/install/px4_msgs/include/px4_msgs/px4_msgs/msg/detail/estimator_status_flags__traits.hpp\n'}
[8.660817] (px4_msgs) StdoutLine: {'line': b'-- Up-to-date: /home/em/ros_workspace_2025/nav_ws/install/px4_msgs/include/px4_msgs/px4_msgs/msg/detail/mount_orientation__builder.hpp\n'}
[8.660838] (px4_msgs) StdoutLine: {'line': b'-- Up-to-date: /home/em/ros_workspace_2025/nav_ws/install/px4_msgs/include/px4_msgs/px4_msgs/msg/detail/gimbal_manager_information__struct.hpp\n'}
[8.660860] (px4_msgs) StdoutLine: {'line': b'-- Up-to-date: /home/em/ros_workspace_2025/nav_ws/install/px4_msgs/include/px4_msgs/px4_msgs/msg/detail/actuator_motors__struct.hpp\n'}
[8.660882] (px4_msgs) StdoutLine: {'line': b'-- Up-to-date: /home/em/ros_workspace_2025/nav_ws/install/px4_msgs/include/px4_msgs/px4_msgs/msg/detail/health_report__struct.hpp\n'}
[8.660903] (px4_msgs) StdoutLine: {'line': b'-- Up-to-date: /home/em/ros_workspace_2025/nav_ws/install/px4_msgs/include/px4_msgs/px4_msgs/msg/detail/vehicle_command__traits.hpp\n'}
[8.660925] (px4_msgs) StdoutLine: {'line': b'-- Up-to-date: /home/em/ros_workspace_2025/nav_ws/install/px4_msgs/include/px4_msgs/px4_msgs/msg/detail/sensor_optical_flow__struct.hpp\n'}
[8.660946] (px4_msgs) StdoutLine: {'line': b'-- Up-to-date: /home/em/ros_workspace_2025/nav_ws/install/px4_msgs/include/px4_msgs/px4_msgs/msg/detail/gpio_in__struct.hpp\n'}
[8.660968] (px4_msgs) StdoutLine: {'line': b'-- Up-to-date: /home/em/ros_workspace_2025/nav_ws/install/px4_msgs/include/px4_msgs/px4_msgs/msg/detail/landing_gear_wheel__traits.hpp\n'}
[8.660989] (px4_msgs) StdoutLine: {'line': b'-- Up-to-date: /home/em/ros_workspace_2025/nav_ws/install/px4_msgs/include/px4_msgs/px4_msgs/msg/detail/cpuload__traits.hpp\n'}
[8.661011] (px4_msgs) StdoutLine: {'line': b'-- Up-to-date: /home/em/ros_workspace_2025/nav_ws/install/px4_msgs/include/px4_msgs/px4_msgs/msg/detail/unregister_ext_component__traits.hpp\n'}
[8.661035] (px4_msgs) StdoutLine: {'line': b'-- Up-to-date: /home/em/ros_workspace_2025/nav_ws/install/px4_msgs/include/px4_msgs/px4_msgs/msg/detail/gps_inject_data__traits.hpp\n'}
[8.661058] (px4_msgs) StdoutLine: {'line': b'-- Up-to-date: /home/em/ros_workspace_2025/nav_ws/install/px4_msgs/include/px4_msgs/px4_msgs/msg/detail/vehicle_global_position__traits.hpp\n'}
[8.661079] (px4_msgs) StdoutLine: {'line': b'-- Up-to-date: /home/em/ros_workspace_2025/nav_ws/install/px4_msgs/include/px4_msgs/px4_msgs/msg/detail/uavcan_parameter_value__builder.hpp\n'}
[8.661100] (px4_msgs) StdoutLine: {'line': b'-- Up-to-date: /home/em/ros_workspace_2025/nav_ws/install/px4_msgs/include/px4_msgs/px4_msgs/msg/detail/wheel_encoders__traits.hpp\n'}
[8.661122] (px4_msgs) StdoutLine: {'line': b'-- Up-to-date: /home/em/ros_workspace_2025/nav_ws/install/px4_msgs/include/px4_msgs/px4_msgs/msg/detail/vehicle_command_ack__builder.hpp\n'}
[8.661144] (px4_msgs) StdoutLine: {'line': b'-- Up-to-date: /home/em/ros_workspace_2025/nav_ws/install/px4_msgs/include/px4_msgs/px4_msgs/msg/detail/gimbal_device_information__struct.hpp\n'}
[8.661166] (px4_msgs) StdoutLine: {'line': b'-- Up-to-date: /home/em/ros_workspace_2025/nav_ws/install/px4_msgs/include/px4_msgs/px4_msgs/msg/detail/manual_control_setpoint__struct.hpp\n'}
[8.661187] (px4_msgs) StdoutLine: {'line': b'-- Up-to-date: /home/em/ros_workspace_2025/nav_ws/install/px4_msgs/include/px4_msgs/px4_msgs/msg/detail/sensor_gyro_fifo__traits.hpp\n'}
[8.661213] (px4_msgs) StdoutLine: {'line': b'-- Up-to-date: /home/em/ros_workspace_2025/nav_ws/install/px4_msgs/include/px4_msgs/px4_msgs/msg/detail/parameter_set_value_request__traits.hpp\n'}
[8.661235] (px4_msgs) StdoutLine: {'line': b'-- Up-to-date: /home/em/ros_workspace_2025/nav_ws/install/px4_msgs/include/px4_msgs/px4_msgs/msg/detail/distance_sensor__struct.hpp\n'}
[8.661259] (px4_msgs) StdoutLine: {'line': b'-- Up-to-date: /home/em/ros_workspace_2025/nav_ws/install/px4_msgs/include/px4_msgs/px4_msgs/msg/detail/vehicle_control_mode__traits.hpp\n'}
[8.661282] (px4_msgs) StdoutLine: {'line': b'-- Up-to-date: /home/em/ros_workspace_2025/nav_ws/install/px4_msgs/include/px4_msgs/px4_msgs/msg/detail/logger_status__builder.hpp\n'}
[8.661306] (px4_msgs) StdoutLine: {'line': b'-- Up-to-date: /home/em/ros_workspace_2025/nav_ws/install/px4_msgs/include/px4_msgs/px4_msgs/msg/detail/vehicle_status__builder.hpp\n'}
[8.661328] (px4_msgs) StdoutLine: {'line': b'-- Up-to-date: /home/em/ros_workspace_2025/nav_ws/install/px4_msgs/include/px4_msgs/px4_msgs/msg/detail/internal_combustion_engine_status__builder.hpp\n'}
[8.661350] (px4_msgs) StdoutLine: {'line': b'-- Up-to-date: /home/em/ros_workspace_2025/nav_ws/install/px4_msgs/include/px4_msgs/px4_msgs/msg/detail/estimator_bias3d__builder.hpp\n'}
[8.661376] (px4_msgs) StdoutLine: {'line': b'-- Up-to-date: /home/em/ros_workspace_2025/nav_ws/install/px4_msgs/include/px4_msgs/px4_msgs/msg/detail/sensor_gps__builder.hpp\n'}
[8.661399] (px4_msgs) StdoutLine: {'line': b'-- Up-to-date: /home/em/ros_workspace_2025/nav_ws/install/px4_msgs/include/px4_msgs/px4_msgs/msg/detail/register_ext_component_reply__builder.hpp\n'}
[8.661422] (px4_msgs) StdoutLine: {'line': b'-- Up-to-date: /home/em/ros_workspace_2025/nav_ws/install/px4_msgs/include/px4_msgs/px4_msgs/msg/detail/estimator_states__traits.hpp\n'}
[8.661444] (px4_msgs) StdoutLine: {'line': b'-- Up-to-date: /home/em/ros_workspace_2025/nav_ws/install/px4_msgs/include/px4_msgs/px4_msgs/msg/detail/ulog_stream_ack__builder.hpp\n'}
[8.661467] (px4_msgs) StdoutLine: {'line': b'-- Up-to-date: /home/em/ros_workspace_2025/nav_ws/install/px4_msgs/include/px4_msgs/px4_msgs/msg/detail/adc_report__struct.hpp\n'}
[8.661489] (px4_msgs) StdoutLine: {'line': b'-- Up-to-date: /home/em/ros_workspace_2025/nav_ws/install/px4_msgs/include/px4_msgs/px4_msgs/msg/detail/task_stack_info__traits.hpp\n'}
[8.661514] (px4_msgs) StdoutLine: {'line': b'-- Up-to-date: /home/em/ros_workspace_2025/nav_ws/install/px4_msgs/include/px4_msgs/px4_msgs/msg/detail/qshell_req__struct.hpp\n'}
[8.661537] (px4_msgs) StdoutLine: {'line': b'-- Up-to-date: /home/em/ros_workspace_2025/nav_ws/install/px4_msgs/include/px4_msgs/px4_msgs/msg/detail/open_drone_id_arm_status__struct.hpp\n'}
[8.661559] (px4_msgs) StdoutLine: {'line': b'-- Up-to-date: /home/em/ros_workspace_2025/nav_ws/install/px4_msgs/include/px4_msgs/px4_msgs/msg/detail/sensor_airflow__struct.hpp\n'}
[8.661581] (px4_msgs) StdoutLine: {'line': b'-- Up-to-date: /home/em/ros_workspace_2025/nav_ws/install/px4_msgs/include/px4_msgs/px4_msgs/msg/detail/gimbal_controls__traits.hpp\n'}
[8.661603] (px4_msgs) StdoutLine: {'line': b'-- Up-to-date: /home/em/ros_workspace_2025/nav_ws/install/px4_msgs/include/px4_msgs/px4_msgs/msg/detail/gimbal_device_attitude_status__struct.hpp\n'}
[8.661624] (px4_msgs) StdoutLine: {'line': b'-- Up-to-date: /home/em/ros_workspace_2025/nav_ws/install/px4_msgs/include/px4_msgs/px4_msgs/msg/detail/estimator_bias__builder.hpp\n'}
[8.661645] (px4_msgs) StdoutLine: {'line': b'-- Up-to-date: /home/em/ros_workspace_2025/nav_ws/install/px4_msgs/include/px4_msgs/px4_msgs/msg/detail/position_controller_landing_status__builder.hpp\n'}
[8.661666] (px4_msgs) StdoutLine: {'line': b'-- Up-to-date: /home/em/ros_workspace_2025/nav_ws/install/px4_msgs/include/px4_msgs/px4_msgs/msg/detail/estimator_selector_status__builder.hpp\n'}
[8.661688] (px4_msgs) StdoutLine: {'line': b'-- Up-to-date: /home/em/ros_workspace_2025/nav_ws/install/px4_msgs/include/px4_msgs/px4_msgs/msg/detail/tune_control__traits.hpp\n'}
[8.661710] (px4_msgs) StdoutLine: {'line': b'-- Up-to-date: /home/em/ros_workspace_2025/nav_ws/install/px4_msgs/include/px4_msgs/px4_msgs/msg/detail/gpio_out__struct.hpp\n'}
[8.661731] (px4_msgs) StdoutLine: {'line': b'-- Up-to-date: /home/em/ros_workspace_2025/nav_ws/install/px4_msgs/include/px4_msgs/px4_msgs/msg/detail/gimbal_manager_information__traits.hpp\n'}
[8.661763] (px4_msgs) StdoutLine: {'line': b'-- Up-to-date: /home/em/ros_workspace_2025/nav_ws/install/px4_msgs/include/px4_msgs/px4_msgs/msg/detail/pps_capture__struct.hpp\n'}
[8.661801] (px4_msgs) StdoutLine: {'line': b'-- Up-to-date: /home/em/ros_workspace_2025/nav_ws/install/px4_msgs/include/px4_msgs/px4_msgs/msg/detail/gimbal_manager_status__builder.hpp\n'}
[8.661839] (px4_msgs) StdoutLine: {'line': b'-- Up-to-date: /home/em/ros_workspace_2025/nav_ws/install/px4_msgs/include/px4_msgs/px4_msgs/msg/detail/actuator_controls_status__builder.hpp\n'}
[8.661865] (px4_msgs) StdoutLine: {'line': b'-- Up-to-date: /home/em/ros_workspace_2025/nav_ws/install/px4_msgs/include/px4_msgs/px4_msgs/msg/detail/sensor_accel_fifo__traits.hpp\n'}
[8.661888] (px4_msgs) StdoutLine: {'line': b'-- Up-to-date: /home/em/ros_workspace_2025/nav_ws/install/px4_msgs/include/px4_msgs/px4_msgs/msg/detail/sensor_airflow__builder.hpp\n'}
[8.661912] (px4_msgs) StdoutLine: {'line': b'-- Up-to-date: /home/em/ros_workspace_2025/nav_ws/install/px4_msgs/include/px4_msgs/px4_msgs/msg/detail/vehicle_command_ack__struct.hpp\n'}
[8.661935] (px4_msgs) StdoutLine: {'line': b'-- Up-to-date: /home/em/ros_workspace_2025/nav_ws/install/px4_msgs/include/px4_msgs/px4_msgs/msg/detail/cpuload__builder.hpp\n'}
[8.661962] (px4_msgs) StdoutLine: {'line': b'-- Up-to-date: /home/em/ros_workspace_2025/nav_ws/install/px4_msgs/include/px4_msgs/px4_msgs/msg/detail/estimator_bias3d__traits.hpp\n'}
[8.661986] (px4_msgs) StdoutLine: {'line': b'-- Up-to-date: /home/em/ros_workspace_2025/nav_ws/install/px4_msgs/include/px4_msgs/px4_msgs/msg/detail/position_controller_landing_status__struct.hpp\n'}
[8.662009] (px4_msgs) StdoutLine: {'line': b'-- Up-to-date: /home/em/ros_workspace_2025/nav_ws/install/px4_msgs/include/px4_msgs/px4_msgs/msg/detail/rover_ackermann_guidance_status__struct.hpp\n'}
[8.662032] (px4_msgs) StdoutLine: {'line': b'-- Up-to-date: /home/em/ros_workspace_2025/nav_ws/install/px4_msgs/include/px4_msgs/px4_msgs/msg/detail/rate_ctrl_status__traits.hpp\n'}
[8.662083] (px4_msgs) StdoutLine: {'line': b'-- Up-to-date: /home/em/ros_workspace_2025/nav_ws/install/px4_msgs/include/px4_msgs/px4_msgs/msg/detail/estimator_selector_status__traits.hpp\n'}
[8.662143] (px4_msgs) StdoutLine: {'line': b'-- Up-to-date: /home/em/ros_workspace_2025/nav_ws/install/px4_msgs/include/px4_msgs/px4_msgs/msg/detail/estimator_aid_source3d__builder.hpp\n'}
[8.662254] (px4_msgs) StdoutLine: {'line': b'-- Up-to-date: /home/em/ros_workspace_2025/nav_ws/install/px4_msgs/include/px4_msgs/px4_msgs/msg/detail/estimator_aid_source3d__traits.hpp\n'}
[8.662289] (px4_msgs) StdoutLine: {'line': b'-- Up-to-date: /home/em/ros_workspace_2025/nav_ws/install/px4_msgs/include/px4_msgs/px4_msgs/msg/detail/estimator_gps_status__builder.hpp\n'}
[8.662313] (px4_msgs) StdoutLine: {'line': b'-- Up-to-date: /home/em/ros_workspace_2025/nav_ws/install/px4_msgs/include/px4_msgs/px4_msgs/msg/detail/arming_check_reply__struct.hpp\n'}
[8.662336] (px4_msgs) StdoutLine: {'line': b'-- Up-to-date: /home/em/ros_workspace_2025/nav_ws/install/px4_msgs/include/px4_msgs/px4_msgs/msg/detail/vehicle_air_data__builder.hpp\n'}
[8.662366] (px4_msgs) StdoutLine: {'line': b'-- Up-to-date: /home/em/ros_workspace_2025/nav_ws/install/px4_msgs/include/px4_msgs/px4_msgs/msg/detail/debug_value__traits.hpp\n'}
[8.662390] (px4_msgs) StdoutLine: {'line': b'-- Up-to-date: /home/em/ros_workspace_2025/nav_ws/install/px4_msgs/include/px4_msgs/px4_msgs/msg/detail/mag_worker_data__traits.hpp\n'}
[8.662413] (px4_msgs) StdoutLine: {'line': b'-- Up-to-date: /home/em/ros_workspace_2025/nav_ws/install/px4_msgs/include/px4_msgs/px4_msgs/msg/detail/airspeed_wind__builder.hpp\n'}
[8.662435] (px4_msgs) StdoutLine: {'line': b'-- Up-to-date: /home/em/ros_workspace_2025/nav_ws/install/px4_msgs/include/px4_msgs/px4_msgs/msg/detail/parameter_set_value_response__traits.hpp\n'}
[8.662459] (px4_msgs) StdoutLine: {'line': b'-- Up-to-date: /home/em/ros_workspace_2025/nav_ws/install/px4_msgs/include/px4_msgs/px4_msgs/msg/detail/open_drone_id_arm_status__builder.hpp\n'}
[8.662495] (px4_msgs) StdoutLine: {'line': b'-- Up-to-date: /home/em/ros_workspace_2025/nav_ws/install/px4_msgs/include/px4_msgs/px4_msgs/msg/detail/home_position__traits.hpp\n'}
[8.662521] (px4_msgs) StdoutLine: {'line': b'-- Up-to-date: /home/em/ros_workspace_2025/nav_ws/install/px4_msgs/include/px4_msgs/px4_msgs/msg/detail/esc_status__traits.hpp\n'}
[8.662543] (px4_msgs) StdoutLine: {'line': b'-- Up-to-date: /home/em/ros_workspace_2025/nav_ws/install/px4_msgs/include/px4_msgs/px4_msgs/msg/detail/vehicle_imu_status__builder.hpp\n'}
[8.662564] (px4_msgs) StdoutLine: {'line': b'-- Up-to-date: /home/em/ros_workspace_2025/nav_ws/install/px4_msgs/include/px4_msgs/px4_msgs/msg/detail/landing_gear_wheel__struct.hpp\n'}
[8.662588] (px4_msgs) StdoutLine: {'line': b'-- Up-to-date: /home/em/ros_workspace_2025/nav_ws/install/px4_msgs/include/px4_msgs/px4_msgs/msg/detail/camera_trigger__traits.hpp\n'}
[8.662611] (px4_msgs) StdoutLine: {'line': b'-- Up-to-date: /home/em/ros_workspace_2025/nav_ws/install/px4_msgs/include/px4_msgs/px4_msgs/msg/detail/estimator_aid_source2d__builder.hpp\n'}
[8.662634] (px4_msgs) StdoutLine: {'line': b'-- Up-to-date: /home/em/ros_workspace_2025/nav_ws/install/px4_msgs/include/px4_msgs/px4_msgs/msg/detail/estimator_sensor_bias__struct.hpp\n'}
[8.662657] (px4_msgs) StdoutLine: {'line': b'-- Up-to-date: /home/em/ros_workspace_2025/nav_ws/install/px4_msgs/include/px4_msgs/px4_msgs/msg/detail/gripper__traits.hpp\n'}
[8.662680] (px4_msgs) StdoutLine: {'line': b'-- Up-to-date: /home/em/ros_workspace_2025/nav_ws/install/px4_msgs/include/px4_msgs/px4_msgs/msg/detail/px4io_status__builder.hpp\n'}
[8.662703] (px4_msgs) StdoutLine: {'line': b'-- Up-to-date: /home/em/ros_workspace_2025/nav_ws/install/px4_msgs/include/px4_msgs/px4_msgs/msg/detail/vehicle_thrust_setpoint__builder.hpp\n'}
[8.662727] (px4_msgs) StdoutLine: {'line': b'-- Up-to-date: /home/em/ros_workspace_2025/nav_ws/install/px4_msgs/include/px4_msgs/px4_msgs/msg/detail/esc_status__struct.hpp\n'}
[8.662764] (px4_msgs) StdoutLine: {'line': b'-- Up-to-date: /home/em/ros_workspace_2025/nav_ws/install/px4_msgs/include/px4_msgs/px4_msgs/msg/detail/vehicle_attitude_setpoint__traits.hpp\n'}
[8.662787] (px4_msgs) StdoutLine: {'line': b'-- Up-to-date: /home/em/ros_workspace_2025/nav_ws/install/px4_msgs/include/px4_msgs/px4_msgs/msg/detail/open_drone_id_self_id__struct.hpp\n'}
[8.662855] (px4_msgs) StdoutLine: {'line': b'-- Up-to-date: /home/em/ros_workspace_2025/nav_ws/install/px4_msgs/include/px4_msgs/px4_msgs/msg/detail/health_report__traits.hpp\n'}
[8.662878] (px4_msgs) StdoutLine: {'line': b'-- Up-to-date: /home/em/ros_workspace_2025/nav_ws/install/px4_msgs/include/px4_msgs/px4_msgs/msg/detail/rover_differential_guidance_status__builder.hpp\n'}
[8.662902] (px4_msgs) StdoutLine: {'line': b'-- Up-to-date: /home/em/ros_workspace_2025/nav_ws/install/px4_msgs/include/px4_msgs/px4_msgs/msg/detail/position_setpoint_triplet__struct.hpp\n'}
[8.662925] (px4_msgs) StdoutLine: {'line': b'-- Up-to-date: /home/em/ros_workspace_2025/nav_ws/install/px4_msgs/include/px4_msgs/px4_msgs/msg/detail/follow_target__traits.hpp\n'}
[8.662948] (px4_msgs) StdoutLine: {'line': b'-- Up-to-date: /home/em/ros_workspace_2025/nav_ws/install/px4_msgs/include/px4_msgs/px4_msgs/msg/detail/register_ext_component_reply__traits.hpp\n'}
[8.663003] (px4_msgs) StdoutLine: {'line': b'-- Up-to-date: /home/em/ros_workspace_2025/nav_ws/install/px4_msgs/include/px4_msgs/px4_msgs/msg/detail/vehicle_angular_velocity__traits.hpp\n'}
[8.663044] (px4_msgs) StdoutLine: {'line': b'-- Up-to-date: /home/em/ros_workspace_2025/nav_ws/install/px4_msgs/include/px4_msgs/px4_msgs/msg/detail/mavlink_log__struct.hpp\n'}
[8.663086] (px4_msgs) StdoutLine: {'line': b'-- Up-to-date: /home/em/ros_workspace_2025/nav_ws/install/px4_msgs/include/px4_msgs/px4_msgs/msg/detail/landing_gear__traits.hpp\n'}
[8.663132] (px4_msgs) StdoutLine: {'line': b'-- Up-to-date: /home/em/ros_workspace_2025/nav_ws/install/px4_msgs/include/px4_msgs/px4_msgs/msg/detail/mission_result__traits.hpp\n'}
[8.663214] (px4_msgs) StdoutLine: {'line': b'-- Up-to-date: /home/em/ros_workspace_2025/nav_ws/install/px4_msgs/include/px4_msgs/px4_msgs/msg/detail/gimbal_device_information__builder.hpp\n'}
[8.663240] (px4_msgs) StdoutLine: {'line': b'-- Up-to-date: /home/em/ros_workspace_2025/nav_ws/install/px4_msgs/include/px4_msgs/px4_msgs/msg/detail/orbit_status__struct.hpp\n'}
[8.663264] (px4_msgs) StdoutLine: {'line': b'-- Up-to-date: /home/em/ros_workspace_2025/nav_ws/install/px4_msgs/include/px4_msgs/px4_msgs/msg/detail/arming_check_request__builder.hpp\n'}
[8.663299] (px4_msgs) StdoutLine: {'line': b'-- Up-to-date: /home/em/ros_workspace_2025/nav_ws/install/px4_msgs/include/px4_msgs/px4_msgs/msg/detail/estimator_gps_status__traits.hpp\n'}
[8.663323] (px4_msgs) StdoutLine: {'line': b'-- Up-to-date: /home/em/ros_workspace_2025/nav_ws/install/px4_msgs/include/px4_msgs/px4_msgs/msg/detail/gps_dump__struct.hpp\n'}
[8.663348] (px4_msgs) StdoutLine: {'line': b'-- Up-to-date: /home/em/ros_workspace_2025/nav_ws/install/px4_msgs/include/px4_msgs/px4_msgs/msg/detail/takeoff_status__traits.hpp\n'}
[8.663371] (px4_msgs) StdoutLine: {'line': b'-- Up-to-date: /home/em/ros_workspace_2025/nav_ws/install/px4_msgs/include/px4_msgs/px4_msgs/msg/detail/camera_trigger__builder.hpp\n'}
[8.663395] (px4_msgs) StdoutLine: {'line': b'-- Up-to-date: /home/em/ros_workspace_2025/nav_ws/install/px4_msgs/include/px4_msgs/px4_msgs/msg/detail/open_drone_id_system__builder.hpp\n'}
[8.663422] (px4_msgs) StdoutLine: {'line': b'-- Up-to-date: /home/em/ros_workspace_2025/nav_ws/install/px4_msgs/include/px4_msgs/px4_msgs/msg/detail/onboard_computer_status__struct.hpp\n'}
[8.663475] (px4_msgs) StdoutLine: {'line': b'-- Up-to-date: /home/em/ros_workspace_2025/nav_ws/install/px4_msgs/include/px4_msgs/px4_msgs/msg/detail/vehicle_land_detected__builder.hpp\n'}
[8.663592] (px4_msgs) StdoutLine: {'line': b'-- Up-to-date: /home/em/ros_workspace_2025/nav_ws/install/px4_msgs/include/px4_msgs/px4_msgs/msg/detail/battery_status__traits.hpp\n'}
[8.663662] (px4_msgs) StdoutLine: {'line': b'-- Up-to-date: /home/em/ros_workspace_2025/nav_ws/install/px4_msgs/include/px4_msgs/px4_msgs/msg/detail/landing_gear__struct.hpp\n'}
[8.663701] (px4_msgs) StdoutLine: {'line': b'-- Up-to-date: /home/em/ros_workspace_2025/nav_ws/install/px4_msgs/include/px4_msgs/px4_msgs/msg/detail/parameter_set_value_request__builder.hpp\n'}
[8.663746] (px4_msgs) StdoutLine: {'line': b'-- Up-to-date: /home/em/ros_workspace_2025/nav_ws/install/px4_msgs/include/px4_msgs/px4_msgs/msg/detail/ulog_stream_ack__traits.hpp\n'}
[8.663773] (px4_msgs) StdoutLine: {'line': b'-- Up-to-date: /home/em/ros_workspace_2025/nav_ws/install/px4_msgs/include/px4_msgs/px4_msgs/msg/detail/config_overrides__struct.hpp\n'}
[8.663828] (px4_msgs) StdoutLine: {'line': b'-- Up-to-date: /home/em/ros_workspace_2025/nav_ws/install/px4_msgs/include/px4_msgs/px4_msgs/msg/detail/rover_mecanum_status__traits.hpp\n'}
[8.663854] (px4_msgs) StdoutLine: {'line': b'-- Up-to-date: /home/em/ros_workspace_2025/nav_ws/install/px4_msgs/include/px4_msgs/px4_msgs/msg/detail/rtl_status__builder.hpp\n'}
[8.663884] (px4_msgs) StdoutLine: {'line': b'-- Up-to-date: /home/em/ros_workspace_2025/nav_ws/install/px4_msgs/include/px4_msgs/px4_msgs/msg/detail/iridiumsbd_status__builder.hpp\n'}
[8.663914] (px4_msgs) StdoutLine: {'line': b'-- Up-to-date: /home/em/ros_workspace_2025/nav_ws/install/px4_msgs/include/px4_msgs/px4_msgs/msg/detail/sensor_optical_flow__builder.hpp\n'}
[8.663938] (px4_msgs) StdoutLine: {'line': b'-- Up-to-date: /home/em/ros_workspace_2025/nav_ws/install/px4_msgs/include/px4_msgs/px4_msgs/msg/detail/gimbal_manager_set_manual_control__traits.hpp\n'}
[8.663962] (px4_msgs) StdoutLine: {'line': b'-- Up-to-date: /home/em/ros_workspace_2025/nav_ws/install/px4_msgs/include/px4_msgs/px4_msgs/msg/detail/parameter_reset_request__builder.hpp\n'}
[8.663988] (px4_msgs) StdoutLine: {'line': b'-- Up-to-date: /home/em/ros_workspace_2025/nav_ws/install/px4_msgs/include/px4_msgs/px4_msgs/msg/detail/launch_detection_status__struct.hpp\n'}
[8.664012] (px4_msgs) StdoutLine: {'line': b'-- Up-to-date: /home/em/ros_workspace_2025/nav_ws/install/px4_msgs/include/px4_msgs/px4_msgs/msg/detail/arming_check_reply__builder.hpp\n'}
[8.664060] (px4_msgs) StdoutLine: {'line': b'-- Up-to-date: /home/em/ros_workspace_2025/nav_ws/install/px4_msgs/include/px4_msgs/px4_msgs/msg/detail/follow_target_estimator__traits.hpp\n'}
[8.664124] (px4_msgs) StdoutLine: {'line': b'-- Up-to-date: /home/em/ros_workspace_2025/nav_ws/install/px4_msgs/include/px4_msgs/px4_msgs/msg/detail/sensors_status__struct.hpp\n'}
[8.664152] (px4_msgs) StdoutLine: {'line': b'-- Up-to-date: /home/em/ros_workspace_2025/nav_ws/install/px4_msgs/include/px4_msgs/px4_msgs/msg/detail/vehicle_torque_setpoint__traits.hpp\n'}
[8.664227] (px4_msgs) StdoutLine: {'line': b'-- Up-to-date: /home/em/ros_workspace_2025/nav_ws/install/px4_msgs/include/px4_msgs/px4_msgs/msg/detail/differential_pressure__builder.hpp\n'}
[8.664258] (px4_msgs) StdoutLine: {'line': b'-- Up-to-date: /home/em/ros_workspace_2025/nav_ws/install/px4_msgs/include/px4_msgs/px4_msgs/msg/detail/ekf2_timestamps__traits.hpp\n'}
[8.664292] (px4_msgs) StdoutLine: {'line': b'-- Up-to-date: /home/em/ros_workspace_2025/nav_ws/install/px4_msgs/include/px4_msgs/px4_msgs/msg/detail/cellular_status__traits.hpp\n'}
[8.664338] (px4_msgs) StdoutLine: {'line': b'-- Up-to-date: /home/em/ros_workspace_2025/nav_ws/install/px4_msgs/include/px4_msgs/px4_msgs/msg/detail/wind__struct.hpp\n'}
[8.664366] (px4_msgs) StdoutLine: {'line': b'-- Up-to-date: /home/em/ros_workspace_2025/nav_ws/install/px4_msgs/include/px4_msgs/px4_msgs/msg/detail/sensor_selection__traits.hpp\n'}
[8.664586] (px4_msgs) StdoutLine: {'line': b'-- Up-to-date: /home/em/ros_workspace_2025/nav_ws/install/px4_msgs/include/px4_msgs/px4_msgs/msg/detail/rover_mecanum_guidance_status__traits.hpp\n'}
[8.664660] (px4_msgs) StdoutLine: {'line': b'-- Up-to-date: /home/em/ros_workspace_2025/nav_ws/install/px4_msgs/include/px4_msgs/px4_msgs/msg/detail/vehicle_optical_flow__traits.hpp\n'}
[8.664687] (px4_msgs) StdoutLine: {'line': b'-- Up-to-date: /home/em/ros_workspace_2025/nav_ws/install/px4_msgs/include/px4_msgs/px4_msgs/msg/detail/vehicle_acceleration__traits.hpp\n'}
[8.664712] (px4_msgs) StdoutLine: {'line': b'-- Up-to-date: /home/em/ros_workspace_2025/nav_ws/install/px4_msgs/include/px4_msgs/px4_msgs/msg/detail/ulog_stream_ack__struct.hpp\n'}
[8.664751] (px4_msgs) StdoutLine: {'line': b'-- Up-to-date: /home/em/ros_workspace_2025/nav_ws/install/px4_msgs/include/px4_msgs/px4_msgs/msg/detail/vehicle_command__builder.hpp\n'}
[8.664776] (px4_msgs) StdoutLine: {'line': b'-- Up-to-date: /home/em/ros_workspace_2025/nav_ws/install/px4_msgs/include/px4_msgs/px4_msgs/msg/detail/follow_target_status__builder.hpp\n'}
[8.664808] (px4_msgs) StdoutLine: {'line': b'-- Up-to-date: /home/em/ros_workspace_2025/nav_ws/install/px4_msgs/include/px4_msgs/px4_msgs/msg/detail/vehicle_local_position_setpoint__struct.hpp\n'}
[8.664838] (px4_msgs) StdoutLine: {'line': b'-- Up-to-date: /home/em/ros_workspace_2025/nav_ws/install/px4_msgs/include/px4_msgs/px4_msgs/msg/detail/geofence_result__traits.hpp\n'}
[8.664863] (px4_msgs) StdoutLine: {'line': b'-- Up-to-date: /home/em/ros_workspace_2025/nav_ws/install/px4_msgs/include/px4_msgs/px4_msgs/msg/detail/debug_vect__traits.hpp\n'}
[8.664888] (px4_msgs) StdoutLine: {'line': b'-- Up-to-date: /home/em/ros_workspace_2025/nav_ws/install/px4_msgs/include/px4_msgs/px4_msgs/msg/detail/failure_detector_status__builder.hpp\n'}
[8.664911] (px4_msgs) StdoutLine: {'line': b'-- Up-to-date: /home/em/ros_workspace_2025/nav_ws/install/px4_msgs/include/px4_msgs/px4_msgs/msg/detail/tiltrotor_extra_controls__builder.hpp\n'}
[8.664933] (px4_msgs) StdoutLine: {'line': b'-- Up-to-date: /home/em/ros_workspace_2025/nav_ws/install/px4_msgs/include/px4_msgs/px4_msgs/msg/detail/orb_test_medium__builder.hpp\n'}
[8.664957] (px4_msgs) StdoutLine: {'line': b'-- Up-to-date: /home/em/ros_workspace_2025/nav_ws/install/px4_msgs/include/px4_msgs/px4_msgs/msg/detail/gimbal_device_information__traits.hpp\n'}
[8.664990] (px4_msgs) StdoutLine: {'line': b'-- Up-to-date: /home/em/ros_workspace_2025/nav_ws/install/px4_msgs/include/px4_msgs/px4_msgs/msg/detail/launch_detection_status__traits.hpp\n'}
[8.665025] (px4_msgs) StdoutLine: {'line': b'-- Up-to-date: /home/em/ros_workspace_2025/nav_ws/install/px4_msgs/include/px4_msgs/px4_msgs/msg/detail/navigator_mission_item__traits.hpp\n'}
[8.665051] (px4_msgs) StdoutLine: {'line': b'-- Up-to-date: /home/em/ros_workspace_2025/nav_ws/install/px4_msgs/include/px4_msgs/px4_msgs/msg/detail/parameter_reset_request__struct.hpp\n'}
[8.665074] (px4_msgs) StdoutLine: {'line': b'-- Up-to-date: /home/em/ros_workspace_2025/nav_ws/install/px4_msgs/include/px4_msgs/px4_msgs/msg/detail/health_report__builder.hpp\n'}
[8.665096] (px4_msgs) StdoutLine: {'line': b'-- Up-to-date: /home/em/ros_workspace_2025/nav_ws/install/px4_msgs/include/px4_msgs/px4_msgs/msg/detail/log_message__struct.hpp\n'}
[8.665120] (px4_msgs) StdoutLine: {'line': b'-- Up-to-date: /home/em/ros_workspace_2025/nav_ws/install/px4_msgs/include/px4_msgs/px4_msgs/msg/detail/button_event__struct.hpp\n'}
[8.665143] (px4_msgs) StdoutLine: {'line': b'-- Up-to-date: /home/em/ros_workspace_2025/nav_ws/install/px4_msgs/include/px4_msgs/px4_msgs/msg/detail/message_format_response__struct.hpp\n'}
[8.665165] (px4_msgs) StdoutLine: {'line': b'-- Up-to-date: /home/em/ros_workspace_2025/nav_ws/install/px4_msgs/include/px4_msgs/px4_msgs/msg/detail/vehicle_imu_status__struct.hpp\n'}
[8.665282] (px4_msgs) StdoutLine: {'line': b'-- Up-to-date: /home/em/ros_workspace_2025/nav_ws/install/px4_msgs/include/px4_msgs/px4_msgs/msg/detail/fuel_tank_status__struct.hpp\n'}
[8.665488] (px4_msgs) StdoutLine: {'line': b'-- Up-to-date: /home/em/ros_workspace_2025/nav_ws/install/px4_msgs/include/px4_msgs/px4_msgs/msg/detail/register_ext_component_request__traits.hpp\n'}
[8.665536] (px4_msgs) StdoutLine: {'line': b'-- Up-to-date: /home/em/ros_workspace_2025/nav_ws/install/px4_msgs/include/px4_msgs/px4_msgs/msg/detail/cellular_status__struct.hpp\n'}
[8.665572] (px4_msgs) StdoutLine: {'line': b'-- Up-to-date: /home/em/ros_workspace_2025/nav_ws/install/px4_msgs/include/px4_msgs/px4_msgs/msg/detail/sensor_accel__traits.hpp\n'}
[8.665604] (px4_msgs) StdoutLine: {'line': b'-- Up-to-date: /home/em/ros_workspace_2025/nav_ws/install/px4_msgs/include/px4_msgs/px4_msgs/msg/detail/open_drone_id_operator_id__traits.hpp\n'}
[8.665644] (px4_msgs) StdoutLine: {'line': b'-- Up-to-date: /home/em/ros_workspace_2025/nav_ws/install/px4_msgs/include/px4_msgs/px4_msgs/msg/detail/parameter_update__traits.hpp\n'}
[8.665679] (px4_msgs) StdoutLine: {'line': b'-- Up-to-date: /home/em/ros_workspace_2025/nav_ws/install/px4_msgs/include/px4_msgs/px4_msgs/msg/detail/uavcan_parameter_value__traits.hpp\n'}
[8.665846] (px4_msgs) StdoutLine: {'line': b'-- Up-to-date: /home/em/ros_workspace_2025/nav_ws/install/px4_msgs/include/px4_msgs/px4_msgs/msg/detail/fuel_tank_status__builder.hpp\n'}
[8.665971] (px4_msgs) StdoutLine: {'line': b'-- Up-to-date: /home/em/ros_workspace_2025/nav_ws/install/px4_msgs/include/px4_msgs/px4_msgs/msg/detail/vehicle_local_position__builder.hpp\n'}
[8.666017] (px4_msgs) StdoutLine: {'line': b'-- Up-to-date: /home/em/ros_workspace_2025/nav_ws/install/px4_msgs/include/px4_msgs/px4_msgs/msg/detail/sensor_accel_fifo__struct.hpp\n'}
[8.666051] (px4_msgs) StdoutLine: {'line': b'-- Up-to-date: /home/em/ros_workspace_2025/nav_ws/install/px4_msgs/include/px4_msgs/px4_msgs/msg/detail/sensor_mag__builder.hpp\n'}
[8.666084] (px4_msgs) StdoutLine: {'line': b'-- Up-to-date: /home/em/ros_workspace_2025/nav_ws/install/px4_msgs/include/px4_msgs/px4_msgs/msg/detail/rover_mecanum_guidance_status__builder.hpp\n'}
[8.666113] (px4_msgs) StdoutLine: {'line': b'-- Up-to-date: /home/em/ros_workspace_2025/nav_ws/install/px4_msgs/include/px4_msgs/px4_msgs/msg/detail/rover_mecanum_setpoint__traits.hpp\n'}
[8.666140] (px4_msgs) StdoutLine: {'line': b'-- Up-to-date: /home/em/ros_workspace_2025/nav_ws/install/px4_msgs/include/px4_msgs/px4_msgs/msg/detail/mission_result__struct.hpp\n'}
[8.666185] (px4_msgs) StdoutLine: {'line': b'-- Up-to-date: /home/em/ros_workspace_2025/nav_ws/install/px4_msgs/include/px4_msgs/px4_msgs/msg/detail/tiltrotor_extra_controls__traits.hpp\n'}
[8.666260] (px4_msgs) StdoutLine: {'line': b'-- Up-to-date: /home/em/ros_workspace_2025/nav_ws/install/px4_msgs/include/px4_msgs/px4_msgs/msg/detail/satellite_info__builder.hpp\n'}
[8.666301] (px4_msgs) StdoutLine: {'line': b'-- Up-to-date: /home/em/ros_workspace_2025/nav_ws/install/px4_msgs/include/px4_msgs/px4_msgs/msg/detail/message_format_response__traits.hpp\n'}
[8.666329] (px4_msgs) StdoutLine: {'line': b'-- Up-to-date: /home/em/ros_workspace_2025/nav_ws/install/px4_msgs/include/px4_msgs/px4_msgs/msg/detail/debug_value__builder.hpp\n'}
[8.666357] (px4_msgs) StdoutLine: {'line': b'-- Up-to-date: /home/em/ros_workspace_2025/nav_ws/install/px4_msgs/include/px4_msgs/px4_msgs/msg/detail/dataman_response__struct.hpp\n'}
[8.666382] (px4_msgs) StdoutLine: {'line': b'-- Up-to-date: /home/em/ros_workspace_2025/nav_ws/install/px4_msgs/include/px4_msgs/px4_msgs/msg/detail/collision_report__builder.hpp\n'}
[8.666408] (px4_msgs) StdoutLine: {'line': b'-- Up-to-date: /home/em/ros_workspace_2025/nav_ws/install/px4_msgs/include/px4_msgs/px4_msgs/msg/detail/uavcan_parameter_request__traits.hpp\n'}
[8.666434] (px4_msgs) StdoutLine: {'line': b'-- Up-to-date: /home/em/ros_workspace_2025/nav_ws/install/px4_msgs/include/px4_msgs/px4_msgs/msg/detail/estimator_status__builder.hpp\n'}
[8.666460] (px4_msgs) StdoutLine: {'line': b'-- Up-to-date: /home/em/ros_workspace_2025/nav_ws/install/px4_msgs/include/px4_msgs/px4_msgs/msg/detail/pwm_input__builder.hpp\n'}
[8.666486] (px4_msgs) StdoutLine: {'line': b'-- Up-to-date: /home/em/ros_workspace_2025/nav_ws/install/px4_msgs/include/px4_msgs/px4_msgs/msg/detail/dataman_request__builder.hpp\n'}
[8.666512] (px4_msgs) StdoutLine: {'line': b'-- Up-to-date: /home/em/ros_workspace_2025/nav_ws/install/px4_msgs/include/px4_msgs/px4_msgs/msg/detail/mavlink_log__builder.hpp\n'}
[8.666539] (px4_msgs) StdoutLine: {'line': b'-- Up-to-date: /home/em/ros_workspace_2025/nav_ws/install/px4_msgs/include/px4_msgs/px4_msgs/msg/detail/vehicle_constraints__traits.hpp\n'}
[8.666565] (px4_msgs) StdoutLine: {'line': b'-- Up-to-date: /home/em/ros_workspace_2025/nav_ws/install/px4_msgs/include/px4_msgs/px4_msgs/msg/detail/home_position__builder.hpp\n'}
[8.666599] (px4_msgs) StdoutLine: {'line': b'-- Up-to-date: /home/em/ros_workspace_2025/nav_ws/install/px4_msgs/include/px4_msgs/px4_msgs/msg/detail/config_overrides__traits.hpp\n'}
[8.666625] (px4_msgs) StdoutLine: {'line': b'-- Up-to-date: /home/em/ros_workspace_2025/nav_ws/install/px4_msgs/include/px4_msgs/px4_msgs/msg/detail/camera_status__traits.hpp\n'}
[8.666695] (px4_msgs) StdoutLine: {'line': b'-- Up-to-date: /home/em/ros_workspace_2025/nav_ws/install/px4_msgs/include/px4_msgs/px4_msgs/msg/detail/gpio_request__builder.hpp\n'}
[8.666735] (px4_msgs) StdoutLine: {'line': b'-- Up-to-date: /home/em/ros_workspace_2025/nav_ws/install/px4_msgs/include/px4_msgs/px4_msgs/msg/detail/airspeed__builder.hpp\n'}
[8.666764] (px4_msgs) StdoutLine: {'line': b'-- Up-to-date: /home/em/ros_workspace_2025/nav_ws/install/px4_msgs/include/px4_msgs/px4_msgs/msg/detail/tecs_status__struct.hpp\n'}
[8.666790] (px4_msgs) StdoutLine: {'line': b'-- Up-to-date: /home/em/ros_workspace_2025/nav_ws/install/px4_msgs/include/px4_msgs/px4_msgs/msg/detail/estimator_status_flags__builder.hpp\n'}
[8.666816] (px4_msgs) StdoutLine: {'line': b'-- Up-to-date: /home/em/ros_workspace_2025/nav_ws/install/px4_msgs/include/px4_msgs/px4_msgs/msg/detail/estimator_aid_source2d__struct.hpp\n'}
[8.666842] (px4_msgs) StdoutLine: {'line': b'-- Up-to-date: /home/em/ros_workspace_2025/nav_ws/install/px4_msgs/include/px4_msgs/px4_msgs/msg/detail/rover_differential_status__traits.hpp\n'}
[8.666868] (px4_msgs) StdoutLine: {'line': b'-- Up-to-date: /home/em/ros_workspace_2025/nav_ws/install/px4_msgs/include/px4_msgs/px4_msgs/msg/detail/mavlink_tunnel__traits.hpp\n'}
[8.666896] (px4_msgs) StdoutLine: {'line': b'-- Up-to-date: /home/em/ros_workspace_2025/nav_ws/install/px4_msgs/include/px4_msgs/px4_msgs/msg/detail/estimator_status__traits.hpp\n'}
[8.666923] (px4_msgs) StdoutLine: {'line': b'-- Up-to-date: /home/em/ros_workspace_2025/nav_ws/install/px4_msgs/include/px4_msgs/px4_msgs/msg/detail/mission_result__builder.hpp\n'}
[8.666979] (px4_msgs) StdoutLine: {'line': b'-- Up-to-date: /home/em/ros_workspace_2025/nav_ws/install/px4_msgs/include/px4_msgs/px4_msgs/msg/detail/sensor_uwb__struct.hpp\n'}
[8.667002] (px4_msgs) StdoutLine: {'line': b'-- Up-to-date: /home/em/ros_workspace_2025/nav_ws/install/px4_msgs/include/px4_msgs/px4_msgs/msg/detail/sensors_status_imu__builder.hpp\n'}
[8.667024] (px4_msgs) StdoutLine: {'line': b'-- Up-to-date: /home/em/ros_workspace_2025/nav_ws/install/px4_msgs/include/px4_msgs/px4_msgs/msg/detail/normalized_unsigned_setpoint__struct.hpp\n'}
[8.667046] (px4_msgs) StdoutLine: {'line': b'-- Up-to-date: /home/em/ros_workspace_2025/nav_ws/install/px4_msgs/include/px4_msgs/px4_msgs/msg/detail/actuator_servos_trim__builder.hpp\n'}
[8.667071] (px4_msgs) StdoutLine: {'line': b'-- Up-to-date: /home/em/ros_workspace_2025/nav_ws/install/px4_msgs/include/px4_msgs/px4_msgs/msg/detail/open_drone_id_self_id__builder.hpp\n'}
[8.667095] (px4_msgs) StdoutLine: {'line': b'-- Up-to-date: /home/em/ros_workspace_2025/nav_ws/install/px4_msgs/include/px4_msgs/px4_msgs/msg/detail/led_control__builder.hpp\n'}
[8.667117] (px4_msgs) StdoutLine: {'line': b'-- Up-to-date: /home/em/ros_workspace_2025/nav_ws/install/px4_msgs/include/px4_msgs/px4_msgs/msg/detail/magnetometer_bias_estimate__struct.hpp\n'}
[8.667140] (px4_msgs) StdoutLine: {'line': b'-- Up-to-date: /home/em/ros_workspace_2025/nav_ws/install/px4_msgs/include/px4_msgs/px4_msgs/msg/detail/sensor_gyro_fft__builder.hpp\n'}
[8.667164] (px4_msgs) StdoutLine: {'line': b'-- Up-to-date: /home/em/ros_workspace_2025/nav_ws/install/px4_msgs/include/px4_msgs/px4_msgs/msg/detail/distance_sensor__traits.hpp\n'}
[8.667186] (px4_msgs) StdoutLine: {'line': b'-- Up-to-date: /home/em/ros_workspace_2025/nav_ws/install/px4_msgs/include/px4_msgs/px4_msgs/msg/detail/rover_ackermann_guidance_status__traits.hpp\n'}
[8.667213] (px4_msgs) StdoutLine: {'line': b'-- Up-to-date: /home/em/ros_workspace_2025/nav_ws/install/px4_msgs/include/px4_msgs/px4_msgs/msg/detail/vehicle_angular_acceleration_setpoint__struct.hpp\n'}
[8.667240] (px4_msgs) StdoutLine: {'line': b'-- Up-to-date: /home/em/ros_workspace_2025/nav_ws/install/px4_msgs/include/px4_msgs/px4_msgs/msg/detail/gps_dump__builder.hpp\n'}
[8.667264] (px4_msgs) StdoutLine: {'line': b'-- Up-to-date: /home/em/ros_workspace_2025/nav_ws/install/px4_msgs/include/px4_msgs/px4_msgs/msg/detail/sensor_uwb__traits.hpp\n'}
[8.667286] (px4_msgs) StdoutLine: {'line': b'-- Up-to-date: /home/em/ros_workspace_2025/nav_ws/install/px4_msgs/include/px4_msgs/px4_msgs/msg/detail/log_message__builder.hpp\n'}
[8.667308] (px4_msgs) StdoutLine: {'line': b'-- Up-to-date: /home/em/ros_workspace_2025/nav_ws/install/px4_msgs/include/px4_msgs/px4_msgs/msg/detail/radio_status__traits.hpp\n'}
[8.667331] (px4_msgs) StdoutLine: {'line': b'-- Up-to-date: /home/em/ros_workspace_2025/nav_ws/install/px4_msgs/include/px4_msgs/px4_msgs/msg/detail/sensor_mag__traits.hpp\n'}
[8.667359] (px4_msgs) StdoutLine: {'line': b'-- Up-to-date: /home/em/ros_workspace_2025/nav_ws/install/px4_msgs/include/px4_msgs/px4_msgs/msg/detail/actuator_outputs__struct.hpp\n'}
[8.667487] (px4_msgs) StdoutLine: {'line': b'-- Up-to-date: /home/em/ros_workspace_2025/nav_ws/install/px4_msgs/include/px4_msgs/px4_msgs/msg/detail/camera_capture__builder.hpp\n'}
[8.667565] (px4_msgs) StdoutLine: {'line': b'-- Up-to-date: /home/em/ros_workspace_2025/nav_ws/install/px4_msgs/include/px4_msgs/px4_msgs/msg/detail/parameter_reset_request__traits.hpp\n'}
[8.667635] (px4_msgs) StdoutLine: {'line': b'-- Up-to-date: /home/em/ros_workspace_2025/nav_ws/install/px4_msgs/include/px4_msgs/px4_msgs/msg/detail/vehicle_trajectory_bezier__struct.hpp\n'}
[8.667694] (px4_msgs) StdoutLine: {'line': b'-- Up-to-date: /home/em/ros_workspace_2025/nav_ws/install/px4_msgs/include/px4_msgs/px4_msgs/msg/detail/gimbal_manager_set_manual_control__struct.hpp\n'}
[8.667751] (px4_msgs) StdoutLine: {'line': b'-- Up-to-date: /home/em/ros_workspace_2025/nav_ws/install/px4_msgs/include/px4_msgs/px4_msgs/msg/detail/gimbal_manager_set_attitude__builder.hpp\n'}
[8.667806] (px4_msgs) StdoutLine: {'line': b'-- Up-to-date: /home/em/ros_workspace_2025/nav_ws/install/px4_msgs/include/px4_msgs/px4_msgs/msg/detail/uavcan_parameter_request__struct.hpp\n'}
[8.667861] (px4_msgs) StdoutLine: {'line': b'-- Up-to-date: /home/em/ros_workspace_2025/nav_ws/install/px4_msgs/include/px4_msgs/px4_msgs/msg/detail/vehicle_land_detected__traits.hpp\n'}
[8.667915] (px4_msgs) StdoutLine: {'line': b'-- Up-to-date: /home/em/ros_workspace_2025/nav_ws/install/px4_msgs/include/px4_msgs/px4_msgs/msg/detail/sensor_gyro_fifo__struct.hpp\n'}
[8.667969] (px4_msgs) StdoutLine: {'line': b'-- Up-to-date: /home/em/ros_workspace_2025/nav_ws/install/px4_msgs/include/px4_msgs/px4_msgs/msg/detail/landing_target_innovations__builder.hpp\n'}
[8.668022] (px4_msgs) StdoutLine: {'line': b'-- Up-to-date: /home/em/ros_workspace_2025/nav_ws/install/px4_msgs/include/px4_msgs/px4_msgs/msg/detail/geofence_result__struct.hpp\n'}
[8.668075] (px4_msgs) StdoutLine: {'line': b'-- Up-to-date: /home/em/ros_workspace_2025/nav_ws/install/px4_msgs/include/px4_msgs/px4_msgs/msg/detail/vehicle_command_ack__traits.hpp\n'}
[8.668128] (px4_msgs) StdoutLine: {'line': b'-- Up-to-date: /home/em/ros_workspace_2025/nav_ws/install/px4_msgs/include/px4_msgs/px4_msgs/msg/detail/can_interface_status__traits.hpp\n'}
[8.668180] (px4_msgs) StdoutLine: {'line': b'-- Up-to-date: /home/em/ros_workspace_2025/nav_ws/install/px4_msgs/include/px4_msgs/px4_msgs/msg/detail/position_controller_status__traits.hpp\n'}
[8.668294] (px4_msgs) StdoutLine: {'line': b'-- Up-to-date: /home/em/ros_workspace_2025/nav_ws/install/px4_msgs/include/px4_msgs/px4_msgs/msg/detail/geofence_status__builder.hpp\n'}
[8.668335] (px4_msgs) StdoutLine: {'line': b'-- Up-to-date: /home/em/ros_workspace_2025/nav_ws/install/px4_msgs/include/px4_msgs/px4_msgs/msg/detail/actuator_armed__struct.hpp\n'}
[8.668362] (px4_msgs) StdoutLine: {'line': b'-- Up-to-date: /home/em/ros_workspace_2025/nav_ws/install/px4_msgs/include/px4_msgs/px4_msgs/msg/detail/qshell_req__traits.hpp\n'}
[8.668386] (px4_msgs) StdoutLine: {'line': b'-- Up-to-date: /home/em/ros_workspace_2025/nav_ws/install/px4_msgs/include/px4_msgs/px4_msgs/msg/detail/orb_test_medium__traits.hpp\n'}
[8.668412] (px4_msgs) StdoutLine: {'line': b'-- Up-to-date: /home/em/ros_workspace_2025/nav_ws/install/px4_msgs/include/px4_msgs/px4_msgs/msg/detail/manual_control_switches__struct.hpp\n'}
[8.668435] (px4_msgs) StdoutLine: {'line': b'-- Up-to-date: /home/em/ros_workspace_2025/nav_ws/install/px4_msgs/include/px4_msgs/px4_msgs/msg/detail/vehicle_odometry__traits.hpp\n'}
[8.668457] (px4_msgs) StdoutLine: {'line': b'-- Up-to-date: /home/em/ros_workspace_2025/nav_ws/install/px4_msgs/include/px4_msgs/px4_msgs/msg/detail/power_monitor__struct.hpp\n'}
[8.668479] (px4_msgs) StdoutLine: {'line': b'-- Up-to-date: /home/em/ros_workspace_2025/nav_ws/install/px4_msgs/include/px4_msgs/px4_msgs/msg/detail/yaw_estimator_status__struct.hpp\n'}
[8.668501] (px4_msgs) StdoutLine: {'line': b'-- Up-to-date: /home/em/ros_workspace_2025/nav_ws/install/px4_msgs/include/px4_msgs/px4_msgs/msg/detail/airspeed_wind__traits.hpp\n'}
[8.668523] (px4_msgs) StdoutLine: {'line': b'-- Up-to-date: /home/em/ros_workspace_2025/nav_ws/install/px4_msgs/include/px4_msgs/px4_msgs/msg/detail/actuator_outputs__traits.hpp\n'}
[8.668546] (px4_msgs) StdoutLine: {'line': b'-- Up-to-date: /home/em/ros_workspace_2025/nav_ws/install/px4_msgs/include/px4_msgs/px4_msgs/msg/detail/gpio_config__struct.hpp\n'}
[8.668568] (px4_msgs) StdoutLine: {'line': b'-- Up-to-date: /home/em/ros_workspace_2025/nav_ws/install/px4_msgs/include/px4_msgs/px4_msgs/msg/detail/vehicle_thrust_setpoint__traits.hpp\n'}
[8.668588] (px4_msgs) StdoutLine: {'line': b'-- Up-to-date: /home/em/ros_workspace_2025/nav_ws/install/px4_msgs/include/px4_msgs/px4_msgs/msg/detail/esc_report__struct.hpp\n'}
[8.668607] (px4_msgs) StdoutLine: {'line': b'-- Up-to-date: /home/em/ros_workspace_2025/nav_ws/install/px4_msgs/include/px4_msgs/px4_msgs/msg/detail/rover_ackermann_status__traits.hpp\n'}
[8.668626] (px4_msgs) StdoutLine: {'line': b'-- Up-to-date: /home/em/ros_workspace_2025/nav_ws/install/px4_msgs/include/px4_msgs/px4_msgs/msg/detail/estimator_event_flags__builder.hpp\n'}
[8.668645] (px4_msgs) StdoutLine: {'line': b'-- Up-to-date: /home/em/ros_workspace_2025/nav_ws/install/px4_msgs/include/px4_msgs/px4_msgs/msg/detail/ping__builder.hpp\n'}
[8.668664] (px4_msgs) StdoutLine: {'line': b'-- Up-to-date: /home/em/ros_workspace_2025/nav_ws/install/px4_msgs/include/px4_msgs/px4_msgs/msg/detail/airspeed__traits.hpp\n'}
[8.668683] (px4_msgs) StdoutLine: {'line': b'-- Up-to-date: /home/em/ros_workspace_2025/nav_ws/install/px4_msgs/include/px4_msgs/px4_msgs/msg/detail/trajectory_bezier__struct.hpp\n'}
[8.668703] (px4_msgs) StdoutLine: {'line': b'-- Up-to-date: /home/em/ros_workspace_2025/nav_ws/install/px4_msgs/include/px4_msgs/px4_msgs/msg/detail/battery_status__struct.hpp\n'}
[8.668723] (px4_msgs) StdoutLine: {'line': b'-- Up-to-date: /home/em/ros_workspace_2025/nav_ws/install/px4_msgs/include/px4_msgs/px4_msgs/msg/detail/buffer128__struct.hpp\n'}
[8.668742] (px4_msgs) StdoutLine: {'line': b'-- Up-to-date: /home/em/ros_workspace_2025/nav_ws/install/px4_msgs/include/px4_msgs/px4_msgs/msg/detail/gimbal_manager_information__builder.hpp\n'}
[8.668762] (px4_msgs) StdoutLine: {'line': b'-- Up-to-date: /home/em/ros_workspace_2025/nav_ws/install/px4_msgs/include/px4_msgs/px4_msgs/msg/detail/sensor_baro__traits.hpp\n'}
[8.668780] (px4_msgs) StdoutLine: {'line': b'-- Up-to-date: /home/em/ros_workspace_2025/nav_ws/install/px4_msgs/include/px4_msgs/px4_msgs/msg/detail/parameter_update__struct.hpp\n'}
[8.668799] (px4_msgs) StdoutLine: {'line': b'-- Up-to-date: /home/em/ros_workspace_2025/nav_ws/install/px4_msgs/include/px4_msgs/px4_msgs/msg/detail/navigator_status__builder.hpp\n'}
[8.668818] (px4_msgs) StdoutLine: {'line': b'-- Up-to-date: /home/em/ros_workspace_2025/nav_ws/install/px4_msgs/include/px4_msgs/px4_msgs/msg/detail/vehicle_magnetometer__traits.hpp\n'}
[8.668837] (px4_msgs) StdoutLine: {'line': b'-- Up-to-date: /home/em/ros_workspace_2025/nav_ws/install/px4_msgs/include/px4_msgs/px4_msgs/msg/detail/hover_thrust_estimate__traits.hpp\n'}
[8.668857] (px4_msgs) StdoutLine: {'line': b'-- Up-to-date: /home/em/ros_workspace_2025/nav_ws/install/px4_msgs/include/px4_msgs/px4_msgs/msg/detail/estimator_aid_source1d__builder.hpp\n'}
[8.668876] (px4_msgs) StdoutLine: {'line': b'-- Up-to-date: /home/em/ros_workspace_2025/nav_ws/install/px4_msgs/include/px4_msgs/px4_msgs/msg/detail/event__builder.hpp\n'}
[8.668895] (px4_msgs) StdoutLine: {'line': b'-- Up-to-date: /home/em/ros_workspace_2025/nav_ws/install/px4_msgs/include/px4_msgs/px4_msgs/msg/detail/vehicle_optical_flow__struct.hpp\n'}
[8.668914] (px4_msgs) StdoutLine: {'line': b'-- Up-to-date: /home/em/ros_workspace_2025/nav_ws/install/px4_msgs/include/px4_msgs/px4_msgs/msg/detail/sensor_gyro__struct.hpp\n'}
[8.668933] (px4_msgs) StdoutLine: {'line': b'-- Up-to-date: /home/em/ros_workspace_2025/nav_ws/install/px4_msgs/include/px4_msgs/px4_msgs/msg/detail/sensors_status__builder.hpp\n'}
[8.668954] (px4_msgs) StdoutLine: {'line': b'-- Up-to-date: /home/em/ros_workspace_2025/nav_ws/install/px4_msgs/include/px4_msgs/px4_msgs/msg/detail/qshell_retval__builder.hpp\n'}
[8.668974] (px4_msgs) StdoutLine: {'line': b'-- Up-to-date: /home/em/ros_workspace_2025/nav_ws/install/px4_msgs/include/px4_msgs/px4_msgs/msg/detail/vtol_vehicle_status__builder.hpp\n'}
[8.668994] (px4_msgs) StdoutLine: {'line': b'-- Up-to-date: /home/em/ros_workspace_2025/nav_ws/install/px4_msgs/include/px4_msgs/px4_msgs/msg/detail/rover_mecanum_status__builder.hpp\n'}
[8.669014] (px4_msgs) StdoutLine: {'line': b'-- Up-to-date: /home/em/ros_workspace_2025/nav_ws/install/px4_msgs/include/px4_msgs/px4_msgs/msg/detail/vehicle_odometry__builder.hpp\n'}
[8.669033] (px4_msgs) StdoutLine: {'line': b'-- Up-to-date: /home/em/ros_workspace_2025/nav_ws/install/px4_msgs/include/px4_msgs/px4_msgs/msg/detail/rover_differential_status__struct.hpp\n'}
[8.669053] (px4_msgs) StdoutLine: {'line': b'-- Up-to-date: /home/em/ros_workspace_2025/nav_ws/install/px4_msgs/include/px4_msgs/px4_msgs/msg/detail/geofence_status__struct.hpp\n'}
[8.669072] (px4_msgs) StdoutLine: {'line': b'-- Up-to-date: /home/em/ros_workspace_2025/nav_ws/install/px4_msgs/include/px4_msgs/px4_msgs/msg/detail/action_request__builder.hpp\n'}
[8.669091] (px4_msgs) StdoutLine: {'line': b'-- Up-to-date: /home/em/ros_workspace_2025/nav_ws/install/px4_msgs/include/px4_msgs/px4_msgs/msg/detail/gpio_config__builder.hpp\n'}
[8.669111] (px4_msgs) StdoutLine: {'line': b'-- Up-to-date: /home/em/ros_workspace_2025/nav_ws/install/px4_msgs/include/px4_msgs/px4_msgs/msg/detail/vehicle_acceleration__struct.hpp\n'}
[8.669130] (px4_msgs) StdoutLine: {'line': b'-- Up-to-date: /home/em/ros_workspace_2025/nav_ws/install/px4_msgs/include/px4_msgs/px4_msgs/msg/detail/trajectory_setpoint__struct.hpp\n'}
[8.669151] (px4_msgs) StdoutLine: {'line': b'-- Up-to-date: /home/em/ros_workspace_2025/nav_ws/install/px4_msgs/include/px4_msgs/px4_msgs/msg/detail/input_rc__builder.hpp\n'}
[8.669172] (px4_msgs) StdoutLine: {'line': b'-- Up-to-date: /home/em/ros_workspace_2025/nav_ws/install/px4_msgs/include/px4_msgs/px4_msgs/msg/detail/sensor_gyro__builder.hpp\n'}
[8.669196] (px4_msgs) StdoutLine: {'line': b'-- Up-to-date: /home/em/ros_workspace_2025/nav_ws/install/px4_msgs/include/px4_msgs/px4_msgs/msg/detail/follow_target_status__struct.hpp\n'}
[8.669218] (px4_msgs) StdoutLine: {'line': b'-- Up-to-date: /home/em/ros_workspace_2025/nav_ws/install/px4_msgs/include/px4_msgs/px4_msgs/msg/detail/sensor_baro__struct.hpp\n'}
[8.669238] (px4_msgs) StdoutLine: {'line': b'-- Up-to-date: /home/em/ros_workspace_2025/nav_ws/install/px4_msgs/include/px4_msgs/px4_msgs/msg/detail/npfg_status__struct.hpp\n'}
[8.669263] (px4_msgs) StdoutLine: {'line': b'-- Up-to-date: /home/em/ros_workspace_2025/nav_ws/install/px4_msgs/include/px4_msgs/px4_msgs/msg/detail/goto_setpoint__traits.hpp\n'}
[8.669284] (px4_msgs) StdoutLine: {'line': b'-- Up-to-date: /home/em/ros_workspace_2025/nav_ws/install/px4_msgs/include/px4_msgs/px4_msgs/msg/detail/distance_sensor__builder.hpp\n'}
[8.669306] (px4_msgs) StdoutLine: {'line': b'-- Up-to-date: /home/em/ros_workspace_2025/nav_ws/install/px4_msgs/include/px4_msgs/px4_msgs/msg/detail/landing_target_pose__builder.hpp\n'}
[8.669328] (px4_msgs) StdoutLine: {'line': b'-- Up-to-date: /home/em/ros_workspace_2025/nav_ws/install/px4_msgs/include/px4_msgs/px4_msgs/msg/detail/navigator_status__struct.hpp\n'}
[8.669348] (px4_msgs) StdoutLine: {'line': b'-- Up-to-date: /home/em/ros_workspace_2025/nav_ws/install/px4_msgs/include/px4_msgs/px4_msgs/msg/detail/system_power__traits.hpp\n'}
[8.669368] (px4_msgs) StdoutLine: {'line': b'-- Up-to-date: /home/em/ros_workspace_2025/nav_ws/install/px4_msgs/include/px4_msgs/px4_msgs/msg/detail/collision_report__traits.hpp\n'}
[8.669389] (px4_msgs) StdoutLine: {'line': b'-- Up-to-date: /home/em/ros_workspace_2025/nav_ws/install/px4_msgs/include/px4_msgs/px4_msgs/msg/detail/hover_thrust_estimate__struct.hpp\n'}
[8.669409] (px4_msgs) StdoutLine: {'line': b'-- Up-to-date: /home/em/ros_workspace_2025/nav_ws/install/px4_msgs/include/px4_msgs/px4_msgs/msg/detail/rtl_time_estimate__builder.hpp\n'}
[8.669429] (px4_msgs) StdoutLine: {'line': b'-- Up-to-date: /home/em/ros_workspace_2025/nav_ws/install/px4_msgs/include/px4_msgs/px4_msgs/msg/detail/led_control__traits.hpp\n'}
[8.669449] (px4_msgs) StdoutLine: {'line': b'-- Up-to-date: /home/em/ros_workspace_2025/nav_ws/install/px4_msgs/include/px4_msgs/px4_msgs/msg/detail/unregister_ext_component__builder.hpp\n'}
[8.669470] (px4_msgs) StdoutLine: {'line': b'-- Up-to-date: /home/em/ros_workspace_2025/nav_ws/install/px4_msgs/include/px4_msgs/px4_msgs/msg/detail/dataman_request__traits.hpp\n'}
[8.669494] (px4_msgs) StdoutLine: {'line': b'-- Up-to-date: /home/em/ros_workspace_2025/nav_ws/install/px4_msgs/include/px4_msgs/px4_msgs/msg/detail/irlock_report__builder.hpp\n'}
[8.669519] (px4_msgs) StdoutLine: {'line': b'-- Up-to-date: /home/em/ros_workspace_2025/nav_ws/install/px4_msgs/include/px4_msgs/px4_msgs/msg/detail/autotune_attitude_control_status__struct.hpp\n'}
[8.669541] (px4_msgs) StdoutLine: {'line': b'-- Up-to-date: /home/em/ros_workspace_2025/nav_ws/install/px4_msgs/include/px4_msgs/px4_msgs/msg/detail/mavlink_tunnel__builder.hpp\n'}
[8.669560] (px4_msgs) StdoutLine: {'line': b'-- Up-to-date: /home/em/ros_workspace_2025/nav_ws/install/px4_msgs/include/px4_msgs/px4_msgs/msg/detail/collision_constraints__builder.hpp\n'}
[8.669582] (px4_msgs) StdoutLine: {'line': b'-- Up-to-date: /home/em/ros_workspace_2025/nav_ws/install/px4_msgs/include/px4_msgs/px4_msgs/msg/detail/failsafe_flags__struct.hpp\n'}
[8.669601] (px4_msgs) StdoutLine: {'line': b'-- Up-to-date: /home/em/ros_workspace_2025/nav_ws/install/px4_msgs/include/px4_msgs/px4_msgs/msg/detail/arming_check_request__struct.hpp\n'}
[8.669621] (px4_msgs) StdoutLine: {'line': b'-- Up-to-date: /home/em/ros_workspace_2025/nav_ws/install/px4_msgs/include/px4_msgs/px4_msgs/msg/detail/estimator_bias__struct.hpp\n'}
[8.669639] (px4_msgs) StdoutLine: {'line': b'-- Up-to-date: /home/em/ros_workspace_2025/nav_ws/install/px4_msgs/include/px4_msgs/px4_msgs/msg/detail/normalized_unsigned_setpoint__traits.hpp\n'}
[8.669658] (px4_msgs) StdoutLine: {'line': b'-- Up-to-date: /home/em/ros_workspace_2025/nav_ws/install/px4_msgs/include/px4_msgs/px4_msgs/msg/detail/generator_status__struct.hpp\n'}
[8.669677] (px4_msgs) StdoutLine: {'line': b'-- Up-to-date: /home/em/ros_workspace_2025/nav_ws/install/px4_msgs/include/px4_msgs/px4_msgs/msg/detail/airspeed__struct.hpp\n'}
[8.669695] (px4_msgs) StdoutLine: {'line': b'-- Up-to-date: /home/em/ros_workspace_2025/nav_ws/install/px4_msgs/include/px4_msgs/px4_msgs/msg/detail/log_message__traits.hpp\n'}
[8.669715] (px4_msgs) StdoutLine: {'line': b'-- Up-to-date: /home/em/ros_workspace_2025/nav_ws/install/px4_msgs/include/px4_msgs/px4_msgs/msg/detail/yaw_estimator_status__traits.hpp\n'}
[8.669739] (px4_msgs) StdoutLine: {'line': b'-- Up-to-date: /home/em/ros_workspace_2025/nav_ws/install/px4_msgs/include/px4_msgs/px4_msgs/msg/detail/rover_mecanum_setpoint__builder.hpp\n'}
[8.669771] (px4_msgs) StdoutLine: {'line': b'-- Up-to-date: /home/em/ros_workspace_2025/nav_ws/install/px4_msgs/include/px4_msgs/px4_msgs/msg/detail/estimator_states__builder.hpp\n'}
[8.669807] (px4_msgs) StdoutLine: {'line': b'-- Up-to-date: /home/em/ros_workspace_2025/nav_ws/install/px4_msgs/include/px4_msgs/px4_msgs/msg/detail/flight_phase_estimation__struct.hpp\n'}
[8.669837] (px4_msgs) StdoutLine: {'line': b'-- Up-to-date: /home/em/ros_workspace_2025/nav_ws/install/px4_msgs/include/px4_msgs/px4_msgs/msg/detail/rover_ackermann_setpoint__traits.hpp\n'}
[8.669942] (px4_msgs) StdoutLine: {'line': b'-- Up-to-date: /home/em/ros_workspace_2025/nav_ws/install/px4_msgs/include/px4_msgs/px4_msgs/msg/detail/task_stack_info__builder.hpp\n'}
[8.670022] (px4_msgs) StdoutLine: {'line': b'-- Up-to-date: /home/em/ros_workspace_2025/nav_ws/install/px4_msgs/include/px4_msgs/px4_msgs/msg/detail/vehicle_roi__struct.hpp\n'}
[8.670084] (px4_msgs) StdoutLine: {'line': b'-- Up-to-date: /home/em/ros_workspace_2025/nav_ws/install/px4_msgs/include/px4_msgs/px4_msgs/msg/detail/debug_key_value__struct.hpp\n'}
[8.670139] (px4_msgs) StdoutLine: {'line': b'-- Up-to-date: /home/em/ros_workspace_2025/nav_ws/install/px4_msgs/include/px4_msgs/px4_msgs/msg/detail/vehicle_trajectory_waypoint__builder.hpp\n'}
[8.670196] (px4_msgs) StdoutLine: {'line': b'-- Up-to-date: /home/em/ros_workspace_2025/nav_ws/install/px4_msgs/include/px4_msgs/px4_msgs/msg/detail/pps_capture__builder.hpp\n'}
[8.670257] (px4_msgs) StdoutLine: {'line': b'-- Up-to-date: /home/em/ros_workspace_2025/nav_ws/install/px4_msgs/include/px4_msgs/px4_msgs/msg/detail/vehicle_optical_flow_vel__struct.hpp\n'}
[8.670310] (px4_msgs) StdoutLine: {'line': b'-- Up-to-date: /home/em/ros_workspace_2025/nav_ws/install/px4_msgs/include/px4_msgs/px4_msgs/msg/detail/vehicle_angular_velocity__builder.hpp\n'}
[8.670362] (px4_msgs) StdoutLine: {'line': b'-- Up-to-date: /home/em/ros_workspace_2025/nav_ws/install/px4_msgs/include/px4_msgs/px4_msgs/msg/detail/unregister_ext_component__struct.hpp\n'}
[8.670417] (px4_msgs) StdoutLine: {'line': b'-- Up-to-date: /home/em/ros_workspace_2025/nav_ws/install/px4_msgs/include/px4_msgs/px4_msgs/msg/detail/mode_completed__builder.hpp\n'}
[8.670470] (px4_msgs) StdoutLine: {'line': b'-- Up-to-date: /home/em/ros_workspace_2025/nav_ws/install/px4_msgs/include/px4_msgs/px4_msgs/msg/detail/rtl_time_estimate__struct.hpp\n'}
[8.670522] (px4_msgs) StdoutLine: {'line': b'-- Up-to-date: /home/em/ros_workspace_2025/nav_ws/install/px4_msgs/include/px4_msgs/px4_msgs/msg/detail/landing_gear_wheel__builder.hpp\n'}
[8.670574] (px4_msgs) StdoutLine: {'line': b'-- Up-to-date: /home/em/ros_workspace_2025/nav_ws/install/px4_msgs/include/px4_msgs/px4_msgs/msg/detail/ping__traits.hpp\n'}
[8.670626] (px4_msgs) StdoutLine: {'line': b'-- Up-to-date: /home/em/ros_workspace_2025/nav_ws/install/px4_msgs/include/px4_msgs/px4_msgs/msg/detail/register_ext_component_reply__struct.hpp\n'}
[8.670678] (px4_msgs) StdoutLine: {'line': b'-- Up-to-date: /home/em/ros_workspace_2025/nav_ws/install/px4_msgs/include/px4_msgs/px4_msgs/msg/detail/uavcan_parameter_request__builder.hpp\n'}
[8.670730] (px4_msgs) StdoutLine: {'line': b'-- Up-to-date: /home/em/ros_workspace_2025/nav_ws/install/px4_msgs/include/px4_msgs/px4_msgs/msg/detail/gimbal_device_set_attitude__builder.hpp\n'}
[8.670781] (px4_msgs) StdoutLine: {'line': b'-- Up-to-date: /home/em/ros_workspace_2025/nav_ws/install/px4_msgs/include/px4_msgs/px4_msgs/msg/detail/mavlink_log__traits.hpp\n'}
[8.670854] (px4_msgs) StdoutLine: {'line': b'-- Up-to-date: /home/em/ros_workspace_2025/nav_ws/install/px4_msgs/include/px4_msgs/px4_msgs/msg/detail/debug_key_value__builder.hpp\n'}
[8.670882] (px4_msgs) StdoutLine: {'line': b'-- Up-to-date: /home/em/ros_workspace_2025/nav_ws/install/px4_msgs/include/px4_msgs/px4_msgs/msg/detail/gimbal_manager_status__traits.hpp\n'}
[8.670914] (px4_msgs) StdoutLine: {'line': b'-- Up-to-date: /home/em/ros_workspace_2025/nav_ws/install/px4_msgs/include/px4_msgs/px4_msgs/msg/detail/message_format_response__builder.hpp\n'}
[8.670936] (px4_msgs) StdoutLine: {'line': b'-- Up-to-date: /home/em/ros_workspace_2025/nav_ws/install/px4_msgs/include/px4_msgs/px4_msgs/msg/detail/esc_report__traits.hpp\n'}
[8.670961] (px4_msgs) StdoutLine: {'line': b'-- Up-to-date: /home/em/ros_workspace_2025/nav_ws/install/px4_msgs/include/px4_msgs/px4_msgs/msg/detail/satellite_info__struct.hpp\n'}
[8.670983] (px4_msgs) StdoutLine: {'line': b'-- Up-to-date: /home/em/ros_workspace_2025/nav_ws/install/px4_msgs/include/px4_msgs/px4_msgs/msg/detail/estimator_aid_source1d__struct.hpp\n'}
[8.671004] (px4_msgs) StdoutLine: {'line': b'-- Up-to-date: /home/em/ros_workspace_2025/nav_ws/install/px4_msgs/include/px4_msgs/px4_msgs/msg/detail/rover_differential_setpoint__struct.hpp\n'}
[8.671026] (px4_msgs) StdoutLine: {'line': b'-- Up-to-date: /home/em/ros_workspace_2025/nav_ws/install/px4_msgs/include/px4_msgs/px4_msgs/msg/detail/actuator_motors__traits.hpp\n'}
[8.671059] (px4_msgs) StdoutLine: {'line': b'-- Up-to-date: /home/em/ros_workspace_2025/nav_ws/install/px4_msgs/include/px4_msgs/px4_msgs/msg/detail/sensor_accel_fifo__builder.hpp\n'}
[8.671094] (px4_msgs) StdoutLine: {'line': b'-- Up-to-date: /home/em/ros_workspace_2025/nav_ws/install/px4_msgs/include/px4_msgs/px4_msgs/msg/detail/position_setpoint_triplet__traits.hpp\n'}
[8.671128] (px4_msgs) StdoutLine: {'line': b'-- Up-to-date: /home/em/ros_workspace_2025/nav_ws/install/px4_msgs/include/px4_msgs/px4_msgs/msg/detail/button_event__builder.hpp\n'}
[8.671241] (px4_msgs) StdoutLine: {'line': b'-- Up-to-date: /home/em/ros_workspace_2025/nav_ws/install/px4_msgs/include/px4_msgs/px4_msgs/msg/detail/airspeed_wind__struct.hpp\n'}
[8.671326] (px4_msgs) StdoutLine: {'line': b'-- Up-to-date: /home/em/ros_workspace_2025/nav_ws/install/px4_msgs/include/px4_msgs/px4_msgs/msg/detail/mode_completed__traits.hpp\n'}
[8.671391] (px4_msgs) StdoutLine: {'line': b'-- Up-to-date: /home/em/ros_workspace_2025/nav_ws/install/px4_msgs/include/px4_msgs/px4_msgs/msg/detail/orb_test__struct.hpp\n'}
[8.671458] (px4_msgs) StdoutLine: {'line': b'-- Up-to-date: /home/em/ros_workspace_2025/nav_ws/install/px4_msgs/include/px4_msgs/px4_msgs/msg/detail/sensor_accel__builder.hpp\n'}
[8.671517] (px4_msgs) StdoutLine: {'line': b'-- Up-to-date: /home/em/ros_workspace_2025/nav_ws/install/px4_msgs/include/px4_msgs/px4_msgs/msg/detail/flight_phase_estimation__builder.hpp\n'}
[8.671577] (px4_msgs) StdoutLine: {'line': b'-- Up-to-date: /home/em/ros_workspace_2025/nav_ws/install/px4_msgs/include/px4_msgs/px4_msgs/msg/detail/message_format_request__traits.hpp\n'}
[8.671632] (px4_msgs) StdoutLine: {'line': b'-- Up-to-date: /home/em/ros_workspace_2025/nav_ws/install/px4_msgs/include/px4_msgs/px4_msgs/msg/detail/navigator_status__traits.hpp\n'}
[8.671689] (px4_msgs) StdoutLine: {'line': b'-- Up-to-date: /home/em/ros_workspace_2025/nav_ws/install/px4_msgs/include/px4_msgs/px4_msgs/msg/detail/manual_control_switches__builder.hpp\n'}
[8.671743] (px4_msgs) StdoutLine: {'line': b'-- Up-to-date: /home/em/ros_workspace_2025/nav_ws/install/px4_msgs/include/px4_msgs/px4_msgs/msg/detail/rc_parameter_map__builder.hpp\n'}
[8.671797] (px4_msgs) StdoutLine: {'line': b'-- Up-to-date: /home/em/ros_workspace_2025/nav_ws/install/px4_msgs/include/px4_msgs/px4_msgs/msg/detail/actuator_controls_status__traits.hpp\n'}
[8.671851] (px4_msgs) StdoutLine: {'line': b'-- Up-to-date: /home/em/ros_workspace_2025/nav_ws/install/px4_msgs/include/px4_msgs/px4_msgs/msg/detail/telemetry_status__builder.hpp\n'}
[8.671904] (px4_msgs) StdoutLine: {'line': b'-- Up-to-date: /home/em/ros_workspace_2025/nav_ws/install/px4_msgs/include/px4_msgs/px4_msgs/msg/detail/task_stack_info__struct.hpp\n'}
[8.671957] (px4_msgs) StdoutLine: {'line': b'-- Up-to-date: /home/em/ros_workspace_2025/nav_ws/install/px4_msgs/include/px4_msgs/px4_msgs/msg/detail/manual_control_switches__traits.hpp\n'}
[8.672009] (px4_msgs) StdoutLine: {'line': b'-- Up-to-date: /home/em/ros_workspace_2025/nav_ws/install/px4_msgs/include/px4_msgs/px4_msgs/msg/detail/heater_status__builder.hpp\n'}
[8.672064] (px4_msgs) StdoutLine: {'line': b'-- Up-to-date: /home/em/ros_workspace_2025/nav_ws/install/px4_msgs/include/px4_msgs/px4_msgs/msg/detail/follow_target_estimator__struct.hpp\n'}
[8.672124] (px4_msgs) StdoutLine: {'line': b'-- Up-to-date: /home/em/ros_workspace_2025/nav_ws/install/px4_msgs/include/px4_msgs/px4_msgs/msg/detail/sensor_hygrometer__struct.hpp\n'}
[8.672177] (px4_msgs) StdoutLine: {'line': b'-- Up-to-date: /home/em/ros_workspace_2025/nav_ws/install/px4_msgs/include/px4_msgs/px4_msgs/msg/detail/position_controller_status__struct.hpp\n'}
[8.672241] (px4_msgs) StdoutLine: {'line': b'-- Up-to-date: /home/em/ros_workspace_2025/nav_ws/install/px4_msgs/include/px4_msgs/px4_msgs/msg/detail/actuator_servos_trim__struct.hpp\n'}
[8.672300] (px4_msgs) StdoutLine: {'line': b'-- Up-to-date: /home/em/ros_workspace_2025/nav_ws/install/px4_msgs/include/px4_msgs/px4_msgs/msg/detail/internal_combustion_engine_status__traits.hpp\n'}
[8.672354] (px4_msgs) StdoutLine: {'line': b'-- Up-to-date: /home/em/ros_workspace_2025/nav_ws/install/px4_msgs/include/px4_msgs/px4_msgs/msg/detail/vehicle_trajectory_waypoint__traits.hpp\n'}
[8.672407] (px4_msgs) StdoutLine: {'line': b'-- Up-to-date: /home/em/ros_workspace_2025/nav_ws/install/px4_msgs/include/px4_msgs/px4_msgs/msg/detail/rc_parameter_map__struct.hpp\n'}
[8.672459] (px4_msgs) StdoutLine: {'line': b'-- Up-to-date: /home/em/ros_workspace_2025/nav_ws/install/px4_msgs/include/px4_msgs/px4_msgs/msg/detail/sensor_gps__struct.hpp\n'}
[8.672518] (px4_msgs) StdoutLine: {'line': b'-- Up-to-date: /home/em/ros_workspace_2025/nav_ws/install/px4_msgs/include/px4_msgs/px4_msgs/msg/detail/qshell_retval__traits.hpp\n'}
[8.672571] (px4_msgs) StdoutLine: {'line': b'-- Up-to-date: /home/em/ros_workspace_2025/nav_ws/install/px4_msgs/include/px4_msgs/px4_msgs/msg/detail/hover_thrust_estimate__builder.hpp\n'}
[8.672623] (px4_msgs) StdoutLine: {'line': b'-- Up-to-date: /home/em/ros_workspace_2025/nav_ws/install/px4_msgs/include/px4_msgs/px4_msgs/msg/detail/can_interface_status__builder.hpp\n'}
[8.672675] (px4_msgs) StdoutLine: {'line': b'-- Up-to-date: /home/em/ros_workspace_2025/nav_ws/install/px4_msgs/include/px4_msgs/px4_msgs/msg/detail/orb_test_large__builder.hpp\n'}
[8.672729] (px4_msgs) StdoutLine: {'line': b'-- Up-to-date: /home/em/ros_workspace_2025/nav_ws/install/px4_msgs/include/px4_msgs/px4_msgs/msg/detail/mavlink_tunnel__struct.hpp\n'}
[8.672783] (px4_msgs) StdoutLine: {'line': b'-- Up-to-date: /home/em/ros_workspace_2025/nav_ws/install/px4_msgs/include/px4_msgs/px4_msgs/msg/detail/actuator_armed__traits.hpp\n'}
[8.672835] (px4_msgs) StdoutLine: {'line': b'-- Up-to-date: /home/em/ros_workspace_2025/nav_ws/install/px4_msgs/include/px4_msgs/px4_msgs/msg/detail/rc_parameter_map__traits.hpp\n'}
[8.672887] (px4_msgs) StdoutLine: {'line': b'-- Up-to-date: /home/em/ros_workspace_2025/nav_ws/install/px4_msgs/include/px4_msgs/px4_msgs/msg/detail/position_setpoint__struct.hpp\n'}
[8.672939] (px4_msgs) StdoutLine: {'line': b'-- Up-to-date: /home/em/ros_workspace_2025/nav_ws/install/px4_msgs/include/px4_msgs/px4_msgs/msg/detail/qshell_req__builder.hpp\n'}
[8.672992] (px4_msgs) StdoutLine: {'line': b'-- Up-to-date: /home/em/ros_workspace_2025/nav_ws/install/px4_msgs/include/px4_msgs/px4_msgs/msg/detail/vehicle_local_position__struct.hpp\n'}
[8.673049] (px4_msgs) StdoutLine: {'line': b'-- Up-to-date: /home/em/ros_workspace_2025/nav_ws/install/px4_msgs/include/px4_msgs/px4_msgs/msg/detail/parameter_set_value_request__struct.hpp\n'}
[8.673103] (px4_msgs) StdoutLine: {'line': b'-- Up-to-date: /home/em/ros_workspace_2025/nav_ws/install/px4_msgs/include/px4_msgs/px4_msgs/msg/detail/gripper__struct.hpp\n'}
[8.673156] (px4_msgs) StdoutLine: {'line': b'-- Up-to-date: /home/em/ros_workspace_2025/nav_ws/install/px4_msgs/include/px4_msgs/px4_msgs/msg/detail/vehicle_air_data__struct.hpp\n'}
[8.673219] (px4_msgs) StdoutLine: {'line': b'-- Up-to-date: /home/em/ros_workspace_2025/nav_ws/install/px4_msgs/include/px4_msgs/px4_msgs/msg/detail/irlock_report__struct.hpp\n'}
[8.673277] (px4_msgs) StdoutLine: {'line': b'-- Up-to-date: /home/em/ros_workspace_2025/nav_ws/install/px4_msgs/include/px4_msgs/px4_msgs/msg/detail/onboard_computer_status__traits.hpp\n'}
[8.673331] (px4_msgs) StdoutLine: {'line': b'-- Up-to-date: /home/em/ros_workspace_2025/nav_ws/install/px4_msgs/include/px4_msgs/px4_msgs/msg/detail/takeoff_status__builder.hpp\n'}
[8.673393] (px4_msgs) StdoutLine: {'line': b'-- Up-to-date: /home/em/ros_workspace_2025/nav_ws/install/px4_msgs/include/px4_msgs/px4_msgs/msg/detail/sensor_gnss_relative__builder.hpp\n'}
[8.673451] (px4_msgs) StdoutLine: {'line': b'-- Up-to-date: /home/em/ros_workspace_2025/nav_ws/install/px4_msgs/include/px4_msgs/px4_msgs/msg/detail/distance_sensor_mode_change_request__builder.hpp\n'}
[8.673511] (px4_msgs) StdoutLine: {'line': b'-- Up-to-date: /home/em/ros_workspace_2025/nav_ws/install/px4_msgs/include/px4_msgs/px4_msgs/msg/detail/sensor_preflight_mag__struct.hpp\n'}
[8.673566] (px4_msgs) StdoutLine: {'line': b'-- Up-to-date: /home/em/ros_workspace_2025/nav_ws/install/px4_msgs/include/px4_msgs/px4_msgs/msg/detail/iridiumsbd_status__struct.hpp\n'}
[8.673618] (px4_msgs) StdoutLine: {'line': b'-- Up-to-date: /home/em/ros_workspace_2025/nav_ws/install/px4_msgs/include/px4_msgs/px4_msgs/msg/detail/dataman_response__traits.hpp\n'}
[8.673670] (px4_msgs) StdoutLine: {'line': b'-- Up-to-date: /home/em/ros_workspace_2025/nav_ws/install/px4_msgs/include/px4_msgs/px4_msgs/msg/detail/action_request__traits.hpp\n'}
[8.673722] (px4_msgs) StdoutLine: {'line': b'-- Up-to-date: /home/em/ros_workspace_2025/nav_ws/install/px4_msgs/include/px4_msgs/px4_msgs/msg/detail/vehicle_attitude__traits.hpp\n'}
[8.673774] (px4_msgs) StdoutLine: {'line': b'-- Up-to-date: /home/em/ros_workspace_2025/nav_ws/install/px4_msgs/include/px4_msgs/px4_msgs/msg/detail/estimator_status_flags__struct.hpp\n'}
[8.673826] (px4_msgs) StdoutLine: {'line': b'-- Up-to-date: /home/em/ros_workspace_2025/nav_ws/install/px4_msgs/include/px4_msgs/px4_msgs/msg/detail/sensor_combined__traits.hpp\n'}
[8.673881] (px4_msgs) StdoutLine: {'line': b'-- Up-to-date: /home/em/ros_workspace_2025/nav_ws/install/px4_msgs/include/px4_msgs/px4_msgs/msg/detail/logger_status__struct.hpp\n'}
[8.673954] (px4_msgs) StdoutLine: {'line': b'-- Up-to-date: /home/em/ros_workspace_2025/nav_ws/install/px4_msgs/include/px4_msgs/px4_msgs/msg/detail/tiltrotor_extra_controls__struct.hpp\n'}
[8.674014] (px4_msgs) StdoutLine: {'line': b'-- Up-to-date: /home/em/ros_workspace_2025/nav_ws/install/px4_msgs/include/px4_msgs/px4_msgs/msg/detail/heater_status__traits.hpp\n'}
[8.674067] (px4_msgs) StdoutLine: {'line': b'-- Up-to-date: /home/em/ros_workspace_2025/nav_ws/install/px4_msgs/include/px4_msgs/px4_msgs/msg/detail/autotune_attitude_control_status__builder.hpp\n'}
[8.674119] (px4_msgs) StdoutLine: {'line': b'-- Up-to-date: /home/em/ros_workspace_2025/nav_ws/install/px4_msgs/include/px4_msgs/px4_msgs/msg/detail/vehicle_imu__struct.hpp\n'}
[8.674181] (px4_msgs) StdoutLine: {'line': b'-- Up-to-date: /home/em/ros_workspace_2025/nav_ws/install/px4_msgs/include/px4_msgs/px4_msgs/msg/detail/battery_status__builder.hpp\n'}
[8.674243] (px4_msgs) StdoutLine: {'line': b'-- Up-to-date: /home/em/ros_workspace_2025/nav_ws/install/px4_msgs/include/px4_msgs/px4_msgs/msg/detail/mission__traits.hpp\n'}
[8.674299] (px4_msgs) StdoutLine: {'line': b'-- Up-to-date: /home/em/ros_workspace_2025/nav_ws/install/px4_msgs/include/px4_msgs/px4_msgs/msg/detail/rover_differential_status__builder.hpp\n'}
[8.674352] (px4_msgs) StdoutLine: {'line': b'-- Up-to-date: /home/em/ros_workspace_2025/nav_ws/install/px4_msgs/include/px4_msgs/px4_msgs/msg/detail/differential_pressure__traits.hpp\n'}
[8.674405] (px4_msgs) StdoutLine: {'line': b'-- Up-to-date: /home/em/ros_workspace_2025/nav_ws/install/px4_msgs/include/px4_msgs/px4_msgs/msg/detail/vtol_vehicle_status__struct.hpp\n'}
[8.674458] (px4_msgs) StdoutLine: {'line': b'-- Up-to-date: /home/em/ros_workspace_2025/nav_ws/install/px4_msgs/include/px4_msgs/px4_msgs/msg/detail/follow_target_status__traits.hpp\n'}
[8.674514] (px4_msgs) StdoutLine: {'line': b'-- Up-to-date: /home/em/ros_workspace_2025/nav_ws/install/px4_msgs/include/px4_msgs/px4_msgs/msg/detail/gps_inject_data__builder.hpp\n'}
[8.674567] (px4_msgs) StdoutLine: {'line': b'-- Up-to-date: /home/em/ros_workspace_2025/nav_ws/install/px4_msgs/include/px4_msgs/px4_msgs/msg/detail/onboard_computer_status__builder.hpp\n'}
[8.674628] (px4_msgs) StdoutLine: {'line': b'-- Up-to-date: /home/em/ros_workspace_2025/nav_ws/install/px4_msgs/include/px4_msgs/px4_msgs/msg/detail/follow_target_estimator__builder.hpp\n'}
[8.674681] (px4_msgs) StdoutLine: {'line': b'-- Up-to-date: /home/em/ros_workspace_2025/nav_ws/install/px4_msgs/include/px4_msgs/px4_msgs/msg/detail/sensor_gnss_relative__traits.hpp\n'}
[8.674734] (px4_msgs) StdoutLine: {'line': b'-- Up-to-date: /home/em/ros_workspace_2025/nav_ws/install/px4_msgs/include/px4_msgs/px4_msgs/msg/detail/mode_completed__struct.hpp\n'}
[8.674789] (px4_msgs) StdoutLine: {'line': b'-- Up-to-date: /home/em/ros_workspace_2025/nav_ws/install/px4_msgs/include/px4_msgs/px4_msgs/msg/detail/vehicle_rates_setpoint__traits.hpp\n'}
[8.674849] (px4_msgs) StdoutLine: {'line': b'-- Up-to-date: /home/em/ros_workspace_2025/nav_ws/install/px4_msgs/include/px4_msgs/px4_msgs/msg/detail/home_position__struct.hpp\n'}
[8.674916] (px4_msgs) StdoutLine: {'line': b'-- Up-to-date: /home/em/ros_workspace_2025/nav_ws/install/px4_msgs/include/px4_msgs/px4_msgs/msg/detail/adc_report__traits.hpp\n'}
[8.674979] (px4_msgs) StdoutLine: {'line': b'-- Up-to-date: /home/em/ros_workspace_2025/nav_ws/install/px4_msgs/include/px4_msgs/px4_msgs/msg/detail/vtol_vehicle_status__traits.hpp\n'}
[8.675040] (px4_msgs) StdoutLine: {'line': b'-- Up-to-date: /home/em/ros_workspace_2025/nav_ws/install/px4_msgs/include/px4_msgs/px4_msgs/msg/detail/actuator_outputs__builder.hpp\n'}
[8.675098] (px4_msgs) StdoutLine: {'line': b'-- Up-to-date: /home/em/ros_workspace_2025/nav_ws/install/px4_msgs/include/px4_msgs/px4_msgs/msg/detail/debug_array__traits.hpp\n'}
[8.675161] (px4_msgs) StdoutLine: {'line': b'-- Up-to-date: /home/em/ros_workspace_2025/nav_ws/install/px4_msgs/include/px4_msgs/px4_msgs/msg/detail/open_drone_id_system__struct.hpp\n'}
[8.675240] (px4_msgs) StdoutLine: {'line': b'-- Up-to-date: /home/em/ros_workspace_2025/nav_ws/install/px4_msgs/include/px4_msgs/px4_msgs/msg/detail/debug_array__struct.hpp\n'}
[8.675302] (px4_msgs) StdoutLine: {'line': b'-- Up-to-date: /home/em/ros_workspace_2025/nav_ws/install/px4_msgs/include/px4_msgs/px4_msgs/msg/detail/message_format_request__builder.hpp\n'}
[8.675362] (px4_msgs) StdoutLine: {'line': b'-- Up-to-date: /home/em/ros_workspace_2025/nav_ws/install/px4_msgs/include/px4_msgs/px4_msgs/msg/detail/gimbal_manager_set_attitude__struct.hpp\n'}
[8.675416] (px4_msgs) StdoutLine: {'line': b'-- Up-to-date: /home/em/ros_workspace_2025/nav_ws/install/px4_msgs/include/px4_msgs/px4_msgs/msg/detail/vehicle_rates_setpoint__struct.hpp\n'}
[8.675467] (px4_msgs) StdoutLine: {'line': b'-- Up-to-date: /home/em/ros_workspace_2025/nav_ws/install/px4_msgs/include/px4_msgs/px4_msgs/msg/detail/figure_eight_status__builder.hpp\n'}
[8.675519] (px4_msgs) StdoutLine: {'line': b'-- Up-to-date: /home/em/ros_workspace_2025/nav_ws/install/px4_msgs/include/px4_msgs/px4_msgs/msg/detail/parameter_set_value_response__struct.hpp\n'}
[8.675574] (px4_msgs) StdoutLine: {'line': b'-- Up-to-date: /home/em/ros_workspace_2025/nav_ws/install/px4_msgs/include/px4_msgs/px4_msgs/msg/detail/system_power__builder.hpp\n'}
[8.675625] (px4_msgs) StdoutLine: {'line': b'-- Up-to-date: /home/em/ros_workspace_2025/nav_ws/install/px4_msgs/include/px4_msgs/px4_msgs/msg/detail/actuator_servos__traits.hpp\n'}
[8.675677] (px4_msgs) StdoutLine: {'line': b'-- Up-to-date: /home/em/ros_workspace_2025/nav_ws/install/px4_msgs/include/px4_msgs/px4_msgs/msg/detail/sensor_hygrometer__builder.hpp\n'}
[8.675729] (px4_msgs) StdoutLine: {'line': b'-- Up-to-date: /home/em/ros_workspace_2025/nav_ws/install/px4_msgs/include/px4_msgs/px4_msgs/msg/detail/rpm__struct.hpp\n'}
[8.675781] (px4_msgs) StdoutLine: {'line': b'-- Up-to-date: /home/em/ros_workspace_2025/nav_ws/install/px4_msgs/include/px4_msgs/px4_msgs/msg/detail/telemetry_status__struct.hpp\n'}
[8.675832] (px4_msgs) StdoutLine: {'line': b'-- Up-to-date: /home/em/ros_workspace_2025/nav_ws/install/px4_msgs/include/px4_msgs/px4_msgs/msg/detail/ulog_stream__builder.hpp\n'}
[8.675894] (px4_msgs) StdoutLine: {'line': b'-- Up-to-date: /home/em/ros_workspace_2025/nav_ws/install/px4_msgs/include/px4_msgs/px4_msgs/msg/detail/npfg_status__builder.hpp\n'}
[8.675947] (px4_msgs) StdoutLine: {'line': b'-- Up-to-date: /home/em/ros_workspace_2025/nav_ws/install/px4_msgs/include/px4_msgs/px4_msgs/msg/detail/rate_ctrl_status__builder.hpp\n'}
[8.675998] (px4_msgs) StdoutLine: {'line': b'-- Up-to-date: /home/em/ros_workspace_2025/nav_ws/install/px4_msgs/include/px4_msgs/px4_msgs/msg/detail/vehicle_attitude_setpoint__builder.hpp\n'}
[8.676050] (px4_msgs) StdoutLine: {'line': b'-- Up-to-date: /home/em/ros_workspace_2025/nav_ws/install/px4_msgs/include/px4_msgs/px4_msgs/msg/detail/landing_gear__builder.hpp\n'}
[8.676101] (px4_msgs) StdoutLine: {'line': b'-- Up-to-date: /home/em/ros_workspace_2025/nav_ws/install/px4_msgs/include/px4_msgs/px4_msgs/msg/detail/open_drone_id_arm_status__traits.hpp\n'}
[8.676153] (px4_msgs) StdoutLine: {'line': b'-- Up-to-date: /home/em/ros_workspace_2025/nav_ws/install/px4_msgs/include/px4_msgs/px4_msgs/msg/detail/rover_mecanum_setpoint__struct.hpp\n'}
[8.676210] (px4_msgs) StdoutLine: {'line': b'-- Up-to-date: /home/em/ros_workspace_2025/nav_ws/install/px4_msgs/include/px4_msgs/px4_msgs/msg/detail/flight_phase_estimation__traits.hpp\n'}
[8.676328] (px4_msgs) StdoutLine: {'line': b'-- Up-to-date: /home/em/ros_workspace_2025/nav_ws/install/px4_msgs/include/px4_msgs/px4_msgs/msg/detail/sensor_gyro_fifo__builder.hpp\n'}
[8.676360] (px4_msgs) StdoutLine: {'line': b'-- Up-to-date: /home/em/ros_workspace_2025/nav_ws/install/px4_msgs/include/px4_msgs/px4_msgs/msg/detail/estimator_bias__traits.hpp\n'}
[8.676384] (px4_msgs) StdoutLine: {'line': b'-- Up-to-date: /home/em/ros_workspace_2025/nav_ws/install/px4_msgs/include/px4_msgs/px4_msgs/msg/detail/trajectory_waypoint__traits.hpp\n'}
[8.676407] (px4_msgs) StdoutLine: {'line': b'-- Up-to-date: /home/em/ros_workspace_2025/nav_ws/install/px4_msgs/include/px4_msgs/px4_msgs/msg/detail/collision_constraints__traits.hpp\n'}
[8.676430] (px4_msgs) StdoutLine: {'line': b'-- Up-to-date: /home/em/ros_workspace_2025/nav_ws/install/px4_msgs/include/px4_msgs/px4_msgs/msg/detail/can_interface_status__struct.hpp\n'}
[8.676452] (px4_msgs) StdoutLine: {'line': b'-- Up-to-date: /home/em/ros_workspace_2025/nav_ws/install/px4_msgs/include/px4_msgs/px4_msgs/msg/detail/autotune_attitude_control_status__traits.hpp\n'}
[8.676474] (px4_msgs) StdoutLine: {'line': b'-- Up-to-date: /home/em/ros_workspace_2025/nav_ws/install/px4_msgs/include/px4_msgs/px4_msgs/msg/detail/iridiumsbd_status__traits.hpp\n'}
[8.676495] (px4_msgs) StdoutLine: {'line': b'-- Up-to-date: /home/em/ros_workspace_2025/nav_ws/install/px4_msgs/include/px4_msgs/px4_msgs/msg/detail/actuator_test__struct.hpp\n'}
[8.676517] (px4_msgs) StdoutLine: {'line': b'-- Up-to-date: /home/em/ros_workspace_2025/nav_ws/install/px4_msgs/include/px4_msgs/px4_msgs/msg/detail/sensor_selection__struct.hpp\n'}
[8.676541] (px4_msgs) StdoutLine: {'line': b'-- Up-to-date: /home/em/ros_workspace_2025/nav_ws/install/px4_msgs/include/px4_msgs/px4_msgs/msg/detail/vehicle_torque_setpoint__struct.hpp\n'}
[8.676561] (px4_msgs) StdoutLine: {'line': b'-- Up-to-date: /home/em/ros_workspace_2025/nav_ws/install/px4_msgs/include/px4_msgs/px4_msgs/msg/detail/trajectory_setpoint__builder.hpp\n'}
[8.676581] (px4_msgs) StdoutLine: {'line': b'-- Up-to-date: /home/em/ros_workspace_2025/nav_ws/install/px4_msgs/include/px4_msgs/px4_msgs/msg/detail/velocity_limits__traits.hpp\n'}
[8.676601] (px4_msgs) StdoutLine: {'line': b'-- Up-to-date: /home/em/ros_workspace_2025/nav_ws/install/px4_msgs/include/px4_msgs/px4_msgs/msg/detail/heater_status__struct.hpp\n'}
[8.676622] (px4_msgs) StdoutLine: {'line': b'-- Up-to-date: /home/em/ros_workspace_2025/nav_ws/install/px4_msgs/include/px4_msgs/px4_msgs/msg/detail/sensor_preflight_mag__builder.hpp\n'}
[8.676642] (px4_msgs) StdoutLine: {'line': b'-- Up-to-date: /home/em/ros_workspace_2025/nav_ws/install/px4_msgs/include/px4_msgs/px4_msgs/msg/detail/differential_pressure__struct.hpp\n'}
[8.676663] (px4_msgs) StdoutLine: {'line': b'-- Up-to-date: /home/em/ros_workspace_2025/nav_ws/install/px4_msgs/include/px4_msgs/px4_msgs/msg/detail/gimbal_device_attitude_status__builder.hpp\n'}
[8.676683] (px4_msgs) StdoutLine: {'line': b'-- Up-to-date: /home/em/ros_workspace_2025/nav_ws/install/px4_msgs/include/px4_msgs/px4_msgs/msg/detail/vehicle_imu__builder.hpp\n'}
[8.676703] (px4_msgs) StdoutLine: {'line': b'-- Up-to-date: /home/em/ros_workspace_2025/nav_ws/install/px4_msgs/include/px4_msgs/px4_msgs/msg/detail/estimator_event_flags__struct.hpp\n'}
[8.676722] (px4_msgs) StdoutLine: {'line': b'-- Up-to-date: /home/em/ros_workspace_2025/nav_ws/install/px4_msgs/include/px4_msgs/px4_msgs/msg/detail/irlock_report__traits.hpp\n'}
[8.676742] (px4_msgs) StdoutLine: {'line': b'-- Up-to-date: /home/em/ros_workspace_2025/nav_ws/install/px4_msgs/include/px4_msgs/px4_msgs/msg/detail/debug_key_value__traits.hpp\n'}
[8.676762] (px4_msgs) StdoutLine: {'line': b'-- Up-to-date: /home/em/ros_workspace_2025/nav_ws/install/px4_msgs/include/px4_msgs/px4_msgs/msg/detail/follow_target__builder.hpp\n'}
[8.676781] (px4_msgs) StdoutLine: {'line': b'-- Up-to-date: /home/em/ros_workspace_2025/nav_ws/install/px4_msgs/include/px4_msgs/px4_msgs/msg/detail/failsafe_flags__traits.hpp\n'}
[8.676801] (px4_msgs) StdoutLine: {'line': b'-- Up-to-date: /home/em/ros_workspace_2025/nav_ws/install/px4_msgs/include/px4_msgs/px4_msgs/msg/detail/vehicle_roi__builder.hpp\n'}
[8.676821] (px4_msgs) StdoutLine: {'line': b'-- Up-to-date: /home/em/ros_workspace_2025/nav_ws/install/px4_msgs/include/px4_msgs/px4_msgs/msg/detail/vehicle_constraints__struct.hpp\n'}
[8.676842] (px4_msgs) StdoutLine: {'line': b'-- Up-to-date: /home/em/ros_workspace_2025/nav_ws/install/px4_msgs/include/px4_msgs/px4_msgs/msg/detail/parameter_set_used_request__struct.hpp\n'}
[8.676862] (px4_msgs) StdoutLine: {'line': b'-- Up-to-date: /home/em/ros_workspace_2025/nav_ws/install/px4_msgs/include/px4_msgs/px4_msgs/msg/detail/estimator_aid_source3d__struct.hpp\n'}
[8.676882] (px4_msgs) StdoutLine: {'line': b'-- Up-to-date: /home/em/ros_workspace_2025/nav_ws/install/px4_msgs/include/px4_msgs/px4_msgs/msg/detail/satellite_info__traits.hpp\n'}
[8.676902] (px4_msgs) StdoutLine: {'line': b'-- Up-to-date: /home/em/ros_workspace_2025/nav_ws/install/px4_msgs/include/px4_msgs/px4_msgs/msg/detail/transponder_report__traits.hpp\n'}
[8.676923] (px4_msgs) StdoutLine: {'line': b'-- Up-to-date: /home/em/ros_workspace_2025/nav_ws/install/px4_msgs/include/px4_msgs/px4_msgs/msg/detail/uavcan_parameter_value__struct.hpp\n'}
[8.676942] (px4_msgs) StdoutLine: {'line': b'-- Up-to-date: /home/em/ros_workspace_2025/nav_ws/install/px4_msgs/include/px4_msgs/px4_msgs/msg/detail/rover_differential_setpoint__builder.hpp\n'}
[8.676962] (px4_msgs) StdoutLine: {'line': b'-- Up-to-date: /home/em/ros_workspace_2025/nav_ws/install/px4_msgs/include/px4_msgs/px4_msgs/msg/detail/mount_orientation__struct.hpp\n'}
[8.676981] (px4_msgs) StdoutLine: {'line': b'-- Up-to-date: /home/em/ros_workspace_2025/nav_ws/install/px4_msgs/include/px4_msgs/px4_msgs/msg/detail/tune_control__builder.hpp\n'}
[8.677001] (px4_msgs) StdoutLine: {'line': b'-- Up-to-date: /home/em/ros_workspace_2025/nav_ws/install/px4_msgs/include/px4_msgs/px4_msgs/msg/detail/sensor_accel__struct.hpp\n'}
[8.677020] (px4_msgs) StdoutLine: {'line': b'-- Up-to-date: /home/em/ros_workspace_2025/nav_ws/install/px4_msgs/include/px4_msgs/px4_msgs/msg/detail/px4io_status__traits.hpp\n'}
[8.677040] (px4_msgs) StdoutLine: {'line': b'-- Up-to-date: /home/em/ros_workspace_2025/nav_ws/install/px4_msgs/include/px4_msgs/px4_msgs/msg/detail/sensors_status_imu__traits.hpp\n'}
[8.677060] (px4_msgs) StdoutLine: {'line': b'-- Up-to-date: /home/em/ros_workspace_2025/nav_ws/install/px4_msgs/include/px4_msgs/px4_msgs/msg/detail/rtl_status__traits.hpp\n'}
[8.677080] (px4_msgs) StdoutLine: {'line': b'-- Up-to-date: /home/em/ros_workspace_2025/nav_ws/install/px4_msgs/include/px4_msgs/px4_msgs/msg/detail/actuator_motors__builder.hpp\n'}
[8.677100] (px4_msgs) StdoutLine: {'line': b'-- Up-to-date: /home/em/ros_workspace_2025/nav_ws/install/px4_msgs/include/px4_msgs/px4_msgs/msg/detail/gpio_in__builder.hpp\n'}
[8.677120] (px4_msgs) StdoutLine: {'line': b'-- Up-to-date: /home/em/ros_workspace_2025/nav_ws/install/px4_msgs/include/px4_msgs/px4_msgs/msg/detail/actuator_servos_trim__traits.hpp\n'}
[8.677140] (px4_msgs) StdoutLine: {'line': b'-- Up-to-date: /home/em/ros_workspace_2025/nav_ws/install/px4_msgs/include/px4_msgs/px4_msgs/msg/detail/offboard_control_mode__builder.hpp\n'}
[8.677160] (px4_msgs) StdoutLine: {'line': b'-- Up-to-date: /home/em/ros_workspace_2025/nav_ws/install/px4_msgs/include/px4_msgs/px4_msgs/msg/detail/open_drone_id_self_id__traits.hpp\n'}
[8.677179] (px4_msgs) StdoutLine: {'line': b'-- Up-to-date: /home/em/ros_workspace_2025/nav_ws/install/px4_msgs/include/px4_msgs/px4_msgs/msg/detail/vehicle_optical_flow__builder.hpp\n'}
[8.677205] (px4_msgs) StdoutLine: {'line': b'-- Up-to-date: /home/em/ros_workspace_2025/nav_ws/install/px4_msgs/include/px4_msgs/px4_msgs/msg/detail/rover_differential_guidance_status__traits.hpp\n'}
[8.677225] (px4_msgs) StdoutLine: {'line': b'-- Up-to-date: /home/em/ros_workspace_2025/nav_ws/install/px4_msgs/include/px4_msgs/px4_msgs/msg/detail/gpio_config__traits.hpp\n'}
[8.677254] (px4_msgs) StdoutLine: {'line': b'-- Up-to-date: /home/em/ros_workspace_2025/nav_ws/install/px4_msgs/include/px4_msgs/px4_msgs/msg/detail/vehicle_thrust_setpoint__struct.hpp\n'}
[8.677274] (px4_msgs) StdoutLine: {'line': b'-- Up-to-date: /home/em/ros_workspace_2025/nav_ws/install/px4_msgs/include/px4_msgs/px4_msgs/msg/detail/goto_setpoint__struct.hpp\n'}
[8.677294] (px4_msgs) StdoutLine: {'line': b'-- Up-to-date: /home/em/ros_workspace_2025/nav_ws/install/px4_msgs/include/px4_msgs/px4_msgs/msg/detail/trajectory_setpoint__traits.hpp\n'}
[8.677314] (px4_msgs) StdoutLine: {'line': b'-- Up-to-date: /home/em/ros_workspace_2025/nav_ws/install/px4_msgs/include/px4_msgs/px4_msgs/msg/detail/distance_sensor_mode_change_request__struct.hpp\n'}
[8.677335] (px4_msgs) StdoutLine: {'line': b'-- Up-to-date: /home/em/ros_workspace_2025/nav_ws/install/px4_msgs/include/px4_msgs/px4_msgs/msg/detail/gpio_request__struct.hpp\n'}
[8.677357] (px4_msgs) StdoutLine: {'line': b'-- Up-to-date: /home/em/ros_workspace_2025/nav_ws/install/px4_msgs/include/px4_msgs/px4_msgs/msg/detail/velocity_limits__struct.hpp\n'}
[8.677379] (px4_msgs) StdoutLine: {'line': b'-- Up-to-date: /home/em/ros_workspace_2025/nav_ws/install/px4_msgs/include/px4_msgs/px4_msgs/msg/detail/sensor_combined__builder.hpp\n'}
[8.677400] (px4_msgs) StdoutLine: {'line': b'-- Up-to-date: /home/em/ros_workspace_2025/nav_ws/install/px4_msgs/include/px4_msgs/px4_msgs/msg/detail/vehicle_control_mode__builder.hpp\n'}
[8.677422] (px4_msgs) StdoutLine: {'line': b'-- Up-to-date: /home/em/ros_workspace_2025/nav_ws/install/px4_msgs/include/px4_msgs/px4_msgs/msg/detail/parameter_set_value_response__builder.hpp\n'}
[8.677443] (px4_msgs) StdoutLine: {'line': b'-- Up-to-date: /home/em/ros_workspace_2025/nav_ws/install/px4_msgs/include/px4_msgs/px4_msgs/msg/detail/sensor_selection__builder.hpp\n'}
[8.677466] (px4_msgs) StdoutLine: {'line': b'-- Up-to-date: /home/em/ros_workspace_2025/nav_ws/install/px4_msgs/include/px4_msgs/px4_msgs/msg/detail/camera_trigger__struct.hpp\n'}
[8.677487] (px4_msgs) StdoutLine: {'line': b'-- Up-to-date: /home/em/ros_workspace_2025/nav_ws/install/px4_msgs/include/px4_msgs/px4_msgs/msg/detail/vehicle_global_position__builder.hpp\n'}
[8.677514] (px4_msgs) StdoutLine: {'line': b'-- Up-to-date: /home/em/ros_workspace_2025/nav_ws/install/px4_msgs/include/px4_msgs/px4_msgs/msg/detail/failure_detector_status__traits.hpp\n'}
[8.677534] (px4_msgs) StdoutLine: {'line': b'-- Up-to-date: /home/em/ros_workspace_2025/nav_ws/install/px4_msgs/include/px4_msgs/px4_msgs/msg/detail/vehicle_attitude__struct.hpp\n'}
[8.677554] (px4_msgs) StdoutLine: {'line': b'-- Up-to-date: /home/em/ros_workspace_2025/nav_ws/install/px4_msgs/include/px4_msgs/px4_msgs/msg/detail/gpio_out__builder.hpp\n'}
[8.677574] (px4_msgs) StdoutLine: {'line': b'-- Up-to-date: /home/em/ros_workspace_2025/nav_ws/install/px4_msgs/include/px4_msgs/px4_msgs/msg/detail/mag_worker_data__struct.hpp\n'}
[8.677595] (px4_msgs) StdoutLine: {'line': b'-- Up-to-date: /home/em/ros_workspace_2025/nav_ws/install/px4_msgs/include/px4_msgs/px4_msgs/msg/detail/esc_status__builder.hpp\n'}
[8.677615] (px4_msgs) StdoutLine: {'line': b'-- Up-to-date: /home/em/ros_workspace_2025/nav_ws/install/px4_msgs/include/px4_msgs/px4_msgs/msg/detail/debug_value__struct.hpp\n'}
[8.677634] (px4_msgs) StdoutLine: {'line': b'-- Up-to-date: /home/em/ros_workspace_2025/nav_ws/install/px4_msgs/include/px4_msgs/px4_msgs/msg/detail/landing_target_innovations__struct.hpp\n'}
[8.677655] (px4_msgs) StdoutLine: {'line': b'-- Up-to-date: /home/em/ros_workspace_2025/nav_ws/install/px4_msgs/include/px4_msgs/px4_msgs/msg/detail/power_monitor__traits.hpp\n'}
[8.677674] (px4_msgs) StdoutLine: {'line': b'-- Up-to-date: /home/em/ros_workspace_2025/nav_ws/install/px4_msgs/include/px4_msgs/px4_msgs/msg/detail/position_setpoint__traits.hpp\n'}
[8.677694] (px4_msgs) StdoutLine: {'line': b'-- Up-to-date: /home/em/ros_workspace_2025/nav_ws/install/px4_msgs/include/px4_msgs/px4_msgs/msg/detail/gimbal_device_set_attitude__traits.hpp\n'}
[8.677713] (px4_msgs) StdoutLine: {'line': b'-- Up-to-date: /home/em/ros_workspace_2025/nav_ws/install/px4_msgs/include/px4_msgs/px4_msgs/msg/detail/register_ext_component_request__builder.hpp\n'}
[8.677733] (px4_msgs) StdoutLine: {'line': b'-- Up-to-date: /home/em/ros_workspace_2025/nav_ws/install/px4_msgs/include/px4_msgs/px4_msgs/msg/detail/position_setpoint__builder.hpp\n'}
[8.677753] (px4_msgs) StdoutLine: {'line': b'-- Up-to-date: /home/em/ros_workspace_2025/nav_ws/install/px4_msgs/include/px4_msgs/px4_msgs/msg/detail/landing_target_pose__struct.hpp\n'}
[8.677773] (px4_msgs) StdoutLine: {'line': b'-- Up-to-date: /home/em/ros_workspace_2025/nav_ws/install/px4_msgs/include/px4_msgs/px4_msgs/msg/detail/actuator_test__traits.hpp\n'}
[8.677792] (px4_msgs) StdoutLine: {'line': b'-- Up-to-date: /home/em/ros_workspace_2025/nav_ws/install/px4_msgs/include/px4_msgs/px4_msgs/msg/detail/magnetometer_bias_estimate__traits.hpp\n'}
[8.677812] (px4_msgs) StdoutLine: {'line': b'-- Up-to-date: /home/em/ros_workspace_2025/nav_ws/install/px4_msgs/include/px4_msgs/px4_msgs/msg/detail/sensor_gyro__traits.hpp\n'}
[8.677832] (px4_msgs) StdoutLine: {'line': b'-- Up-to-date: /home/em/ros_workspace_2025/nav_ws/install/px4_msgs/include/px4_msgs/px4_msgs/msg/detail/internal_combustion_engine_status__struct.hpp\n'}
[8.677851] (px4_msgs) StdoutLine: {'line': b'-- Up-to-date: /home/em/ros_workspace_2025/nav_ws/install/px4_msgs/include/px4_msgs/px4_msgs/msg/detail/vehicle_magnetometer__struct.hpp\n'}
[8.677871] (px4_msgs) StdoutLine: {'line': b'-- Up-to-date: /home/em/ros_workspace_2025/nav_ws/install/px4_msgs/include/px4_msgs/px4_msgs/msg/detail/navigator_mission_item__struct.hpp\n'}
[8.677890] (px4_msgs) StdoutLine: {'line': b'-- Up-to-date: /home/em/ros_workspace_2025/nav_ws/install/px4_msgs/include/px4_msgs/px4_msgs/msg/detail/gimbal_controls__builder.hpp\n'}
[8.677911] (px4_msgs) StdoutLine: {'line': b'-- Up-to-date: /home/em/ros_workspace_2025/nav_ws/install/px4_msgs/include/px4_msgs/px4_msgs/msg/detail/input_rc__struct.hpp\n'}
[8.677937] (px4_msgs) StdoutLine: {'line': b'-- Up-to-date: /home/em/ros_workspace_2025/nav_ws/install/px4_msgs/include/px4_msgs/px4_msgs/msg/detail/mount_orientation__traits.hpp\n'}
[8.677971] (px4_msgs) StdoutLine: {'line': b'-- Up-to-date: /home/em/ros_workspace_2025/nav_ws/install/px4_msgs/include/px4_msgs/px4_msgs/msg/detail/tecs_status__traits.hpp\n'}
[8.678007] (px4_msgs) StdoutLine: {'line': b'-- Up-to-date: /home/em/ros_workspace_2025/nav_ws/install/px4_msgs/include/px4_msgs/px4_msgs/msg/detail/tune_control__struct.hpp\n'}
[8.678066] (px4_msgs) StdoutLine: {'line': b'-- Up-to-date: /home/em/ros_workspace_2025/nav_ws/install/px4_msgs/include/px4_msgs/px4_msgs/msg/detail/manual_control_setpoint__traits.hpp\n'}
[8.678158] (px4_msgs) StdoutLine: {'line': b'-- Up-to-date: /home/em/ros_workspace_2025/nav_ws/install/px4_msgs/include/px4_msgs/px4_msgs/msg/detail/offboard_control_mode__traits.hpp\n'}
[8.678236] (px4_msgs) StdoutLine: {'line': b'-- Up-to-date: /home/em/ros_workspace_2025/nav_ws/install/px4_msgs/include/px4_msgs/px4_msgs/msg/detail/vehicle_trajectory_waypoint__struct.hpp\n'}
[8.678290] (px4_msgs) StdoutLine: {'line': b'-- Up-to-date: /home/em/ros_workspace_2025/nav_ws/install/px4_msgs/include/px4_msgs/px4_msgs/msg/detail/open_drone_id_operator_id__struct.hpp\n'}
[8.678349] (px4_msgs) StdoutLine: {'line': b'-- Up-to-date: /home/em/ros_workspace_2025/nav_ws/install/px4_msgs/include/px4_msgs/px4_msgs/msg/detail/ekf2_timestamps__struct.hpp\n'}
[8.678412] (px4_msgs) StdoutLine: {'line': b'-- Up-to-date: /home/em/ros_workspace_2025/nav_ws/install/px4_msgs/include/px4_msgs/px4_msgs/msg/detail/landing_target_innovations__traits.hpp\n'}
[8.678465] (px4_msgs) StdoutLine: {'line': b'-- Up-to-date: /home/em/ros_workspace_2025/nav_ws/install/px4_msgs/include/px4_msgs/px4_msgs/msg/detail/actuator_servos__struct.hpp\n'}
[8.678516] (px4_msgs) StdoutLine: {'line': b'-- Up-to-date: /home/em/ros_workspace_2025/nav_ws/install/px4_msgs/include/px4_msgs/px4_msgs/msg/detail/mission__struct.hpp\n'}
[8.678569] (px4_msgs) StdoutLine: {'line': b'-- Up-to-date: /home/em/ros_workspace_2025/nav_ws/install/px4_msgs/include/px4_msgs/px4_msgs/msg/detail/generator_status__traits.hpp\n'}
[8.678620] (px4_msgs) StdoutLine: {'line': b'-- Up-to-date: /home/em/ros_workspace_2025/nav_ws/install/px4_msgs/include/px4_msgs/px4_msgs/msg/detail/rtl_status__struct.hpp\n'}
[8.678671] (px4_msgs) StdoutLine: {'line': b'-- Up-to-date: /home/em/ros_workspace_2025/nav_ws/install/px4_msgs/include/px4_msgs/px4_msgs/msg/detail/arming_check_request__traits.hpp\n'}
[8.678723] (px4_msgs) StdoutLine: {'line': b'-- Up-to-date: /home/em/ros_workspace_2025/nav_ws/install/px4_msgs/include/px4_msgs/px4_msgs/msg/detail/position_controller_landing_status__traits.hpp\n'}
[8.678775] (px4_msgs) StdoutLine: {'line': b'-- Up-to-date: /home/em/ros_workspace_2025/nav_ws/install/px4_msgs/include/px4_msgs/px4_msgs/msg/detail/orb_test__traits.hpp\n'}
[8.678825] (px4_msgs) StdoutLine: {'line': b'-- Up-to-date: /home/em/ros_workspace_2025/nav_ws/install/px4_msgs/include/px4_msgs/px4_msgs/msg/detail/rover_mecanum_guidance_status__struct.hpp\n'}
[8.678876] (px4_msgs) StdoutLine: {'line': b'-- Up-to-date: /home/em/ros_workspace_2025/nav_ws/install/px4_msgs/include/px4_msgs/px4_msgs/msg/detail/wheel_encoders__struct.hpp\n'}
[8.678927] (px4_msgs) StdoutLine: {'line': b'-- Up-to-date: /home/em/ros_workspace_2025/nav_ws/install/px4_msgs/include/px4_msgs/px4_msgs/msg/detail/action_request__struct.hpp\n'}
[8.678977] (px4_msgs) StdoutLine: {'line': b'-- Up-to-date: /home/em/ros_workspace_2025/nav_ws/install/px4_msgs/include/px4_msgs/px4_msgs/msg/detail/gps_inject_data__struct.hpp\n'}
[8.679029] (px4_msgs) StdoutLine: {'line': b'-- Up-to-date: /home/em/ros_workspace_2025/nav_ws/install/px4_msgs/include/px4_msgs/px4_msgs/msg/detail/timesync_status__traits.hpp\n'}
[8.679079] (px4_msgs) StdoutLine: {'line': b'-- Up-to-date: /home/em/ros_workspace_2025/nav_ws/install/px4_msgs/include/px4_msgs/px4_msgs/msg/detail/vehicle_optical_flow_vel__builder.hpp\n'}
[8.679129] (px4_msgs) StdoutLine: {'line': b'-- Up-to-date: /home/em/ros_workspace_2025/nav_ws/install/px4_msgs/include/px4_msgs/px4_msgs/msg/detail/vehicle_attitude_setpoint__struct.hpp\n'}
[8.679179] (px4_msgs) StdoutLine: {'line': b'-- Up-to-date: /home/em/ros_workspace_2025/nav_ws/install/px4_msgs/include/px4_msgs/px4_msgs/msg/detail/vehicle_status__traits.hpp\n'}
[8.679243] (px4_msgs) StdoutLine: {'line': b'-- Up-to-date: /home/em/ros_workspace_2025/nav_ws/install/px4_msgs/include/px4_msgs/px4_msgs/msg/detail/estimator_bias3d__struct.hpp\n'}
[8.679294] (px4_msgs) StdoutLine: {'line': b'-- Up-to-date: /home/em/ros_workspace_2025/nav_ws/install/px4_msgs/include/px4_msgs/px4_msgs/msg/detail/buffer128__traits.hpp\n'}
[8.679344] (px4_msgs) StdoutLine: {'line': b'-- Up-to-date: /home/em/ros_workspace_2025/nav_ws/install/px4_msgs/include/px4_msgs/px4_msgs/msg/detail/rover_ackermann_status__struct.hpp\n'}
[8.679398] (px4_msgs) StdoutLine: {'line': b'-- Up-to-date: /home/em/ros_workspace_2025/nav_ws/install/px4_msgs/include/px4_msgs/px4_msgs/msg/detail/dataman_request__struct.hpp\n'}
[8.679448] (px4_msgs) StdoutLine: {'line': b'-- Up-to-date: /home/em/ros_workspace_2025/nav_ws/install/px4_msgs/include/px4_msgs/px4_msgs/msg/detail/rc_channels__struct.hpp\n'}
[8.679500] (px4_msgs) StdoutLine: {'line': b'-- Up-to-date: /home/em/ros_workspace_2025/nav_ws/install/px4_msgs/include/px4_msgs/px4_msgs/msg/detail/vehicle_local_position_setpoint__traits.hpp\n'}
[8.679552] (px4_msgs) StdoutLine: {'line': b'-- Up-to-date: /home/em/ros_workspace_2025/nav_ws/install/px4_msgs/include/px4_msgs/px4_msgs/msg/detail/estimator_aid_source1d__traits.hpp\n'}
[8.679606] (px4_msgs) StdoutLine: {'line': b'-- Up-to-date: /home/em/ros_workspace_2025/nav_ws/install/px4_msgs/include/px4_msgs/px4_msgs/msg/detail/position_controller_status__builder.hpp\n'}
[8.679670] (px4_msgs) StdoutLine: {'line': b'-- Up-to-date: /home/em/ros_workspace_2025/nav_ws/install/px4_msgs/include/px4_msgs/px4_msgs/msg/detail/rover_ackermann_setpoint__struct.hpp\n'}
[8.679741] (px4_msgs) StdoutLine: {'line': b'-- Up-to-date: /home/em/ros_workspace_2025/nav_ws/install/px4_msgs/include/px4_msgs/px4_msgs/msg/detail/power_button_state__struct.hpp\n'}
[8.679820] (px4_msgs) StdoutLine: {'line': b'-- Up-to-date: /home/em/ros_workspace_2025/nav_ws/install/px4_msgs/include/px4_msgs/px4_msgs/msg/detail/gimbal_manager_set_attitude__traits.hpp\n'}
[8.679873] (px4_msgs) StdoutLine: {'line': b'-- Up-to-date: /home/em/ros_workspace_2025/nav_ws/install/px4_msgs/include/px4_msgs/px4_msgs/msg/detail/estimator_innovations__struct.hpp\n'}
[8.679903] (px4_msgs) StdoutLine: {'line': b'-- Up-to-date: /home/em/ros_workspace_2025/nav_ws/install/px4_msgs/include/px4_msgs/px4_msgs/msg/detail/collision_constraints__struct.hpp\n'}
[8.679928] (px4_msgs) StdoutLine: {'line': b'-- Up-to-date: /home/em/ros_workspace_2025/nav_ws/install/px4_msgs/include/px4_msgs/px4_msgs/msg/detail/geofence_result__builder.hpp\n'}
[8.679951] (px4_msgs) StdoutLine: {'line': b'-- Up-to-date: /home/em/ros_workspace_2025/nav_ws/install/px4_msgs/include/px4_msgs/px4_msgs/msg/detail/vehicle_angular_acceleration_setpoint__traits.hpp\n'}
[8.679973] (px4_msgs) StdoutLine: {'line': b'-- Up-to-date: /home/em/ros_workspace_2025/nav_ws/install/px4_msgs/include/px4_msgs/px4_msgs/msg/detail/fuel_tank_status__traits.hpp\n'}
[8.679994] (px4_msgs) StdoutLine: {'line': b'-- Up-to-date: /home/em/ros_workspace_2025/nav_ws/install/px4_msgs/include/px4_msgs/px4_msgs/msg/detail/sensor_gyro_fft__struct.hpp\n'}
[8.680016] (px4_msgs) StdoutLine: {'line': b'-- Up-to-date: /home/em/ros_workspace_2025/nav_ws/install/px4_msgs/include/px4_msgs/px4_msgs/msg/detail/sensor_uwb__builder.hpp\n'}
[8.680037] (px4_msgs) StdoutLine: {'line': b'-- Up-to-date: /home/em/ros_workspace_2025/nav_ws/install/px4_msgs/include/px4_msgs/px4_msgs/msg/detail/parameter_update__builder.hpp\n'}
[8.680058] (px4_msgs) StdoutLine: {'line': b'-- Up-to-date: /home/em/ros_workspace_2025/nav_ws/install/px4_msgs/include/px4_msgs/px4_msgs/msg/detail/estimator_innovations__traits.hpp\n'}
[8.680079] (px4_msgs) StdoutLine: {'line': b'-- Up-to-date: /home/em/ros_workspace_2025/nav_ws/install/px4_msgs/include/px4_msgs/px4_msgs/msg/detail/debug_array__builder.hpp\n'}
[8.680102] (px4_msgs) StdoutLine: {'line': b'-- Up-to-date: /home/em/ros_workspace_2025/nav_ws/install/px4_msgs/include/px4_msgs/px4_msgs/msg/detail/ulog_stream__traits.hpp\n'}
[8.680122] (px4_msgs) StdoutLine: {'line': b'-- Up-to-date: /home/em/ros_workspace_2025/nav_ws/install/px4_msgs/include/px4_msgs/px4_msgs/msg/detail/gpio_in__traits.hpp\n'}
[8.680142] (px4_msgs) StdoutLine: {'line': b'-- Up-to-date: /home/em/ros_workspace_2025/nav_ws/install/px4_msgs/include/px4_msgs/px4_msgs/msg/detail/actuator_controls_status__struct.hpp\n'}
[8.680162] (px4_msgs) StdoutLine: {'line': b'-- Up-to-date: /home/em/ros_workspace_2025/nav_ws/install/px4_msgs/include/px4_msgs/px4_msgs/msg/detail/npfg_status__traits.hpp\n'}
[8.680183] (px4_msgs) StdoutLine: {'line': b'-- Up-to-date: /home/em/ros_workspace_2025/nav_ws/install/px4_msgs/include/px4_msgs/px4_msgs/msg/detail/power_button_state__builder.hpp\n'}
[8.680209] (px4_msgs) StdoutLine: {'line': b'-- Up-to-date: /home/em/ros_workspace_2025/nav_ws/install/px4_msgs/include/px4_msgs/px4_msgs/msg/detail/magnetometer_bias_estimate__builder.hpp\n'}
[8.680233] (px4_msgs) StdoutLine: {'line': b'-- Up-to-date: /home/em/ros_workspace_2025/nav_ws/install/px4_msgs/include/px4_msgs/px4_msgs/msg/detail/register_ext_component_request__struct.hpp\n'}
[8.680254] (px4_msgs) StdoutLine: {'line': b'-- Up-to-date: /home/em/ros_workspace_2025/nav_ws/install/px4_msgs/include/px4_msgs/px4_msgs/msg/detail/sensors_status__traits.hpp\n'}
[8.680274] (px4_msgs) StdoutLine: {'line': b'-- Up-to-date: /home/em/ros_workspace_2025/nav_ws/install/px4_msgs/include/px4_msgs/px4_msgs/msg/detail/timesync_status__struct.hpp\n'}
[8.680294] (px4_msgs) StdoutLine: {'line': b'-- Up-to-date: /home/em/ros_workspace_2025/nav_ws/install/px4_msgs/include/px4_msgs/px4_msgs/msg/detail/vehicle_roi__traits.hpp\n'}
[8.680315] (px4_msgs) StdoutLine: {'line': b'-- Up-to-date: /home/em/ros_workspace_2025/nav_ws/install/px4_msgs/include/px4_msgs/px4_msgs/msg/detail/gimbal_device_set_attitude__struct.hpp\n'}
[8.680335] (px4_msgs) StdoutLine: {'line': b'-- Up-to-date: /home/em/ros_workspace_2025/nav_ws/install/px4_msgs/include/px4_msgs/px4_msgs/msg/detail/system_power__struct.hpp\n'}
[8.680355] (px4_msgs) StdoutLine: {'line': b'-- Up-to-date: /home/em/ros_workspace_2025/nav_ws/install/px4_msgs/include/px4_msgs/px4_msgs/msg/detail/gps_dump__traits.hpp\n'}
[8.680376] (px4_msgs) StdoutLine: {'line': b'-- Up-to-date: /home/em/ros_workspace_2025/nav_ws/install/px4_msgs/include/px4_msgs/px4_msgs/msg/detail/rtl_time_estimate__traits.hpp\n'}
[8.680396] (px4_msgs) StdoutLine: {'line': b'-- Up-to-date: /home/em/ros_workspace_2025/nav_ws/install/px4_msgs/include/px4_msgs/px4_msgs/msg/detail/tecs_status__builder.hpp\n'}
[8.680417] (px4_msgs) StdoutLine: {'line': b'-- Up-to-date: /home/em/ros_workspace_2025/nav_ws/install/px4_msgs/include/px4_msgs/px4_msgs/msg/detail/vehicle_command__struct.hpp\n'}
[8.680438] (px4_msgs) StdoutLine: {'line': b'-- Up-to-date: /home/em/ros_workspace_2025/nav_ws/install/px4_msgs/include/px4_msgs/px4_msgs/msg/detail/takeoff_status__struct.hpp\n'}
[8.680459] (px4_msgs) StdoutLine: {'line': b'-- Up-to-date: /home/em/ros_workspace_2025/nav_ws/install/px4_msgs/include/px4_msgs/px4_msgs/msg/detail/estimator_innovations__builder.hpp\n'}
[8.680480] (px4_msgs) StdoutLine: {'line': b'-- Up-to-date: /home/em/ros_workspace_2025/nav_ws/install/px4_msgs/include/px4_msgs/px4_msgs/msg/detail/sensor_gnss_relative__struct.hpp\n'}
[8.680502] (px4_msgs) StdoutLine: {'line': b'-- Up-to-date: /home/em/ros_workspace_2025/nav_ws/install/px4_msgs/include/px4_msgs/px4_msgs/msg/detail/vehicle_imu__traits.hpp\n'}
[8.680522] (px4_msgs) StdoutLine: {'line': b'-- Up-to-date: /home/em/ros_workspace_2025/nav_ws/install/px4_msgs/include/px4_msgs/px4_msgs/msg/detail/distance_sensor_mode_change_request__traits.hpp\n'}
[8.680543] (px4_msgs) StdoutLine: {'line': b'-- Up-to-date: /home/em/ros_workspace_2025/nav_ws/install/px4_msgs/include/px4_msgs/px4_msgs/msg/detail/trajectory_waypoint__struct.hpp\n'}
[8.680562] (px4_msgs) StdoutLine: {'line': b'-- Up-to-date: /home/em/ros_workspace_2025/nav_ws/install/px4_msgs/include/px4_msgs/px4_msgs/msg/detail/sensor_combined__struct.hpp\n'}
[8.680584] (px4_msgs) StdoutLine: {'line': b'-- Up-to-date: /home/em/ros_workspace_2025/nav_ws/install/px4_msgs/include/px4_msgs/px4_msgs/msg/detail/orb_test_large__struct.hpp\n'}
[8.680604] (px4_msgs) StdoutLine: {'line': b'-- Up-to-date: /home/em/ros_workspace_2025/nav_ws/install/px4_msgs/include/px4_msgs/px4_msgs/msg/detail/collision_report__struct.hpp\n'}
[8.680624] (px4_msgs) StdoutLine: {'line': b'-- Up-to-date: /home/em/ros_workspace_2025/nav_ws/install/px4_msgs/include/px4_msgs/px4_msgs/msg/detail/gpio_out__traits.hpp\n'}
[8.680644] (px4_msgs) StdoutLine: {'line': b'-- Up-to-date: /home/em/ros_workspace_2025/nav_ws/install/px4_msgs/include/px4_msgs/px4_msgs/msg/detail/mission__builder.hpp\n'}
[8.680665] (px4_msgs) StdoutLine: {'line': b'-- Up-to-date: /home/em/ros_workspace_2025/nav_ws/install/px4_msgs/include/px4_msgs/px4_msgs/msg/detail/camera_status__builder.hpp\n'}
[8.680684] (px4_msgs) StdoutLine: {'line': b'-- Up-to-date: /home/em/ros_workspace_2025/nav_ws/install/px4_msgs/include/px4_msgs/px4_msgs/msg/detail/vehicle_torque_setpoint__builder.hpp\n'}
[8.680704] (px4_msgs) StdoutLine: {'line': b'-- Up-to-date: /home/em/ros_workspace_2025/nav_ws/install/px4_msgs/include/px4_msgs/px4_msgs/msg/detail/failure_detector_status__struct.hpp\n'}
[8.680723] (px4_msgs) StdoutLine: {'line': b'-- Up-to-date: /home/em/ros_workspace_2025/nav_ws/install/px4_msgs/include/px4_msgs/px4_msgs/msg/detail/wheel_encoders__builder.hpp\n'}
[8.680743] (px4_msgs) StdoutLine: {'line': b'-- Up-to-date: /home/em/ros_workspace_2025/nav_ws/install/px4_msgs/include/px4_msgs/px4_msgs/msg/detail/vehicle_local_position__traits.hpp\n'}
[8.680764] (px4_msgs) StdoutLine: {'line': b'-- Up-to-date: /home/em/ros_workspace_2025/nav_ws/install/px4_msgs/include/px4_msgs/px4_msgs/msg/detail/obstacle_distance__builder.hpp\n'}
[8.680787] (px4_msgs) StdoutLine: {'line': b'-- Up-to-date: /home/em/ros_workspace_2025/nav_ws/install/px4_msgs/include/px4_msgs/px4_msgs/msg/detail/radio_status__builder.hpp\n'}
[8.680809] (px4_msgs) StdoutLine: {'line': b'-- Up-to-date: /home/em/ros_workspace_2025/nav_ws/install/px4_msgs/include/px4_msgs/px4_msgs/msg/detail/vehicle_angular_acceleration_setpoint__builder.hpp\n'}
[8.680830] (px4_msgs) StdoutLine: {'line': b'-- Up-to-date: /home/em/ros_workspace_2025/nav_ws/install/px4_msgs/include/px4_msgs/px4_msgs/msg/detail/ping__struct.hpp\n'}
[8.680851] (px4_msgs) StdoutLine: {'line': b'-- Up-to-date: /home/em/ros_workspace_2025/nav_ws/install/px4_msgs/include/px4_msgs/px4_msgs/msg/detail/rover_differential_setpoint__traits.hpp\n'}
[8.680871] (px4_msgs) StdoutLine: {'line': b'-- Up-to-date: /home/em/ros_workspace_2025/nav_ws/install/px4_msgs/include/px4_msgs/px4_msgs/msg/detail/vehicle_attitude__builder.hpp\n'}
[8.680891] (px4_msgs) StdoutLine: {'line': b'-- Up-to-date: /home/em/ros_workspace_2025/nav_ws/install/px4_msgs/include/px4_msgs/px4_msgs/msg/detail/button_event__traits.hpp\n'}
[8.680911] (px4_msgs) StdoutLine: {'line': b'-- Up-to-date: /home/em/ros_workspace_2025/nav_ws/install/px4_msgs/include/px4_msgs/px4_msgs/msg/detail/estimator_selector_status__struct.hpp\n'}
[8.680930] (px4_msgs) StdoutLine: {'line': b'-- Up-to-date: /home/em/ros_workspace_2025/nav_ws/install/px4_msgs/include/px4_msgs/px4_msgs/msg/detail/vehicle_imu_status__traits.hpp\n'}
[8.680950] (px4_msgs) StdoutLine: {'line': b'-- Up-to-date: /home/em/ros_workspace_2025/nav_ws/install/px4_msgs/include/px4_msgs/px4_msgs/msg/detail/debug_vect__builder.hpp\n'}
[8.680969] (px4_msgs) StdoutLine: {'line': b'-- Up-to-date: /home/em/ros_workspace_2025/nav_ws/install/px4_msgs/include/px4_msgs/px4_msgs/msg/detail/trajectory_waypoint__builder.hpp\n'}
[8.680991] (px4_msgs) StdoutLine: {'line': b'-- Up-to-date: /home/em/ros_workspace_2025/nav_ws/install/px4_msgs/include/px4_msgs/px4_msgs/msg/detail/sensors_status_imu__struct.hpp\n'}
[8.681012] (px4_msgs) StdoutLine: {'line': b'-- Up-to-date: /home/em/ros_workspace_2025/nav_ws/install/px4_msgs/include/px4_msgs/px4_msgs/msg/detail/normalized_unsigned_setpoint__builder.hpp\n'}
[8.681032] (px4_msgs) StdoutLine: {'line': b'-- Up-to-date: /home/em/ros_workspace_2025/nav_ws/install/px4_msgs/include/px4_msgs/px4_msgs/msg/detail/rc_channels__builder.hpp\n'}
[8.681053] (px4_msgs) StdoutLine: {'line': b'-- Up-to-date: /home/em/ros_workspace_2025/nav_ws/install/px4_msgs/include/px4_msgs/px4_msgs/msg/detail/vehicle_local_position_setpoint__builder.hpp\n'}
[8.681073] (px4_msgs) StdoutLine: {'line': b'-- Up-to-date: /home/em/ros_workspace_2025/nav_ws/install/px4_msgs/include/px4_msgs/px4_msgs/msg/detail/camera_capture__struct.hpp\n'}
[8.681094] (px4_msgs) StdoutLine: {'line': b'-- Up-to-date: /home/em/ros_workspace_2025/nav_ws/install/px4_msgs/include/px4_msgs/px4_msgs/msg/detail/vehicle_rates_setpoint__builder.hpp\n'}
[8.681116] (px4_msgs) StdoutLine: {'line': b'-- Up-to-date: /home/em/ros_workspace_2025/nav_ws/install/px4_msgs/include/px4_msgs/px4_msgs/msg/detail/message_format_request__struct.hpp\n'}
[8.681137] (px4_msgs) StdoutLine: {'line': b'-- Up-to-date: /home/em/ros_workspace_2025/nav_ws/install/px4_msgs/include/px4_msgs/px4_msgs/msg/detail/sensor_preflight_mag__traits.hpp\n'}
[8.681157] (px4_msgs) StdoutLine: {'line': b'-- Up-to-date: /home/em/ros_workspace_2025/nav_ws/install/px4_msgs/include/px4_msgs/px4_msgs/msg/detail/estimator_aid_source2d__traits.hpp\n'}
[8.681178] (px4_msgs) StdoutLine: {'line': b'-- Up-to-date: /home/em/ros_workspace_2025/nav_ws/install/px4_msgs/include/px4_msgs/px4_msgs/msg/detail/wind__builder.hpp\n'}
[8.681207] (px4_msgs) StdoutLine: {'line': b'-- Up-to-date: /home/em/ros_workspace_2025/nav_ws/install/px4_msgs/include/px4_msgs/px4_msgs/msg/detail/transponder_report__builder.hpp\n'}
[8.681229] (px4_msgs) StdoutLine: {'line': b'-- Up-to-date: /home/em/ros_workspace_2025/nav_ws/install/px4_msgs/include/px4_msgs/px4_msgs/msg/detail/airspeed_validated__builder.hpp\n'}
[8.681250] (px4_msgs) StdoutLine: {'line': b'-- Up-to-date: /home/em/ros_workspace_2025/nav_ws/install/px4_msgs/include/px4_msgs/px4_msgs/msg/detail/navigator_mission_item__builder.hpp\n'}
[8.681271] (px4_msgs) StdoutLine: {'line': b'-- Up-to-date: /home/em/ros_workspace_2025/nav_ws/install/px4_msgs/include/px4_msgs/px4_msgs/msg/detail/orbit_status__traits.hpp\n'}
[8.681292] (px4_msgs) StdoutLine: {'line': b'-- Up-to-date: /home/em/ros_workspace_2025/nav_ws/install/px4_msgs/include/px4_msgs/px4_msgs/msg/detail/rover_differential_guidance_status__struct.hpp\n'}
[8.681313] (px4_msgs) StdoutLine: {'line': b'-- Up-to-date: /home/em/ros_workspace_2025/nav_ws/install/px4_msgs/include/px4_msgs/px4_msgs/msg/detail/vehicle_global_position__struct.hpp\n'}
[8.681334] (px4_msgs) StdoutLine: {'line': b'-- Up-to-date: /home/em/ros_workspace_2025/nav_ws/install/px4_msgs/include/px4_msgs/px4_msgs/msg/detail/open_drone_id_system__traits.hpp\n'}
[8.681355] (px4_msgs) StdoutLine: {'line': b'-- Up-to-date: /home/em/ros_workspace_2025/nav_ws/install/px4_msgs/include/px4_msgs/px4_msgs/msg/detail/buffer128__builder.hpp\n'}
[8.681377] (px4_msgs) StdoutLine: {'line': b'-- Up-to-date: /home/em/ros_workspace_2025/nav_ws/install/px4_msgs/include/px4_msgs/px4_msgs/msg/detail/estimator_sensor_bias__traits.hpp\n'}
[8.681397] (px4_msgs) StdoutLine: {'line': b'-- Up-to-date: /home/em/ros_workspace_2025/nav_ws/install/px4_msgs/include/px4_msgs/px4_msgs/msg/detail/power_monitor__builder.hpp\n'}
[8.681418] (px4_msgs) StdoutLine: {'line': b'-- Up-to-date: /home/em/ros_workspace_2025/nav_ws/install/px4_msgs/include/px4_msgs/px4_msgs/msg/detail/transponder_report__struct.hpp\n'}
[8.681439] (px4_msgs) StdoutLine: {'line': b'-- Up-to-date: /home/em/ros_workspace_2025/nav_ws/install/px4_msgs/include/px4_msgs/px4_msgs/msg/detail/config_overrides__builder.hpp\n'}
[8.681461] (px4_msgs) StdoutLine: {'line': b'-- Up-to-date: /home/em/ros_workspace_2025/nav_ws/install/px4_msgs/include/px4_msgs/px4_msgs/msg/detail/landing_target_pose__traits.hpp\n'}
[8.681482] (px4_msgs) StdoutLine: {'line': b'-- Up-to-date: /home/em/ros_workspace_2025/nav_ws/install/px4_msgs/include/px4_msgs/px4_msgs/msg/detail/failsafe_flags__builder.hpp\n'}
[8.681503] (px4_msgs) StdoutLine: {'line': b'-- Up-to-date: /home/em/ros_workspace_2025/nav_ws/install/px4_msgs/include/px4_msgs/px4_msgs/msg/detail/sensor_optical_flow__traits.hpp\n'}
[8.681523] (px4_msgs) StdoutLine: {'line': b'-- Up-to-date: /home/em/ros_workspace_2025/nav_ws/install/px4_msgs/include/px4_msgs/px4_msgs/msg/detail/gpio_request__traits.hpp\n'}
[8.681542] (px4_msgs) StdoutLine: {'line': b'-- Up-to-date: /home/em/ros_workspace_2025/nav_ws/install/px4_msgs/include/px4_msgs/px4_msgs/msg/detail/estimator_gps_status__struct.hpp\n'}
[8.681562] (px4_msgs) StdoutLine: {'line': b'-- Up-to-date: /home/em/ros_workspace_2025/nav_ws/install/px4_msgs/include/px4_msgs/px4_msgs/msg/detail/launch_detection_status__builder.hpp\n'}
[8.681582] (px4_msgs) StdoutLine: {'line': b'-- Up-to-date: /home/em/ros_workspace_2025/nav_ws/install/px4_msgs/include/px4_msgs/px4_msgs/msg/detail/control_allocator_status__builder.hpp\n'}
[8.681602] (px4_msgs) StdoutLine: {'line': b'-- Up-to-date: /home/em/ros_workspace_2025/nav_ws/install/px4_msgs/include/px4_msgs/px4_msgs/msg/detail/led_control__struct.hpp\n'}
[8.681621] (px4_msgs) StdoutLine: {'line': b'-- Up-to-date: /home/em/ros_workspace_2025/nav_ws/install/px4_msgs/include/px4_msgs/px4_msgs/msg/detail/manual_control_setpoint__builder.hpp\n'}
[8.681641] (px4_msgs) StdoutLine: {'line': b'-- Up-to-date: /home/em/ros_workspace_2025/nav_ws/install/px4_msgs/include/px4_msgs/px4_msgs/msg/detail/sensor_correction__struct.hpp\n'}
[8.681661] (px4_msgs) StdoutLine: {'line': b'-- Up-to-date: /home/em/ros_workspace_2025/nav_ws/install/px4_msgs/include/px4_msgs/px4_msgs/msg/detail/px4io_status__struct.hpp\n'}
[8.681683] (px4_msgs) StdoutLine: {'line': b'-- Up-to-date: /home/em/ros_workspace_2025/nav_ws/install/px4_msgs/include/px4_msgs/px4_msgs/msg/detail/estimator_sensor_bias__builder.hpp\n'}
[8.681703] (px4_msgs) StdoutLine: {'line': b'-- Up-to-date: /home/em/ros_workspace_2025/nav_ws/install/px4_msgs/include/px4_msgs/px4_msgs/msg/detail/gripper__builder.hpp\n'}
[8.681723] (px4_msgs) StdoutLine: {'line': b'-- Up-to-date: /home/em/ros_workspace_2025/nav_ws/install/px4_msgs/include/px4_msgs/px4_msgs/msg/detail/orb_test__builder.hpp\n'}
[8.681743] (px4_msgs) StdoutLine: {'line': b'-- Up-to-date: /home/em/ros_workspace_2025/nav_ws/install/px4_msgs/include/px4_msgs/px4_msgs/msg/detail/radio_status__struct.hpp\n'}
[8.681763] (px4_msgs) StdoutLine: {'line': b'-- Up-to-date: /home/em/ros_workspace_2025/nav_ws/install/px4_msgs/include/px4_msgs/px4_msgs/msg/detail/parameter_set_used_request__traits.hpp\n'}
[8.681784] (px4_msgs) StdoutLine: {'line': b'-- Up-to-date: /home/em/ros_workspace_2025/nav_ws/install/px4_msgs/include/px4_msgs/px4_msgs/msg/detail/pwm_input__traits.hpp\n'}
[8.681803] (px4_msgs) StdoutLine: {'line': b'-- Up-to-date: /home/em/ros_workspace_2025/nav_ws/install/px4_msgs/include/px4_msgs/px4_msgs/msg/detail/estimator_states__struct.hpp\n'}
[8.681825] (px4_msgs) StdoutLine: {'line': b'-- Up-to-date: /home/em/ros_workspace_2025/nav_ws/install/px4_msgs/include/px4_msgs/px4_msgs/msg/detail/dataman_response__builder.hpp\n'}
[8.681845] (px4_msgs) StdoutLine: {'line': b'-- Up-to-date: /home/em/ros_workspace_2025/nav_ws/install/px4_msgs/include/px4_msgs/px4_msgs/msg/detail/rpm__builder.hpp\n'}
[8.681865] (px4_msgs) StdoutLine: {'line': b'-- Up-to-date: /home/em/ros_workspace_2025/nav_ws/install/px4_msgs/include/px4_msgs/px4_msgs/msg/detail/estimator_event_flags__traits.hpp\n'}
[8.681885] (px4_msgs) StdoutLine: {'line': b'-- Up-to-date: /home/em/ros_workspace_2025/nav_ws/install/px4_msgs/include/px4_msgs/px4_msgs/msg/detail/obstacle_distance__struct.hpp\n'}
[8.681904] (px4_msgs) StdoutLine: {'line': b'-- Up-to-date: /home/em/ros_workspace_2025/nav_ws/install/px4_msgs/include/px4_msgs/px4_msgs/msg/detail/vehicle_odometry__struct.hpp\n'}
[8.681923] (px4_msgs) StdoutLine: {'line': b'-- Up-to-date: /home/em/ros_workspace_2025/nav_ws/install/px4_msgs/include/px4_msgs/px4_msgs/msg/detail/yaw_estimator_status__builder.hpp\n'}
[8.681942] (px4_msgs) StdoutLine: {'line': b'-- Up-to-date: /home/em/ros_workspace_2025/nav_ws/install/px4_msgs/include/px4_msgs/px4_msgs/msg/detail/sensor_correction__builder.hpp\n'}
[8.681962] (px4_msgs) StdoutLine: {'line': b'-- Up-to-date: /home/em/ros_workspace_2025/nav_ws/install/px4_msgs/include/px4_msgs/px4_msgs/msg/detail/vehicle_angular_velocity__struct.hpp\n'}
[8.681982] (px4_msgs) StdoutLine: {'line': b'-- Up-to-date: /home/em/ros_workspace_2025/nav_ws/install/px4_msgs/include/px4_msgs/px4_msgs/msg/detail/vehicle_magnetometer__builder.hpp\n'}
[8.682017] (px4_msgs) StdoutLine: {'line': b'-- Up-to-date: /home/em/ros_workspace_2025/nav_ws/install/px4_msgs/include/px4_msgs/px4_msgs/msg/detail/rate_ctrl_status__struct.hpp\n'}
[8.682057] (px4_msgs) StdoutLine: {'line': b'-- Up-to-date: /home/em/ros_workspace_2025/nav_ws/install/px4_msgs/include/px4_msgs/px4_msgs/msg/detail/control_allocator_status__traits.hpp\n'}
[8.682089] (px4_msgs) StdoutLine: {'line': b'-- Up-to-date: /home/em/ros_workspace_2025/nav_ws/install/px4_msgs/include/px4_msgs/px4_msgs/msg/detail/cpuload__struct.hpp\n'}
[8.682115] (px4_msgs) StdoutLine: {'line': b'-- Up-to-date: /home/em/ros_workspace_2025/nav_ws/install/px4_msgs/include/px4_msgs/px4_msgs/msg/detail/rover_mecanum_status__struct.hpp\n'}
[8.682136] (px4_msgs) StdoutLine: {'line': b'-- Up-to-date: /home/em/ros_workspace_2025/nav_ws/install/px4_msgs/include/px4_msgs/px4_msgs/msg/detail/rover_ackermann_setpoint__builder.hpp\n'}
[8.682159] (px4_msgs) StdoutLine: {'line': b'-- Up-to-date: /home/em/ros_workspace_2025/nav_ws/install/px4_msgs/include/px4_msgs/px4_msgs/msg/detail/vehicle_optical_flow_vel__traits.hpp\n'}
[8.682181] (px4_msgs) StdoutLine: {'line': b'-- Up-to-date: /home/em/ros_workspace_2025/nav_ws/install/px4_msgs/include/px4_msgs/px4_msgs/msg/detail/open_drone_id_operator_id__builder.hpp\n'}
[8.682209] (px4_msgs) StdoutLine: {'line': b'-- Up-to-date: /home/em/ros_workspace_2025/nav_ws/install/px4_msgs/include/px4_msgs/px4_msgs/msg/detail/debug_vect__struct.hpp\n'}
[8.682231] (px4_msgs) StdoutLine: {'line': b'-- Up-to-date: /home/em/ros_workspace_2025/nav_ws/install/px4_msgs/include/px4_msgs/px4_msgs/msg/detail/gimbal_controls__struct.hpp\n'}
[8.682253] (px4_msgs) StdoutLine: {'line': b'-- Up-to-date: /home/em/ros_workspace_2025/nav_ws/install/px4_msgs/include/px4_msgs/px4_msgs/msg/detail/obstacle_distance__traits.hpp\n'}
[8.682275] (px4_msgs) StdoutLine: {'line': b'-- Up-to-date: /home/em/ros_workspace_2025/nav_ws/install/px4_msgs/include/px4_msgs/px4_msgs/msg/detail/sensor_gyro_fft__traits.hpp\n'}
[8.682296] (px4_msgs) StdoutLine: {'line': b'-- Up-to-date: /home/em/ros_workspace_2025/nav_ws/install/px4_msgs/include/px4_msgs/px4_msgs/msg/detail/ekf2_timestamps__builder.hpp\n'}
[8.682316] (px4_msgs) StdoutLine: {'line': b'-- Up-to-date: /home/em/ros_workspace_2025/nav_ws/install/px4_msgs/include/px4_msgs/px4_msgs/msg/detail/estimator_status__struct.hpp\n'}
[8.682338] (px4_msgs) StdoutLine: {'line': b'-- Up-to-date: /home/em/ros_workspace_2025/nav_ws/install/px4_msgs/include/px4_msgs/px4_msgs/msg/detail/timesync_status__builder.hpp\n'}
[8.682359] (px4_msgs) StdoutLine: {'line': b'-- Up-to-date: /home/em/ros_workspace_2025/nav_ws/install/px4_msgs/include/px4_msgs/px4_msgs/msg/detail/actuator_test__builder.hpp\n'}
[8.682380] (px4_msgs) StdoutLine: {'line': b'-- Up-to-date: /home/em/ros_workspace_2025/nav_ws/install/px4_msgs/include/px4_msgs/px4_msgs/msg/detail/control_allocator_status__struct.hpp\n'}
[8.682400] (px4_msgs) StdoutLine: {'line': b'-- Up-to-date: /home/em/ros_workspace_2025/nav_ws/install/px4_msgs/include/px4_msgs/px4_msgs/msg/detail/rc_channels__traits.hpp\n'}
[8.682421] (px4_msgs) StdoutLine: {'line': b'-- Up-to-date: /home/em/ros_workspace_2025/nav_ws/install/px4_msgs/include/px4_msgs/px4_msgs/msg/detail/event__traits.hpp\n'}
[8.682442] (px4_msgs) StdoutLine: {'line': b'-- Up-to-date: /home/em/ros_workspace_2025/nav_ws/install/px4_msgs/include/px4_msgs/px4_msgs/msg/detail/qshell_retval__struct.hpp\n'}
[8.682463] (px4_msgs) StdoutLine: {'line': b'-- Up-to-date: /home/em/ros_workspace_2025/nav_ws/install/px4_msgs/include/px4_msgs/px4_msgs/msg/detail/vehicle_control_mode__struct.hpp\n'}
[8.682484] (px4_msgs) StdoutLine: {'line': b'-- Up-to-date: /home/em/ros_workspace_2025/nav_ws/install/px4_msgs/include/px4_msgs/px4_msgs/msg/detail/orb_test_large__traits.hpp\n'}
[8.682508] (px4_msgs) StdoutLine: {'line': b'-- Up-to-date: /home/em/ros_workspace_2025/nav_ws/install/px4_msgs/include/px4_msgs/px4_msgs/msg/detail/orb_test_medium__struct.hpp\n'}
[8.682530] (px4_msgs) StdoutLine: {'line': b'-- Up-to-date: /home/em/ros_workspace_2025/nav_ws/install/px4_msgs/include/px4_msgs/px4_msgs/msg/detail/power_button_state__traits.hpp\n'}
[8.682549] (px4_msgs) StdoutLine: {'line': b'-- Up-to-date: /home/em/ros_workspace_2025/nav_ws/install/px4_msgs/include/px4_msgs/px4_msgs/msg/detail/trajectory_bezier__builder.hpp\n'}
[8.682570] (px4_msgs) StdoutLine: {'line': b'-- Up-to-date: /home/em/ros_workspace_2025/nav_ws/install/px4_msgs/include/px4_msgs/px4_msgs/msg/detail/vehicle_status__struct.hpp\n'}
[8.682590] (px4_msgs) StdoutLine: {'line': b'-- Up-to-date: /home/em/ros_workspace_2025/nav_ws/install/px4_msgs/include/px4_msgs/px4_msgs/msg/detail/position_setpoint_triplet__builder.hpp\n'}
[8.682609] (px4_msgs) StdoutLine: {'line': b'-- Up-to-date: /home/em/ros_workspace_2025/nav_ws/install/px4_msgs/include/px4_msgs/px4_msgs/msg/detail/arming_check_reply__traits.hpp\n'}
[8.682629] (px4_msgs) StdoutLine: {'line': b'-- Up-to-date: /home/em/ros_workspace_2025/nav_ws/install/px4_msgs/include/px4_msgs/px4_msgs/msg/detail/sensor_baro__builder.hpp\n'}
[8.682649] (px4_msgs) StdoutLine: {'line': b'-- Up-to-date: /home/em/ros_workspace_2025/nav_ws/install/px4_msgs/include/px4_msgs/px4_msgs/msg/detail/pps_capture__traits.hpp\n'}
[8.682668] (px4_msgs) StdoutLine: {'line': b'-- Up-to-date: /home/em/ros_workspace_2025/nav_ws/install/px4_msgs/include/px4_msgs/px4_msgs/msg/detail/adc_report__builder.hpp\n'}
[8.682688] (px4_msgs) StdoutLine: {'line': b'-- Up-to-date: /home/em/ros_workspace_2025/nav_ws/install/px4_msgs/include/px4_msgs/px4_msgs/msg/detail/gimbal_manager_status__struct.hpp\n'}
[8.682707] (px4_msgs) StdoutLine: {'line': b'-- Up-to-date: /home/em/ros_workspace_2025/nav_ws/install/px4_msgs/include/px4_msgs/px4_msgs/msg/hover_thrust_estimate.hpp\n'}
[8.682727] (px4_msgs) StdoutLine: {'line': b'-- Up-to-date: /home/em/ros_workspace_2025/nav_ws/install/px4_msgs/include/px4_msgs/px4_msgs/msg/gripper.hpp\n'}
[8.682746] (px4_msgs) StdoutLine: {'line': b'-- Up-to-date: /home/em/ros_workspace_2025/nav_ws/install/px4_msgs/include/px4_msgs/px4_msgs/msg/fuel_tank_status.hpp\n'}
[8.682765] (px4_msgs) StdoutLine: {'line': b'-- Up-to-date: /home/em/ros_workspace_2025/nav_ws/install/px4_msgs/include/px4_msgs/px4_msgs/msg/gimbal_device_set_attitude.hpp\n'}
[8.682785] (px4_msgs) StdoutLine: {'line': b'-- Up-to-date: /home/em/ros_workspace_2025/nav_ws/install/px4_msgs/include/px4_msgs/px4_msgs/msg/timesync_status.hpp\n'}
[8.682805] (px4_msgs) StdoutLine: {'line': b'-- Up-to-date: /home/em/ros_workspace_2025/nav_ws/install/px4_msgs/include/px4_msgs/px4_msgs/msg/magnetometer_bias_estimate.hpp\n'}
[8.682825] (px4_msgs) StdoutLine: {'line': b'-- Up-to-date: /home/em/ros_workspace_2025/nav_ws/install/px4_msgs/include/px4_msgs/px4_msgs/msg/internal_combustion_engine_status.hpp\n'}
[8.682845] (px4_msgs) StdoutLine: {'line': b'-- Up-to-date: /home/em/ros_workspace_2025/nav_ws/install/px4_msgs/include/px4_msgs/px4_msgs/msg/sensor_gps.hpp\n'}
[8.682865] (px4_msgs) StdoutLine: {'line': b'-- Up-to-date: /home/em/ros_workspace_2025/nav_ws/install/px4_msgs/include/px4_msgs/px4_msgs/msg/orbit_status.hpp\n'}
[8.682885] (px4_msgs) StdoutLine: {'line': b'-- Up-to-date: /home/em/ros_workspace_2025/nav_ws/install/px4_msgs/include/px4_msgs/px4_msgs/msg/estimator_status.hpp\n'}
[8.682906] (px4_msgs) StdoutLine: {'line': b'-- Up-to-date: /home/em/ros_workspace_2025/nav_ws/install/px4_msgs/include/px4_msgs/px4_msgs/msg/arming_check_reply.hpp\n'}
[8.682929] (px4_msgs) StdoutLine: {'line': b'-- Up-to-date: /home/em/ros_workspace_2025/nav_ws/install/px4_msgs/include/px4_msgs/px4_msgs/msg/rover_mecanum_setpoint.hpp\n'}
[8.682958] (px4_msgs) StdoutLine: {'line': b'-- Up-to-date: /home/em/ros_workspace_2025/nav_ws/install/px4_msgs/include/px4_msgs/px4_msgs/msg/battery_status.hpp\n'}
[8.682982] (px4_msgs) StdoutLine: {'line': b'-- Up-to-date: /home/em/ros_workspace_2025/nav_ws/install/px4_msgs/include/px4_msgs/px4_msgs/msg/landing_gear.hpp\n'}
[8.683003] (px4_msgs) StdoutLine: {'line': b'-- Up-to-date: /home/em/ros_workspace_2025/nav_ws/install/px4_msgs/include/px4_msgs/px4_msgs/msg/rc_channels.hpp\n'}
[8.683024] (px4_msgs) StdoutLine: {'line': b'-- Up-to-date: /home/em/ros_workspace_2025/nav_ws/install/px4_msgs/include/px4_msgs/px4_msgs/msg/mission.hpp\n'}
[8.683045] (px4_msgs) StdoutLine: {'line': b'-- Up-to-date: /home/em/ros_workspace_2025/nav_ws/install/px4_msgs/include/px4_msgs/px4_msgs/msg/sensor_combined.hpp\n'}
[8.683067] (px4_msgs) StdoutLine: {'line': b'-- Up-to-date: /home/em/ros_workspace_2025/nav_ws/install/px4_msgs/include/px4_msgs/px4_msgs/msg/yaw_estimator_status.hpp\n'}
[8.683088] (px4_msgs) StdoutLine: {'line': b'-- Up-to-date: /home/em/ros_workspace_2025/nav_ws/install/px4_msgs/include/px4_msgs/px4_msgs/msg/vehicle_attitude.hpp\n'}
[8.683120] (px4_msgs) StdoutLine: {'line': b'-- Up-to-date: /home/em/ros_workspace_2025/nav_ws/install/px4_msgs/include/px4_msgs/px4_msgs/msg/estimator_selector_status.hpp\n'}
[8.683170] (px4_msgs) StdoutLine: {'line': b'-- Up-to-date: /home/em/ros_workspace_2025/nav_ws/install/px4_msgs/include/px4_msgs/px4_msgs/msg/estimator_states.hpp\n'}
[8.683223] (px4_msgs) StdoutLine: {'line': b'-- Up-to-date: /home/em/ros_workspace_2025/nav_ws/install/px4_msgs/include/px4_msgs/px4_msgs/msg/goto_setpoint.hpp\n'}
[8.683322] (px4_msgs) StdoutLine: {'line': b'-- Up-to-date: /home/em/ros_workspace_2025/nav_ws/install/px4_msgs/include/px4_msgs/px4_msgs/msg/cpuload.hpp\n'}
[8.683387] (px4_msgs) StdoutLine: {'line': b'-- Up-to-date: /home/em/ros_workspace_2025/nav_ws/install/px4_msgs/include/px4_msgs/px4_msgs/msg/gimbal_manager_information.hpp\n'}
[8.683454] (px4_msgs) StdoutLine: {'line': b'-- Up-to-date: /home/em/ros_workspace_2025/nav_ws/install/px4_msgs/include/px4_msgs/px4_msgs/msg/ekf2_timestamps.hpp\n'}
[8.683510] (px4_msgs) StdoutLine: {'line': b'-- Up-to-date: /home/em/ros_workspace_2025/nav_ws/install/px4_msgs/include/px4_msgs/px4_msgs/msg/sensor_preflight_mag.hpp\n'}
[8.683563] (px4_msgs) StdoutLine: {'line': b'-- Up-to-date: /home/em/ros_workspace_2025/nav_ws/install/px4_msgs/include/px4_msgs/px4_msgs/msg/mount_orientation.hpp\n'}
[8.683615] (px4_msgs) StdoutLine: {'line': b'-- Up-to-date: /home/em/ros_workspace_2025/nav_ws/install/px4_msgs/include/px4_msgs/px4_msgs\n'}
[8.683669] (px4_msgs) StdoutLine: {'line': b'-- Up-to-date: /home/em/ros_workspace_2025/nav_ws/install/px4_msgs/include/px4_msgs/px4_msgs/srv\n'}
[8.683722] (px4_msgs) StdoutLine: {'line': b'-- Up-to-date: /home/em/ros_workspace_2025/nav_ws/install/px4_msgs/include/px4_msgs/px4_msgs/srv/detail\n'}
[8.683775] (px4_msgs) StdoutLine: {'line': b'-- Up-to-date: /home/em/ros_workspace_2025/nav_ws/install/px4_msgs/include/px4_msgs/px4_msgs/srv/detail/dds_fastrtps\n'}
[8.683827] (px4_msgs) StdoutLine: {'line': b'-- Up-to-date: /home/em/ros_workspace_2025/nav_ws/install/px4_msgs/include/px4_msgs/px4_msgs/srv/detail/vehicle_command__rosidl_typesupport_fastrtps_cpp.hpp\n'}
[8.683880] (px4_msgs) StdoutLine: {'line': b'-- Up-to-date: /home/em/ros_workspace_2025/nav_ws/install/px4_msgs/include/px4_msgs/px4_msgs/msg\n'}
[8.683931] (px4_msgs) StdoutLine: {'line': b'-- Up-to-date: /home/em/ros_workspace_2025/nav_ws/install/px4_msgs/include/px4_msgs/px4_msgs/msg/rosidl_typesupport_fastrtps_cpp__visibility_control.h\n'}
[8.683984] (px4_msgs) StdoutLine: {'line': b'-- Up-to-date: /home/em/ros_workspace_2025/nav_ws/install/px4_msgs/include/px4_msgs/px4_msgs/msg/detail\n'}
[8.684035] (px4_msgs) StdoutLine: {'line': b'-- Up-to-date: /home/em/ros_workspace_2025/nav_ws/install/px4_msgs/include/px4_msgs/px4_msgs/msg/detail/radio_status__rosidl_typesupport_fastrtps_cpp.hpp\n'}
[8.684087] (px4_msgs) StdoutLine: {'line': b'-- Up-to-date: /home/em/ros_workspace_2025/nav_ws/install/px4_msgs/include/px4_msgs/px4_msgs/msg/detail/rover_differential_guidance_status__rosidl_typesupport_fastrtps_cpp.hpp\n'}
[8.684140] (px4_msgs) StdoutLine: {'line': b'-- Up-to-date: /home/em/ros_workspace_2025/nav_ws/install/px4_msgs/include/px4_msgs/px4_msgs/msg/detail/action_request__rosidl_typesupport_fastrtps_cpp.hpp\n'}
[8.684199] (px4_msgs) StdoutLine: {'line': b'-- Up-to-date: /home/em/ros_workspace_2025/nav_ws/install/px4_msgs/include/px4_msgs/px4_msgs/msg/detail/pps_capture__rosidl_typesupport_fastrtps_cpp.hpp\n'}
[8.684262] (px4_msgs) StdoutLine: {'line': b'-- Up-to-date: /home/em/ros_workspace_2025/nav_ws/install/px4_msgs/include/px4_msgs/px4_msgs/msg/detail/control_allocator_status__rosidl_typesupport_fastrtps_cpp.hpp\n'}
[8.684318] (px4_msgs) StdoutLine: {'line': b'-- Up-to-date: /home/em/ros_workspace_2025/nav_ws/install/px4_msgs/include/px4_msgs/px4_msgs/msg/detail/hover_thrust_estimate__rosidl_typesupport_fastrtps_cpp.hpp\n'}
[8.684371] (px4_msgs) StdoutLine: {'line': b'-- Up-to-date: /home/em/ros_workspace_2025/nav_ws/install/px4_msgs/include/px4_msgs/px4_msgs/msg/detail/autotune_attitude_control_status__rosidl_typesupport_fastrtps_cpp.hpp\n'}
[8.684425] (px4_msgs) StdoutLine: {'line': b'-- Up-to-date: /home/em/ros_workspace_2025/nav_ws/install/px4_msgs/include/px4_msgs/px4_msgs/msg/detail/gpio_in__rosidl_typesupport_fastrtps_cpp.hpp\n'}
[8.684477] (px4_msgs) StdoutLine: {'line': b'-- Up-to-date: /home/em/ros_workspace_2025/nav_ws/install/px4_msgs/include/px4_msgs/px4_msgs/msg/detail/orb_test__rosidl_typesupport_fastrtps_cpp.hpp\n'}
[8.684529] (px4_msgs) StdoutLine: {'line': b'-- Up-to-date: /home/em/ros_workspace_2025/nav_ws/install/px4_msgs/include/px4_msgs/px4_msgs/msg/detail/camera_capture__rosidl_typesupport_fastrtps_cpp.hpp\n'}
[8.684580] (px4_msgs) StdoutLine: {'line': b'-- Up-to-date: /home/em/ros_workspace_2025/nav_ws/install/px4_msgs/include/px4_msgs/px4_msgs/msg/detail/debug_value__rosidl_typesupport_fastrtps_cpp.hpp\n'}
[8.684635] (px4_msgs) StdoutLine: {'line': b'-- Up-to-date: /home/em/ros_workspace_2025/nav_ws/install/px4_msgs/include/px4_msgs/px4_msgs/msg/detail/rover_ackermann_setpoint__rosidl_typesupport_fastrtps_cpp.hpp\n'}
[8.684692] (px4_msgs) StdoutLine: {'line': b'-- Up-to-date: /home/em/ros_workspace_2025/nav_ws/install/px4_msgs/include/px4_msgs/px4_msgs/msg/detail/sensor_gyro_fft__rosidl_typesupport_fastrtps_cpp.hpp\n'}
[8.684752] (px4_msgs) StdoutLine: {'line': b'-- Up-to-date: /home/em/ros_workspace_2025/nav_ws/install/px4_msgs/include/px4_msgs/px4_msgs/msg/detail/rc_parameter_map__rosidl_typesupport_fastrtps_cpp.hpp\n'}
[8.684807] (px4_msgs) StdoutLine: {'line': b'-- Up-to-date: /home/em/ros_workspace_2025/nav_ws/install/px4_msgs/include/px4_msgs/px4_msgs/msg/detail/register_ext_component_reply__rosidl_typesupport_fastrtps_cpp.hpp\n'}
[8.684860] (px4_msgs) StdoutLine: {'line': b'-- Up-to-date: /home/em/ros_workspace_2025/nav_ws/install/px4_msgs/include/px4_msgs/px4_msgs/msg/detail/landing_gear_wheel__rosidl_typesupport_fastrtps_cpp.hpp\n'}
[8.684915] (px4_msgs) StdoutLine: {'line': b'-- Up-to-date: /home/em/ros_workspace_2025/nav_ws/install/px4_msgs/include/px4_msgs/px4_msgs/msg/detail/parameter_set_used_request__rosidl_typesupport_fastrtps_cpp.hpp\n'}
[8.684968] (px4_msgs) StdoutLine: {'line': b'-- Up-to-date: /home/em/ros_workspace_2025/nav_ws/install/px4_msgs/include/px4_msgs/px4_msgs/msg/detail/sensor_uwb__rosidl_typesupport_fastrtps_cpp.hpp\n'}
[8.685027] (px4_msgs) StdoutLine: {'line': b'-- Up-to-date: /home/em/ros_workspace_2025/nav_ws/install/px4_msgs/include/px4_msgs/px4_msgs/msg/detail/estimator_aid_source2d__rosidl_typesupport_fastrtps_cpp.hpp\n'}
[8.685080] (px4_msgs) StdoutLine: {'line': b'-- Up-to-date: /home/em/ros_workspace_2025/nav_ws/install/px4_msgs/include/px4_msgs/px4_msgs/msg/detail/gimbal_manager_set_attitude__rosidl_typesupport_fastrtps_cpp.hpp\n'}
[8.685134] (px4_msgs) StdoutLine: {'line': b'-- Up-to-date: /home/em/ros_workspace_2025/nav_ws/install/px4_msgs/include/px4_msgs/px4_msgs/msg/detail/health_report__rosidl_typesupport_fastrtps_cpp.hpp\n'}
[8.685186] (px4_msgs) StdoutLine: {'line': b'-- Up-to-date: /home/em/ros_workspace_2025/nav_ws/install/px4_msgs/include/px4_msgs/px4_msgs/msg/detail/sensor_correction__rosidl_typesupport_fastrtps_cpp.hpp\n'}
[8.685256] (px4_msgs) StdoutLine: {'line': b'-- Up-to-date: /home/em/ros_workspace_2025/nav_ws/install/px4_msgs/include/px4_msgs/px4_msgs/msg/detail/sensor_accel__rosidl_typesupport_fastrtps_cpp.hpp\n'}
[8.685309] (px4_msgs) StdoutLine: {'line': b'-- Up-to-date: /home/em/ros_workspace_2025/nav_ws/install/px4_msgs/include/px4_msgs/px4_msgs/msg/detail/camera_status__rosidl_typesupport_fastrtps_cpp.hpp\n'}
[8.685361] (px4_msgs) StdoutLine: {'line': b'-- Up-to-date: /home/em/ros_workspace_2025/nav_ws/install/px4_msgs/include/px4_msgs/px4_msgs/msg/detail/battery_status__rosidl_typesupport_fastrtps_cpp.hpp\n'}
[8.685416] (px4_msgs) StdoutLine: {'line': b'-- Up-to-date: /home/em/ros_workspace_2025/nav_ws/install/px4_msgs/include/px4_msgs/px4_msgs/msg/detail/vehicle_control_mode__rosidl_typesupport_fastrtps_cpp.hpp\n'}
[8.685469] (px4_msgs) StdoutLine: {'line': b'-- Up-to-date: /home/em/ros_workspace_2025/nav_ws/install/px4_msgs/include/px4_msgs/px4_msgs/msg/detail/follow_target_estimator__rosidl_typesupport_fastrtps_cpp.hpp\n'}
[8.685522] (px4_msgs) StdoutLine: {'line': b'-- Up-to-date: /home/em/ros_workspace_2025/nav_ws/install/px4_msgs/include/px4_msgs/px4_msgs/msg/detail/vehicle_land_detected__rosidl_typesupport_fastrtps_cpp.hpp\n'}
[8.685575] (px4_msgs) StdoutLine: {'line': b'-- Up-to-date: /home/em/ros_workspace_2025/nav_ws/install/px4_msgs/include/px4_msgs/px4_msgs/msg/detail/sensors_status__rosidl_typesupport_fastrtps_cpp.hpp\n'}
[8.685628] (px4_msgs) StdoutLine: {'line': b'-- Up-to-date: /home/em/ros_workspace_2025/nav_ws/install/px4_msgs/include/px4_msgs/px4_msgs/msg/detail/navigator_mission_item__rosidl_typesupport_fastrtps_cpp.hpp\n'}
[8.685681] (px4_msgs) StdoutLine: {'line': b'-- Up-to-date: /home/em/ros_workspace_2025/nav_ws/install/px4_msgs/include/px4_msgs/px4_msgs/msg/detail/transponder_report__rosidl_typesupport_fastrtps_cpp.hpp\n'}
[8.685739] (px4_msgs) StdoutLine: {'line': b'-- Up-to-date: /home/em/ros_workspace_2025/nav_ws/install/px4_msgs/include/px4_msgs/px4_msgs/msg/detail/ulog_stream__rosidl_typesupport_fastrtps_cpp.hpp\n'}
[8.685791] (px4_msgs) StdoutLine: {'line': b'-- Up-to-date: /home/em/ros_workspace_2025/nav_ws/install/px4_msgs/include/px4_msgs/px4_msgs/msg/detail/estimator_aid_source3d__rosidl_typesupport_fastrtps_cpp.hpp\n'}
[8.685843] (px4_msgs) StdoutLine: {'line': b'-- Up-to-date: /home/em/ros_workspace_2025/nav_ws/install/px4_msgs/include/px4_msgs/px4_msgs/msg/detail/position_setpoint__rosidl_typesupport_fastrtps_cpp.hpp\n'}
[8.685895] (px4_msgs) StdoutLine: {'line': b'-- Up-to-date: /home/em/ros_workspace_2025/nav_ws/install/px4_msgs/include/px4_msgs/px4_msgs/msg/detail/sensor_gyro__rosidl_typesupport_fastrtps_cpp.hpp\n'}
[8.685947] (px4_msgs) StdoutLine: {'line': b'-- Up-to-date: /home/em/ros_workspace_2025/nav_ws/install/px4_msgs/include/px4_msgs/px4_msgs/msg/detail/mount_orientation__rosidl_typesupport_fastrtps_cpp.hpp\n'}
[8.686001] (px4_msgs) StdoutLine: {'line': b'-- Up-to-date: /home/em/ros_workspace_2025/nav_ws/install/px4_msgs/include/px4_msgs/px4_msgs/msg/detail/rover_mecanum_setpoint__rosidl_typesupport_fastrtps_cpp.hpp\n'}
[8.686054] (px4_msgs) StdoutLine: {'line': b'-- Up-to-date: /home/em/ros_workspace_2025/nav_ws/install/px4_msgs/include/px4_msgs/px4_msgs/msg/detail/vehicle_roi__rosidl_typesupport_fastrtps_cpp.hpp\n'}
[8.686123] (px4_msgs) StdoutLine: {'line': b'-- Up-to-date: /home/em/ros_workspace_2025/nav_ws/install/px4_msgs/include/px4_msgs/px4_msgs/msg/detail/vehicle_magnetometer__rosidl_typesupport_fastrtps_cpp.hpp\n'}
[8.686205] (px4_msgs) StdoutLine: {'line': b'-- Up-to-date: /home/em/ros_workspace_2025/nav_ws/install/px4_msgs/include/px4_msgs/px4_msgs/msg/detail/estimator_status_flags__rosidl_typesupport_fastrtps_cpp.hpp\n'}
[8.686301] (px4_msgs) StdoutLine: {'line': b'-- Up-to-date: /home/em/ros_workspace_2025/nav_ws/install/px4_msgs/include/px4_msgs/px4_msgs/msg/detail/sensor_baro__rosidl_typesupport_fastrtps_cpp.hpp\n'}
[8.686331] (px4_msgs) StdoutLine: {'line': b'-- Up-to-date: /home/em/ros_workspace_2025/nav_ws/install/px4_msgs/include/px4_msgs/px4_msgs/msg/detail/buffer128__rosidl_typesupport_fastrtps_cpp.hpp\n'}
[8.686354] (px4_msgs) StdoutLine: {'line': b'-- Up-to-date: /home/em/ros_workspace_2025/nav_ws/install/px4_msgs/include/px4_msgs/px4_msgs/msg/detail/vehicle_air_data__rosidl_typesupport_fastrtps_cpp.hpp\n'}
[8.686378] (px4_msgs) StdoutLine: {'line': b'-- Up-to-date: /home/em/ros_workspace_2025/nav_ws/install/px4_msgs/include/px4_msgs/px4_msgs/msg/detail/figure_eight_status__rosidl_typesupport_fastrtps_cpp.hpp\n'}
[8.686408] (px4_msgs) StdoutLine: {'line': b'-- Up-to-date: /home/em/ros_workspace_2025/nav_ws/install/px4_msgs/include/px4_msgs/px4_msgs/msg/detail/vehicle_local_position__rosidl_typesupport_fastrtps_cpp.hpp\n'}
[8.686430] (px4_msgs) StdoutLine: {'line': b'-- Up-to-date: /home/em/ros_workspace_2025/nav_ws/install/px4_msgs/include/px4_msgs/px4_msgs/msg/detail/vehicle_command_ack__rosidl_typesupport_fastrtps_cpp.hpp\n'}
[8.686452] (px4_msgs) StdoutLine: {'line': b'-- Up-to-date: /home/em/ros_workspace_2025/nav_ws/install/px4_msgs/include/px4_msgs/px4_msgs/msg/detail/can_interface_status__rosidl_typesupport_fastrtps_cpp.hpp\n'}
[8.686474] (px4_msgs) StdoutLine: {'line': b'-- Up-to-date: /home/em/ros_workspace_2025/nav_ws/install/px4_msgs/include/px4_msgs/px4_msgs/msg/detail/esc_status__rosidl_typesupport_fastrtps_cpp.hpp\n'}
[8.686495] (px4_msgs) StdoutLine: {'line': b'-- Up-to-date: /home/em/ros_workspace_2025/nav_ws/install/px4_msgs/include/px4_msgs/px4_msgs/msg/detail/satellite_info__rosidl_typesupport_fastrtps_cpp.hpp\n'}
[8.686516] (px4_msgs) StdoutLine: {'line': b'-- Up-to-date: /home/em/ros_workspace_2025/nav_ws/install/px4_msgs/include/px4_msgs/px4_msgs/msg/detail/sensor_gyro_fifo__rosidl_typesupport_fastrtps_cpp.hpp\n'}
[8.686538] (px4_msgs) StdoutLine: {'line': b'-- Up-to-date: /home/em/ros_workspace_2025/nav_ws/install/px4_msgs/include/px4_msgs/px4_msgs/msg/detail/position_controller_landing_status__rosidl_typesupport_fastrtps_cpp.hpp\n'}
[8.686560] (px4_msgs) StdoutLine: {'line': b'-- Up-to-date: /home/em/ros_workspace_2025/nav_ws/install/px4_msgs/include/px4_msgs/px4_msgs/msg/detail/orb_test_large__rosidl_typesupport_fastrtps_cpp.hpp\n'}
[8.686581] (px4_msgs) StdoutLine: {'line': b'-- Up-to-date: /home/em/ros_workspace_2025/nav_ws/install/px4_msgs/include/px4_msgs/px4_msgs/msg/detail/sensor_combined__rosidl_typesupport_fastrtps_cpp.hpp\n'}
[8.686603] (px4_msgs) StdoutLine: {'line': b'-- Up-to-date: /home/em/ros_workspace_2025/nav_ws/install/px4_msgs/include/px4_msgs/px4_msgs/msg/detail/estimator_bias__rosidl_typesupport_fastrtps_cpp.hpp\n'}
[8.686625] (px4_msgs) StdoutLine: {'line': b'-- Up-to-date: /home/em/ros_workspace_2025/nav_ws/install/px4_msgs/include/px4_msgs/px4_msgs/msg/detail/magnetometer_bias_estimate__rosidl_typesupport_fastrtps_cpp.hpp\n'}
[8.686647] (px4_msgs) StdoutLine: {'line': b'-- Up-to-date: /home/em/ros_workspace_2025/nav_ws/install/px4_msgs/include/px4_msgs/px4_msgs/msg/detail/gps_inject_data__rosidl_typesupport_fastrtps_cpp.hpp\n'}
[8.686669] (px4_msgs) StdoutLine: {'line': b'-- Up-to-date: /home/em/ros_workspace_2025/nav_ws/install/px4_msgs/include/px4_msgs/px4_msgs/msg/detail/camera_trigger__rosidl_typesupport_fastrtps_cpp.hpp\n'}
[8.686690] (px4_msgs) StdoutLine: {'line': b'-- Up-to-date: /home/em/ros_workspace_2025/nav_ws/install/px4_msgs/include/px4_msgs/px4_msgs/msg/detail/trajectory_setpoint__rosidl_typesupport_fastrtps_cpp.hpp\n'}
[8.686710] (px4_msgs) StdoutLine: {'line': b'-- Up-to-date: /home/em/ros_workspace_2025/nav_ws/install/px4_msgs/include/px4_msgs/px4_msgs/msg/detail/debug_key_value__rosidl_typesupport_fastrtps_cpp.hpp\n'}
[8.686731] (px4_msgs) StdoutLine: {'line': b'-- Up-to-date: /home/em/ros_workspace_2025/nav_ws/install/px4_msgs/include/px4_msgs/px4_msgs/msg/detail/flight_phase_estimation__rosidl_typesupport_fastrtps_cpp.hpp\n'}
[8.686752] (px4_msgs) StdoutLine: {'line': b'-- Up-to-date: /home/em/ros_workspace_2025/nav_ws/install/px4_msgs/include/px4_msgs/px4_msgs/msg/detail/power_monitor__rosidl_typesupport_fastrtps_cpp.hpp\n'}
[8.686775] (px4_msgs) StdoutLine: {'line': b'-- Up-to-date: /home/em/ros_workspace_2025/nav_ws/install/px4_msgs/include/px4_msgs/px4_msgs/msg/detail/estimator_aid_source1d__rosidl_typesupport_fastrtps_cpp.hpp\n'}
[8.686794] (px4_msgs) StdoutLine: {'line': b'-- Up-to-date: /home/em/ros_workspace_2025/nav_ws/install/px4_msgs/include/px4_msgs/px4_msgs/msg/detail/landing_gear__rosidl_typesupport_fastrtps_cpp.hpp\n'}
[8.686813] (px4_msgs) StdoutLine: {'line': b'-- Up-to-date: /home/em/ros_workspace_2025/nav_ws/install/px4_msgs/include/px4_msgs/px4_msgs/msg/detail/power_button_state__rosidl_typesupport_fastrtps_cpp.hpp\n'}
[8.686834] (px4_msgs) StdoutLine: {'line': b'-- Up-to-date: /home/em/ros_workspace_2025/nav_ws/install/px4_msgs/include/px4_msgs/px4_msgs/msg/detail/gripper__rosidl_typesupport_fastrtps_cpp.hpp\n'}
[8.686853] (px4_msgs) StdoutLine: {'line': b'-- Up-to-date: /home/em/ros_workspace_2025/nav_ws/install/px4_msgs/include/px4_msgs/px4_msgs/msg/detail/position_controller_status__rosidl_typesupport_fastrtps_cpp.hpp\n'}
[8.686873] (px4_msgs) StdoutLine: {'line': b'-- Up-to-date: /home/em/ros_workspace_2025/nav_ws/install/px4_msgs/include/px4_msgs/px4_msgs/msg/detail/actuator_servos_trim__rosidl_typesupport_fastrtps_cpp.hpp\n'}
[8.686892] (px4_msgs) StdoutLine: {'line': b'-- Up-to-date: /home/em/ros_workspace_2025/nav_ws/install/px4_msgs/include/px4_msgs/px4_msgs/msg/detail/estimator_status__rosidl_typesupport_fastrtps_cpp.hpp\n'}
[8.686912] (px4_msgs) StdoutLine: {'line': b'-- Up-to-date: /home/em/ros_workspace_2025/nav_ws/install/px4_msgs/include/px4_msgs/px4_msgs/msg/detail/airspeed_validated__rosidl_typesupport_fastrtps_cpp.hpp\n'}
[8.686934] (px4_msgs) StdoutLine: {'line': b'-- Up-to-date: /home/em/ros_workspace_2025/nav_ws/install/px4_msgs/include/px4_msgs/px4_msgs/msg/detail/internal_combustion_engine_status__rosidl_typesupport_fastrtps_cpp.hpp\n'}
[8.686954] (px4_msgs) StdoutLine: {'line': b'-- Up-to-date: /home/em/ros_workspace_2025/nav_ws/install/px4_msgs/include/px4_msgs/px4_msgs/msg/detail/estimator_bias3d__rosidl_typesupport_fastrtps_cpp.hpp\n'}
[8.686974] (px4_msgs) StdoutLine: {'line': b'-- Up-to-date: /home/em/ros_workspace_2025/nav_ws/install/px4_msgs/include/px4_msgs/px4_msgs/msg/detail/wheel_encoders__rosidl_typesupport_fastrtps_cpp.hpp\n'}
[8.686993] (px4_msgs) StdoutLine: {'line': b'-- Up-to-date: /home/em/ros_workspace_2025/nav_ws/install/px4_msgs/include/px4_msgs/px4_msgs/msg/detail/velocity_limits__rosidl_typesupport_fastrtps_cpp.hpp\n'}
[8.687012] (px4_msgs) StdoutLine: {'line': b'-- Up-to-date: /home/em/ros_workspace_2025/nav_ws/install/px4_msgs/include/px4_msgs/px4_msgs/msg/detail/collision_report__rosidl_typesupport_fastrtps_cpp.hpp\n'}
[8.687032] (px4_msgs) StdoutLine: {'line': b'-- Up-to-date: /home/em/ros_workspace_2025/nav_ws/install/px4_msgs/include/px4_msgs/px4_msgs/msg/detail/open_drone_id_system__rosidl_typesupport_fastrtps_cpp.hpp\n'}
[8.687051] (px4_msgs) StdoutLine: {'line': b'-- Up-to-date: /home/em/ros_workspace_2025/nav_ws/install/px4_msgs/include/px4_msgs/px4_msgs/msg/detail/sensor_preflight_mag__rosidl_typesupport_fastrtps_cpp.hpp\n'}
[8.687071] (px4_msgs) StdoutLine: {'line': b'-- Up-to-date: /home/em/ros_workspace_2025/nav_ws/install/px4_msgs/include/px4_msgs/px4_msgs/msg/detail/mavlink_log__rosidl_typesupport_fastrtps_cpp.hpp\n'}
[8.687090] (px4_msgs) StdoutLine: {'line': b'-- Up-to-date: /home/em/ros_workspace_2025/nav_ws/install/px4_msgs/include/px4_msgs/px4_msgs/msg/detail/mag_worker_data__rosidl_typesupport_fastrtps_cpp.hpp\n'}
[8.687111] (px4_msgs) StdoutLine: {'line': b'-- Up-to-date: /home/em/ros_workspace_2025/nav_ws/install/px4_msgs/include/px4_msgs/px4_msgs/msg/detail/pwm_input__rosidl_typesupport_fastrtps_cpp.hpp\n'}
[8.687131] (px4_msgs) StdoutLine: {'line': b'-- Up-to-date: /home/em/ros_workspace_2025/nav_ws/install/px4_msgs/include/px4_msgs/px4_msgs/msg/detail/esc_report__rosidl_typesupport_fastrtps_cpp.hpp\n'}
[8.687151] (px4_msgs) StdoutLine: {'line': b'-- Up-to-date: /home/em/ros_workspace_2025/nav_ws/install/px4_msgs/include/px4_msgs/px4_msgs/msg/detail/gimbal_controls__rosidl_typesupport_fastrtps_cpp.hpp\n'}
[8.687170] (px4_msgs) StdoutLine: {'line': b'-- Up-to-date: /home/em/ros_workspace_2025/nav_ws/install/px4_msgs/include/px4_msgs/px4_msgs/msg/detail/message_format_response__rosidl_typesupport_fastrtps_cpp.hpp\n'}
[8.687193] (px4_msgs) StdoutLine: {'line': b'-- Up-to-date: /home/em/ros_workspace_2025/nav_ws/install/px4_msgs/include/px4_msgs/px4_msgs/msg/detail/gimbal_manager_set_manual_control__rosidl_typesupport_fastrtps_cpp.hpp\n'}
[8.687216] (px4_msgs) StdoutLine: {'line': b'-- Up-to-date: /home/em/ros_workspace_2025/nav_ws/install/px4_msgs/include/px4_msgs/px4_msgs/msg/detail/vehicle_odometry__rosidl_typesupport_fastrtps_cpp.hpp\n'}
[8.687236] (px4_msgs) StdoutLine: {'line': b'-- Up-to-date: /home/em/ros_workspace_2025/nav_ws/install/px4_msgs/include/px4_msgs/px4_msgs/msg/detail/follow_target_status__rosidl_typesupport_fastrtps_cpp.hpp\n'}
[8.687261] (px4_msgs) StdoutLine: {'line': b'-- Up-to-date: /home/em/ros_workspace_2025/nav_ws/install/px4_msgs/include/px4_msgs/px4_msgs/msg/detail/sensor_mag__rosidl_typesupport_fastrtps_cpp.hpp\n'}
[8.687281] (px4_msgs) StdoutLine: {'line': b'-- Up-to-date: /home/em/ros_workspace_2025/nav_ws/install/px4_msgs/include/px4_msgs/px4_msgs/msg/detail/vehicle_angular_velocity__rosidl_typesupport_fastrtps_cpp.hpp\n'}
[8.687302] (px4_msgs) StdoutLine: {'line': b'-- Up-to-date: /home/em/ros_workspace_2025/nav_ws/install/px4_msgs/include/px4_msgs/px4_msgs/msg/detail/button_event__rosidl_typesupport_fastrtps_cpp.hpp\n'}
[8.687323] (px4_msgs) StdoutLine: {'line': b'-- Up-to-date: /home/em/ros_workspace_2025/nav_ws/install/px4_msgs/include/px4_msgs/px4_msgs/msg/detail/gimbal_device_set_attitude__rosidl_typesupport_fastrtps_cpp.hpp\n'}
[8.687343] (px4_msgs) StdoutLine: {'line': b'-- Up-to-date: /home/em/ros_workspace_2025/nav_ws/install/px4_msgs/include/px4_msgs/px4_msgs/msg/detail/rover_mecanum_status__rosidl_typesupport_fastrtps_cpp.hpp\n'}
[8.687367] (px4_msgs) StdoutLine: {'line': b'-- Up-to-date: /home/em/ros_workspace_2025/nav_ws/install/px4_msgs/include/px4_msgs/px4_msgs/msg/detail/home_position__rosidl_typesupport_fastrtps_cpp.hpp\n'}
[8.687422] (px4_msgs) StdoutLine: {'line': b'-- Up-to-date: /home/em/ros_workspace_2025/nav_ws/install/px4_msgs/include/px4_msgs/px4_msgs/msg/detail/fuel_tank_status__rosidl_typesupport_fastrtps_cpp.hpp\n'}
[8.687461] (px4_msgs) StdoutLine: {'line': b'-- Up-to-date: /home/em/ros_workspace_2025/nav_ws/install/px4_msgs/include/px4_msgs/px4_msgs/msg/detail/rover_ackermann_guidance_status__rosidl_typesupport_fastrtps_cpp.hpp\n'}
[8.687489] (px4_msgs) StdoutLine: {'line': b'-- Up-to-date: /home/em/ros_workspace_2025/nav_ws/install/px4_msgs/include/px4_msgs/px4_msgs/msg/detail/gimbal_manager_information__rosidl_typesupport_fastrtps_cpp.hpp\n'}
[8.687512] (px4_msgs) StdoutLine: {'line': b'-- Up-to-date: /home/em/ros_workspace_2025/nav_ws/install/px4_msgs/include/px4_msgs/px4_msgs/msg/detail/wind__rosidl_typesupport_fastrtps_cpp.hpp\n'}
[8.687537] (px4_msgs) StdoutLine: {'line': b'-- Up-to-date: /home/em/ros_workspace_2025/nav_ws/install/px4_msgs/include/px4_msgs/px4_msgs/msg/detail/debug_vect__rosidl_typesupport_fastrtps_cpp.hpp\n'}
[8.687559] (px4_msgs) StdoutLine: {'line': b'-- Up-to-date: /home/em/ros_workspace_2025/nav_ws/install/px4_msgs/include/px4_msgs/px4_msgs/msg/detail/register_ext_component_request__rosidl_typesupport_fastrtps_cpp.hpp\n'}
[8.687580] (px4_msgs) StdoutLine: {'line': b'-- Up-to-date: /home/em/ros_workspace_2025/nav_ws/install/px4_msgs/include/px4_msgs/px4_msgs/msg/detail/rover_ackermann_status__rosidl_typesupport_fastrtps_cpp.hpp\n'}
[8.687601] (px4_msgs) StdoutLine: {'line': b'-- Up-to-date: /home/em/ros_workspace_2025/nav_ws/install/px4_msgs/include/px4_msgs/px4_msgs/msg/detail/geofence_status__rosidl_typesupport_fastrtps_cpp.hpp\n'}
[8.687622] (px4_msgs) StdoutLine: {'line': b'-- Up-to-date: /home/em/ros_workspace_2025/nav_ws/install/px4_msgs/include/px4_msgs/px4_msgs/msg/detail/yaw_estimator_status__rosidl_typesupport_fastrtps_cpp.hpp\n'}
[8.687642] (px4_msgs) StdoutLine: {'line': b'-- Up-to-date: /home/em/ros_workspace_2025/nav_ws/install/px4_msgs/include/px4_msgs/px4_msgs/msg/detail/orb_test_medium__rosidl_typesupport_fastrtps_cpp.hpp\n'}
[8.687663] (px4_msgs) StdoutLine: {'line': b'-- Up-to-date: /home/em/ros_workspace_2025/nav_ws/install/px4_msgs/include/px4_msgs/px4_msgs/msg/detail/dataman_request__rosidl_typesupport_fastrtps_cpp.hpp\n'}
[8.687684] (px4_msgs) StdoutLine: {'line': b'-- Up-to-date: /home/em/ros_workspace_2025/nav_ws/install/px4_msgs/include/px4_msgs/px4_msgs/msg/detail/cpuload__rosidl_typesupport_fastrtps_cpp.hpp\n'}
[8.687708] (px4_msgs) StdoutLine: {'line': b'-- Up-to-date: /home/em/ros_workspace_2025/nav_ws/install/px4_msgs/include/px4_msgs/px4_msgs/msg/detail/unregister_ext_component__rosidl_typesupport_fastrtps_cpp.hpp\n'}
[8.687729] (px4_msgs) StdoutLine: {'line': b'-- Up-to-date: /home/em/ros_workspace_2025/nav_ws/install/px4_msgs/include/px4_msgs/px4_msgs/msg/detail/timesync_status__rosidl_typesupport_fastrtps_cpp.hpp\n'}
[8.687750] (px4_msgs) StdoutLine: {'line': b'-- Up-to-date: /home/em/ros_workspace_2025/nav_ws/install/px4_msgs/include/px4_msgs/px4_msgs/msg/detail/event__rosidl_typesupport_fastrtps_cpp.hpp\n'}
[8.687770] (px4_msgs) StdoutLine: {'line': b'-- Up-to-date: /home/em/ros_workspace_2025/nav_ws/install/px4_msgs/include/px4_msgs/px4_msgs/msg/detail/config_overrides__rosidl_typesupport_fastrtps_cpp.hpp\n'}
[8.687793] (px4_msgs) StdoutLine: {'line': b'-- Up-to-date: /home/em/ros_workspace_2025/nav_ws/install/px4_msgs/include/px4_msgs/px4_msgs/msg/detail/vehicle_attitude_setpoint__rosidl_typesupport_fastrtps_cpp.hpp\n'}
[8.687813] (px4_msgs) StdoutLine: {'line': b'-- Up-to-date: /home/em/ros_workspace_2025/nav_ws/install/px4_msgs/include/px4_msgs/px4_msgs/msg/detail/vehicle_global_position__rosidl_typesupport_fastrtps_cpp.hpp\n'}
[8.687834] (px4_msgs) StdoutLine: {'line': b'-- Up-to-date: /home/em/ros_workspace_2025/nav_ws/install/px4_msgs/include/px4_msgs/px4_msgs/msg/detail/dds_fastrtps\n'}
[8.687853] (px4_msgs) StdoutLine: {'line': b'-- Up-to-date: /home/em/ros_workspace_2025/nav_ws/install/px4_msgs/include/px4_msgs/px4_msgs/msg/detail/uavcan_parameter_value__rosidl_typesupport_fastrtps_cpp.hpp\n'}
[8.687872] (px4_msgs) StdoutLine: {'line': b'-- Up-to-date: /home/em/ros_workspace_2025/nav_ws/install/px4_msgs/include/px4_msgs/px4_msgs/msg/detail/rpm__rosidl_typesupport_fastrtps_cpp.hpp\n'}
[8.687891] (px4_msgs) StdoutLine: {'line': b'-- Up-to-date: /home/em/ros_workspace_2025/nav_ws/install/px4_msgs/include/px4_msgs/px4_msgs/msg/detail/vehicle_constraints__rosidl_typesupport_fastrtps_cpp.hpp\n'}
[8.687910] (px4_msgs) StdoutLine: {'line': b'-- Up-to-date: /home/em/ros_workspace_2025/nav_ws/install/px4_msgs/include/px4_msgs/px4_msgs/msg/detail/qshell_retval__rosidl_typesupport_fastrtps_cpp.hpp\n'}
[8.687929] (px4_msgs) StdoutLine: {'line': b'-- Up-to-date: /home/em/ros_workspace_2025/nav_ws/install/px4_msgs/include/px4_msgs/px4_msgs/msg/detail/vehicle_thrust_setpoint__rosidl_typesupport_fastrtps_cpp.hpp\n'}
[8.687948] (px4_msgs) StdoutLine: {'line': b'-- Up-to-date: /home/em/ros_workspace_2025/nav_ws/install/px4_msgs/include/px4_msgs/px4_msgs/msg/detail/airspeed__rosidl_typesupport_fastrtps_cpp.hpp\n'}
[8.687968] (px4_msgs) StdoutLine: {'line': b'-- Up-to-date: /home/em/ros_workspace_2025/nav_ws/install/px4_msgs/include/px4_msgs/px4_msgs/msg/detail/open_drone_id_self_id__rosidl_typesupport_fastrtps_cpp.hpp\n'}
[8.687989] (px4_msgs) StdoutLine: {'line': b'-- Up-to-date: /home/em/ros_workspace_2025/nav_ws/install/px4_msgs/include/px4_msgs/px4_msgs/msg/detail/estimator_sensor_bias__rosidl_typesupport_fastrtps_cpp.hpp\n'}
[8.688010] (px4_msgs) StdoutLine: {'line': b'-- Up-to-date: /home/em/ros_workspace_2025/nav_ws/install/px4_msgs/include/px4_msgs/px4_msgs/msg/detail/failsafe_flags__rosidl_typesupport_fastrtps_cpp.hpp\n'}
[8.688031] (px4_msgs) StdoutLine: {'line': b'-- Up-to-date: /home/em/ros_workspace_2025/nav_ws/install/px4_msgs/include/px4_msgs/px4_msgs/msg/detail/gpio_request__rosidl_typesupport_fastrtps_cpp.hpp\n'}
[8.688053] (px4_msgs) StdoutLine: {'line': b'-- Up-to-date: /home/em/ros_workspace_2025/nav_ws/install/px4_msgs/include/px4_msgs/px4_msgs/msg/detail/actuator_controls_status__rosidl_typesupport_fastrtps_cpp.hpp\n'}
[8.688076] (px4_msgs) StdoutLine: {'line': b'-- Up-to-date: /home/em/ros_workspace_2025/nav_ws/install/px4_msgs/include/px4_msgs/px4_msgs/msg/detail/sensor_airflow__rosidl_typesupport_fastrtps_cpp.hpp\n'}
[8.688096] (px4_msgs) StdoutLine: {'line': b'-- Up-to-date: /home/em/ros_workspace_2025/nav_ws/install/px4_msgs/include/px4_msgs/px4_msgs/msg/detail/log_message__rosidl_typesupport_fastrtps_cpp.hpp\n'}
[8.688118] (px4_msgs) StdoutLine: {'line': b'-- Up-to-date: /home/em/ros_workspace_2025/nav_ws/install/px4_msgs/include/px4_msgs/px4_msgs/msg/detail/position_setpoint_triplet__rosidl_typesupport_fastrtps_cpp.hpp\n'}
[8.688139] (px4_msgs) StdoutLine: {'line': b'-- Up-to-date: /home/em/ros_workspace_2025/nav_ws/install/px4_msgs/include/px4_msgs/px4_msgs/msg/detail/failure_detector_status__rosidl_typesupport_fastrtps_cpp.hpp\n'}
[8.688159] (px4_msgs) StdoutLine: {'line': b'-- Up-to-date: /home/em/ros_workspace_2025/nav_ws/install/px4_msgs/include/px4_msgs/px4_msgs/msg/detail/vehicle_torque_setpoint__rosidl_typesupport_fastrtps_cpp.hpp\n'}
[8.688180] (px4_msgs) StdoutLine: {'line': b'-- Up-to-date: /home/em/ros_workspace_2025/nav_ws/install/px4_msgs/include/px4_msgs/px4_msgs/msg/detail/sensor_gps__rosidl_typesupport_fastrtps_cpp.hpp\n'}
[8.688209] (px4_msgs) StdoutLine: {'line': b'-- Up-to-date: /home/em/ros_workspace_2025/nav_ws/install/px4_msgs/include/px4_msgs/px4_msgs/msg/detail/debug_array__rosidl_typesupport_fastrtps_cpp.hpp\n'}
[8.688231] (px4_msgs) StdoutLine: {'line': b'-- Up-to-date: /home/em/ros_workspace_2025/nav_ws/install/px4_msgs/include/px4_msgs/px4_msgs/msg/detail/rc_channels__rosidl_typesupport_fastrtps_cpp.hpp\n'}
[8.688257] (px4_msgs) StdoutLine: {'line': b'-- Up-to-date: /home/em/ros_workspace_2025/nav_ws/install/px4_msgs/include/px4_msgs/px4_msgs/msg/detail/navigator_status__rosidl_typesupport_fastrtps_cpp.hpp\n'}
[8.688277] (px4_msgs) StdoutLine: {'line': b'-- Up-to-date: /home/em/ros_workspace_2025/nav_ws/install/px4_msgs/include/px4_msgs/px4_msgs/msg/detail/px4io_status__rosidl_typesupport_fastrtps_cpp.hpp\n'}
[8.688299] (px4_msgs) StdoutLine: {'line': b'-- Up-to-date: /home/em/ros_workspace_2025/nav_ws/install/px4_msgs/include/px4_msgs/px4_msgs/msg/detail/distance_sensor__rosidl_typesupport_fastrtps_cpp.hpp\n'}
[8.688319] (px4_msgs) StdoutLine: {'line': b'-- Up-to-date: /home/em/ros_workspace_2025/nav_ws/install/px4_msgs/include/px4_msgs/px4_msgs/msg/detail/open_drone_id_operator_id__rosidl_typesupport_fastrtps_cpp.hpp\n'}
[8.688340] (px4_msgs) StdoutLine: {'line': b'-- Up-to-date: /home/em/ros_workspace_2025/nav_ws/install/px4_msgs/include/px4_msgs/px4_msgs/msg/detail/heater_status__rosidl_typesupport_fastrtps_cpp.hpp\n'}
[8.688361] (px4_msgs) StdoutLine: {'line': b'-- Up-to-date: /home/em/ros_workspace_2025/nav_ws/install/px4_msgs/include/px4_msgs/px4_msgs/msg/detail/goto_setpoint__rosidl_typesupport_fastrtps_cpp.hpp\n'}
[8.688382] (px4_msgs) StdoutLine: {'line': b'-- Up-to-date: /home/em/ros_workspace_2025/nav_ws/install/px4_msgs/include/px4_msgs/px4_msgs/msg/detail/sensor_optical_flow__rosidl_typesupport_fastrtps_cpp.hpp\n'}
[8.688404] (px4_msgs) StdoutLine: {'line': b'-- Up-to-date: /home/em/ros_workspace_2025/nav_ws/install/px4_msgs/include/px4_msgs/px4_msgs/msg/detail/mission__rosidl_typesupport_fastrtps_cpp.hpp\n'}
[8.688427] (px4_msgs) StdoutLine: {'line': b'-- Up-to-date: /home/em/ros_workspace_2025/nav_ws/install/px4_msgs/include/px4_msgs/px4_msgs/msg/detail/distance_sensor_mode_change_request__rosidl_typesupport_fastrtps_cpp.hpp\n'}
[8.688449] (px4_msgs) StdoutLine: {'line': b'-- Up-to-date: /home/em/ros_workspace_2025/nav_ws/install/px4_msgs/include/px4_msgs/px4_msgs/msg/detail/actuator_motors__rosidl_typesupport_fastrtps_cpp.hpp\n'}
[8.688470] (px4_msgs) StdoutLine: {'line': b'-- Up-to-date: /home/em/ros_workspace_2025/nav_ws/install/px4_msgs/include/px4_msgs/px4_msgs/msg/detail/ekf2_timestamps__rosidl_typesupport_fastrtps_cpp.hpp\n'}
[8.688491] (px4_msgs) StdoutLine: {'line': b'-- Up-to-date: /home/em/ros_workspace_2025/nav_ws/install/px4_msgs/include/px4_msgs/px4_msgs/msg/detail/telemetry_status__rosidl_typesupport_fastrtps_cpp.hpp\n'}
[8.688514] (px4_msgs) StdoutLine: {'line': b'-- Up-to-date: /home/em/ros_workspace_2025/nav_ws/install/px4_msgs/include/px4_msgs/px4_msgs/msg/detail/takeoff_status__rosidl_typesupport_fastrtps_cpp.hpp\n'}
[8.688533] (px4_msgs) StdoutLine: {'line': b'-- Up-to-date: /home/em/ros_workspace_2025/nav_ws/install/px4_msgs/include/px4_msgs/px4_msgs/msg/detail/landing_target_pose__rosidl_typesupport_fastrtps_cpp.hpp\n'}
[8.688555] (px4_msgs) StdoutLine: {'line': b'-- Up-to-date: /home/em/ros_workspace_2025/nav_ws/install/px4_msgs/include/px4_msgs/px4_msgs/msg/detail/rtl_status__rosidl_typesupport_fastrtps_cpp.hpp\n'}
[8.688574] (px4_msgs) StdoutLine: {'line': b'-- Up-to-date: /home/em/ros_workspace_2025/nav_ws/install/px4_msgs/include/px4_msgs/px4_msgs/msg/detail/open_drone_id_arm_status__rosidl_typesupport_fastrtps_cpp.hpp\n'}
[8.688595] (px4_msgs) StdoutLine: {'line': b'-- Up-to-date: /home/em/ros_workspace_2025/nav_ws/install/px4_msgs/include/px4_msgs/px4_msgs/msg/detail/actuator_test__rosidl_typesupport_fastrtps_cpp.hpp\n'}
[8.688614] (px4_msgs) StdoutLine: {'line': b'-- Up-to-date: /home/em/ros_workspace_2025/nav_ws/install/px4_msgs/include/px4_msgs/px4_msgs/msg/detail/sensor_accel_fifo__rosidl_typesupport_fastrtps_cpp.hpp\n'}
[8.688636] (px4_msgs) StdoutLine: {'line': b'-- Up-to-date: /home/em/ros_workspace_2025/nav_ws/install/px4_msgs/include/px4_msgs/px4_msgs/msg/detail/gimbal_device_information__rosidl_typesupport_fastrtps_cpp.hpp\n'}
[8.688656] (px4_msgs) StdoutLine: {'line': b'-- Up-to-date: /home/em/ros_workspace_2025/nav_ws/install/px4_msgs/include/px4_msgs/px4_msgs/msg/detail/actuator_armed__rosidl_typesupport_fastrtps_cpp.hpp\n'}
[8.688676] (px4_msgs) StdoutLine: {'line': b'-- Up-to-date: /home/em/ros_workspace_2025/nav_ws/install/px4_msgs/include/px4_msgs/px4_msgs/msg/detail/arming_check_reply__rosidl_typesupport_fastrtps_cpp.hpp\n'}
[8.688696] (px4_msgs) StdoutLine: {'line': b'-- Up-to-date: /home/em/ros_workspace_2025/nav_ws/install/px4_msgs/include/px4_msgs/px4_msgs/msg/detail/airspeed_wind__rosidl_typesupport_fastrtps_cpp.hpp\n'}
[8.688715] (px4_msgs) StdoutLine: {'line': b'-- Up-to-date: /home/em/ros_workspace_2025/nav_ws/install/px4_msgs/include/px4_msgs/px4_msgs/msg/detail/estimator_states__rosidl_typesupport_fastrtps_cpp.hpp\n'}
[8.688735] (px4_msgs) StdoutLine: {'line': b'-- Up-to-date: /home/em/ros_workspace_2025/nav_ws/install/px4_msgs/include/px4_msgs/px4_msgs/msg/detail/rover_mecanum_guidance_status__rosidl_typesupport_fastrtps_cpp.hpp\n'}
[8.688755] (px4_msgs) StdoutLine: {'line': b'-- Up-to-date: /home/em/ros_workspace_2025/nav_ws/install/px4_msgs/include/px4_msgs/px4_msgs/msg/detail/task_stack_info__rosidl_typesupport_fastrtps_cpp.hpp\n'}
[8.688776] (px4_msgs) StdoutLine: {'line': b'-- Up-to-date: /home/em/ros_workspace_2025/nav_ws/install/px4_msgs/include/px4_msgs/px4_msgs/msg/detail/onboard_computer_status__rosidl_typesupport_fastrtps_cpp.hpp\n'}
[8.688795] (px4_msgs) StdoutLine: {'line': b'-- Up-to-date: /home/em/ros_workspace_2025/nav_ws/install/px4_msgs/include/px4_msgs/px4_msgs/msg/detail/vehicle_angular_acceleration_setpoint__rosidl_typesupport_fastrtps_cpp.hpp\n'}
[8.688815] (px4_msgs) StdoutLine: {'line': b'-- Up-to-date: /home/em/ros_workspace_2025/nav_ws/install/px4_msgs/include/px4_msgs/px4_msgs/msg/detail/gpio_config__rosidl_typesupport_fastrtps_cpp.hpp\n'}
[8.688835] (px4_msgs) StdoutLine: {'line': b'-- Up-to-date: /home/em/ros_workspace_2025/nav_ws/install/px4_msgs/include/px4_msgs/px4_msgs/msg/detail/actuator_servos__rosidl_typesupport_fastrtps_cpp.hpp\n'}
[8.688854] (px4_msgs) StdoutLine: {'line': b'-- Up-to-date: /home/em/ros_workspace_2025/nav_ws/install/px4_msgs/include/px4_msgs/px4_msgs/msg/detail/tecs_status__rosidl_typesupport_fastrtps_cpp.hpp\n'}
[8.688874] (px4_msgs) StdoutLine: {'line': b'-- Up-to-date: /home/em/ros_workspace_2025/nav_ws/install/px4_msgs/include/px4_msgs/px4_msgs/msg/detail/manual_control_setpoint__rosidl_typesupport_fastrtps_cpp.hpp\n'}
[8.688893] (px4_msgs) StdoutLine: {'line': b'-- Up-to-date: /home/em/ros_workspace_2025/nav_ws/install/px4_msgs/include/px4_msgs/px4_msgs/msg/detail/parameter_set_value_request__rosidl_typesupport_fastrtps_cpp.hpp\n'}
[8.688913] (px4_msgs) StdoutLine: {'line': b'-- Up-to-date: /home/em/ros_workspace_2025/nav_ws/install/px4_msgs/include/px4_msgs/px4_msgs/msg/detail/vehicle_local_position_setpoint__rosidl_typesupport_fastrtps_cpp.hpp\n'}
[8.688934] (px4_msgs) StdoutLine: {'line': b'-- Up-to-date: /home/em/ros_workspace_2025/nav_ws/install/px4_msgs/include/px4_msgs/px4_msgs/msg/detail/obstacle_distance__rosidl_typesupport_fastrtps_cpp.hpp\n'}
[8.688953] (px4_msgs) StdoutLine: {'line': b'-- Up-to-date: /home/em/ros_workspace_2025/nav_ws/install/px4_msgs/include/px4_msgs/px4_msgs/msg/detail/vehicle_optical_flow__rosidl_typesupport_fastrtps_cpp.hpp\n'}
[8.688973] (px4_msgs) StdoutLine: {'line': b'-- Up-to-date: /home/em/ros_workspace_2025/nav_ws/install/px4_msgs/include/px4_msgs/px4_msgs/msg/detail/estimator_innovations__rosidl_typesupport_fastrtps_cpp.hpp\n'}
[8.688993] (px4_msgs) StdoutLine: {'line': b'-- Up-to-date: /home/em/ros_workspace_2025/nav_ws/install/px4_msgs/include/px4_msgs/px4_msgs/msg/detail/offboard_control_mode__rosidl_typesupport_fastrtps_cpp.hpp\n'}
[8.689012] (px4_msgs) StdoutLine: {'line': b'-- Up-to-date: /home/em/ros_workspace_2025/nav_ws/install/px4_msgs/include/px4_msgs/px4_msgs/msg/detail/normalized_unsigned_setpoint__rosidl_typesupport_fastrtps_cpp.hpp\n'}
[8.689032] (px4_msgs) StdoutLine: {'line': b'-- Up-to-date: /home/em/ros_workspace_2025/nav_ws/install/px4_msgs/include/px4_msgs/px4_msgs/msg/detail/qshell_req__rosidl_typesupport_fastrtps_cpp.hpp\n'}
[8.689052] (px4_msgs) StdoutLine: {'line': b'-- Up-to-date: /home/em/ros_workspace_2025/nav_ws/install/px4_msgs/include/px4_msgs/px4_msgs/msg/detail/vtol_vehicle_status__rosidl_typesupport_fastrtps_cpp.hpp\n'}
[8.689071] (px4_msgs) StdoutLine: {'line': b'-- Up-to-date: /home/em/ros_workspace_2025/nav_ws/install/px4_msgs/include/px4_msgs/px4_msgs/msg/detail/generator_status__rosidl_typesupport_fastrtps_cpp.hpp\n'}
[8.689091] (px4_msgs) StdoutLine: {'line': b'-- Up-to-date: /home/em/ros_workspace_2025/nav_ws/install/px4_msgs/include/px4_msgs/px4_msgs/msg/detail/message_format_request__rosidl_typesupport_fastrtps_cpp.hpp\n'}
[8.689110] (px4_msgs) StdoutLine: {'line': b'-- Up-to-date: /home/em/ros_workspace_2025/nav_ws/install/px4_msgs/include/px4_msgs/px4_msgs/msg/detail/input_rc__rosidl_typesupport_fastrtps_cpp.hpp\n'}
[8.689132] (px4_msgs) StdoutLine: {'line': b'-- Up-to-date: /home/em/ros_workspace_2025/nav_ws/install/px4_msgs/include/px4_msgs/px4_msgs/msg/detail/sensor_selection__rosidl_typesupport_fastrtps_cpp.hpp\n'}
[8.689151] (px4_msgs) StdoutLine: {'line': b'-- Up-to-date: /home/em/ros_workspace_2025/nav_ws/install/px4_msgs/include/px4_msgs/px4_msgs/msg/detail/vehicle_status__rosidl_typesupport_fastrtps_cpp.hpp\n'}
[8.689170] (px4_msgs) StdoutLine: {'line': b'-- Up-to-date: /home/em/ros_workspace_2025/nav_ws/install/px4_msgs/include/px4_msgs/px4_msgs/msg/detail/ulog_stream_ack__rosidl_typesupport_fastrtps_cpp.hpp\n'}
[8.689193] (px4_msgs) StdoutLine: {'line': b'-- Up-to-date: /home/em/ros_workspace_2025/nav_ws/install/px4_msgs/include/px4_msgs/px4_msgs/msg/detail/orbit_status__rosidl_typesupport_fastrtps_cpp.hpp\n'}
[8.689214] (px4_msgs) StdoutLine: {'line': b'-- Up-to-date: /home/em/ros_workspace_2025/nav_ws/install/px4_msgs/include/px4_msgs/px4_msgs/msg/detail/gps_dump__rosidl_typesupport_fastrtps_cpp.hpp\n'}
[8.689257] (px4_msgs) StdoutLine: {'line': b'-- Up-to-date: /home/em/ros_workspace_2025/nav_ws/install/px4_msgs/include/px4_msgs/px4_msgs/msg/detail/actuator_outputs__rosidl_typesupport_fastrtps_cpp.hpp\n'}
[8.689278] (px4_msgs) StdoutLine: {'line': b'-- Up-to-date: /home/em/ros_workspace_2025/nav_ws/install/px4_msgs/include/px4_msgs/px4_msgs/msg/detail/led_control__rosidl_typesupport_fastrtps_cpp.hpp\n'}
[8.689298] (px4_msgs) StdoutLine: {'line': b'-- Up-to-date: /home/em/ros_workspace_2025/nav_ws/install/px4_msgs/include/px4_msgs/px4_msgs/msg/detail/irlock_report__rosidl_typesupport_fastrtps_cpp.hpp\n'}
[8.689319] (px4_msgs) StdoutLine: {'line': b'-- Up-to-date: /home/em/ros_workspace_2025/nav_ws/install/px4_msgs/include/px4_msgs/px4_msgs/msg/detail/tune_control__rosidl_typesupport_fastrtps_cpp.hpp\n'}
[8.689341] (px4_msgs) StdoutLine: {'line': b'-- Up-to-date: /home/em/ros_workspace_2025/nav_ws/install/px4_msgs/include/px4_msgs/px4_msgs/msg/detail/sensor_gnss_relative__rosidl_typesupport_fastrtps_cpp.hpp\n'}
[8.689363] (px4_msgs) StdoutLine: {'line': b'-- Up-to-date: /home/em/ros_workspace_2025/nav_ws/install/px4_msgs/include/px4_msgs/px4_msgs/msg/detail/estimator_selector_status__rosidl_typesupport_fastrtps_cpp.hpp\n'}
[8.689384] (px4_msgs) StdoutLine: {'line': b'-- Up-to-date: /home/em/ros_workspace_2025/nav_ws/install/px4_msgs/include/px4_msgs/px4_msgs/msg/detail/launch_detection_status__rosidl_typesupport_fastrtps_cpp.hpp\n'}
[8.689406] (px4_msgs) StdoutLine: {'line': b'-- Up-to-date: /home/em/ros_workspace_2025/nav_ws/install/px4_msgs/include/px4_msgs/px4_msgs/msg/detail/trajectory_bezier__rosidl_typesupport_fastrtps_cpp.hpp\n'}
[8.689427] (px4_msgs) StdoutLine: {'line': b'-- Up-to-date: /home/em/ros_workspace_2025/nav_ws/install/px4_msgs/include/px4_msgs/px4_msgs/msg/detail/vehicle_imu_status__rosidl_typesupport_fastrtps_cpp.hpp\n'}
[8.689447] (px4_msgs) StdoutLine: {'line': b'-- Up-to-date: /home/em/ros_workspace_2025/nav_ws/install/px4_msgs/include/px4_msgs/px4_msgs/msg/detail/dataman_response__rosidl_typesupport_fastrtps_cpp.hpp\n'}
[8.689467] (px4_msgs) StdoutLine: {'line': b'-- Up-to-date: /home/em/ros_workspace_2025/nav_ws/install/px4_msgs/include/px4_msgs/px4_msgs/msg/detail/tiltrotor_extra_controls__rosidl_typesupport_fastrtps_cpp.hpp\n'}
[8.689487] (px4_msgs) StdoutLine: {'line': b'-- Up-to-date: /home/em/ros_workspace_2025/nav_ws/install/px4_msgs/include/px4_msgs/px4_msgs/msg/detail/differential_pressure__rosidl_typesupport_fastrtps_cpp.hpp\n'}
[8.689508] (px4_msgs) StdoutLine: {'line': b'-- Up-to-date: /home/em/ros_workspace_2025/nav_ws/install/px4_msgs/include/px4_msgs/px4_msgs/msg/detail/rtl_time_estimate__rosidl_typesupport_fastrtps_cpp.hpp\n'}
[8.689530] (px4_msgs) StdoutLine: {'line': b'-- Up-to-date: /home/em/ros_workspace_2025/nav_ws/install/px4_msgs/include/px4_msgs/px4_msgs/msg/detail/trajectory_waypoint__rosidl_typesupport_fastrtps_cpp.hpp\n'}
[8.689550] (px4_msgs) StdoutLine: {'line': b'-- Up-to-date: /home/em/ros_workspace_2025/nav_ws/install/px4_msgs/include/px4_msgs/px4_msgs/msg/detail/gimbal_device_attitude_status__rosidl_typesupport_fastrtps_cpp.hpp\n'}
[8.689570] (px4_msgs) StdoutLine: {'line': b'-- Up-to-date: /home/em/ros_workspace_2025/nav_ws/install/px4_msgs/include/px4_msgs/px4_msgs/msg/detail/mavlink_tunnel__rosidl_typesupport_fastrtps_cpp.hpp\n'}
[8.689590] (px4_msgs) StdoutLine: {'line': b'-- Up-to-date: /home/em/ros_workspace_2025/nav_ws/install/px4_msgs/include/px4_msgs/px4_msgs/msg/detail/uavcan_parameter_request__rosidl_typesupport_fastrtps_cpp.hpp\n'}
[8.689609] (px4_msgs) StdoutLine: {'line': b'-- Up-to-date: /home/em/ros_workspace_2025/nav_ws/install/px4_msgs/include/px4_msgs/px4_msgs/msg/detail/vehicle_command__rosidl_typesupport_fastrtps_cpp.hpp\n'}
[8.689629] (px4_msgs) StdoutLine: {'line': b'-- Up-to-date: /home/em/ros_workspace_2025/nav_ws/install/px4_msgs/include/px4_msgs/px4_msgs/msg/detail/gpio_out__rosidl_typesupport_fastrtps_cpp.hpp\n'}
[8.689649] (px4_msgs) StdoutLine: {'line': b'-- Up-to-date: /home/em/ros_workspace_2025/nav_ws/install/px4_msgs/include/px4_msgs/px4_msgs/msg/detail/sensors_status_imu__rosidl_typesupport_fastrtps_cpp.hpp\n'}
[8.689670] (px4_msgs) StdoutLine: {'line': b'-- Up-to-date: /home/em/ros_workspace_2025/nav_ws/install/px4_msgs/include/px4_msgs/px4_msgs/msg/detail/mission_result__rosidl_typesupport_fastrtps_cpp.hpp\n'}
[8.689692] (px4_msgs) StdoutLine: {'line': b'-- Up-to-date: /home/em/ros_workspace_2025/nav_ws/install/px4_msgs/include/px4_msgs/px4_msgs/msg/detail/estimator_gps_status__rosidl_typesupport_fastrtps_cpp.hpp\n'}
[8.689711] (px4_msgs) StdoutLine: {'line': b'-- Up-to-date: /home/em/ros_workspace_2025/nav_ws/install/px4_msgs/include/px4_msgs/px4_msgs/msg/detail/arming_check_request__rosidl_typesupport_fastrtps_cpp.hpp\n'}
[8.689731] (px4_msgs) StdoutLine: {'line': b'-- Up-to-date: /home/em/ros_workspace_2025/nav_ws/install/px4_msgs/include/px4_msgs/px4_msgs/msg/detail/landing_target_innovations__rosidl_typesupport_fastrtps_cpp.hpp\n'}
[8.689750] (px4_msgs) StdoutLine: {'line': b'-- Up-to-date: /home/em/ros_workspace_2025/nav_ws/install/px4_msgs/include/px4_msgs/px4_msgs/msg/detail/parameter_update__rosidl_typesupport_fastrtps_cpp.hpp\n'}
[8.689771] (px4_msgs) StdoutLine: {'line': b'-- Up-to-date: /home/em/ros_workspace_2025/nav_ws/install/px4_msgs/include/px4_msgs/px4_msgs/msg/detail/iridiumsbd_status__rosidl_typesupport_fastrtps_cpp.hpp\n'}
[8.689790] (px4_msgs) StdoutLine: {'line': b'-- Up-to-date: /home/em/ros_workspace_2025/nav_ws/install/px4_msgs/include/px4_msgs/px4_msgs/msg/detail/rate_ctrl_status__rosidl_typesupport_fastrtps_cpp.hpp\n'}
[8.689810] (px4_msgs) StdoutLine: {'line': b'-- Up-to-date: /home/em/ros_workspace_2025/nav_ws/install/px4_msgs/include/px4_msgs/px4_msgs/msg/detail/sensor_hygrometer__rosidl_typesupport_fastrtps_cpp.hpp\n'}
[8.689830] (px4_msgs) StdoutLine: {'line': b'-- Up-to-date: /home/em/ros_workspace_2025/nav_ws/install/px4_msgs/include/px4_msgs/px4_msgs/msg/detail/rover_differential_status__rosidl_typesupport_fastrtps_cpp.hpp\n'}
[8.689849] (px4_msgs) StdoutLine: {'line': b'-- Up-to-date: /home/em/ros_workspace_2025/nav_ws/install/px4_msgs/include/px4_msgs/px4_msgs/msg/detail/estimator_event_flags__rosidl_typesupport_fastrtps_cpp.hpp\n'}
[8.689869] (px4_msgs) StdoutLine: {'line': b'-- Up-to-date: /home/em/ros_workspace_2025/nav_ws/install/px4_msgs/include/px4_msgs/px4_msgs/msg/detail/vehicle_rates_setpoint__rosidl_typesupport_fastrtps_cpp.hpp\n'}
[8.689888] (px4_msgs) StdoutLine: {'line': b'-- Up-to-date: /home/em/ros_workspace_2025/nav_ws/install/px4_msgs/include/px4_msgs/px4_msgs/msg/detail/vehicle_trajectory_bezier__rosidl_typesupport_fastrtps_cpp.hpp\n'}
[8.689909] (px4_msgs) StdoutLine: {'line': b'-- Up-to-date: /home/em/ros_workspace_2025/nav_ws/install/px4_msgs/include/px4_msgs/px4_msgs/msg/detail/vehicle_trajectory_waypoint__rosidl_typesupport_fastrtps_cpp.hpp\n'}
[8.689928] (px4_msgs) StdoutLine: {'line': b'-- Up-to-date: /home/em/ros_workspace_2025/nav_ws/install/px4_msgs/include/px4_msgs/px4_msgs/msg/detail/vehicle_imu__rosidl_typesupport_fastrtps_cpp.hpp\n'}
[8.689947] (px4_msgs) StdoutLine: {'line': b'-- Up-to-date: /home/em/ros_workspace_2025/nav_ws/install/px4_msgs/include/px4_msgs/px4_msgs/msg/detail/system_power__rosidl_typesupport_fastrtps_cpp.hpp\n'}
[8.689967] (px4_msgs) StdoutLine: {'line': b'-- Up-to-date: /home/em/ros_workspace_2025/nav_ws/install/px4_msgs/include/px4_msgs/px4_msgs/msg/detail/vehicle_attitude__rosidl_typesupport_fastrtps_cpp.hpp\n'}
[8.689987] (px4_msgs) StdoutLine: {'line': b'-- Up-to-date: /home/em/ros_workspace_2025/nav_ws/install/px4_msgs/include/px4_msgs/px4_msgs/msg/detail/adc_report__rosidl_typesupport_fastrtps_cpp.hpp\n'}
[8.690006] (px4_msgs) StdoutLine: {'line': b'-- Up-to-date: /home/em/ros_workspace_2025/nav_ws/install/px4_msgs/include/px4_msgs/px4_msgs/msg/detail/mode_completed__rosidl_typesupport_fastrtps_cpp.hpp\n'}
[8.690026] (px4_msgs) StdoutLine: {'line': b'-- Up-to-date: /home/em/ros_workspace_2025/nav_ws/install/px4_msgs/include/px4_msgs/px4_msgs/msg/detail/npfg_status__rosidl_typesupport_fastrtps_cpp.hpp\n'}
[8.690046] (px4_msgs) StdoutLine: {'line': b'-- Up-to-date: /home/em/ros_workspace_2025/nav_ws/install/px4_msgs/include/px4_msgs/px4_msgs/msg/detail/logger_status__rosidl_typesupport_fastrtps_cpp.hpp\n'}
[8.690066] (px4_msgs) StdoutLine: {'line': b'-- Up-to-date: /home/em/ros_workspace_2025/nav_ws/install/px4_msgs/include/px4_msgs/px4_msgs/msg/detail/parameter_reset_request__rosidl_typesupport_fastrtps_cpp.hpp\n'}
[8.690085] (px4_msgs) StdoutLine: {'line': b'-- Up-to-date: /home/em/ros_workspace_2025/nav_ws/install/px4_msgs/include/px4_msgs/px4_msgs/msg/detail/geofence_result__rosidl_typesupport_fastrtps_cpp.hpp\n'}
[8.690107] (px4_msgs) StdoutLine: {'line': b'-- Up-to-date: /home/em/ros_workspace_2025/nav_ws/install/px4_msgs/include/px4_msgs/px4_msgs/msg/detail/gimbal_manager_status__rosidl_typesupport_fastrtps_cpp.hpp\n'}
[8.690132] (px4_msgs) StdoutLine: {'line': b'-- Up-to-date: /home/em/ros_workspace_2025/nav_ws/install/px4_msgs/include/px4_msgs/px4_msgs/msg/detail/manual_control_switches__rosidl_typesupport_fastrtps_cpp.hpp\n'}
[8.690172] (px4_msgs) StdoutLine: {'line': b'-- Up-to-date: /home/em/ros_workspace_2025/nav_ws/install/px4_msgs/include/px4_msgs/px4_msgs/msg/detail/ping__rosidl_typesupport_fastrtps_cpp.hpp\n'}
[8.690208] (px4_msgs) StdoutLine: {'line': b'-- Up-to-date: /home/em/ros_workspace_2025/nav_ws/install/px4_msgs/include/px4_msgs/px4_msgs/msg/detail/parameter_set_value_response__rosidl_typesupport_fastrtps_cpp.hpp\n'}
[8.690233] (px4_msgs) StdoutLine: {'line': b'-- Up-to-date: /home/em/ros_workspace_2025/nav_ws/install/px4_msgs/include/px4_msgs/px4_msgs/msg/detail/collision_constraints__rosidl_typesupport_fastrtps_cpp.hpp\n'}
[8.690258] (px4_msgs) StdoutLine: {'line': b'-- Up-to-date: /home/em/ros_workspace_2025/nav_ws/install/px4_msgs/include/px4_msgs/px4_msgs/msg/detail/vehicle_acceleration__rosidl_typesupport_fastrtps_cpp.hpp\n'}
[8.690279] (px4_msgs) StdoutLine: {'line': b'-- Up-to-date: /home/em/ros_workspace_2025/nav_ws/install/px4_msgs/include/px4_msgs/px4_msgs/msg/detail/follow_target__rosidl_typesupport_fastrtps_cpp.hpp\n'}
[8.690301] (px4_msgs) StdoutLine: {'line': b'-- Up-to-date: /home/em/ros_workspace_2025/nav_ws/install/px4_msgs/include/px4_msgs/px4_msgs/msg/detail/rover_differential_setpoint__rosidl_typesupport_fastrtps_cpp.hpp\n'}
[8.690322] (px4_msgs) StdoutLine: {'line': b'-- Up-to-date: /home/em/ros_workspace_2025/nav_ws/install/px4_msgs/include/px4_msgs/px4_msgs/msg/detail/cellular_status__rosidl_typesupport_fastrtps_cpp.hpp\n'}
[8.690343] (px4_msgs) StdoutLine: {'line': b'-- Up-to-date: /home/em/ros_workspace_2025/nav_ws/install/px4_msgs/include/px4_msgs/px4_msgs/msg/detail/vehicle_optical_flow_vel__rosidl_typesupport_fastrtps_cpp.hpp\n'}
[8.690365] (px4_msgs) StdoutLine: {'line': b'-- Up-to-date: /home/em/ros_workspace_2025/nav_ws/install/px4_msgs/lib/libpx4_msgs__rosidl_typesupport_fastrtps_cpp.so\n'}
[8.690386] (px4_msgs) StdoutLine: {'line': b'-- Up-to-date: /home/em/ros_workspace_2025/nav_ws/install/px4_msgs/include/px4_msgs/px4_msgs\n'}
[8.690407] (px4_msgs) StdoutLine: {'line': b'-- Up-to-date: /home/em/ros_workspace_2025/nav_ws/install/px4_msgs/include/px4_msgs/px4_msgs/srv\n'}
[8.690428] (px4_msgs) StdoutLine: {'line': b'-- Up-to-date: /home/em/ros_workspace_2025/nav_ws/install/px4_msgs/include/px4_msgs/px4_msgs/srv/detail\n'}
[8.690449] (px4_msgs) StdoutLine: {'line': b'-- Up-to-date: /home/em/ros_workspace_2025/nav_ws/install/px4_msgs/include/px4_msgs/px4_msgs/srv/detail/vehicle_command__rosidl_typesupport_introspection_c.h\n'}
[8.690470] (px4_msgs) StdoutLine: {'line': b'-- Up-to-date: /home/em/ros_workspace_2025/nav_ws/install/px4_msgs/include/px4_msgs/px4_msgs/srv/detail/vehicle_command__type_support.c\n'}
[8.690492] (px4_msgs) StdoutLine: {'line': b'-- Up-to-date: /home/em/ros_workspace_2025/nav_ws/install/px4_msgs/include/px4_msgs/px4_msgs/msg\n'}
[8.690513] (px4_msgs) StdoutLine: {'line': b'-- Up-to-date: /home/em/ros_workspace_2025/nav_ws/install/px4_msgs/include/px4_msgs/px4_msgs/msg/rosidl_typesupport_introspection_c__visibility_control.h\n'}
[8.690536] (px4_msgs) StdoutLine: {'line': b'-- Up-to-date: /home/em/ros_workspace_2025/nav_ws/install/px4_msgs/include/px4_msgs/px4_msgs/msg/detail\n'}
[8.690558] (px4_msgs) StdoutLine: {'line': b'-- Up-to-date: /home/em/ros_workspace_2025/nav_ws/install/px4_msgs/include/px4_msgs/px4_msgs/msg/detail/vtol_vehicle_status__rosidl_typesupport_introspection_c.h\n'}
[8.690578] (px4_msgs) StdoutLine: {'line': b'-- Up-to-date: /home/em/ros_workspace_2025/nav_ws/install/px4_msgs/include/px4_msgs/px4_msgs/msg/detail/distance_sensor_mode_change_request__rosidl_typesupport_introspection_c.h\n'}
[8.690597] (px4_msgs) StdoutLine: {'line': b'-- Up-to-date: /home/em/ros_workspace_2025/nav_ws/install/px4_msgs/include/px4_msgs/px4_msgs/msg/detail/tune_control__rosidl_typesupport_introspection_c.h\n'}
[8.690619] (px4_msgs) StdoutLine: {'line': b'-- Up-to-date: /home/em/ros_workspace_2025/nav_ws/install/px4_msgs/include/px4_msgs/px4_msgs/msg/detail/power_monitor__type_support.c\n'}
[8.690639] (px4_msgs) StdoutLine: {'line': b'-- Up-to-date: /home/em/ros_workspace_2025/nav_ws/install/px4_msgs/include/px4_msgs/px4_msgs/msg/detail/mavlink_log__rosidl_typesupport_introspection_c.h\n'}
[8.690661] (px4_msgs) StdoutLine: {'line': b'-- Up-to-date: /home/em/ros_workspace_2025/nav_ws/install/px4_msgs/include/px4_msgs/px4_msgs/msg/detail/parameter_set_value_response__rosidl_typesupport_introspection_c.h\n'}
[8.690680] (px4_msgs) StdoutLine: {'line': b'-- Up-to-date: /home/em/ros_workspace_2025/nav_ws/install/px4_msgs/include/px4_msgs/px4_msgs/msg/detail/battery_status__rosidl_typesupport_introspection_c.h\n'}
[8.690700] (px4_msgs) StdoutLine: {'line': b'-- Up-to-date: /home/em/ros_workspace_2025/nav_ws/install/px4_msgs/include/px4_msgs/px4_msgs/msg/detail/satellite_info__type_support.c\n'}
[8.690719] (px4_msgs) StdoutLine: {'line': b'-- Up-to-date: /home/em/ros_workspace_2025/nav_ws/install/px4_msgs/include/px4_msgs/px4_msgs/msg/detail/sensor_selection__type_support.c\n'}
[8.690737] (px4_msgs) StdoutLine: {'line': b'-- Up-to-date: /home/em/ros_workspace_2025/nav_ws/install/px4_msgs/include/px4_msgs/px4_msgs/msg/detail/rpm__type_support.c\n'}
[8.690757] (px4_msgs) StdoutLine: {'line': b'-- Up-to-date: /home/em/ros_workspace_2025/nav_ws/install/px4_msgs/include/px4_msgs/px4_msgs/msg/detail/esc_status__rosidl_typesupport_introspection_c.h\n'}
[8.690776] (px4_msgs) StdoutLine: {'line': b'-- Up-to-date: /home/em/ros_workspace_2025/nav_ws/install/px4_msgs/include/px4_msgs/px4_msgs/msg/detail/differential_pressure__type_support.c\n'}
[8.690795] (px4_msgs) StdoutLine: {'line': b'-- Up-to-date: /home/em/ros_workspace_2025/nav_ws/install/px4_msgs/include/px4_msgs/px4_msgs/msg/detail/obstacle_distance__type_support.c\n'}
[8.690814] (px4_msgs) StdoutLine: {'line': b'-- Up-to-date: /home/em/ros_workspace_2025/nav_ws/install/px4_msgs/include/px4_msgs/px4_msgs/msg/detail/fuel_tank_status__type_support.c\n'}
[8.690836] (px4_msgs) StdoutLine: {'line': b'-- Up-to-date: /home/em/ros_workspace_2025/nav_ws/install/px4_msgs/include/px4_msgs/px4_msgs/msg/detail/collision_constraints__rosidl_typesupport_introspection_c.h\n'}
[8.690857] (px4_msgs) StdoutLine: {'line': b'-- Up-to-date: /home/em/ros_workspace_2025/nav_ws/install/px4_msgs/include/px4_msgs/px4_msgs/msg/detail/config_overrides__rosidl_typesupport_introspection_c.h\n'}
[8.690876] (px4_msgs) StdoutLine: {'line': b'-- Up-to-date: /home/em/ros_workspace_2025/nav_ws/install/px4_msgs/include/px4_msgs/px4_msgs/msg/detail/qshell_retval__type_support.c\n'}
[8.690896] (px4_msgs) StdoutLine: {'line': b'-- Up-to-date: /home/em/ros_workspace_2025/nav_ws/install/px4_msgs/include/px4_msgs/px4_msgs/msg/detail/unregister_ext_component__rosidl_typesupport_introspection_c.h\n'}
[8.690915] (px4_msgs) StdoutLine: {'line': b'-- Up-to-date: /home/em/ros_workspace_2025/nav_ws/install/px4_msgs/include/px4_msgs/px4_msgs/msg/detail/trajectory_setpoint__rosidl_typesupport_introspection_c.h\n'}
[8.690934] (px4_msgs) StdoutLine: {'line': b'-- Up-to-date: /home/em/ros_workspace_2025/nav_ws/install/px4_msgs/include/px4_msgs/px4_msgs/msg/detail/camera_status__rosidl_typesupport_introspection_c.h\n'}
[8.690953] (px4_msgs) StdoutLine: {'line': b'-- Up-to-date: /home/em/ros_workspace_2025/nav_ws/install/px4_msgs/include/px4_msgs/px4_msgs/msg/detail/vehicle_command__rosidl_typesupport_introspection_c.h\n'}
[8.690972] (px4_msgs) StdoutLine: {'line': b'-- Up-to-date: /home/em/ros_workspace_2025/nav_ws/install/px4_msgs/include/px4_msgs/px4_msgs/msg/detail/parameter_set_value_response__type_support.c\n'}
[8.690991] (px4_msgs) StdoutLine: {'line': b'-- Up-to-date: /home/em/ros_workspace_2025/nav_ws/install/px4_msgs/include/px4_msgs/px4_msgs/msg/detail/sensor_gnss_relative__rosidl_typesupport_introspection_c.h\n'}
[8.691012] (px4_msgs) StdoutLine: {'line': b'-- Up-to-date: /home/em/ros_workspace_2025/nav_ws/install/px4_msgs/include/px4_msgs/px4_msgs/msg/detail/actuator_servos_trim__type_support.c\n'}
[8.691031] (px4_msgs) StdoutLine: {'line': b'-- Up-to-date: /home/em/ros_workspace_2025/nav_ws/install/px4_msgs/include/px4_msgs/px4_msgs/msg/detail/rc_channels__type_support.c\n'}
[8.691051] (px4_msgs) StdoutLine: {'line': b'-- Up-to-date: /home/em/ros_workspace_2025/nav_ws/install/px4_msgs/include/px4_msgs/px4_msgs/msg/detail/estimator_aid_source1d__rosidl_typesupport_introspection_c.h\n'}
[8.691070] (px4_msgs) StdoutLine: {'line': b'-- Up-to-date: /home/em/ros_workspace_2025/nav_ws/install/px4_msgs/include/px4_msgs/px4_msgs/msg/detail/log_message__type_support.c\n'}
[8.691089] (px4_msgs) StdoutLine: {'line': b'-- Up-to-date: /home/em/ros_workspace_2025/nav_ws/install/px4_msgs/include/px4_msgs/px4_msgs/msg/detail/control_allocator_status__type_support.c\n'}
[8.691108] (px4_msgs) StdoutLine: {'line': b'-- Up-to-date: /home/em/ros_workspace_2025/nav_ws/install/px4_msgs/include/px4_msgs/px4_msgs/msg/detail/px4io_status__rosidl_typesupport_introspection_c.h\n'}
[8.691126] (px4_msgs) StdoutLine: {'line': b'-- Up-to-date: /home/em/ros_workspace_2025/nav_ws/install/px4_msgs/include/px4_msgs/px4_msgs/msg/detail/geofence_result__rosidl_typesupport_introspection_c.h\n'}
[8.691145] (px4_msgs) StdoutLine: {'line': b'-- Up-to-date: /home/em/ros_workspace_2025/nav_ws/install/px4_msgs/include/px4_msgs/px4_msgs/msg/detail/estimator_selector_status__type_support.c\n'}
[8.691164] (px4_msgs) StdoutLine: {'line': b'-- Up-to-date: /home/em/ros_workspace_2025/nav_ws/install/px4_msgs/include/px4_msgs/px4_msgs/msg/detail/sensor_selection__rosidl_typesupport_introspection_c.h\n'}
[8.691184] (px4_msgs) StdoutLine: {'line': b'-- Up-to-date: /home/em/ros_workspace_2025/nav_ws/install/px4_msgs/include/px4_msgs/px4_msgs/msg/detail/tecs_status__rosidl_typesupport_introspection_c.h\n'}
[8.691207] (px4_msgs) StdoutLine: {'line': b'-- Up-to-date: /home/em/ros_workspace_2025/nav_ws/install/px4_msgs/include/px4_msgs/px4_msgs/msg/detail/vehicle_torque_setpoint__type_support.c\n'}
[8.691227] (px4_msgs) StdoutLine: {'line': b'-- Up-to-date: /home/em/ros_workspace_2025/nav_ws/install/px4_msgs/include/px4_msgs/px4_msgs/msg/detail/wheel_encoders__type_support.c\n'}
[8.691250] (px4_msgs) StdoutLine: {'line': b'-- Up-to-date: /home/em/ros_workspace_2025/nav_ws/install/px4_msgs/include/px4_msgs/px4_msgs/msg/detail/orb_test__type_support.c\n'}
[8.691271] (px4_msgs) StdoutLine: {'line': b'-- Up-to-date: /home/em/ros_workspace_2025/nav_ws/install/px4_msgs/include/px4_msgs/px4_msgs/msg/detail/rate_ctrl_status__type_support.c\n'}
[8.691291] (px4_msgs) StdoutLine: {'line': b'-- Up-to-date: /home/em/ros_workspace_2025/nav_ws/install/px4_msgs/include/px4_msgs/px4_msgs/msg/detail/mavlink_tunnel__type_support.c\n'}
[8.691311] (px4_msgs) StdoutLine: {'line': b'-- Up-to-date: /home/em/ros_workspace_2025/nav_ws/install/px4_msgs/include/px4_msgs/px4_msgs/msg/detail/estimator_sensor_bias__rosidl_typesupport_introspection_c.h\n'}
[8.691332] (px4_msgs) StdoutLine: {'line': b'-- Up-to-date: /home/em/ros_workspace_2025/nav_ws/install/px4_msgs/include/px4_msgs/px4_msgs/msg/detail/rover_differential_guidance_status__type_support.c\n'}
[8.691352] (px4_msgs) StdoutLine: {'line': b'-- Up-to-date: /home/em/ros_workspace_2025/nav_ws/install/px4_msgs/include/px4_msgs/px4_msgs/msg/detail/vehicle_local_position_setpoint__type_support.c\n'}
[8.691374] (px4_msgs) StdoutLine: {'line': b'-- Up-to-date: /home/em/ros_workspace_2025/nav_ws/install/px4_msgs/include/px4_msgs/px4_msgs/msg/detail/estimator_bias__rosidl_typesupport_introspection_c.h\n'}
[8.691398] (px4_msgs) StdoutLine: {'line': b'-- Up-to-date: /home/em/ros_workspace_2025/nav_ws/install/px4_msgs/include/px4_msgs/px4_msgs/msg/detail/position_setpoint_triplet__type_support.c\n'}
[8.691419] (px4_msgs) StdoutLine: {'line': b'-- Up-to-date: /home/em/ros_workspace_2025/nav_ws/install/px4_msgs/include/px4_msgs/px4_msgs/msg/detail/parameter_reset_request__rosidl_typesupport_introspection_c.h\n'}
[8.691439] (px4_msgs) StdoutLine: {'line': b'-- Up-to-date: /home/em/ros_workspace_2025/nav_ws/install/px4_msgs/include/px4_msgs/px4_msgs/msg/detail/vehicle_global_position__type_support.c\n'}
[8.691459] (px4_msgs) StdoutLine: {'line': b'-- Up-to-date: /home/em/ros_workspace_2025/nav_ws/install/px4_msgs/include/px4_msgs/px4_msgs/msg/detail/autotune_attitude_control_status__rosidl_typesupport_introspection_c.h\n'}
[8.691481] (px4_msgs) StdoutLine: {'line': b'-- Up-to-date: /home/em/ros_workspace_2025/nav_ws/install/px4_msgs/include/px4_msgs/px4_msgs/msg/detail/sensor_gnss_relative__type_support.c\n'}
[8.691501] (px4_msgs) StdoutLine: {'line': b'-- Up-to-date: /home/em/ros_workspace_2025/nav_ws/install/px4_msgs/include/px4_msgs/px4_msgs/msg/detail/offboard_control_mode__type_support.c\n'}
[8.691525] (px4_msgs) StdoutLine: {'line': b'-- Up-to-date: /home/em/ros_workspace_2025/nav_ws/install/px4_msgs/include/px4_msgs/px4_msgs/msg/detail/parameter_set_value_request__rosidl_typesupport_introspection_c.h\n'}
[8.691546] (px4_msgs) StdoutLine: {'line': b'-- Up-to-date: /home/em/ros_workspace_2025/nav_ws/install/px4_msgs/include/px4_msgs/px4_msgs/msg/detail/log_message__rosidl_typesupport_introspection_c.h\n'}
[8.691566] (px4_msgs) StdoutLine: {'line': b'-- Up-to-date: /home/em/ros_workspace_2025/nav_ws/install/px4_msgs/include/px4_msgs/px4_msgs/msg/detail/manual_control_setpoint__rosidl_typesupport_introspection_c.h\n'}
[8.691587] (px4_msgs) StdoutLine: {'line': b'-- Up-to-date: /home/em/ros_workspace_2025/nav_ws/install/px4_msgs/include/px4_msgs/px4_msgs/msg/detail/actuator_outputs__type_support.c\n'}
[8.691608] (px4_msgs) StdoutLine: {'line': b'-- Up-to-date: /home/em/ros_workspace_2025/nav_ws/install/px4_msgs/include/px4_msgs/px4_msgs/msg/detail/estimator_gps_status__rosidl_typesupport_introspection_c.h\n'}
[8.691629] (px4_msgs) StdoutLine: {'line': b'-- Up-to-date: /home/em/ros_workspace_2025/nav_ws/install/px4_msgs/include/px4_msgs/px4_msgs/msg/detail/airspeed_wind__type_support.c\n'}
[8.691652] (px4_msgs) StdoutLine: {'line': b'-- Up-to-date: /home/em/ros_workspace_2025/nav_ws/install/px4_msgs/include/px4_msgs/px4_msgs/msg/detail/rc_parameter_map__rosidl_typesupport_introspection_c.h\n'}
[8.691694] (px4_msgs) StdoutLine: {'line': b'-- Up-to-date: /home/em/ros_workspace_2025/nav_ws/install/px4_msgs/include/px4_msgs/px4_msgs/msg/detail/vehicle_angular_acceleration_setpoint__rosidl_typesupport_introspection_c.h\n'}
[8.691735] (px4_msgs) StdoutLine: {'line': b'-- Up-to-date: /home/em/ros_workspace_2025/nav_ws/install/px4_msgs/include/px4_msgs/px4_msgs/msg/detail/offboard_control_mode__rosidl_typesupport_introspection_c.h\n'}
[8.691774] (px4_msgs) StdoutLine: {'line': b'-- Up-to-date: /home/em/ros_workspace_2025/nav_ws/install/px4_msgs/include/px4_msgs/px4_msgs/msg/detail/camera_capture__type_support.c\n'}
[8.691817] (px4_msgs) StdoutLine: {'line': b'-- Up-to-date: /home/em/ros_workspace_2025/nav_ws/install/px4_msgs/include/px4_msgs/px4_msgs/msg/detail/vehicle_magnetometer__rosidl_typesupport_introspection_c.h\n'}
[8.691934] (px4_msgs) StdoutLine: {'line': b'-- Up-to-date: /home/em/ros_workspace_2025/nav_ws/install/px4_msgs/include/px4_msgs/px4_msgs/msg/detail/gpio_in__rosidl_typesupport_introspection_c.h\n'}
[8.692013] (px4_msgs) StdoutLine: {'line': b'-- Up-to-date: /home/em/ros_workspace_2025/nav_ws/install/px4_msgs/include/px4_msgs/px4_msgs/msg/detail/launch_detection_status__type_support.c\n'}
[8.692074] (px4_msgs) StdoutLine: {'line': b'-- Up-to-date: /home/em/ros_workspace_2025/nav_ws/install/px4_msgs/include/px4_msgs/px4_msgs/msg/detail/adc_report__rosidl_typesupport_introspection_c.h\n'}
[8.692132] (px4_msgs) StdoutLine: {'line': b'-- Up-to-date: /home/em/ros_workspace_2025/nav_ws/install/px4_msgs/include/px4_msgs/px4_msgs/msg/detail/open_drone_id_system__type_support.c\n'}
[8.692188] (px4_msgs) StdoutLine: {'line': b'-- Up-to-date: /home/em/ros_workspace_2025/nav_ws/install/px4_msgs/include/px4_msgs/px4_msgs/msg/detail/vehicle_attitude_setpoint__rosidl_typesupport_introspection_c.h\n'}
[8.692258] (px4_msgs) StdoutLine: {'line': b'-- Up-to-date: /home/em/ros_workspace_2025/nav_ws/install/px4_msgs/include/px4_msgs/px4_msgs/msg/detail/debug_key_value__type_support.c\n'}
[8.692314] (px4_msgs) StdoutLine: {'line': b'-- Up-to-date: /home/em/ros_workspace_2025/nav_ws/install/px4_msgs/include/px4_msgs/px4_msgs/msg/detail/figure_eight_status__type_support.c\n'}
[8.692378] (px4_msgs) StdoutLine: {'line': b'-- Up-to-date: /home/em/ros_workspace_2025/nav_ws/install/px4_msgs/include/px4_msgs/px4_msgs/msg/detail/sensor_baro__rosidl_typesupport_introspection_c.h\n'}
[8.692431] (px4_msgs) StdoutLine: {'line': b'-- Up-to-date: /home/em/ros_workspace_2025/nav_ws/install/px4_msgs/include/px4_msgs/px4_msgs/msg/detail/follow_target_status__rosidl_typesupport_introspection_c.h\n'}
[8.692489] (px4_msgs) StdoutLine: {'line': b'-- Up-to-date: /home/em/ros_workspace_2025/nav_ws/install/px4_msgs/include/px4_msgs/px4_msgs/msg/detail/rate_ctrl_status__rosidl_typesupport_introspection_c.h\n'}
[8.692542] (px4_msgs) StdoutLine: {'line': b'-- Up-to-date: /home/em/ros_workspace_2025/nav_ws/install/px4_msgs/include/px4_msgs/px4_msgs/msg/detail/sensor_baro__type_support.c\n'}
[8.692594] (px4_msgs) StdoutLine: {'line': b'-- Up-to-date: /home/em/ros_workspace_2025/nav_ws/install/px4_msgs/include/px4_msgs/px4_msgs/msg/detail/gps_dump__type_support.c\n'}
[8.692646] (px4_msgs) StdoutLine: {'line': b'-- Up-to-date: /home/em/ros_workspace_2025/nav_ws/install/px4_msgs/include/px4_msgs/px4_msgs/msg/detail/irlock_report__type_support.c\n'}
[8.692698] (px4_msgs) StdoutLine: {'line': b'-- Up-to-date: /home/em/ros_workspace_2025/nav_ws/install/px4_msgs/include/px4_msgs/px4_msgs/msg/detail/figure_eight_status__rosidl_typesupport_introspection_c.h\n'}
[8.692749] (px4_msgs) StdoutLine: {'line': b'-- Up-to-date: /home/em/ros_workspace_2025/nav_ws/install/px4_msgs/include/px4_msgs/px4_msgs/msg/detail/arming_check_request__rosidl_typesupport_introspection_c.h\n'}
[8.692803] (px4_msgs) StdoutLine: {'line': b'-- Up-to-date: /home/em/ros_workspace_2025/nav_ws/install/px4_msgs/include/px4_msgs/px4_msgs/msg/detail/gimbal_manager_set_manual_control__rosidl_typesupport_introspection_c.h\n'}
[8.692854] (px4_msgs) StdoutLine: {'line': b'-- Up-to-date: /home/em/ros_workspace_2025/nav_ws/install/px4_msgs/include/px4_msgs/px4_msgs/msg/detail/system_power__rosidl_typesupport_introspection_c.h\n'}
[8.692905] (px4_msgs) StdoutLine: {'line': b'-- Up-to-date: /home/em/ros_workspace_2025/nav_ws/install/px4_msgs/include/px4_msgs/px4_msgs/msg/detail/message_format_request__rosidl_typesupport_introspection_c.h\n'}
[8.692956] (px4_msgs) StdoutLine: {'line': b'-- Up-to-date: /home/em/ros_workspace_2025/nav_ws/install/px4_msgs/include/px4_msgs/px4_msgs/msg/detail/arming_check_request__type_support.c\n'}
[8.693007] (px4_msgs) StdoutLine: {'line': b'-- Up-to-date: /home/em/ros_workspace_2025/nav_ws/install/px4_msgs/include/px4_msgs/px4_msgs/msg/detail/health_report__type_support.c\n'}
[8.693058] (px4_msgs) StdoutLine: {'line': b'-- Up-to-date: /home/em/ros_workspace_2025/nav_ws/install/px4_msgs/include/px4_msgs/px4_msgs/msg/detail/gimbal_manager_set_attitude__rosidl_typesupport_introspection_c.h\n'}
[8.693108] (px4_msgs) StdoutLine: {'line': b'-- Up-to-date: /home/em/ros_workspace_2025/nav_ws/install/px4_msgs/include/px4_msgs/px4_msgs/msg/detail/parameter_update__type_support.c\n'}
[8.693159] (px4_msgs) StdoutLine: {'line': b'-- Up-to-date: /home/em/ros_workspace_2025/nav_ws/install/px4_msgs/include/px4_msgs/px4_msgs/msg/detail/timesync_status__rosidl_typesupport_introspection_c.h\n'}
[8.693214] (px4_msgs) StdoutLine: {'line': b'-- Up-to-date: /home/em/ros_workspace_2025/nav_ws/install/px4_msgs/include/px4_msgs/px4_msgs/msg/detail/rover_ackermann_setpoint__type_support.c\n'}
[8.693268] (px4_msgs) StdoutLine: {'line': b'-- Up-to-date: /home/em/ros_workspace_2025/nav_ws/install/px4_msgs/include/px4_msgs/px4_msgs/msg/detail/vehicle_command_ack__type_support.c\n'}
[8.693355] (px4_msgs) StdoutLine: {'line': b'-- Up-to-date: /home/em/ros_workspace_2025/nav_ws/install/px4_msgs/include/px4_msgs/px4_msgs/msg/detail/rover_mecanum_guidance_status__rosidl_typesupport_introspection_c.h\n'}
[8.693389] (px4_msgs) StdoutLine: {'line': b'-- Up-to-date: /home/em/ros_workspace_2025/nav_ws/install/px4_msgs/include/px4_msgs/px4_msgs/msg/detail/ekf2_timestamps__rosidl_typesupport_introspection_c.h\n'}
[8.693413] (px4_msgs) StdoutLine: {'line': b'-- Up-to-date: /home/em/ros_workspace_2025/nav_ws/install/px4_msgs/include/px4_msgs/px4_msgs/msg/detail/cpuload__type_support.c\n'}
[8.693449] (px4_msgs) StdoutLine: {'line': b'-- Up-to-date: /home/em/ros_workspace_2025/nav_ws/install/px4_msgs/include/px4_msgs/px4_msgs/msg/detail/vehicle_control_mode__rosidl_typesupport_introspection_c.h\n'}
[8.693477] (px4_msgs) StdoutLine: {'line': b'-- Up-to-date: /home/em/ros_workspace_2025/nav_ws/install/px4_msgs/include/px4_msgs/px4_msgs/msg/detail/mission_result__rosidl_typesupport_introspection_c.h\n'}
[8.693500] (px4_msgs) StdoutLine: {'line': b'-- Up-to-date: /home/em/ros_workspace_2025/nav_ws/install/px4_msgs/include/px4_msgs/px4_msgs/msg/detail/airspeed__type_support.c\n'}
[8.693523] (px4_msgs) StdoutLine: {'line': b'-- Up-to-date: /home/em/ros_workspace_2025/nav_ws/install/px4_msgs/include/px4_msgs/px4_msgs/msg/detail/actuator_armed__rosidl_typesupport_introspection_c.h\n'}
[8.693546] (px4_msgs) StdoutLine: {'line': b'-- Up-to-date: /home/em/ros_workspace_2025/nav_ws/install/px4_msgs/include/px4_msgs/px4_msgs/msg/detail/vehicle_trajectory_bezier__rosidl_typesupport_introspection_c.h\n'}
[8.693571] (px4_msgs) StdoutLine: {'line': b'-- Up-to-date: /home/em/ros_workspace_2025/nav_ws/install/px4_msgs/include/px4_msgs/px4_msgs/msg/detail/estimator_bias__type_support.c\n'}
[8.693593] (px4_msgs) StdoutLine: {'line': b'-- Up-to-date: /home/em/ros_workspace_2025/nav_ws/install/px4_msgs/include/px4_msgs/px4_msgs/msg/detail/sensor_correction__type_support.c\n'}
[8.693616] (px4_msgs) StdoutLine: {'line': b'-- Up-to-date: /home/em/ros_workspace_2025/nav_ws/install/px4_msgs/include/px4_msgs/px4_msgs/msg/detail/esc_status__type_support.c\n'}
[8.693637] (px4_msgs) StdoutLine: {'line': b'-- Up-to-date: /home/em/ros_workspace_2025/nav_ws/install/px4_msgs/include/px4_msgs/px4_msgs/msg/detail/gimbal_manager_set_manual_control__type_support.c\n'}
[8.693663] (px4_msgs) StdoutLine: {'line': b'-- Up-to-date: /home/em/ros_workspace_2025/nav_ws/install/px4_msgs/include/px4_msgs/px4_msgs/msg/detail/vehicle_local_position__rosidl_typesupport_introspection_c.h\n'}
[8.693685] (px4_msgs) StdoutLine: {'line': b'-- Up-to-date: /home/em/ros_workspace_2025/nav_ws/install/px4_msgs/include/px4_msgs/px4_msgs/msg/detail/vehicle_attitude_setpoint__type_support.c\n'}
[8.693706] (px4_msgs) StdoutLine: {'line': b'-- Up-to-date: /home/em/ros_workspace_2025/nav_ws/install/px4_msgs/include/px4_msgs/px4_msgs/msg/detail/sensor_uwb__type_support.c\n'}
[8.693726] (px4_msgs) StdoutLine: {'line': b'-- Up-to-date: /home/em/ros_workspace_2025/nav_ws/install/px4_msgs/include/px4_msgs/px4_msgs/msg/detail/vehicle_imu__rosidl_typesupport_introspection_c.h\n'}
[8.693750] (px4_msgs) StdoutLine: {'line': b'-- Up-to-date: /home/em/ros_workspace_2025/nav_ws/install/px4_msgs/include/px4_msgs/px4_msgs/msg/detail/vehicle_odometry__type_support.c\n'}
[8.693772] (px4_msgs) StdoutLine: {'line': b'-- Up-to-date: /home/em/ros_workspace_2025/nav_ws/install/px4_msgs/include/px4_msgs/px4_msgs/msg/detail/obstacle_distance__rosidl_typesupport_introspection_c.h\n'}
[8.693797] (px4_msgs) StdoutLine: {'line': b'-- Up-to-date: /home/em/ros_workspace_2025/nav_ws/install/px4_msgs/include/px4_msgs/px4_msgs/msg/detail/sensors_status_imu__type_support.c\n'}
[8.693818] (px4_msgs) StdoutLine: {'line': b'-- Up-to-date: /home/em/ros_workspace_2025/nav_ws/install/px4_msgs/include/px4_msgs/px4_msgs/msg/detail/rover_differential_status__type_support.c\n'}
[8.693839] (px4_msgs) StdoutLine: {'line': b'-- Up-to-date: /home/em/ros_workspace_2025/nav_ws/install/px4_msgs/include/px4_msgs/px4_msgs/msg/detail/mission_result__type_support.c\n'}
[8.693860] (px4_msgs) StdoutLine: {'line': b'-- Up-to-date: /home/em/ros_workspace_2025/nav_ws/install/px4_msgs/include/px4_msgs/px4_msgs/msg/detail/button_event__type_support.c\n'}
[8.693880] (px4_msgs) StdoutLine: {'line': b'-- Up-to-date: /home/em/ros_workspace_2025/nav_ws/install/px4_msgs/include/px4_msgs/px4_msgs/msg/detail/estimator_aid_source3d__rosidl_typesupport_introspection_c.h\n'}
[8.693901] (px4_msgs) StdoutLine: {'line': b'-- Up-to-date: /home/em/ros_workspace_2025/nav_ws/install/px4_msgs/include/px4_msgs/px4_msgs/msg/detail/rover_mecanum_status__type_support.c\n'}
[8.693922] (px4_msgs) StdoutLine: {'line': b'-- Up-to-date: /home/em/ros_workspace_2025/nav_ws/install/px4_msgs/include/px4_msgs/px4_msgs/msg/detail/vehicle_trajectory_waypoint__type_support.c\n'}
[8.693942] (px4_msgs) StdoutLine: {'line': b'-- Up-to-date: /home/em/ros_workspace_2025/nav_ws/install/px4_msgs/include/px4_msgs/px4_msgs/msg/detail/landing_gear_wheel__rosidl_typesupport_introspection_c.h\n'}
[8.693962] (px4_msgs) StdoutLine: {'line': b'-- Up-to-date: /home/em/ros_workspace_2025/nav_ws/install/px4_msgs/include/px4_msgs/px4_msgs/msg/detail/gripper__rosidl_typesupport_introspection_c.h\n'}
[8.693982] (px4_msgs) StdoutLine: {'line': b'-- Up-to-date: /home/em/ros_workspace_2025/nav_ws/install/px4_msgs/include/px4_msgs/px4_msgs/msg/detail/actuator_controls_status__rosidl_typesupport_introspection_c.h\n'}
[8.694002] (px4_msgs) StdoutLine: {'line': b'-- Up-to-date: /home/em/ros_workspace_2025/nav_ws/install/px4_msgs/include/px4_msgs/px4_msgs/msg/detail/sensor_mag__type_support.c\n'}
[8.694023] (px4_msgs) StdoutLine: {'line': b'-- Up-to-date: /home/em/ros_workspace_2025/nav_ws/install/px4_msgs/include/px4_msgs/px4_msgs/msg/detail/ping__rosidl_typesupport_introspection_c.h\n'}
[8.694043] (px4_msgs) StdoutLine: {'line': b'-- Up-to-date: /home/em/ros_workspace_2025/nav_ws/install/px4_msgs/include/px4_msgs/px4_msgs/msg/detail/estimator_aid_source3d__type_support.c\n'}
[8.694062] (px4_msgs) StdoutLine: {'line': b'-- Up-to-date: /home/em/ros_workspace_2025/nav_ws/install/px4_msgs/include/px4_msgs/px4_msgs/msg/detail/sensor_mag__rosidl_typesupport_introspection_c.h\n'}
[8.694083] (px4_msgs) StdoutLine: {'line': b'-- Up-to-date: /home/em/ros_workspace_2025/nav_ws/install/px4_msgs/include/px4_msgs/px4_msgs/msg/detail/transponder_report__type_support.c\n'}
[8.694102] (px4_msgs) StdoutLine: {'line': b'-- Up-to-date: /home/em/ros_workspace_2025/nav_ws/install/px4_msgs/include/px4_msgs/px4_msgs/msg/detail/airspeed_wind__rosidl_typesupport_introspection_c.h\n'}
[8.694130] (px4_msgs) StdoutLine: {'line': b'-- Up-to-date: /home/em/ros_workspace_2025/nav_ws/install/px4_msgs/include/px4_msgs/px4_msgs/msg/detail/debug_array__type_support.c\n'}
[8.694156] (px4_msgs) StdoutLine: {'line': b'-- Up-to-date: /home/em/ros_workspace_2025/nav_ws/install/px4_msgs/include/px4_msgs/px4_msgs/msg/detail/collision_report__rosidl_typesupport_introspection_c.h\n'}
[8.694183] (px4_msgs) StdoutLine: {'line': b'-- Up-to-date: /home/em/ros_workspace_2025/nav_ws/install/px4_msgs/include/px4_msgs/px4_msgs/msg/detail/generator_status__type_support.c\n'}
[8.694224] (px4_msgs) StdoutLine: {'line': b'-- Up-to-date: /home/em/ros_workspace_2025/nav_ws/install/px4_msgs/include/px4_msgs/px4_msgs/msg/detail/vehicle_roi__rosidl_typesupport_introspection_c.h\n'}
[8.694249] (px4_msgs) StdoutLine: {'line': b'-- Up-to-date: /home/em/ros_workspace_2025/nav_ws/install/px4_msgs/include/px4_msgs/px4_msgs/msg/detail/buffer128__rosidl_typesupport_introspection_c.h\n'}
[8.694271] (px4_msgs) StdoutLine: {'line': b'-- Up-to-date: /home/em/ros_workspace_2025/nav_ws/install/px4_msgs/include/px4_msgs/px4_msgs/msg/detail/landing_target_pose__type_support.c\n'}
[8.694295] (px4_msgs) StdoutLine: {'line': b'-- Up-to-date: /home/em/ros_workspace_2025/nav_ws/install/px4_msgs/include/px4_msgs/px4_msgs/msg/detail/sensor_combined__type_support.c\n'}
[8.694317] (px4_msgs) StdoutLine: {'line': b'-- Up-to-date: /home/em/ros_workspace_2025/nav_ws/install/px4_msgs/include/px4_msgs/px4_msgs/msg/detail/system_power__type_support.c\n'}
[8.694338] (px4_msgs) StdoutLine: {'line': b'-- Up-to-date: /home/em/ros_workspace_2025/nav_ws/install/px4_msgs/include/px4_msgs/px4_msgs/msg/detail/can_interface_status__type_support.c\n'}
[8.694359] (px4_msgs) StdoutLine: {'line': b'-- Up-to-date: /home/em/ros_workspace_2025/nav_ws/install/px4_msgs/include/px4_msgs/px4_msgs/msg/detail/wheel_encoders__rosidl_typesupport_introspection_c.h\n'}
[8.694381] (px4_msgs) StdoutLine: {'line': b'-- Up-to-date: /home/em/ros_workspace_2025/nav_ws/install/px4_msgs/include/px4_msgs/px4_msgs/msg/detail/rover_differential_setpoint__type_support.c\n'}
[8.694403] (px4_msgs) StdoutLine: {'line': b'-- Up-to-date: /home/em/ros_workspace_2025/nav_ws/install/px4_msgs/include/px4_msgs/px4_msgs/msg/detail/position_setpoint_triplet__rosidl_typesupport_introspection_c.h\n'}
[8.694425] (px4_msgs) StdoutLine: {'line': b'-- Up-to-date: /home/em/ros_workspace_2025/nav_ws/install/px4_msgs/include/px4_msgs/px4_msgs/msg/detail/debug_key_value__rosidl_typesupport_introspection_c.h\n'}
[8.694446] (px4_msgs) StdoutLine: {'line': b'-- Up-to-date: /home/em/ros_workspace_2025/nav_ws/install/px4_msgs/include/px4_msgs/px4_msgs/msg/detail/unregister_ext_component__type_support.c\n'}
[8.694467] (px4_msgs) StdoutLine: {'line': b'-- Up-to-date: /home/em/ros_workspace_2025/nav_ws/install/px4_msgs/include/px4_msgs/px4_msgs/msg/detail/qshell_retval__rosidl_typesupport_introspection_c.h\n'}
[8.694488] (px4_msgs) StdoutLine: {'line': b'-- Up-to-date: /home/em/ros_workspace_2025/nav_ws/install/px4_msgs/include/px4_msgs/px4_msgs/msg/detail/gpio_request__type_support.c\n'}
[8.694509] (px4_msgs) StdoutLine: {'line': b'-- Up-to-date: /home/em/ros_workspace_2025/nav_ws/install/px4_msgs/include/px4_msgs/px4_msgs/msg/detail/rtl_time_estimate__type_support.c\n'}
[8.694530] (px4_msgs) StdoutLine: {'line': b'-- Up-to-date: /home/em/ros_workspace_2025/nav_ws/install/px4_msgs/include/px4_msgs/px4_msgs/msg/detail/gps_dump__rosidl_typesupport_introspection_c.h\n'}
[8.694552] (px4_msgs) StdoutLine: {'line': b'-- Up-to-date: /home/em/ros_workspace_2025/nav_ws/install/px4_msgs/include/px4_msgs/px4_msgs/msg/detail/pwm_input__type_support.c\n'}
[8.694574] (px4_msgs) StdoutLine: {'line': b'-- Up-to-date: /home/em/ros_workspace_2025/nav_ws/install/px4_msgs/include/px4_msgs/px4_msgs/msg/detail/rover_differential_status__rosidl_typesupport_introspection_c.h\n'}
[8.694596] (px4_msgs) StdoutLine: {'line': b'-- Up-to-date: /home/em/ros_workspace_2025/nav_ws/install/px4_msgs/include/px4_msgs/px4_msgs/msg/detail/parameter_reset_request__type_support.c\n'}
[8.694617] (px4_msgs) StdoutLine: {'line': b'-- Up-to-date: /home/em/ros_workspace_2025/nav_ws/install/px4_msgs/include/px4_msgs/px4_msgs/msg/detail/vehicle_constraints__type_support.c\n'}
[8.694637] (px4_msgs) StdoutLine: {'line': b'-- Up-to-date: /home/em/ros_workspace_2025/nav_ws/install/px4_msgs/include/px4_msgs/px4_msgs/msg/detail/estimator_states__rosidl_typesupport_introspection_c.h\n'}
[8.694657] (px4_msgs) StdoutLine: {'line': b'-- Up-to-date: /home/em/ros_workspace_2025/nav_ws/install/px4_msgs/include/px4_msgs/px4_msgs/msg/detail/rover_ackermann_setpoint__rosidl_typesupport_introspection_c.h\n'}
[8.694677] (px4_msgs) StdoutLine: {'line': b'-- Up-to-date: /home/em/ros_workspace_2025/nav_ws/install/px4_msgs/include/px4_msgs/px4_msgs/msg/detail/sensor_gyro_fifo__type_support.c\n'}
[8.694696] (px4_msgs) StdoutLine: {'line': b'-- Up-to-date: /home/em/ros_workspace_2025/nav_ws/install/px4_msgs/include/px4_msgs/px4_msgs/msg/detail/goto_setpoint__rosidl_typesupport_introspection_c.h\n'}
[8.694716] (px4_msgs) StdoutLine: {'line': b'-- Up-to-date: /home/em/ros_workspace_2025/nav_ws/install/px4_msgs/include/px4_msgs/px4_msgs/msg/detail/button_event__rosidl_typesupport_introspection_c.h\n'}
[8.694735] (px4_msgs) StdoutLine: {'line': b'-- Up-to-date: /home/em/ros_workspace_2025/nav_ws/install/px4_msgs/include/px4_msgs/px4_msgs/msg/detail/gpio_config__type_support.c\n'}
[8.694755] (px4_msgs) StdoutLine: {'line': b'-- Up-to-date: /home/em/ros_workspace_2025/nav_ws/install/px4_msgs/include/px4_msgs/px4_msgs/msg/detail/orb_test_large__type_support.c\n'}
[8.694774] (px4_msgs) StdoutLine: {'line': b'-- Up-to-date: /home/em/ros_workspace_2025/nav_ws/install/px4_msgs/include/px4_msgs/px4_msgs/msg/detail/velocity_limits__rosidl_typesupport_introspection_c.h\n'}
[8.694793] (px4_msgs) StdoutLine: {'line': b'-- Up-to-date: /home/em/ros_workspace_2025/nav_ws/install/px4_msgs/include/px4_msgs/px4_msgs/msg/detail/estimator_bias3d__rosidl_typesupport_introspection_c.h\n'}
[8.694813] (px4_msgs) StdoutLine: {'line': b'-- Up-to-date: /home/em/ros_workspace_2025/nav_ws/install/px4_msgs/include/px4_msgs/px4_msgs/msg/detail/vehicle_air_data__rosidl_typesupport_introspection_c.h\n'}
[8.694833] (px4_msgs) StdoutLine: {'line': b'-- Up-to-date: /home/em/ros_workspace_2025/nav_ws/install/px4_msgs/include/px4_msgs/px4_msgs/msg/detail/open_drone_id_self_id__rosidl_typesupport_introspection_c.h\n'}
[8.694855] (px4_msgs) StdoutLine: {'line': b'-- Up-to-date: /home/em/ros_workspace_2025/nav_ws/install/px4_msgs/include/px4_msgs/px4_msgs/msg/detail/ulog_stream_ack__rosidl_typesupport_introspection_c.h\n'}
[8.694875] (px4_msgs) StdoutLine: {'line': b'-- Up-to-date: /home/em/ros_workspace_2025/nav_ws/install/px4_msgs/include/px4_msgs/px4_msgs/msg/detail/distance_sensor__rosidl_typesupport_introspection_c.h\n'}
[8.694895] (px4_msgs) StdoutLine: {'line': b'-- Up-to-date: /home/em/ros_workspace_2025/nav_ws/install/px4_msgs/include/px4_msgs/px4_msgs/msg/detail/follow_target__rosidl_typesupport_introspection_c.h\n'}
[8.694914] (px4_msgs) StdoutLine: {'line': b'-- Up-to-date: /home/em/ros_workspace_2025/nav_ws/install/px4_msgs/include/px4_msgs/px4_msgs/msg/detail/dataman_response__rosidl_typesupport_introspection_c.h\n'}
[8.694933] (px4_msgs) StdoutLine: {'line': b'-- Up-to-date: /home/em/ros_workspace_2025/nav_ws/install/px4_msgs/include/px4_msgs/px4_msgs/msg/detail/gimbal_manager_set_attitude__type_support.c\n'}
[8.694953] (px4_msgs) StdoutLine: {'line': b'-- Up-to-date: /home/em/ros_workspace_2025/nav_ws/install/px4_msgs/include/px4_msgs/px4_msgs/msg/detail/position_controller_status__type_support.c\n'}
[8.694973] (px4_msgs) StdoutLine: {'line': b'-- Up-to-date: /home/em/ros_workspace_2025/nav_ws/install/px4_msgs/include/px4_msgs/px4_msgs/msg/detail/vehicle_global_position__rosidl_typesupport_introspection_c.h\n'}
[8.694992] (px4_msgs) StdoutLine: {'line': b'-- Up-to-date: /home/em/ros_workspace_2025/nav_ws/install/px4_msgs/include/px4_msgs/px4_msgs/msg/detail/geofence_status__type_support.c\n'}
[8.695012] (px4_msgs) StdoutLine: {'line': b'-- Up-to-date: /home/em/ros_workspace_2025/nav_ws/install/px4_msgs/include/px4_msgs/px4_msgs/msg/detail/qshell_req__rosidl_typesupport_introspection_c.h\n'}
[8.695032] (px4_msgs) StdoutLine: {'line': b'-- Up-to-date: /home/em/ros_workspace_2025/nav_ws/install/px4_msgs/include/px4_msgs/px4_msgs/msg/detail/vehicle_local_position__type_support.c\n'}
[8.695052] (px4_msgs) StdoutLine: {'line': b'-- Up-to-date: /home/em/ros_workspace_2025/nav_ws/install/px4_msgs/include/px4_msgs/px4_msgs/msg/detail/position_controller_status__rosidl_typesupport_introspection_c.h\n'}
[8.695071] (px4_msgs) StdoutLine: {'line': b'-- Up-to-date: /home/em/ros_workspace_2025/nav_ws/install/px4_msgs/include/px4_msgs/px4_msgs/msg/detail/normalized_unsigned_setpoint__type_support.c\n'}
[8.695091] (px4_msgs) StdoutLine: {'line': b'-- Up-to-date: /home/em/ros_workspace_2025/nav_ws/install/px4_msgs/include/px4_msgs/px4_msgs/msg/detail/rtl_status__type_support.c\n'}
[8.695111] (px4_msgs) StdoutLine: {'line': b'-- Up-to-date: /home/em/ros_workspace_2025/nav_ws/install/px4_msgs/include/px4_msgs/px4_msgs/msg/detail/estimator_event_flags__type_support.c\n'}
[8.695130] (px4_msgs) StdoutLine: {'line': b'-- Up-to-date: /home/em/ros_workspace_2025/nav_ws/install/px4_msgs/include/px4_msgs/px4_msgs/msg/detail/estimator_aid_source2d__type_support.c\n'}
[8.695149] (px4_msgs) StdoutLine: {'line': b'-- Up-to-date: /home/em/ros_workspace_2025/nav_ws/install/px4_msgs/include/px4_msgs/px4_msgs/msg/detail/vehicle_optical_flow__type_support.c\n'}
[8.695169] (px4_msgs) StdoutLine: {'line': b'-- Up-to-date: /home/em/ros_workspace_2025/nav_ws/install/px4_msgs/include/px4_msgs/px4_msgs/msg/detail/vehicle_roi__type_support.c\n'}
[8.695194] (px4_msgs) StdoutLine: {'line': b'-- Up-to-date: /home/em/ros_workspace_2025/nav_ws/install/px4_msgs/include/px4_msgs/px4_msgs/msg/detail/manual_control_switches__rosidl_typesupport_introspection_c.h\n'}
[8.695216] (px4_msgs) StdoutLine: {'line': b'-- Up-to-date: /home/em/ros_workspace_2025/nav_ws/install/px4_msgs/include/px4_msgs/px4_msgs/msg/detail/open_drone_id_self_id__type_support.c\n'}
[8.695237] (px4_msgs) StdoutLine: {'line': b'-- Up-to-date: /home/em/ros_workspace_2025/nav_ws/install/px4_msgs/include/px4_msgs/px4_msgs/msg/detail/health_report__rosidl_typesupport_introspection_c.h\n'}
[8.695258] (px4_msgs) StdoutLine: {'line': b'-- Up-to-date: /home/em/ros_workspace_2025/nav_ws/install/px4_msgs/include/px4_msgs/px4_msgs/msg/detail/sensor_gyro__type_support.c\n'}
[8.695278] (px4_msgs) StdoutLine: {'line': b'-- Up-to-date: /home/em/ros_workspace_2025/nav_ws/install/px4_msgs/include/px4_msgs/px4_msgs/msg/detail/input_rc__type_support.c\n'}
[8.695299] (px4_msgs) StdoutLine: {'line': b'-- Up-to-date: /home/em/ros_workspace_2025/nav_ws/install/px4_msgs/include/px4_msgs/px4_msgs/msg/detail/message_format_response__type_support.c\n'}
[8.695319] (px4_msgs) StdoutLine: {'line': b'-- Up-to-date: /home/em/ros_workspace_2025/nav_ws/install/px4_msgs/include/px4_msgs/px4_msgs/msg/detail/event__type_support.c\n'}
[8.695340] (px4_msgs) StdoutLine: {'line': b'-- Up-to-date: /home/em/ros_workspace_2025/nav_ws/install/px4_msgs/include/px4_msgs/px4_msgs/msg/detail/open_drone_id_arm_status__rosidl_typesupport_introspection_c.h\n'}
[8.695360] (px4_msgs) StdoutLine: {'line': b'-- Up-to-date: /home/em/ros_workspace_2025/nav_ws/install/px4_msgs/include/px4_msgs/px4_msgs/msg/detail/vehicle_trajectory_waypoint__rosidl_typesupport_introspection_c.h\n'}
[8.695380] (px4_msgs) StdoutLine: {'line': b'-- Up-to-date: /home/em/ros_workspace_2025/nav_ws/install/px4_msgs/include/px4_msgs/px4_msgs/msg/detail/landing_target_innovations__rosidl_typesupport_introspection_c.h\n'}
[8.695401] (px4_msgs) StdoutLine: {'line': b'-- Up-to-date: /home/em/ros_workspace_2025/nav_ws/install/px4_msgs/include/px4_msgs/px4_msgs/msg/detail/task_stack_info__rosidl_typesupport_introspection_c.h\n'}
[8.695424] (px4_msgs) StdoutLine: {'line': b'-- Up-to-date: /home/em/ros_workspace_2025/nav_ws/install/px4_msgs/include/px4_msgs/px4_msgs/msg/detail/gimbal_controls__rosidl_typesupport_introspection_c.h\n'}
[8.695445] (px4_msgs) StdoutLine: {'line': b'-- Up-to-date: /home/em/ros_workspace_2025/nav_ws/install/px4_msgs/include/px4_msgs/px4_msgs/msg/detail/ulog_stream__rosidl_typesupport_introspection_c.h\n'}
[8.695465] (px4_msgs) StdoutLine: {'line': b'-- Up-to-date: /home/em/ros_workspace_2025/nav_ws/install/px4_msgs/include/px4_msgs/px4_msgs/msg/detail/actuator_test__type_support.c\n'}
[8.695486] (px4_msgs) StdoutLine: {'line': b'-- Up-to-date: /home/em/ros_workspace_2025/nav_ws/install/px4_msgs/include/px4_msgs/px4_msgs/msg/detail/actuator_motors__rosidl_typesupport_introspection_c.h\n'}
[8.695507] (px4_msgs) StdoutLine: {'line': b'-- Up-to-date: /home/em/ros_workspace_2025/nav_ws/install/px4_msgs/include/px4_msgs/px4_msgs/msg/detail/mode_completed__type_support.c\n'}
[8.695529] (px4_msgs) StdoutLine: {'line': b'-- Up-to-date: /home/em/ros_workspace_2025/nav_ws/install/px4_msgs/include/px4_msgs/px4_msgs/msg/detail/sensor_gps__rosidl_typesupport_introspection_c.h\n'}
[8.695549] (px4_msgs) StdoutLine: {'line': b'-- Up-to-date: /home/em/ros_workspace_2025/nav_ws/install/px4_msgs/include/px4_msgs/px4_msgs/msg/detail/led_control__type_support.c\n'}
[8.695576] (px4_msgs) StdoutLine: {'line': b'-- Up-to-date: /home/em/ros_workspace_2025/nav_ws/install/px4_msgs/include/px4_msgs/px4_msgs/msg/detail/estimator_innovations__type_support.c\n'}
[8.695612] (px4_msgs) StdoutLine: {'line': b'-- Up-to-date: /home/em/ros_workspace_2025/nav_ws/install/px4_msgs/include/px4_msgs/px4_msgs/msg/detail/sensors_status_imu__rosidl_typesupport_introspection_c.h\n'}
[8.695641] (px4_msgs) StdoutLine: {'line': b'-- Up-to-date: /home/em/ros_workspace_2025/nav_ws/install/px4_msgs/include/px4_msgs/px4_msgs/msg/detail/actuator_controls_status__type_support.c\n'}
[8.695675] (px4_msgs) StdoutLine: {'line': b'-- Up-to-date: /home/em/ros_workspace_2025/nav_ws/install/px4_msgs/include/px4_msgs/px4_msgs/msg/detail/vehicle_angular_velocity__type_support.c\n'}
[8.695711] (px4_msgs) StdoutLine: {'line': b'-- Up-to-date: /home/em/ros_workspace_2025/nav_ws/install/px4_msgs/include/px4_msgs/px4_msgs/msg/detail/rover_ackermann_status__type_support.c\n'}
[8.695792] (px4_msgs) StdoutLine: {'line': b'-- Up-to-date: /home/em/ros_workspace_2025/nav_ws/install/px4_msgs/include/px4_msgs/px4_msgs/msg/detail/rover_mecanum_guidance_status__type_support.c\n'}
[8.695860] (px4_msgs) StdoutLine: {'line': b'-- Up-to-date: /home/em/ros_workspace_2025/nav_ws/install/px4_msgs/include/px4_msgs/px4_msgs/msg/detail/telemetry_status__rosidl_typesupport_introspection_c.h\n'}
[8.695891] (px4_msgs) StdoutLine: {'line': b'-- Up-to-date: /home/em/ros_workspace_2025/nav_ws/install/px4_msgs/include/px4_msgs/px4_msgs/msg/detail/home_position__rosidl_typesupport_introspection_c.h\n'}
[8.695917] (px4_msgs) StdoutLine: {'line': b'-- Up-to-date: /home/em/ros_workspace_2025/nav_ws/install/px4_msgs/include/px4_msgs/px4_msgs/msg/detail/home_position__type_support.c\n'}
[8.695940] (px4_msgs) StdoutLine: {'line': b'-- Up-to-date: /home/em/ros_workspace_2025/nav_ws/install/px4_msgs/include/px4_msgs/px4_msgs/msg/detail/estimator_event_flags__rosidl_typesupport_introspection_c.h\n'}
[8.695968] (px4_msgs) StdoutLine: {'line': b'-- Up-to-date: /home/em/ros_workspace_2025/nav_ws/install/px4_msgs/include/px4_msgs/px4_msgs/msg/detail/can_interface_status__rosidl_typesupport_introspection_c.h\n'}
[8.695991] (px4_msgs) StdoutLine: {'line': b'-- Up-to-date: /home/em/ros_workspace_2025/nav_ws/install/px4_msgs/include/px4_msgs/px4_msgs/msg/detail/open_drone_id_operator_id__rosidl_typesupport_introspection_c.h\n'}
[8.696014] (px4_msgs) StdoutLine: {'line': b'-- Up-to-date: /home/em/ros_workspace_2025/nav_ws/install/px4_msgs/include/px4_msgs/px4_msgs/msg/detail/orb_test_medium__type_support.c\n'}
[8.696037] (px4_msgs) StdoutLine: {'line': b'-- Up-to-date: /home/em/ros_workspace_2025/nav_ws/install/px4_msgs/include/px4_msgs/px4_msgs/msg/detail/ping__type_support.c\n'}
[8.696058] (px4_msgs) StdoutLine: {'line': b'-- Up-to-date: /home/em/ros_workspace_2025/nav_ws/install/px4_msgs/include/px4_msgs/px4_msgs/msg/detail/control_allocator_status__rosidl_typesupport_introspection_c.h\n'}
[8.696082] (px4_msgs) StdoutLine: {'line': b'-- Up-to-date: /home/em/ros_workspace_2025/nav_ws/install/px4_msgs/include/px4_msgs/px4_msgs/msg/detail/actuator_test__rosidl_typesupport_introspection_c.h\n'}
[8.696103] (px4_msgs) StdoutLine: {'line': b'-- Up-to-date: /home/em/ros_workspace_2025/nav_ws/install/px4_msgs/include/px4_msgs/px4_msgs/msg/detail/open_drone_id_system__rosidl_typesupport_introspection_c.h\n'}
[8.696122] (px4_msgs) StdoutLine: {'line': b'-- Up-to-date: /home/em/ros_workspace_2025/nav_ws/install/px4_msgs/include/px4_msgs/px4_msgs/msg/detail/power_monitor__rosidl_typesupport_introspection_c.h\n'}
[8.696142] (px4_msgs) StdoutLine: {'line': b'-- Up-to-date: /home/em/ros_workspace_2025/nav_ws/install/px4_msgs/include/px4_msgs/px4_msgs/msg/detail/vehicle_attitude__rosidl_typesupport_introspection_c.h\n'}
[8.696162] (px4_msgs) StdoutLine: {'line': b'-- Up-to-date: /home/em/ros_workspace_2025/nav_ws/install/px4_msgs/include/px4_msgs/px4_msgs/msg/detail/vtol_vehicle_status__type_support.c\n'}
[8.696186] (px4_msgs) StdoutLine: {'line': b'-- Up-to-date: /home/em/ros_workspace_2025/nav_ws/install/px4_msgs/include/px4_msgs/px4_msgs/msg/detail/navigator_mission_item__type_support.c\n'}
[8.696215] (px4_msgs) StdoutLine: {'line': b'-- Up-to-date: /home/em/ros_workspace_2025/nav_ws/install/px4_msgs/include/px4_msgs/px4_msgs/msg/detail/trajectory_waypoint__rosidl_typesupport_introspection_c.h\n'}
[8.696235] (px4_msgs) StdoutLine: {'line': b'-- Up-to-date: /home/em/ros_workspace_2025/nav_ws/install/px4_msgs/include/px4_msgs/px4_msgs/msg/detail/vehicle_status__rosidl_typesupport_introspection_c.h\n'}
[8.696260] (px4_msgs) StdoutLine: {'line': b'-- Up-to-date: /home/em/ros_workspace_2025/nav_ws/install/px4_msgs/include/px4_msgs/px4_msgs/msg/detail/vehicle_angular_acceleration_setpoint__type_support.c\n'}
[8.696281] (px4_msgs) StdoutLine: {'line': b'-- Up-to-date: /home/em/ros_workspace_2025/nav_ws/install/px4_msgs/include/px4_msgs/px4_msgs/msg/detail/actuator_outputs__rosidl_typesupport_introspection_c.h\n'}
[8.696304] (px4_msgs) StdoutLine: {'line': b'-- Up-to-date: /home/em/ros_workspace_2025/nav_ws/install/px4_msgs/include/px4_msgs/px4_msgs/msg/detail/sensor_accel_fifo__type_support.c\n'}
[8.696325] (px4_msgs) StdoutLine: {'line': b'-- Up-to-date: /home/em/ros_workspace_2025/nav_ws/install/px4_msgs/include/px4_msgs/px4_msgs/msg/detail/esc_report__type_support.c\n'}
[8.696346] (px4_msgs) StdoutLine: {'line': b'-- Up-to-date: /home/em/ros_workspace_2025/nav_ws/install/px4_msgs/include/px4_msgs/px4_msgs/msg/detail/vehicle_angular_velocity__rosidl_typesupport_introspection_c.h\n'}
[8.696373] (px4_msgs) StdoutLine: {'line': b'-- Up-to-date: /home/em/ros_workspace_2025/nav_ws/install/px4_msgs/include/px4_msgs/px4_msgs/msg/detail/mission__type_support.c\n'}
[8.696394] (px4_msgs) StdoutLine: {'line': b'-- Up-to-date: /home/em/ros_workspace_2025/nav_ws/install/px4_msgs/include/px4_msgs/px4_msgs/msg/detail/actuator_armed__type_support.c\n'}
[8.696415] (px4_msgs) StdoutLine: {'line': b'-- Up-to-date: /home/em/ros_workspace_2025/nav_ws/install/px4_msgs/include/px4_msgs/px4_msgs/msg/detail/message_format_response__rosidl_typesupport_introspection_c.h\n'}
[8.696435] (px4_msgs) StdoutLine: {'line': b'-- Up-to-date: /home/em/ros_workspace_2025/nav_ws/install/px4_msgs/include/px4_msgs/px4_msgs/msg/detail/goto_setpoint__type_support.c\n'}
[8.696455] (px4_msgs) StdoutLine: {'line': b'-- Up-to-date: /home/em/ros_workspace_2025/nav_ws/install/px4_msgs/include/px4_msgs/px4_msgs/msg/detail/task_stack_info__type_support.c\n'}
[8.696475] (px4_msgs) StdoutLine: {'line': b'-- Up-to-date: /home/em/ros_workspace_2025/nav_ws/install/px4_msgs/include/px4_msgs/px4_msgs/msg/detail/sensor_gyro_fft__rosidl_typesupport_introspection_c.h\n'}
[8.696496] (px4_msgs) StdoutLine: {'line': b'-- Up-to-date: /home/em/ros_workspace_2025/nav_ws/install/px4_msgs/include/px4_msgs/px4_msgs/msg/detail/hover_thrust_estimate__rosidl_typesupport_introspection_c.h\n'}
[8.696516] (px4_msgs) StdoutLine: {'line': b'-- Up-to-date: /home/em/ros_workspace_2025/nav_ws/install/px4_msgs/include/px4_msgs/px4_msgs/msg/detail/geofence_status__rosidl_typesupport_introspection_c.h\n'}
[8.696539] (px4_msgs) StdoutLine: {'line': b'-- Up-to-date: /home/em/ros_workspace_2025/nav_ws/install/px4_msgs/include/px4_msgs/px4_msgs/msg/detail/gimbal_manager_status__rosidl_typesupport_introspection_c.h\n'}
[8.696559] (px4_msgs) StdoutLine: {'line': b'-- Up-to-date: /home/em/ros_workspace_2025/nav_ws/install/px4_msgs/include/px4_msgs/px4_msgs/msg/detail/px4io_status__type_support.c\n'}
[8.696579] (px4_msgs) StdoutLine: {'line': b'-- Up-to-date: /home/em/ros_workspace_2025/nav_ws/install/px4_msgs/include/px4_msgs/px4_msgs/msg/detail/npfg_status__rosidl_typesupport_introspection_c.h\n'}
[8.696599] (px4_msgs) StdoutLine: {'line': b'-- Up-to-date: /home/em/ros_workspace_2025/nav_ws/install/px4_msgs/include/px4_msgs/px4_msgs/msg/detail/flight_phase_estimation__rosidl_typesupport_introspection_c.h\n'}
[8.696618] (px4_msgs) StdoutLine: {'line': b'-- Up-to-date: /home/em/ros_workspace_2025/nav_ws/install/px4_msgs/include/px4_msgs/px4_msgs/msg/detail/arming_check_reply__rosidl_typesupport_introspection_c.h\n'}
[8.696638] (px4_msgs) StdoutLine: {'line': b'-- Up-to-date: /home/em/ros_workspace_2025/nav_ws/install/px4_msgs/include/px4_msgs/px4_msgs/msg/detail/satellite_info__rosidl_typesupport_introspection_c.h\n'}
[8.696657] (px4_msgs) StdoutLine: {'line': b'-- Up-to-date: /home/em/ros_workspace_2025/nav_ws/install/px4_msgs/include/px4_msgs/px4_msgs/msg/detail/action_request__type_support.c\n'}
[8.696677] (px4_msgs) StdoutLine: {'line': b'-- Up-to-date: /home/em/ros_workspace_2025/nav_ws/install/px4_msgs/include/px4_msgs/px4_msgs/msg/detail/dataman_request__type_support.c\n'}
[8.696697] (px4_msgs) StdoutLine: {'line': b'-- Up-to-date: /home/em/ros_workspace_2025/nav_ws/install/px4_msgs/include/px4_msgs/px4_msgs/msg/detail/estimator_aid_source1d__type_support.c\n'}
[8.696716] (px4_msgs) StdoutLine: {'line': b'-- Up-to-date: /home/em/ros_workspace_2025/nav_ws/install/px4_msgs/include/px4_msgs/px4_msgs/msg/detail/camera_trigger__type_support.c\n'}
[8.696737] (px4_msgs) StdoutLine: {'line': b'-- Up-to-date: /home/em/ros_workspace_2025/nav_ws/install/px4_msgs/include/px4_msgs/px4_msgs/msg/detail/vehicle_rates_setpoint__type_support.c\n'}
[8.696759] (px4_msgs) StdoutLine: {'line': b'-- Up-to-date: /home/em/ros_workspace_2025/nav_ws/install/px4_msgs/include/px4_msgs/px4_msgs/msg/detail/rover_differential_setpoint__rosidl_typesupport_introspection_c.h\n'}
[8.696778] (px4_msgs) StdoutLine: {'line': b'-- Up-to-date: /home/em/ros_workspace_2025/nav_ws/install/px4_msgs/include/px4_msgs/px4_msgs/msg/detail/magnetometer_bias_estimate__rosidl_typesupport_introspection_c.h\n'}
[8.696798] (px4_msgs) StdoutLine: {'line': b'-- Up-to-date: /home/em/ros_workspace_2025/nav_ws/install/px4_msgs/include/px4_msgs/px4_msgs/msg/detail/flight_phase_estimation__type_support.c\n'}
[8.696817] (px4_msgs) StdoutLine: {'line': b'-- Up-to-date: /home/em/ros_workspace_2025/nav_ws/install/px4_msgs/include/px4_msgs/px4_msgs/msg/detail/pps_capture__rosidl_typesupport_introspection_c.h\n'}
[8.696837] (px4_msgs) StdoutLine: {'line': b'-- Up-to-date: /home/em/ros_workspace_2025/nav_ws/install/px4_msgs/include/px4_msgs/px4_msgs/msg/detail/dataman_request__rosidl_typesupport_introspection_c.h\n'}
[8.696857] (px4_msgs) StdoutLine: {'line': b'-- Up-to-date: /home/em/ros_workspace_2025/nav_ws/install/px4_msgs/include/px4_msgs/px4_msgs/msg/detail/sensor_accel_fifo__rosidl_typesupport_introspection_c.h\n'}
[8.696876] (px4_msgs) StdoutLine: {'line': b'-- Up-to-date: /home/em/ros_workspace_2025/nav_ws/install/px4_msgs/include/px4_msgs/px4_msgs/msg/detail/rpm__rosidl_typesupport_introspection_c.h\n'}
[8.696896] (px4_msgs) StdoutLine: {'line': b'-- Up-to-date: /home/em/ros_workspace_2025/nav_ws/install/px4_msgs/include/px4_msgs/px4_msgs/msg/detail/hover_thrust_estimate__type_support.c\n'}
[8.696915] (px4_msgs) StdoutLine: {'line': b'-- Up-to-date: /home/em/ros_workspace_2025/nav_ws/install/px4_msgs/include/px4_msgs/px4_msgs/msg/detail/mavlink_tunnel__rosidl_typesupport_introspection_c.h\n'}
[8.696935] (px4_msgs) StdoutLine: {'line': b'-- Up-to-date: /home/em/ros_workspace_2025/nav_ws/install/px4_msgs/include/px4_msgs/px4_msgs/msg/detail/landing_target_pose__rosidl_typesupport_introspection_c.h\n'}
[8.696954] (px4_msgs) StdoutLine: {'line': b'-- Up-to-date: /home/em/ros_workspace_2025/nav_ws/install/px4_msgs/include/px4_msgs/px4_msgs/msg/detail/mode_completed__rosidl_typesupport_introspection_c.h\n'}
[8.696974] (px4_msgs) StdoutLine: {'line': b'-- Up-to-date: /home/em/ros_workspace_2025/nav_ws/install/px4_msgs/include/px4_msgs/px4_msgs/msg/detail/event__rosidl_typesupport_introspection_c.h\n'}
[8.696993] (px4_msgs) StdoutLine: {'line': b'-- Up-to-date: /home/em/ros_workspace_2025/nav_ws/install/px4_msgs/include/px4_msgs/px4_msgs/msg/detail/estimator_selector_status__rosidl_typesupport_introspection_c.h\n'}
[8.697013] (px4_msgs) StdoutLine: {'line': b'-- Up-to-date: /home/em/ros_workspace_2025/nav_ws/install/px4_msgs/include/px4_msgs/px4_msgs/msg/detail/gimbal_device_attitude_status__rosidl_typesupport_introspection_c.h\n'}
[8.697033] (px4_msgs) StdoutLine: {'line': b'-- Up-to-date: /home/em/ros_workspace_2025/nav_ws/install/px4_msgs/include/px4_msgs/px4_msgs/msg/detail/failsafe_flags__rosidl_typesupport_introspection_c.h\n'}
[8.697052] (px4_msgs) StdoutLine: {'line': b'-- Up-to-date: /home/em/ros_workspace_2025/nav_ws/install/px4_msgs/include/px4_msgs/px4_msgs/msg/detail/gimbal_controls__type_support.c\n'}
[8.697072] (px4_msgs) StdoutLine: {'line': b'-- Up-to-date: /home/em/ros_workspace_2025/nav_ws/install/px4_msgs/include/px4_msgs/px4_msgs/msg/detail/estimator_innovations__rosidl_typesupport_introspection_c.h\n'}
[8.697091] (px4_msgs) StdoutLine: {'line': b'-- Up-to-date: /home/em/ros_workspace_2025/nav_ws/install/px4_msgs/include/px4_msgs/px4_msgs/msg/detail/wind__type_support.c\n'}
[8.697118] (px4_msgs) StdoutLine: {'line': b'-- Up-to-date: /home/em/ros_workspace_2025/nav_ws/install/px4_msgs/include/px4_msgs/px4_msgs/msg/detail/register_ext_component_reply__rosidl_typesupport_introspection_c.h\n'}
[8.697139] (px4_msgs) StdoutLine: {'line': b'-- Up-to-date: /home/em/ros_workspace_2025/nav_ws/install/px4_msgs/include/px4_msgs/px4_msgs/msg/detail/sensor_optical_flow__rosidl_typesupport_introspection_c.h\n'}
[8.697158] (px4_msgs) StdoutLine: {'line': b'-- Up-to-date: /home/em/ros_workspace_2025/nav_ws/install/px4_msgs/include/px4_msgs/px4_msgs/msg/detail/camera_trigger__rosidl_typesupport_introspection_c.h\n'}
[8.697178] (px4_msgs) StdoutLine: {'line': b'-- Up-to-date: /home/em/ros_workspace_2025/nav_ws/install/px4_msgs/include/px4_msgs/px4_msgs/msg/detail/distance_sensor_mode_change_request__type_support.c\n'}
[8.697201] (px4_msgs) StdoutLine: {'line': b'-- Up-to-date: /home/em/ros_workspace_2025/nav_ws/install/px4_msgs/include/px4_msgs/px4_msgs/msg/detail/timesync_status__type_support.c\n'}
[8.697222] (px4_msgs) StdoutLine: {'line': b'-- Up-to-date: /home/em/ros_workspace_2025/nav_ws/install/px4_msgs/include/px4_msgs/px4_msgs/msg/detail/vehicle_status__type_support.c\n'}
[8.697242] (px4_msgs) StdoutLine: {'line': b'-- Up-to-date: /home/em/ros_workspace_2025/nav_ws/install/px4_msgs/include/px4_msgs/px4_msgs/msg/detail/vehicle_acceleration__rosidl_typesupport_introspection_c.h\n'}
[8.697263] (px4_msgs) StdoutLine: {'line': b'-- Up-to-date: /home/em/ros_workspace_2025/nav_ws/install/px4_msgs/include/px4_msgs/px4_msgs/msg/detail/cellular_status__rosidl_typesupport_introspection_c.h\n'}
[8.697284] (px4_msgs) StdoutLine: {'line': b'-- Up-to-date: /home/em/ros_workspace_2025/nav_ws/install/px4_msgs/include/px4_msgs/px4_msgs/msg/detail/orb_test_large__rosidl_typesupport_introspection_c.h\n'}
[8.697307] (px4_msgs) StdoutLine: {'line': b'-- Up-to-date: /home/em/ros_workspace_2025/nav_ws/install/px4_msgs/include/px4_msgs/px4_msgs/msg/detail/actuator_servos_trim__rosidl_typesupport_introspection_c.h\n'}
[8.697327] (px4_msgs) StdoutLine: {'line': b'-- Up-to-date: /home/em/ros_workspace_2025/nav_ws/install/px4_msgs/include/px4_msgs/px4_msgs/msg/detail/estimator_states__type_support.c\n'}
[8.697349] (px4_msgs) StdoutLine: {'line': b'-- Up-to-date: /home/em/ros_workspace_2025/nav_ws/install/px4_msgs/include/px4_msgs/px4_msgs/msg/detail/uavcan_parameter_request__rosidl_typesupport_introspection_c.h\n'}
[8.697370] (px4_msgs) StdoutLine: {'line': b'-- Up-to-date: /home/em/ros_workspace_2025/nav_ws/install/px4_msgs/include/px4_msgs/px4_msgs/msg/detail/mount_orientation__rosidl_typesupport_introspection_c.h\n'}
[8.697390] (px4_msgs) StdoutLine: {'line': b'-- Up-to-date: /home/em/ros_workspace_2025/nav_ws/install/px4_msgs/include/px4_msgs/px4_msgs/msg/detail/ulog_stream__type_support.c\n'}
[8.697410] (px4_msgs) StdoutLine: {'line': b'-- Up-to-date: /home/em/ros_workspace_2025/nav_ws/install/px4_msgs/include/px4_msgs/px4_msgs/msg/detail/debug_vect__rosidl_typesupport_introspection_c.h\n'}
[8.697430] (px4_msgs) StdoutLine: {'line': b'-- Up-to-date: /home/em/ros_workspace_2025/nav_ws/install/px4_msgs/include/px4_msgs/px4_msgs/msg/detail/yaw_estimator_status__rosidl_typesupport_introspection_c.h\n'}
[8.697450] (px4_msgs) StdoutLine: {'line': b'-- Up-to-date: /home/em/ros_workspace_2025/nav_ws/install/px4_msgs/include/px4_msgs/px4_msgs/msg/detail/uavcan_parameter_request__type_support.c\n'}
[8.697472] (px4_msgs) StdoutLine: {'line': b'-- Up-to-date: /home/em/ros_workspace_2025/nav_ws/install/px4_msgs/include/px4_msgs/px4_msgs/msg/detail/estimator_status_flags__type_support.c\n'}
[8.697492] (px4_msgs) StdoutLine: {'line': b'-- Up-to-date: /home/em/ros_workspace_2025/nav_ws/install/px4_msgs/include/px4_msgs/px4_msgs/msg/detail/vehicle_imu_status__type_support.c\n'}
[8.697513] (px4_msgs) StdoutLine: {'line': b'-- Up-to-date: /home/em/ros_workspace_2025/nav_ws/install/px4_msgs/include/px4_msgs/px4_msgs/msg/detail/gpio_out__rosidl_typesupport_introspection_c.h\n'}
[8.697533] (px4_msgs) StdoutLine: {'line': b'-- Up-to-date: /home/em/ros_workspace_2025/nav_ws/install/px4_msgs/include/px4_msgs/px4_msgs/msg/detail/gpio_out__type_support.c\n'}
[8.697555] (px4_msgs) StdoutLine: {'line': b'-- Up-to-date: /home/em/ros_workspace_2025/nav_ws/install/px4_msgs/include/px4_msgs/px4_msgs/msg/detail/gpio_request__rosidl_typesupport_introspection_c.h\n'}
[8.697576] (px4_msgs) StdoutLine: {'line': b'-- Up-to-date: /home/em/ros_workspace_2025/nav_ws/install/px4_msgs/include/px4_msgs/px4_msgs/msg/detail/battery_status__type_support.c\n'}
[8.697595] (px4_msgs) StdoutLine: {'line': b'-- Up-to-date: /home/em/ros_workspace_2025/nav_ws/install/px4_msgs/include/px4_msgs/px4_msgs/msg/detail/register_ext_component_reply__type_support.c\n'}
[8.697615] (px4_msgs) StdoutLine: {'line': b'-- Up-to-date: /home/em/ros_workspace_2025/nav_ws/install/px4_msgs/include/px4_msgs/px4_msgs/msg/detail/tecs_status__type_support.c\n'}
[8.697634] (px4_msgs) StdoutLine: {'line': b'-- Up-to-date: /home/em/ros_workspace_2025/nav_ws/install/px4_msgs/include/px4_msgs/px4_msgs/msg/detail/estimator_status__rosidl_typesupport_introspection_c.h\n'}
[8.697654] (px4_msgs) StdoutLine: {'line': b'-- Up-to-date: /home/em/ros_workspace_2025/nav_ws/install/px4_msgs/include/px4_msgs/px4_msgs/msg/detail/vehicle_acceleration__type_support.c\n'}
[8.697674] (px4_msgs) StdoutLine: {'line': b'-- Up-to-date: /home/em/ros_workspace_2025/nav_ws/install/px4_msgs/include/px4_msgs/px4_msgs/msg/detail/collision_report__type_support.c\n'}
[8.697694] (px4_msgs) StdoutLine: {'line': b'-- Up-to-date: /home/em/ros_workspace_2025/nav_ws/install/px4_msgs/include/px4_msgs/px4_msgs/msg/detail/takeoff_status__rosidl_typesupport_introspection_c.h\n'}
[8.697713] (px4_msgs) StdoutLine: {'line': b'-- Up-to-date: /home/em/ros_workspace_2025/nav_ws/install/px4_msgs/include/px4_msgs/px4_msgs/msg/detail/rover_differential_guidance_status__rosidl_typesupport_introspection_c.h\n'}
[8.697733] (px4_msgs) StdoutLine: {'line': b'-- Up-to-date: /home/em/ros_workspace_2025/nav_ws/install/px4_msgs/include/px4_msgs/px4_msgs/msg/detail/trajectory_setpoint__type_support.c\n'}
[8.697753] (px4_msgs) StdoutLine: {'line': b'-- Up-to-date: /home/em/ros_workspace_2025/nav_ws/install/px4_msgs/include/px4_msgs/px4_msgs/msg/detail/tune_control__type_support.c\n'}
[8.697773] (px4_msgs) StdoutLine: {'line': b'-- Up-to-date: /home/em/ros_workspace_2025/nav_ws/install/px4_msgs/include/px4_msgs/px4_msgs/msg/detail/internal_combustion_engine_status__rosidl_typesupport_introspection_c.h\n'}
[8.697792] (px4_msgs) StdoutLine: {'line': b'-- Up-to-date: /home/em/ros_workspace_2025/nav_ws/install/px4_msgs/include/px4_msgs/px4_msgs/msg/detail/heater_status__rosidl_typesupport_introspection_c.h\n'}
[8.697812] (px4_msgs) StdoutLine: {'line': b'-- Up-to-date: /home/em/ros_workspace_2025/nav_ws/install/px4_msgs/include/px4_msgs/px4_msgs/msg/detail/telemetry_status__type_support.c\n'}
[8.697832] (px4_msgs) StdoutLine: {'line': b'-- Up-to-date: /home/em/ros_workspace_2025/nav_ws/install/px4_msgs/include/px4_msgs/px4_msgs/msg/detail/orbit_status__rosidl_typesupport_introspection_c.h\n'}
[8.697854] (px4_msgs) StdoutLine: {'line': b'-- Up-to-date: /home/em/ros_workspace_2025/nav_ws/install/px4_msgs/include/px4_msgs/px4_msgs/msg/detail/manual_control_switches__type_support.c\n'}
[8.697873] (px4_msgs) StdoutLine: {'line': b'-- Up-to-date: /home/em/ros_workspace_2025/nav_ws/install/px4_msgs/include/px4_msgs/px4_msgs/msg/detail/gimbal_device_information__type_support.c\n'}
[8.697893] (px4_msgs) StdoutLine: {'line': b'-- Up-to-date: /home/em/ros_workspace_2025/nav_ws/install/px4_msgs/include/px4_msgs/px4_msgs/msg/detail/debug_array__rosidl_typesupport_introspection_c.h\n'}
[8.697913] (px4_msgs) StdoutLine: {'line': b'-- Up-to-date: /home/em/ros_workspace_2025/nav_ws/install/px4_msgs/include/px4_msgs/px4_msgs/msg/detail/vehicle_command_ack__rosidl_typesupport_introspection_c.h\n'}
[8.697933] (px4_msgs) StdoutLine: {'line': b'-- Up-to-date: /home/em/ros_workspace_2025/nav_ws/install/px4_msgs/include/px4_msgs/px4_msgs/msg/detail/position_setpoint__type_support.c\n'}
[8.697953] (px4_msgs) StdoutLine: {'line': b'-- Up-to-date: /home/em/ros_workspace_2025/nav_ws/install/px4_msgs/include/px4_msgs/px4_msgs/msg/detail/vehicle_thrust_setpoint__type_support.c\n'}
[8.697974] (px4_msgs) StdoutLine: {'line': b'-- Up-to-date: /home/em/ros_workspace_2025/nav_ws/install/px4_msgs/include/px4_msgs/px4_msgs/msg/detail/led_control__rosidl_typesupport_introspection_c.h\n'}
[8.697994] (px4_msgs) StdoutLine: {'line': b'-- Up-to-date: /home/em/ros_workspace_2025/nav_ws/install/px4_msgs/include/px4_msgs/px4_msgs/msg/detail/transponder_report__rosidl_typesupport_introspection_c.h\n'}
[8.698014] (px4_msgs) StdoutLine: {'line': b'-- Up-to-date: /home/em/ros_workspace_2025/nav_ws/install/px4_msgs/include/px4_msgs/px4_msgs/msg/detail/vehicle_constraints__rosidl_typesupport_introspection_c.h\n'}
[8.698034] (px4_msgs) StdoutLine: {'line': b'-- Up-to-date: /home/em/ros_workspace_2025/nav_ws/install/px4_msgs/include/px4_msgs/px4_msgs/msg/detail/failsafe_flags__type_support.c\n'}
[8.698053] (px4_msgs) StdoutLine: {'line': b'-- Up-to-date: /home/em/ros_workspace_2025/nav_ws/install/px4_msgs/include/px4_msgs/px4_msgs/msg/detail/sensor_airflow__type_support.c\n'}
[8.698081] (px4_msgs) StdoutLine: {'line': b'-- Up-to-date: /home/em/ros_workspace_2025/nav_ws/install/px4_msgs/include/px4_msgs/px4_msgs/msg/detail/vehicle_thrust_setpoint__rosidl_typesupport_introspection_c.h\n'}
[8.698116] (px4_msgs) StdoutLine: {'line': b'-- Up-to-date: /home/em/ros_workspace_2025/nav_ws/install/px4_msgs/include/px4_msgs/px4_msgs/msg/detail/sensors_status__rosidl_typesupport_introspection_c.h\n'}
[8.698149] (px4_msgs) StdoutLine: {'line': b'-- Up-to-date: /home/em/ros_workspace_2025/nav_ws/install/px4_msgs/include/px4_msgs/px4_msgs/msg/detail/sensor_uwb__rosidl_typesupport_introspection_c.h\n'}
[8.698178] (px4_msgs) StdoutLine: {'line': b'-- Up-to-date: /home/em/ros_workspace_2025/nav_ws/install/px4_msgs/include/px4_msgs/px4_msgs/msg/detail/vehicle_optical_flow__rosidl_typesupport_introspection_c.h\n'}
[8.698218] (px4_msgs) StdoutLine: {'line': b'-- Up-to-date: /home/em/ros_workspace_2025/nav_ws/install/px4_msgs/include/px4_msgs/px4_msgs/msg/detail/normalized_unsigned_setpoint__rosidl_typesupport_introspection_c.h\n'}
[8.698253] (px4_msgs) StdoutLine: {'line': b'-- Up-to-date: /home/em/ros_workspace_2025/nav_ws/install/px4_msgs/include/px4_msgs/px4_msgs/msg/detail/pwm_input__rosidl_typesupport_introspection_c.h\n'}
[8.698339] (px4_msgs) StdoutLine: {'line': b'-- Up-to-date: /home/em/ros_workspace_2025/nav_ws/install/px4_msgs/include/px4_msgs/px4_msgs/msg/detail/esc_report__rosidl_typesupport_introspection_c.h\n'}
[8.698387] (px4_msgs) StdoutLine: {'line': b'-- Up-to-date: /home/em/ros_workspace_2025/nav_ws/install/px4_msgs/include/px4_msgs/px4_msgs/msg/detail/sensor_accel__rosidl_typesupport_introspection_c.h\n'}
[8.698416] (px4_msgs) StdoutLine: {'line': b'-- Up-to-date: /home/em/ros_workspace_2025/nav_ws/install/px4_msgs/include/px4_msgs/px4_msgs/msg/detail/airspeed__rosidl_typesupport_introspection_c.h\n'}
[8.698440] (px4_msgs) StdoutLine: {'line': b'-- Up-to-date: /home/em/ros_workspace_2025/nav_ws/install/px4_msgs/include/px4_msgs/px4_msgs/msg/detail/npfg_status__type_support.c\n'}
[8.698463] (px4_msgs) StdoutLine: {'line': b'-- Up-to-date: /home/em/ros_workspace_2025/nav_ws/install/px4_msgs/include/px4_msgs/px4_msgs/msg/detail/gimbal_manager_information__type_support.c\n'}
[8.698487] (px4_msgs) StdoutLine: {'line': b'-- Up-to-date: /home/em/ros_workspace_2025/nav_ws/install/px4_msgs/include/px4_msgs/px4_msgs/msg/detail/parameter_set_used_request__type_support.c\n'}
[8.698508] (px4_msgs) StdoutLine: {'line': b'-- Up-to-date: /home/em/ros_workspace_2025/nav_ws/install/px4_msgs/include/px4_msgs/px4_msgs/msg/detail/airspeed_validated__rosidl_typesupport_introspection_c.h\n'}
[8.698532] (px4_msgs) StdoutLine: {'line': b'-- Up-to-date: /home/em/ros_workspace_2025/nav_ws/install/px4_msgs/include/px4_msgs/px4_msgs/msg/detail/arming_check_reply__type_support.c\n'}
[8.698554] (px4_msgs) StdoutLine: {'line': b'-- Up-to-date: /home/em/ros_workspace_2025/nav_ws/install/px4_msgs/include/px4_msgs/px4_msgs/msg/detail/power_button_state__type_support.c\n'}
[8.698579] (px4_msgs) StdoutLine: {'line': b'-- Up-to-date: /home/em/ros_workspace_2025/nav_ws/install/px4_msgs/include/px4_msgs/px4_msgs/msg/detail/radio_status__type_support.c\n'}
[8.698604] (px4_msgs) StdoutLine: {'line': b'-- Up-to-date: /home/em/ros_workspace_2025/nav_ws/install/px4_msgs/include/px4_msgs/px4_msgs/msg/detail/sensor_optical_flow__type_support.c\n'}
[8.698624] (px4_msgs) StdoutLine: {'line': b'-- Up-to-date: /home/em/ros_workspace_2025/nav_ws/install/px4_msgs/include/px4_msgs/px4_msgs/msg/detail/sensor_gyro__rosidl_typesupport_introspection_c.h\n'}
[8.698644] (px4_msgs) StdoutLine: {'line': b'-- Up-to-date: /home/em/ros_workspace_2025/nav_ws/install/px4_msgs/include/px4_msgs/px4_msgs/msg/detail/failure_detector_status__rosidl_typesupport_introspection_c.h\n'}
[8.698663] (px4_msgs) StdoutLine: {'line': b'-- Up-to-date: /home/em/ros_workspace_2025/nav_ws/install/px4_msgs/include/px4_msgs/px4_msgs/msg/detail/register_ext_component_request__type_support.c\n'}
[8.698683] (px4_msgs) StdoutLine: {'line': b'-- Up-to-date: /home/em/ros_workspace_2025/nav_ws/install/px4_msgs/include/px4_msgs/px4_msgs/msg/detail/debug_vect__type_support.c\n'}
[8.698703] (px4_msgs) StdoutLine: {'line': b'-- Up-to-date: /home/em/ros_workspace_2025/nav_ws/install/px4_msgs/include/px4_msgs/px4_msgs/msg/detail/debug_value__rosidl_typesupport_introspection_c.h\n'}
[8.698723] (px4_msgs) StdoutLine: {'line': b'-- Up-to-date: /home/em/ros_workspace_2025/nav_ws/install/px4_msgs/include/px4_msgs/px4_msgs/msg/detail/heater_status__type_support.c\n'}
[8.698742] (px4_msgs) StdoutLine: {'line': b'-- Up-to-date: /home/em/ros_workspace_2025/nav_ws/install/px4_msgs/include/px4_msgs/px4_msgs/msg/detail/generator_status__rosidl_typesupport_introspection_c.h\n'}
[8.698762] (px4_msgs) StdoutLine: {'line': b'-- Up-to-date: /home/em/ros_workspace_2025/nav_ws/install/px4_msgs/include/px4_msgs/px4_msgs/msg/detail/ekf2_timestamps__type_support.c\n'}
[8.698782] (px4_msgs) StdoutLine: {'line': b'-- Up-to-date: /home/em/ros_workspace_2025/nav_ws/install/px4_msgs/include/px4_msgs/px4_msgs/msg/detail/message_format_request__type_support.c\n'}
[8.698807] (px4_msgs) StdoutLine: {'line': b'-- Up-to-date: /home/em/ros_workspace_2025/nav_ws/install/px4_msgs/include/px4_msgs/px4_msgs/msg/detail/airspeed_validated__type_support.c\n'}
[8.698827] (px4_msgs) StdoutLine: {'line': b'-- Up-to-date: /home/em/ros_workspace_2025/nav_ws/install/px4_msgs/include/px4_msgs/px4_msgs/msg/detail/mission__rosidl_typesupport_introspection_c.h\n'}
[8.698846] (px4_msgs) StdoutLine: {'line': b'-- Up-to-date: /home/em/ros_workspace_2025/nav_ws/install/px4_msgs/include/px4_msgs/px4_msgs/msg/detail/gpio_config__rosidl_typesupport_introspection_c.h\n'}
[8.698867] (px4_msgs) StdoutLine: {'line': b'-- Up-to-date: /home/em/ros_workspace_2025/nav_ws/install/px4_msgs/include/px4_msgs/px4_msgs/msg/detail/sensor_hygrometer__rosidl_typesupport_introspection_c.h\n'}
[8.698887] (px4_msgs) StdoutLine: {'line': b'-- Up-to-date: /home/em/ros_workspace_2025/nav_ws/install/px4_msgs/include/px4_msgs/px4_msgs/msg/detail/register_ext_component_request__rosidl_typesupport_introspection_c.h\n'}
[8.698906] (px4_msgs) StdoutLine: {'line': b'-- Up-to-date: /home/em/ros_workspace_2025/nav_ws/install/px4_msgs/include/px4_msgs/px4_msgs/msg/detail/geofence_result__type_support.c\n'}
[8.698926] (px4_msgs) StdoutLine: {'line': b'-- Up-to-date: /home/em/ros_workspace_2025/nav_ws/install/px4_msgs/include/px4_msgs/px4_msgs/msg/detail/sensor_gps__type_support.c\n'}
[8.698945] (px4_msgs) StdoutLine: {'line': b'-- Up-to-date: /home/em/ros_workspace_2025/nav_ws/install/px4_msgs/include/px4_msgs/px4_msgs/msg/detail/onboard_computer_status__type_support.c\n'}
[8.698965] (px4_msgs) StdoutLine: {'line': b'-- Up-to-date: /home/em/ros_workspace_2025/nav_ws/install/px4_msgs/include/px4_msgs/px4_msgs/msg/detail/mavlink_log__type_support.c\n'}
[8.698986] (px4_msgs) StdoutLine: {'line': b'-- Up-to-date: /home/em/ros_workspace_2025/nav_ws/install/px4_msgs/include/px4_msgs/px4_msgs/msg/detail/gps_inject_data__type_support.c\n'}
[8.699006] (px4_msgs) StdoutLine: {'line': b'-- Up-to-date: /home/em/ros_workspace_2025/nav_ws/install/px4_msgs/include/px4_msgs/px4_msgs/msg/detail/sensors_status__type_support.c\n'}
[8.699026] (px4_msgs) StdoutLine: {'line': b'-- Up-to-date: /home/em/ros_workspace_2025/nav_ws/install/px4_msgs/include/px4_msgs/px4_msgs/msg/detail/sensor_combined__rosidl_typesupport_introspection_c.h\n'}
[8.699046] (px4_msgs) StdoutLine: {'line': b'-- Up-to-date: /home/em/ros_workspace_2025/nav_ws/install/px4_msgs/include/px4_msgs/px4_msgs/msg/detail/debug_value__type_support.c\n'}
[8.699067] (px4_msgs) StdoutLine: {'line': b'-- Up-to-date: /home/em/ros_workspace_2025/nav_ws/install/px4_msgs/include/px4_msgs/px4_msgs/msg/detail/iridiumsbd_status__rosidl_typesupport_introspection_c.h\n'}
[8.699087] (px4_msgs) StdoutLine: {'line': b'-- Up-to-date: /home/em/ros_workspace_2025/nav_ws/install/px4_msgs/include/px4_msgs/px4_msgs/msg/detail/gimbal_device_set_attitude__type_support.c\n'}
[8.699107] (px4_msgs) StdoutLine: {'line': b'-- Up-to-date: /home/em/ros_workspace_2025/nav_ws/install/px4_msgs/include/px4_msgs/px4_msgs/msg/detail/mag_worker_data__type_support.c\n'}
[8.699127] (px4_msgs) StdoutLine: {'line': b'-- Up-to-date: /home/em/ros_workspace_2025/nav_ws/install/px4_msgs/include/px4_msgs/px4_msgs/msg/detail/actuator_servos__type_support.c\n'}
[8.699151] (px4_msgs) StdoutLine: {'line': b'-- Up-to-date: /home/em/ros_workspace_2025/nav_ws/install/px4_msgs/include/px4_msgs/px4_msgs/msg/detail/logger_status__type_support.c\n'}
[8.699170] (px4_msgs) StdoutLine: {'line': b'-- Up-to-date: /home/em/ros_workspace_2025/nav_ws/install/px4_msgs/include/px4_msgs/px4_msgs/msg/detail/cellular_status__type_support.c\n'}
[8.699209] (px4_msgs) StdoutLine: {'line': b'-- Up-to-date: /home/em/ros_workspace_2025/nav_ws/install/px4_msgs/include/px4_msgs/px4_msgs/msg/detail/vehicle_optical_flow_vel__type_support.c\n'}
[8.699232] (px4_msgs) StdoutLine: {'line': b'-- Up-to-date: /home/em/ros_workspace_2025/nav_ws/install/px4_msgs/include/px4_msgs/px4_msgs/msg/detail/follow_target_estimator__rosidl_typesupport_introspection_c.h\n'}
[8.699253] (px4_msgs) StdoutLine: {'line': b'-- Up-to-date: /home/em/ros_workspace_2025/nav_ws/install/px4_msgs/include/px4_msgs/px4_msgs/msg/detail/estimator_sensor_bias__type_support.c\n'}
[8.699274] (px4_msgs) StdoutLine: {'line': b'-- Up-to-date: /home/em/ros_workspace_2025/nav_ws/install/px4_msgs/include/px4_msgs/px4_msgs/msg/detail/gps_inject_data__rosidl_typesupport_introspection_c.h\n'}
[8.699302] (px4_msgs) StdoutLine: {'line': b'-- Up-to-date: /home/em/ros_workspace_2025/nav_ws/install/px4_msgs/include/px4_msgs/px4_msgs/msg/detail/vehicle_magnetometer__type_support.c\n'}
[8.699398] (px4_msgs) StdoutLine: {'line': b'-- Up-to-date: /home/em/ros_workspace_2025/nav_ws/install/px4_msgs/include/px4_msgs/px4_msgs/msg/detail/sensor_airflow__rosidl_typesupport_introspection_c.h\n'}
[8.699489] (px4_msgs) StdoutLine: {'line': b'-- Up-to-date: /home/em/ros_workspace_2025/nav_ws/install/px4_msgs/include/px4_msgs/px4_msgs/msg/detail/config_overrides__type_support.c\n'}
[8.699550] (px4_msgs) StdoutLine: {'line': b'-- Up-to-date: /home/em/ros_workspace_2025/nav_ws/install/px4_msgs/include/px4_msgs/px4_msgs/msg/detail/follow_target_estimator__type_support.c\n'}
[8.699614] (px4_msgs) StdoutLine: {'line': b'-- Up-to-date: /home/em/ros_workspace_2025/nav_ws/install/px4_msgs/include/px4_msgs/px4_msgs/msg/detail/trajectory_bezier__type_support.c\n'}
[8.699672] (px4_msgs) StdoutLine: {'line': b'-- Up-to-date: /home/em/ros_workspace_2025/nav_ws/install/px4_msgs/include/px4_msgs/px4_msgs/msg/detail/rover_mecanum_setpoint__rosidl_typesupport_introspection_c.h\n'}
[8.699733] (px4_msgs) StdoutLine: {'line': b'-- Up-to-date: /home/em/ros_workspace_2025/nav_ws/install/px4_msgs/include/px4_msgs/px4_msgs/msg/detail/vehicle_imu__type_support.c\n'}
[8.699787] (px4_msgs) StdoutLine: {'line': b'-- Up-to-date: /home/em/ros_workspace_2025/nav_ws/install/px4_msgs/include/px4_msgs/px4_msgs/msg/detail/failure_detector_status__type_support.c\n'}
[8.699841] (px4_msgs) StdoutLine: {'line': b'-- Up-to-date: /home/em/ros_workspace_2025/nav_ws/install/px4_msgs/include/px4_msgs/px4_msgs/msg/detail/pps_capture__type_support.c\n'}
[8.699931] (px4_msgs) StdoutLine: {'line': b'-- Up-to-date: /home/em/ros_workspace_2025/nav_ws/install/px4_msgs/include/px4_msgs/px4_msgs/msg/detail/gimbal_device_information__rosidl_typesupport_introspection_c.h\n'}
[8.699985] (px4_msgs) StdoutLine: {'line': b'-- Up-to-date: /home/em/ros_workspace_2025/nav_ws/install/px4_msgs/include/px4_msgs/px4_msgs/msg/detail/distance_sensor__type_support.c\n'}
[8.700038] (px4_msgs) StdoutLine: {'line': b'-- Up-to-date: /home/em/ros_workspace_2025/nav_ws/install/px4_msgs/include/px4_msgs/px4_msgs/msg/detail/autotune_attitude_control_status__type_support.c\n'}
[8.700091] (px4_msgs) StdoutLine: {'line': b'-- Up-to-date: /home/em/ros_workspace_2025/nav_ws/install/px4_msgs/include/px4_msgs/px4_msgs/msg/detail/navigator_status__type_support.c\n'}
[8.700144] (px4_msgs) StdoutLine: {'line': b'-- Up-to-date: /home/em/ros_workspace_2025/nav_ws/install/px4_msgs/include/px4_msgs/px4_msgs/msg/detail/iridiumsbd_status__type_support.c\n'}
[8.700204] (px4_msgs) StdoutLine: {'line': b'-- Up-to-date: /home/em/ros_workspace_2025/nav_ws/install/px4_msgs/include/px4_msgs/px4_msgs/msg/detail/actuator_servos__rosidl_typesupport_introspection_c.h\n'}
[8.700265] (px4_msgs) StdoutLine: {'line': b'-- Up-to-date: /home/em/ros_workspace_2025/nav_ws/install/px4_msgs/include/px4_msgs/px4_msgs/msg/detail/estimator_bias3d__type_support.c\n'}
[8.700319] (px4_msgs) StdoutLine: {'line': b'-- Up-to-date: /home/em/ros_workspace_2025/nav_ws/install/px4_msgs/include/px4_msgs/px4_msgs/msg/detail/mount_orientation__type_support.c\n'}
[8.700372] (px4_msgs) StdoutLine: {'line': b'-- Up-to-date: /home/em/ros_workspace_2025/nav_ws/install/px4_msgs/include/px4_msgs/px4_msgs/msg/detail/rover_mecanum_setpoint__type_support.c\n'}
[8.700425] (px4_msgs) StdoutLine: {'line': b'-- Up-to-date: /home/em/ros_workspace_2025/nav_ws/install/px4_msgs/include/px4_msgs/px4_msgs/msg/detail/sensor_hygrometer__type_support.c\n'}
[8.700478] (px4_msgs) StdoutLine: {'line': b'-- Up-to-date: /home/em/ros_workspace_2025/nav_ws/install/px4_msgs/include/px4_msgs/px4_msgs/msg/detail/buffer128__type_support.c\n'}
[8.700531] (px4_msgs) StdoutLine: {'line': b'-- Up-to-date: /home/em/ros_workspace_2025/nav_ws/install/px4_msgs/include/px4_msgs/px4_msgs/msg/detail/ulog_stream_ack__type_support.c\n'}
[8.700585] (px4_msgs) StdoutLine: {'line': b'-- Up-to-date: /home/em/ros_workspace_2025/nav_ws/install/px4_msgs/include/px4_msgs/px4_msgs/msg/detail/uavcan_parameter_value__rosidl_typesupport_introspection_c.h\n'}
[8.700638] (px4_msgs) StdoutLine: {'line': b'-- Up-to-date: /home/em/ros_workspace_2025/nav_ws/install/px4_msgs/include/px4_msgs/px4_msgs/msg/detail/gpio_in__type_support.c\n'}
[8.700691] (px4_msgs) StdoutLine: {'line': b'-- Up-to-date: /home/em/ros_workspace_2025/nav_ws/install/px4_msgs/include/px4_msgs/px4_msgs/msg/detail/gimbal_manager_information__rosidl_typesupport_introspection_c.h\n'}
[8.700753] (px4_msgs) StdoutLine: {'line': b'-- Up-to-date: /home/em/ros_workspace_2025/nav_ws/install/px4_msgs/include/px4_msgs/px4_msgs/msg/detail/vehicle_air_data__type_support.c\n'}
[8.700809] (px4_msgs) StdoutLine: {'line': b'-- Up-to-date: /home/em/ros_workspace_2025/nav_ws/install/px4_msgs/include/px4_msgs/px4_msgs/msg/detail/collision_constraints__type_support.c\n'}
[8.700862] (px4_msgs) StdoutLine: {'line': b'-- Up-to-date: /home/em/ros_workspace_2025/nav_ws/install/px4_msgs/include/px4_msgs/px4_msgs/msg/detail/sensor_preflight_mag__rosidl_typesupport_introspection_c.h\n'}
[8.700914] (px4_msgs) StdoutLine: {'line': b'-- Up-to-date: /home/em/ros_workspace_2025/nav_ws/install/px4_msgs/include/px4_msgs/px4_msgs/msg/detail/gimbal_manager_status__type_support.c\n'}
[8.700967] (px4_msgs) StdoutLine: {'line': b'-- Up-to-date: /home/em/ros_workspace_2025/nav_ws/install/px4_msgs/include/px4_msgs/px4_msgs/msg/detail/vehicle_rates_setpoint__rosidl_typesupport_introspection_c.h\n'}
[8.701019] (px4_msgs) StdoutLine: {'line': b'-- Up-to-date: /home/em/ros_workspace_2025/nav_ws/install/px4_msgs/include/px4_msgs/px4_msgs/msg/detail/landing_gear__rosidl_typesupport_introspection_c.h\n'}
[8.701077] (px4_msgs) StdoutLine: {'line': b'-- Up-to-date: /home/em/ros_workspace_2025/nav_ws/install/px4_msgs/include/px4_msgs/px4_msgs/msg/detail/dataman_response__type_support.c\n'}
[8.701131] (px4_msgs) StdoutLine: {'line': b'-- Up-to-date: /home/em/ros_workspace_2025/nav_ws/install/px4_msgs/include/px4_msgs/px4_msgs/msg/detail/trajectory_waypoint__type_support.c\n'}
[8.701184] (px4_msgs) StdoutLine: {'line': b'-- Up-to-date: /home/em/ros_workspace_2025/nav_ws/install/px4_msgs/include/px4_msgs/px4_msgs/msg/detail/action_request__rosidl_typesupport_introspection_c.h\n'}
[8.701244] (px4_msgs) StdoutLine: {'line': b'-- Up-to-date: /home/em/ros_workspace_2025/nav_ws/install/px4_msgs/include/px4_msgs/px4_msgs/msg/detail/position_controller_landing_status__rosidl_typesupport_introspection_c.h\n'}
[8.701298] (px4_msgs) StdoutLine: {'line': b'-- Up-to-date: /home/em/ros_workspace_2025/nav_ws/install/px4_msgs/include/px4_msgs/px4_msgs/msg/detail/rover_mecanum_status__rosidl_typesupport_introspection_c.h\n'}
[8.701351] (px4_msgs) StdoutLine: {'line': b'-- Up-to-date: /home/em/ros_workspace_2025/nav_ws/install/px4_msgs/include/px4_msgs/px4_msgs/msg/detail/tiltrotor_extra_controls__rosidl_typesupport_introspection_c.h\n'}
[8.701403] (px4_msgs) StdoutLine: {'line': b'-- Up-to-date: /home/em/ros_workspace_2025/nav_ws/install/px4_msgs/include/px4_msgs/px4_msgs/msg/detail/adc_report__type_support.c\n'}
[8.701457] (px4_msgs) StdoutLine: {'line': b'-- Up-to-date: /home/em/ros_workspace_2025/nav_ws/install/px4_msgs/include/px4_msgs/px4_msgs/msg/detail/vehicle_control_mode__type_support.c\n'}
[8.701510] (px4_msgs) StdoutLine: {'line': b'-- Up-to-date: /home/em/ros_workspace_2025/nav_ws/install/px4_msgs/include/px4_msgs/px4_msgs/msg/detail/orb_test_medium__rosidl_typesupport_introspection_c.h\n'}
[8.701562] (px4_msgs) StdoutLine: {'line': b'-- Up-to-date: /home/em/ros_workspace_2025/nav_ws/install/px4_msgs/include/px4_msgs/px4_msgs/msg/detail/irlock_report__rosidl_typesupport_introspection_c.h\n'}
[8.701615] (px4_msgs) StdoutLine: {'line': b'-- Up-to-date: /home/em/ros_workspace_2025/nav_ws/install/px4_msgs/include/px4_msgs/px4_msgs/msg/detail/parameter_set_used_request__rosidl_typesupport_introspection_c.h\n'}
[8.701667] (px4_msgs) StdoutLine: {'line': b'-- Up-to-date: /home/em/ros_workspace_2025/nav_ws/install/px4_msgs/include/px4_msgs/px4_msgs/msg/detail/rover_ackermann_status__rosidl_typesupport_introspection_c.h\n'}
[8.701719] (px4_msgs) StdoutLine: {'line': b'-- Up-to-date: /home/em/ros_workspace_2025/nav_ws/install/px4_msgs/include/px4_msgs/px4_msgs/msg/detail/trajectory_bezier__rosidl_typesupport_introspection_c.h\n'}
[8.701771] (px4_msgs) StdoutLine: {'line': b'-- Up-to-date: /home/em/ros_workspace_2025/nav_ws/install/px4_msgs/include/px4_msgs/px4_msgs/msg/detail/sensor_accel__type_support.c\n'}
[8.701824] (px4_msgs) StdoutLine: {'line': b'-- Up-to-date: /home/em/ros_workspace_2025/nav_ws/install/px4_msgs/include/px4_msgs/px4_msgs/msg/detail/vehicle_trajectory_bezier__type_support.c\n'}
[8.701876] (px4_msgs) StdoutLine: {'line': b'-- Up-to-date: /home/em/ros_workspace_2025/nav_ws/install/px4_msgs/include/px4_msgs/px4_msgs/msg/detail/power_button_state__rosidl_typesupport_introspection_c.h\n'}
[8.701928] (px4_msgs) StdoutLine: {'line': b'-- Up-to-date: /home/em/ros_workspace_2025/nav_ws/install/px4_msgs/include/px4_msgs/px4_msgs/msg/detail/landing_gear__type_support.c\n'}
[8.701980] (px4_msgs) StdoutLine: {'line': b'-- Up-to-date: /home/em/ros_workspace_2025/nav_ws/install/px4_msgs/include/px4_msgs/px4_msgs/msg/detail/landing_target_innovations__type_support.c\n'}
[8.702032] (px4_msgs) StdoutLine: {'line': b'-- Up-to-date: /home/em/ros_workspace_2025/nav_ws/install/px4_msgs/include/px4_msgs/px4_msgs/msg/detail/gimbal_device_set_attitude__rosidl_typesupport_introspection_c.h\n'}
[8.702084] (px4_msgs) StdoutLine: {'line': b'-- Up-to-date: /home/em/ros_workspace_2025/nav_ws/install/px4_msgs/include/px4_msgs/px4_msgs/msg/detail/camera_capture__rosidl_typesupport_introspection_c.h\n'}
[8.702140] (px4_msgs) StdoutLine: {'line': b'-- Up-to-date: /home/em/ros_workspace_2025/nav_ws/install/px4_msgs/include/px4_msgs/px4_msgs/msg/detail/follow_target_status__type_support.c\n'}
[8.702200] (px4_msgs) StdoutLine: {'line': b'-- Up-to-date: /home/em/ros_workspace_2025/nav_ws/install/px4_msgs/include/px4_msgs/px4_msgs/msg/detail/mag_worker_data__rosidl_typesupport_introspection_c.h\n'}
[8.702259] (px4_msgs) StdoutLine: {'line': b'-- Up-to-date: /home/em/ros_workspace_2025/nav_ws/install/px4_msgs/include/px4_msgs/px4_msgs/msg/detail/wind__rosidl_typesupport_introspection_c.h\n'}
[8.702322] (px4_msgs) StdoutLine: {'line': b'-- Up-to-date: /home/em/ros_workspace_2025/nav_ws/install/px4_msgs/include/px4_msgs/px4_msgs/msg/detail/logger_status__rosidl_typesupport_introspection_c.h\n'}
[8.702383] (px4_msgs) StdoutLine: {'line': b'-- Up-to-date: /home/em/ros_workspace_2025/nav_ws/install/px4_msgs/include/px4_msgs/px4_msgs/msg/detail/rover_ackermann_guidance_status__type_support.c\n'}
[8.702438] (px4_msgs) StdoutLine: {'line': b'-- Up-to-date: /home/em/ros_workspace_2025/nav_ws/install/px4_msgs/include/px4_msgs/px4_msgs/msg/detail/magnetometer_bias_estimate__type_support.c\n'}
[8.702495] (px4_msgs) StdoutLine: {'line': b'-- Up-to-date: /home/em/ros_workspace_2025/nav_ws/install/px4_msgs/include/px4_msgs/px4_msgs/msg/detail/sensor_preflight_mag__type_support.c\n'}
[8.702550] (px4_msgs) StdoutLine: {'line': b'-- Up-to-date: /home/em/ros_workspace_2025/nav_ws/install/px4_msgs/include/px4_msgs/px4_msgs/msg/detail/position_controller_landing_status__type_support.c\n'}
[8.702606] (px4_msgs) StdoutLine: {'line': b'-- Up-to-date: /home/em/ros_workspace_2025/nav_ws/install/px4_msgs/include/px4_msgs/px4_msgs/msg/detail/vehicle_imu_status__rosidl_typesupport_introspection_c.h\n'}
[8.702660] (px4_msgs) StdoutLine: {'line': b'-- Up-to-date: /home/em/ros_workspace_2025/nav_ws/install/px4_msgs/include/px4_msgs/px4_msgs/msg/detail/qshell_req__type_support.c\n'}
[8.702713] (px4_msgs) StdoutLine: {'line': b'-- Up-to-date: /home/em/ros_workspace_2025/nav_ws/install/px4_msgs/include/px4_msgs/px4_msgs/msg/detail/sensor_correction__rosidl_typesupport_introspection_c.h\n'}
[8.702765] (px4_msgs) StdoutLine: {'line': b'-- Up-to-date: /home/em/ros_workspace_2025/nav_ws/install/px4_msgs/include/px4_msgs/px4_msgs/msg/detail/open_drone_id_arm_status__type_support.c\n'}
[8.702820] (px4_msgs) StdoutLine: {'line': b'-- Up-to-date: /home/em/ros_workspace_2025/nav_ws/install/px4_msgs/include/px4_msgs/px4_msgs/msg/detail/vehicle_odometry__rosidl_typesupport_introspection_c.h\n'}
[8.702876] (px4_msgs) StdoutLine: {'line': b'-- Up-to-date: /home/em/ros_workspace_2025/nav_ws/install/px4_msgs/include/px4_msgs/px4_msgs/msg/detail/takeoff_status__type_support.c\n'}
[8.702930] (px4_msgs) StdoutLine: {'line': b'-- Up-to-date: /home/em/ros_workspace_2025/nav_ws/install/px4_msgs/include/px4_msgs/px4_msgs/msg/detail/internal_combustion_engine_status__type_support.c\n'}
[8.702984] (px4_msgs) StdoutLine: {'line': b'-- Up-to-date: /home/em/ros_workspace_2025/nav_ws/install/px4_msgs/include/px4_msgs/px4_msgs/msg/detail/launch_detection_status__rosidl_typesupport_introspection_c.h\n'}
[8.703067] (px4_msgs) StdoutLine: {'line': b'-- Up-to-date: /home/em/ros_workspace_2025/nav_ws/install/px4_msgs/include/px4_msgs/px4_msgs/msg/detail/vehicle_local_position_setpoint__rosidl_typesupport_introspection_c.h\n'}
[8.703121] (px4_msgs) StdoutLine: {'line': b'-- Up-to-date: /home/em/ros_workspace_2025/nav_ws/install/px4_msgs/include/px4_msgs/px4_msgs/msg/detail/navigator_mission_item__rosidl_typesupport_introspection_c.h\n'}
[8.703174] (px4_msgs) StdoutLine: {'line': b'-- Up-to-date: /home/em/ros_workspace_2025/nav_ws/install/px4_msgs/include/px4_msgs/px4_msgs/msg/detail/vehicle_torque_setpoint__rosidl_typesupport_introspection_c.h\n'}
[8.703240] (px4_msgs) StdoutLine: {'line': b'-- Up-to-date: /home/em/ros_workspace_2025/nav_ws/install/px4_msgs/include/px4_msgs/px4_msgs/msg/detail/parameter_set_value_request__type_support.c\n'}
[8.703301] (px4_msgs) StdoutLine: {'line': b'-- Up-to-date: /home/em/ros_workspace_2025/nav_ws/install/px4_msgs/include/px4_msgs/px4_msgs/msg/detail/vehicle_command__type_support.c\n'}
[8.703354] (px4_msgs) StdoutLine: {'line': b'-- Up-to-date: /home/em/ros_workspace_2025/nav_ws/install/px4_msgs/include/px4_msgs/px4_msgs/msg/detail/input_rc__rosidl_typesupport_introspection_c.h\n'}
[8.703415] (px4_msgs) StdoutLine: {'line': b'-- Up-to-date: /home/em/ros_workspace_2025/nav_ws/install/px4_msgs/include/px4_msgs/px4_msgs/msg/detail/differential_pressure__rosidl_typesupport_introspection_c.h\n'}
[8.703490] (px4_msgs) StdoutLine: {'line': b'-- Up-to-date: /home/em/ros_workspace_2025/nav_ws/install/px4_msgs/include/px4_msgs/px4_msgs/msg/detail/sensor_gyro_fifo__rosidl_typesupport_introspection_c.h\n'}
[8.703580] (px4_msgs) StdoutLine: {'line': b'-- Up-to-date: /home/em/ros_workspace_2025/nav_ws/install/px4_msgs/include/px4_msgs/px4_msgs/msg/detail/navigator_status__rosidl_typesupport_introspection_c.h\n'}
[8.703636] (px4_msgs) StdoutLine: {'line': b'-- Up-to-date: /home/em/ros_workspace_2025/nav_ws/install/px4_msgs/include/px4_msgs/px4_msgs/msg/detail/gimbal_device_attitude_status__type_support.c\n'}
[8.703691] (px4_msgs) StdoutLine: {'line': b'-- Up-to-date: /home/em/ros_workspace_2025/nav_ws/install/px4_msgs/include/px4_msgs/px4_msgs/msg/detail/gripper__type_support.c\n'}
[8.703743] (px4_msgs) StdoutLine: {'line': b'-- Up-to-date: /home/em/ros_workspace_2025/nav_ws/install/px4_msgs/include/px4_msgs/px4_msgs/msg/detail/orb_test__rosidl_typesupport_introspection_c.h\n'}
[8.703803] (px4_msgs) StdoutLine: {'line': b'-- Up-to-date: /home/em/ros_workspace_2025/nav_ws/install/px4_msgs/include/px4_msgs/px4_msgs/msg/detail/tiltrotor_extra_controls__type_support.c\n'}
[8.703856] (px4_msgs) StdoutLine: {'line': b'-- Up-to-date: /home/em/ros_workspace_2025/nav_ws/install/px4_msgs/include/px4_msgs/px4_msgs/msg/detail/onboard_computer_status__rosidl_typesupport_introspection_c.h\n'}
[8.703913] (px4_msgs) StdoutLine: {'line': b'-- Up-to-date: /home/em/ros_workspace_2025/nav_ws/install/px4_msgs/include/px4_msgs/px4_msgs/msg/detail/velocity_limits__type_support.c\n'}
[8.703984] (px4_msgs) StdoutLine: {'line': b'-- Up-to-date: /home/em/ros_workspace_2025/nav_ws/install/px4_msgs/include/px4_msgs/px4_msgs/msg/detail/estimator_gps_status__type_support.c\n'}
[8.704038] (px4_msgs) StdoutLine: {'line': b'-- Up-to-date: /home/em/ros_workspace_2025/nav_ws/install/px4_msgs/include/px4_msgs/px4_msgs/msg/detail/manual_control_setpoint__type_support.c\n'}
[8.704103] (px4_msgs) StdoutLine: {'line': b'-- Up-to-date: /home/em/ros_workspace_2025/nav_ws/install/px4_msgs/include/px4_msgs/px4_msgs/msg/detail/actuator_motors__type_support.c\n'}
[8.704156] (px4_msgs) StdoutLine: {'line': b'-- Up-to-date: /home/em/ros_workspace_2025/nav_ws/install/px4_msgs/include/px4_msgs/px4_msgs/msg/detail/yaw_estimator_status__type_support.c\n'}
[8.704222] (px4_msgs) StdoutLine: {'line': b'-- Up-to-date: /home/em/ros_workspace_2025/nav_ws/install/px4_msgs/include/px4_msgs/px4_msgs/msg/detail/estimator_status_flags__rosidl_typesupport_introspection_c.h\n'}
[8.704287] (px4_msgs) StdoutLine: {'line': b'-- Up-to-date: /home/em/ros_workspace_2025/nav_ws/install/px4_msgs/include/px4_msgs/px4_msgs/msg/detail/rover_ackermann_guidance_status__rosidl_typesupport_introspection_c.h\n'}
[8.704340] (px4_msgs) StdoutLine: {'line': b'-- Up-to-date: /home/em/ros_workspace_2025/nav_ws/install/px4_msgs/include/px4_msgs/px4_msgs/msg/detail/parameter_update__rosidl_typesupport_introspection_c.h\n'}
[8.704393] (px4_msgs) StdoutLine: {'line': b'-- Up-to-date: /home/em/ros_workspace_2025/nav_ws/install/px4_msgs/include/px4_msgs/px4_msgs/msg/detail/rc_channels__rosidl_typesupport_introspection_c.h\n'}
[8.704445] (px4_msgs) StdoutLine: {'line': b'-- Up-to-date: /home/em/ros_workspace_2025/nav_ws/install/px4_msgs/include/px4_msgs/px4_msgs/msg/detail/position_setpoint__rosidl_typesupport_introspection_c.h\n'}
[8.704508] (px4_msgs) StdoutLine: {'line': b'-- Up-to-date: /home/em/ros_workspace_2025/nav_ws/install/px4_msgs/include/px4_msgs/px4_msgs/msg/detail/estimator_status__type_support.c\n'}
[8.704564] (px4_msgs) StdoutLine: {'line': b'-- Up-to-date: /home/em/ros_workspace_2025/nav_ws/install/px4_msgs/include/px4_msgs/px4_msgs/msg/detail/vehicle_optical_flow_vel__rosidl_typesupport_introspection_c.h\n'}
[8.704617] (px4_msgs) StdoutLine: {'line': b'-- Up-to-date: /home/em/ros_workspace_2025/nav_ws/install/px4_msgs/include/px4_msgs/px4_msgs/msg/detail/rtl_status__rosidl_typesupport_introspection_c.h\n'}
[8.704674] (px4_msgs) StdoutLine: {'line': b'-- Up-to-date: /home/em/ros_workspace_2025/nav_ws/install/px4_msgs/include/px4_msgs/px4_msgs/msg/detail/orbit_status__type_support.c\n'}
[8.704746] (px4_msgs) StdoutLine: {'line': b'-- Up-to-date: /home/em/ros_workspace_2025/nav_ws/install/px4_msgs/include/px4_msgs/px4_msgs/msg/detail/vehicle_land_detected__type_support.c\n'}
[8.704799] (px4_msgs) StdoutLine: {'line': b'-- Up-to-date: /home/em/ros_workspace_2025/nav_ws/install/px4_msgs/include/px4_msgs/px4_msgs/msg/detail/cpuload__rosidl_typesupport_introspection_c.h\n'}
[8.704851] (px4_msgs) StdoutLine: {'line': b'-- Up-to-date: /home/em/ros_workspace_2025/nav_ws/install/px4_msgs/include/px4_msgs/px4_msgs/msg/detail/landing_gear_wheel__type_support.c\n'}
[8.704915] (px4_msgs) StdoutLine: {'line': b'-- Up-to-date: /home/em/ros_workspace_2025/nav_ws/install/px4_msgs/include/px4_msgs/px4_msgs/msg/detail/vehicle_attitude__type_support.c\n'}
[8.704967] (px4_msgs) StdoutLine: {'line': b'-- Up-to-date: /home/em/ros_workspace_2025/nav_ws/install/px4_msgs/include/px4_msgs/px4_msgs/msg/detail/open_drone_id_operator_id__type_support.c\n'}
[8.705020] (px4_msgs) StdoutLine: {'line': b'-- Up-to-date: /home/em/ros_workspace_2025/nav_ws/install/px4_msgs/include/px4_msgs/px4_msgs/msg/detail/fuel_tank_status__rosidl_typesupport_introspection_c.h\n'}
[8.705082] (px4_msgs) StdoutLine: {'line': b'-- Up-to-date: /home/em/ros_workspace_2025/nav_ws/install/px4_msgs/include/px4_msgs/px4_msgs/msg/detail/follow_target__type_support.c\n'}
[8.705135] (px4_msgs) StdoutLine: {'line': b'-- Up-to-date: /home/em/ros_workspace_2025/nav_ws/install/px4_msgs/include/px4_msgs/px4_msgs/msg/detail/uavcan_parameter_value__type_support.c\n'}
[8.705186] (px4_msgs) StdoutLine: {'line': b'-- Up-to-date: /home/em/ros_workspace_2025/nav_ws/install/px4_msgs/include/px4_msgs/px4_msgs/msg/detail/rc_parameter_map__type_support.c\n'}
[8.705261] (px4_msgs) StdoutLine: {'line': b'-- Up-to-date: /home/em/ros_workspace_2025/nav_ws/install/px4_msgs/include/px4_msgs/px4_msgs/msg/detail/estimator_aid_source2d__rosidl_typesupport_introspection_c.h\n'}
[8.705313] (px4_msgs) StdoutLine: {'line': b'-- Up-to-date: /home/em/ros_workspace_2025/nav_ws/install/px4_msgs/include/px4_msgs/px4_msgs/msg/detail/radio_status__rosidl_typesupport_introspection_c.h\n'}
[8.705372] (px4_msgs) StdoutLine: {'line': b'-- Up-to-date: /home/em/ros_workspace_2025/nav_ws/install/px4_msgs/include/px4_msgs/px4_msgs/msg/detail/camera_status__type_support.c\n'}
[8.705425] (px4_msgs) StdoutLine: {'line': b'-- Up-to-date: /home/em/ros_workspace_2025/nav_ws/install/px4_msgs/include/px4_msgs/px4_msgs/msg/detail/rtl_time_estimate__rosidl_typesupport_introspection_c.h\n'}
[8.705480] (px4_msgs) StdoutLine: {'line': b'-- Up-to-date: /home/em/ros_workspace_2025/nav_ws/install/px4_msgs/include/px4_msgs/px4_msgs/msg/detail/vehicle_land_detected__rosidl_typesupport_introspection_c.h\n'}
[8.705547] (px4_msgs) StdoutLine: {'line': b'-- Up-to-date: /home/em/ros_workspace_2025/nav_ws/install/px4_msgs/include/px4_msgs/px4_msgs/msg/detail/sensor_gyro_fft__type_support.c\n'}
[8.705599] (px4_msgs) StdoutLine: {'line': b'-- Up-to-date: /home/em/ros_workspace_2025/nav_ws/install/px4_msgs/lib/libpx4_msgs__rosidl_typesupport_introspection_c.so\n'}
[8.705651] (px4_msgs) StdoutLine: {'line': b'-- Up-to-date: /home/em/ros_workspace_2025/nav_ws/install/px4_msgs/lib/libpx4_msgs__rosidl_typesupport_c.so\n'}
[8.705703] (px4_msgs) StdoutLine: {'line': b'-- Up-to-date: /home/em/ros_workspace_2025/nav_ws/install/px4_msgs/include/px4_msgs/px4_msgs\n'}
[8.705782] (px4_msgs) StdoutLine: {'line': b'-- Up-to-date: /home/em/ros_workspace_2025/nav_ws/install/px4_msgs/include/px4_msgs/px4_msgs/srv\n'}
[8.705850] (px4_msgs) StdoutLine: {'line': b'-- Up-to-date: /home/em/ros_workspace_2025/nav_ws/install/px4_msgs/include/px4_msgs/px4_msgs/srv/detail\n'}
[8.705903] (px4_msgs) StdoutLine: {'line': b'-- Up-to-date: /home/em/ros_workspace_2025/nav_ws/install/px4_msgs/include/px4_msgs/px4_msgs/srv/detail/vehicle_command__type_support.cpp\n'}
[8.705955] (px4_msgs) StdoutLine: {'line': b'-- Up-to-date: /home/em/ros_workspace_2025/nav_ws/install/px4_msgs/include/px4_msgs/px4_msgs/srv/detail/vehicle_command__rosidl_typesupport_introspection_cpp.hpp\n'}
[8.706007] (px4_msgs) StdoutLine: {'line': b'-- Up-to-date: /home/em/ros_workspace_2025/nav_ws/install/px4_msgs/include/px4_msgs/px4_msgs/msg\n'}
[8.706071] (px4_msgs) StdoutLine: {'line': b'-- Up-to-date: /home/em/ros_workspace_2025/nav_ws/install/px4_msgs/include/px4_msgs/px4_msgs/msg/detail\n'}
[8.706124] (px4_msgs) StdoutLine: {'line': b'-- Up-to-date: /home/em/ros_workspace_2025/nav_ws/install/px4_msgs/include/px4_msgs/px4_msgs/msg/detail/vehicle_thrust_setpoint__type_support.cpp\n'}
[8.706177] (px4_msgs) StdoutLine: {'line': b'-- Up-to-date: /home/em/ros_workspace_2025/nav_ws/install/px4_msgs/include/px4_msgs/px4_msgs/msg/detail/vehicle_control_mode__rosidl_typesupport_introspection_cpp.hpp\n'}
[8.706240] (px4_msgs) StdoutLine: {'line': b'-- Up-to-date: /home/em/ros_workspace_2025/nav_ws/install/px4_msgs/include/px4_msgs/px4_msgs/msg/detail/sensor_combined__rosidl_typesupport_introspection_cpp.hpp\n'}
[8.706303] (px4_msgs) StdoutLine: {'line': b'-- Up-to-date: /home/em/ros_workspace_2025/nav_ws/install/px4_msgs/include/px4_msgs/px4_msgs/msg/detail/vehicle_magnetometer__type_support.cpp\n'}
[8.706407] (px4_msgs) StdoutLine: {'line': b'-- Up-to-date: /home/em/ros_workspace_2025/nav_ws/install/px4_msgs/include/px4_msgs/px4_msgs/msg/detail/battery_status__rosidl_typesupport_introspection_cpp.hpp\n'}
[8.706471] (px4_msgs) StdoutLine: {'line': b'-- Up-to-date: /home/em/ros_workspace_2025/nav_ws/install/px4_msgs/include/px4_msgs/px4_msgs/msg/detail/actuator_servos_trim__type_support.cpp\n'}
[8.706499] (px4_msgs) StdoutLine: {'line': b'-- Up-to-date: /home/em/ros_workspace_2025/nav_ws/install/px4_msgs/include/px4_msgs/px4_msgs/msg/detail/rtl_status__rosidl_typesupport_introspection_cpp.hpp\n'}
[8.706522] (px4_msgs) StdoutLine: {'line': b'-- Up-to-date: /home/em/ros_workspace_2025/nav_ws/install/px4_msgs/include/px4_msgs/px4_msgs/msg/detail/sensor_accel__rosidl_typesupport_introspection_cpp.hpp\n'}
[8.706544] (px4_msgs) StdoutLine: {'line': b'-- Up-to-date: /home/em/ros_workspace_2025/nav_ws/install/px4_msgs/include/px4_msgs/px4_msgs/msg/detail/power_monitor__type_support.cpp\n'}
[8.706567] (px4_msgs) StdoutLine: {'line': b'-- Up-to-date: /home/em/ros_workspace_2025/nav_ws/install/px4_msgs/include/px4_msgs/px4_msgs/msg/detail/button_event__type_support.cpp\n'}
[8.706593] (px4_msgs) StdoutLine: {'line': b'-- Up-to-date: /home/em/ros_workspace_2025/nav_ws/install/px4_msgs/include/px4_msgs/px4_msgs/msg/detail/sensor_selection__rosidl_typesupport_introspection_cpp.hpp\n'}
[8.706617] (px4_msgs) StdoutLine: {'line': b'-- Up-to-date: /home/em/ros_workspace_2025/nav_ws/install/px4_msgs/include/px4_msgs/px4_msgs/msg/detail/vehicle_air_data__type_support.cpp\n'}
[8.706640] (px4_msgs) StdoutLine: {'line': b'-- Up-to-date: /home/em/ros_workspace_2025/nav_ws/install/px4_msgs/include/px4_msgs/px4_msgs/msg/detail/config_overrides__rosidl_typesupport_introspection_cpp.hpp\n'}
[8.706663] (px4_msgs) StdoutLine: {'line': b'-- Up-to-date: /home/em/ros_workspace_2025/nav_ws/install/px4_msgs/include/px4_msgs/px4_msgs/msg/detail/arming_check_reply__rosidl_typesupport_introspection_cpp.hpp\n'}
[8.706689] (px4_msgs) StdoutLine: {'line': b'-- Up-to-date: /home/em/ros_workspace_2025/nav_ws/install/px4_msgs/include/px4_msgs/px4_msgs/msg/detail/mavlink_tunnel__type_support.cpp\n'}
[8.706711] (px4_msgs) StdoutLine: {'line': b'-- Up-to-date: /home/em/ros_workspace_2025/nav_ws/install/px4_msgs/include/px4_msgs/px4_msgs/msg/detail/differential_pressure__rosidl_typesupport_introspection_cpp.hpp\n'}
[8.706766] (px4_msgs) StdoutLine: {'line': b'-- Up-to-date: /home/em/ros_workspace_2025/nav_ws/install/px4_msgs/include/px4_msgs/px4_msgs/msg/detail/internal_combustion_engine_status__rosidl_typesupport_introspection_cpp.hpp\n'}
[8.706789] (px4_msgs) StdoutLine: {'line': b'-- Up-to-date: /home/em/ros_workspace_2025/nav_ws/install/px4_msgs/include/px4_msgs/px4_msgs/msg/detail/qshell_req__rosidl_typesupport_introspection_cpp.hpp\n'}
[8.706810] (px4_msgs) StdoutLine: {'line': b'-- Up-to-date: /home/em/ros_workspace_2025/nav_ws/install/px4_msgs/include/px4_msgs/px4_msgs/msg/detail/iridiumsbd_status__rosidl_typesupport_introspection_cpp.hpp\n'}
[8.706830] (px4_msgs) StdoutLine: {'line': b'-- Up-to-date: /home/em/ros_workspace_2025/nav_ws/install/px4_msgs/include/px4_msgs/px4_msgs/msg/detail/estimator_aid_source2d__type_support.cpp\n'}
[8.706851] (px4_msgs) StdoutLine: {'line': b'-- Up-to-date: /home/em/ros_workspace_2025/nav_ws/install/px4_msgs/include/px4_msgs/px4_msgs/msg/detail/hover_thrust_estimate__type_support.cpp\n'}
[8.706871] (px4_msgs) StdoutLine: {'line': b'-- Up-to-date: /home/em/ros_workspace_2025/nav_ws/install/px4_msgs/include/px4_msgs/px4_msgs/msg/detail/rate_ctrl_status__type_support.cpp\n'}
[8.706891] (px4_msgs) StdoutLine: {'line': b'-- Up-to-date: /home/em/ros_workspace_2025/nav_ws/install/px4_msgs/include/px4_msgs/px4_msgs/msg/detail/sensor_airflow__rosidl_typesupport_introspection_cpp.hpp\n'}
[8.706911] (px4_msgs) StdoutLine: {'line': b'-- Up-to-date: /home/em/ros_workspace_2025/nav_ws/install/px4_msgs/include/px4_msgs/px4_msgs/msg/detail/telemetry_status__rosidl_typesupport_introspection_cpp.hpp\n'}
[8.706931] (px4_msgs) StdoutLine: {'line': b'-- Up-to-date: /home/em/ros_workspace_2025/nav_ws/install/px4_msgs/include/px4_msgs/px4_msgs/msg/detail/rover_mecanum_status__type_support.cpp\n'}
[8.706952] (px4_msgs) StdoutLine: {'line': b'-- Up-to-date: /home/em/ros_workspace_2025/nav_ws/install/px4_msgs/include/px4_msgs/px4_msgs/msg/detail/rover_ackermann_setpoint__rosidl_typesupport_introspection_cpp.hpp\n'}
[8.706973] (px4_msgs) StdoutLine: {'line': b'-- Up-to-date: /home/em/ros_workspace_2025/nav_ws/install/px4_msgs/include/px4_msgs/px4_msgs/msg/detail/register_ext_component_reply__type_support.cpp\n'}
[8.706996] (px4_msgs) StdoutLine: {'line': b'-- Up-to-date: /home/em/ros_workspace_2025/nav_ws/install/px4_msgs/include/px4_msgs/px4_msgs/msg/detail/orb_test_medium__rosidl_typesupport_introspection_cpp.hpp\n'}
[8.707017] (px4_msgs) StdoutLine: {'line': b'-- Up-to-date: /home/em/ros_workspace_2025/nav_ws/install/px4_msgs/include/px4_msgs/px4_msgs/msg/detail/parameter_set_value_request__type_support.cpp\n'}
[8.707038] (px4_msgs) StdoutLine: {'line': b'-- Up-to-date: /home/em/ros_workspace_2025/nav_ws/install/px4_msgs/include/px4_msgs/px4_msgs/msg/detail/sensors_status__rosidl_typesupport_introspection_cpp.hpp\n'}
[8.707060] (px4_msgs) StdoutLine: {'line': b'-- Up-to-date: /home/em/ros_workspace_2025/nav_ws/install/px4_msgs/include/px4_msgs/px4_msgs/msg/detail/rover_mecanum_setpoint__rosidl_typesupport_introspection_cpp.hpp\n'}
[8.707082] (px4_msgs) StdoutLine: {'line': b'-- Up-to-date: /home/em/ros_workspace_2025/nav_ws/install/px4_msgs/include/px4_msgs/px4_msgs/msg/detail/rc_channels__rosidl_typesupport_introspection_cpp.hpp\n'}
[8.707104] (px4_msgs) StdoutLine: {'line': b'-- Up-to-date: /home/em/ros_workspace_2025/nav_ws/install/px4_msgs/include/px4_msgs/px4_msgs/msg/detail/radio_status__type_support.cpp\n'}
[8.707125] (px4_msgs) StdoutLine: {'line': b'-- Up-to-date: /home/em/ros_workspace_2025/nav_ws/install/px4_msgs/include/px4_msgs/px4_msgs/msg/detail/parameter_set_used_request__type_support.cpp\n'}
[8.707146] (px4_msgs) StdoutLine: {'line': b'-- Up-to-date: /home/em/ros_workspace_2025/nav_ws/install/px4_msgs/include/px4_msgs/px4_msgs/msg/detail/open_drone_id_arm_status__type_support.cpp\n'}
[8.707168] (px4_msgs) StdoutLine: {'line': b'-- Up-to-date: /home/em/ros_workspace_2025/nav_ws/install/px4_msgs/include/px4_msgs/px4_msgs/msg/detail/ping__type_support.cpp\n'}
[8.707225] (px4_msgs) StdoutLine: {'line': b'-- Up-to-date: /home/em/ros_workspace_2025/nav_ws/install/px4_msgs/include/px4_msgs/px4_msgs/msg/detail/rover_mecanum_setpoint__type_support.cpp\n'}
[8.707248] (px4_msgs) StdoutLine: {'line': b'-- Up-to-date: /home/em/ros_workspace_2025/nav_ws/install/px4_msgs/include/px4_msgs/px4_msgs/msg/detail/wheel_encoders__type_support.cpp\n'}
[8.707275] (px4_msgs) StdoutLine: {'line': b'-- Up-to-date: /home/em/ros_workspace_2025/nav_ws/install/px4_msgs/include/px4_msgs/px4_msgs/msg/detail/can_interface_status__type_support.cpp\n'}
[8.707310] (px4_msgs) StdoutLine: {'line': b'-- Up-to-date: /home/em/ros_workspace_2025/nav_ws/install/px4_msgs/include/px4_msgs/px4_msgs/msg/detail/gpio_out__type_support.cpp\n'}
[8.707349] (px4_msgs) StdoutLine: {'line': b'-- Up-to-date: /home/em/ros_workspace_2025/nav_ws/install/px4_msgs/include/px4_msgs/px4_msgs/msg/detail/fuel_tank_status__rosidl_typesupport_introspection_cpp.hpp\n'}
[8.707509] (px4_msgs) StdoutLine: {'line': b'-- Up-to-date: /home/em/ros_workspace_2025/nav_ws/install/px4_msgs/include/px4_msgs/px4_msgs/msg/detail/button_event__rosidl_typesupport_introspection_cpp.hpp\n'}
[8.707591] (px4_msgs) StdoutLine: {'line': b'-- Up-to-date: /home/em/ros_workspace_2025/nav_ws/install/px4_msgs/include/px4_msgs/px4_msgs/msg/detail/offboard_control_mode__type_support.cpp\n'}
[8.707669] (px4_msgs) StdoutLine: {'line': b'-- Up-to-date: /home/em/ros_workspace_2025/nav_ws/install/px4_msgs/include/px4_msgs/px4_msgs/msg/detail/position_controller_landing_status__type_support.cpp\n'}
[8.707729] (px4_msgs) StdoutLine: {'line': b'-- Up-to-date: /home/em/ros_workspace_2025/nav_ws/install/px4_msgs/include/px4_msgs/px4_msgs/msg/detail/estimator_aid_source3d__rosidl_typesupport_introspection_cpp.hpp\n'}
[8.707798] (px4_msgs) StdoutLine: {'line': b'-- Up-to-date: /home/em/ros_workspace_2025/nav_ws/install/px4_msgs/include/px4_msgs/px4_msgs/msg/detail/vehicle_attitude_setpoint__rosidl_typesupport_introspection_cpp.hpp\n'}
[8.707855] (px4_msgs) StdoutLine: {'line': b'-- Up-to-date: /home/em/ros_workspace_2025/nav_ws/install/px4_msgs/include/px4_msgs/px4_msgs/msg/detail/landing_target_pose__type_support.cpp\n'}
[8.707910] (px4_msgs) StdoutLine: {'line': b'-- Up-to-date: /home/em/ros_workspace_2025/nav_ws/install/px4_msgs/include/px4_msgs/px4_msgs/msg/detail/vehicle_constraints__rosidl_typesupport_introspection_cpp.hpp\n'}
[8.707968] (px4_msgs) StdoutLine: {'line': b'-- Up-to-date: /home/em/ros_workspace_2025/nav_ws/install/px4_msgs/include/px4_msgs/px4_msgs/msg/detail/px4io_status__type_support.cpp\n'}
[8.708033] (px4_msgs) StdoutLine: {'line': b'-- Up-to-date: /home/em/ros_workspace_2025/nav_ws/install/px4_msgs/include/px4_msgs/px4_msgs/msg/detail/normalized_unsigned_setpoint__rosidl_typesupport_introspection_cpp.hpp\n'}
[8.708103] (px4_msgs) StdoutLine: {'line': b'-- Up-to-date: /home/em/ros_workspace_2025/nav_ws/install/px4_msgs/include/px4_msgs/px4_msgs/msg/detail/sensor_gyro_fft__rosidl_typesupport_introspection_cpp.hpp\n'}
[8.708157] (px4_msgs) StdoutLine: {'line': b'-- Up-to-date: /home/em/ros_workspace_2025/nav_ws/install/px4_msgs/include/px4_msgs/px4_msgs/msg/detail/offboard_control_mode__rosidl_typesupport_introspection_cpp.hpp\n'}
[8.708252] (px4_msgs) StdoutLine: {'line': b'-- Up-to-date: /home/em/ros_workspace_2025/nav_ws/install/px4_msgs/include/px4_msgs/px4_msgs/msg/detail/uavcan_parameter_value__rosidl_typesupport_introspection_cpp.hpp\n'}
[8.708287] (px4_msgs) StdoutLine: {'line': b'-- Up-to-date: /home/em/ros_workspace_2025/nav_ws/install/px4_msgs/include/px4_msgs/px4_msgs/msg/detail/tecs_status__type_support.cpp\n'}
[8.708312] (px4_msgs) StdoutLine: {'line': b'-- Up-to-date: /home/em/ros_workspace_2025/nav_ws/install/px4_msgs/include/px4_msgs/px4_msgs/msg/detail/estimator_status__rosidl_typesupport_introspection_cpp.hpp\n'}
[8.708339] (px4_msgs) StdoutLine: {'line': b'-- Up-to-date: /home/em/ros_workspace_2025/nav_ws/install/px4_msgs/include/px4_msgs/px4_msgs/msg/detail/estimator_gps_status__type_support.cpp\n'}
[8.708369] (px4_msgs) StdoutLine: {'line': b'-- Up-to-date: /home/em/ros_workspace_2025/nav_ws/install/px4_msgs/include/px4_msgs/px4_msgs/msg/detail/rover_differential_guidance_status__type_support.cpp\n'}
[8.708392] (px4_msgs) StdoutLine: {'line': b'-- Up-to-date: /home/em/ros_workspace_2025/nav_ws/install/px4_msgs/include/px4_msgs/px4_msgs/msg/detail/arming_check_request__rosidl_typesupport_introspection_cpp.hpp\n'}
[8.708414] (px4_msgs) StdoutLine: {'line': b'-- Up-to-date: /home/em/ros_workspace_2025/nav_ws/install/px4_msgs/include/px4_msgs/px4_msgs/msg/detail/irlock_report__rosidl_typesupport_introspection_cpp.hpp\n'}
[8.708436] (px4_msgs) StdoutLine: {'line': b'-- Up-to-date: /home/em/ros_workspace_2025/nav_ws/install/px4_msgs/include/px4_msgs/px4_msgs/msg/detail/debug_value__rosidl_typesupport_introspection_cpp.hpp\n'}
[8.708457] (px4_msgs) StdoutLine: {'line': b'-- Up-to-date: /home/em/ros_workspace_2025/nav_ws/install/px4_msgs/include/px4_msgs/px4_msgs/msg/detail/failsafe_flags__type_support.cpp\n'}
[8.708478] (px4_msgs) StdoutLine: {'line': b'-- Up-to-date: /home/em/ros_workspace_2025/nav_ws/install/px4_msgs/include/px4_msgs/px4_msgs/msg/detail/camera_capture__rosidl_typesupport_introspection_cpp.hpp\n'}
[8.708501] (px4_msgs) StdoutLine: {'line': b'-- Up-to-date: /home/em/ros_workspace_2025/nav_ws/install/px4_msgs/include/px4_msgs/px4_msgs/msg/detail/vehicle_control_mode__type_support.cpp\n'}
[8.708525] (px4_msgs) StdoutLine: {'line': b'-- Up-to-date: /home/em/ros_workspace_2025/nav_ws/install/px4_msgs/include/px4_msgs/px4_msgs/msg/detail/gpio_config__rosidl_typesupport_introspection_cpp.hpp\n'}
[8.708548] (px4_msgs) StdoutLine: {'line': b'-- Up-to-date: /home/em/ros_workspace_2025/nav_ws/install/px4_msgs/include/px4_msgs/px4_msgs/msg/detail/airspeed__rosidl_typesupport_introspection_cpp.hpp\n'}
[8.708572] (px4_msgs) StdoutLine: {'line': b'-- Up-to-date: /home/em/ros_workspace_2025/nav_ws/install/px4_msgs/include/px4_msgs/px4_msgs/msg/detail/collision_constraints__type_support.cpp\n'}
[8.708595] (px4_msgs) StdoutLine: {'line': b'-- Up-to-date: /home/em/ros_workspace_2025/nav_ws/install/px4_msgs/include/px4_msgs/px4_msgs/msg/detail/debug_key_value__type_support.cpp\n'}
[8.708628] (px4_msgs) StdoutLine: {'line': b'-- Up-to-date: /home/em/ros_workspace_2025/nav_ws/install/px4_msgs/include/px4_msgs/px4_msgs/msg/detail/gpio_request__type_support.cpp\n'}
[8.708653] (px4_msgs) StdoutLine: {'line': b'-- Up-to-date: /home/em/ros_workspace_2025/nav_ws/install/px4_msgs/include/px4_msgs/px4_msgs/msg/detail/follow_target_status__type_support.cpp\n'}
[8.708674] (px4_msgs) StdoutLine: {'line': b'-- Up-to-date: /home/em/ros_workspace_2025/nav_ws/install/px4_msgs/include/px4_msgs/px4_msgs/msg/detail/message_format_response__type_support.cpp\n'}
[8.708696] (px4_msgs) StdoutLine: {'line': b'-- Up-to-date: /home/em/ros_workspace_2025/nav_ws/install/px4_msgs/include/px4_msgs/px4_msgs/msg/detail/autotune_attitude_control_status__rosidl_typesupport_introspection_cpp.hpp\n'}
[8.708717] (px4_msgs) StdoutLine: {'line': b'-- Up-to-date: /home/em/ros_workspace_2025/nav_ws/install/px4_msgs/include/px4_msgs/px4_msgs/msg/detail/estimator_innovations__rosidl_typesupport_introspection_cpp.hpp\n'}
[8.708738] (px4_msgs) StdoutLine: {'line': b'-- Up-to-date: /home/em/ros_workspace_2025/nav_ws/install/px4_msgs/include/px4_msgs/px4_msgs/msg/detail/sensor_gyro__type_support.cpp\n'}
[8.708759] (px4_msgs) StdoutLine: {'line': b'-- Up-to-date: /home/em/ros_workspace_2025/nav_ws/install/px4_msgs/include/px4_msgs/px4_msgs/msg/detail/gpio_in__type_support.cpp\n'}
[8.708784] (px4_msgs) StdoutLine: {'line': b'-- Up-to-date: /home/em/ros_workspace_2025/nav_ws/install/px4_msgs/include/px4_msgs/px4_msgs/msg/detail/gimbal_manager_status__type_support.cpp\n'}
[8.708807] (px4_msgs) StdoutLine: {'line': b'-- Up-to-date: /home/em/ros_workspace_2025/nav_ws/install/px4_msgs/include/px4_msgs/px4_msgs/msg/detail/parameter_reset_request__rosidl_typesupport_introspection_cpp.hpp\n'}
[8.708836] (px4_msgs) StdoutLine: {'line': b'-- Up-to-date: /home/em/ros_workspace_2025/nav_ws/install/px4_msgs/include/px4_msgs/px4_msgs/msg/detail/gpio_request__rosidl_typesupport_introspection_cpp.hpp\n'}
[8.708857] (px4_msgs) StdoutLine: {'line': b'-- Up-to-date: /home/em/ros_workspace_2025/nav_ws/install/px4_msgs/include/px4_msgs/px4_msgs/msg/detail/gimbal_manager_information__rosidl_typesupport_introspection_cpp.hpp\n'}
[8.708877] (px4_msgs) StdoutLine: {'line': b'-- Up-to-date: /home/em/ros_workspace_2025/nav_ws/install/px4_msgs/include/px4_msgs/px4_msgs/msg/detail/estimator_status__type_support.cpp\n'}
[8.708904] (px4_msgs) StdoutLine: {'line': b'-- Up-to-date: /home/em/ros_workspace_2025/nav_ws/install/px4_msgs/include/px4_msgs/px4_msgs/msg/detail/actuator_test__type_support.cpp\n'}
[8.708926] (px4_msgs) StdoutLine: {'line': b'-- Up-to-date: /home/em/ros_workspace_2025/nav_ws/install/px4_msgs/include/px4_msgs/px4_msgs/msg/detail/vehicle_local_position__type_support.cpp\n'}
[8.708946] (px4_msgs) StdoutLine: {'line': b'-- Up-to-date: /home/em/ros_workspace_2025/nav_ws/install/px4_msgs/include/px4_msgs/px4_msgs/msg/detail/orb_test_large__type_support.cpp\n'}
[8.708967] (px4_msgs) StdoutLine: {'line': b'-- Up-to-date: /home/em/ros_workspace_2025/nav_ws/install/px4_msgs/include/px4_msgs/px4_msgs/msg/detail/tiltrotor_extra_controls__rosidl_typesupport_introspection_cpp.hpp\n'}
[8.708988] (px4_msgs) StdoutLine: {'line': b'-- Up-to-date: /home/em/ros_workspace_2025/nav_ws/install/px4_msgs/include/px4_msgs/px4_msgs/msg/detail/adc_report__type_support.cpp\n'}
[8.709010] (px4_msgs) StdoutLine: {'line': b'-- Up-to-date: /home/em/ros_workspace_2025/nav_ws/install/px4_msgs/include/px4_msgs/px4_msgs/msg/detail/sensors_status_imu__type_support.cpp\n'}
[8.709031] (px4_msgs) StdoutLine: {'line': b'-- Up-to-date: /home/em/ros_workspace_2025/nav_ws/install/px4_msgs/include/px4_msgs/px4_msgs/msg/detail/event__rosidl_typesupport_introspection_cpp.hpp\n'}
[8.709053] (px4_msgs) StdoutLine: {'line': b'-- Up-to-date: /home/em/ros_workspace_2025/nav_ws/install/px4_msgs/include/px4_msgs/px4_msgs/msg/detail/sensor_correction__type_support.cpp\n'}
[8.709075] (px4_msgs) StdoutLine: {'line': b'-- Up-to-date: /home/em/ros_workspace_2025/nav_ws/install/px4_msgs/include/px4_msgs/px4_msgs/msg/detail/estimator_bias3d__rosidl_typesupport_introspection_cpp.hpp\n'}
[8.709096] (px4_msgs) StdoutLine: {'line': b'-- Up-to-date: /home/em/ros_workspace_2025/nav_ws/install/px4_msgs/include/px4_msgs/px4_msgs/msg/detail/vehicle_rates_setpoint__type_support.cpp\n'}
[8.709120] (px4_msgs) StdoutLine: {'line': b'-- Up-to-date: /home/em/ros_workspace_2025/nav_ws/install/px4_msgs/include/px4_msgs/px4_msgs/msg/detail/mag_worker_data__rosidl_typesupport_introspection_cpp.hpp\n'}
[8.709143] (px4_msgs) StdoutLine: {'line': b'-- Up-to-date: /home/em/ros_workspace_2025/nav_ws/install/px4_msgs/include/px4_msgs/px4_msgs/msg/detail/launch_detection_status__rosidl_typesupport_introspection_cpp.hpp\n'}
[8.709166] (px4_msgs) StdoutLine: {'line': b'-- Up-to-date: /home/em/ros_workspace_2025/nav_ws/install/px4_msgs/include/px4_msgs/px4_msgs/msg/detail/power_monitor__rosidl_typesupport_introspection_cpp.hpp\n'}
[8.709193] (px4_msgs) StdoutLine: {'line': b'-- Up-to-date: /home/em/ros_workspace_2025/nav_ws/install/px4_msgs/include/px4_msgs/px4_msgs/msg/detail/gimbal_manager_status__rosidl_typesupport_introspection_cpp.hpp\n'}
[8.709226] (px4_msgs) StdoutLine: {'line': b'-- Up-to-date: /home/em/ros_workspace_2025/nav_ws/install/px4_msgs/include/px4_msgs/px4_msgs/msg/detail/open_drone_id_system__rosidl_typesupport_introspection_cpp.hpp\n'}
[8.709251] (px4_msgs) StdoutLine: {'line': b'-- Up-to-date: /home/em/ros_workspace_2025/nav_ws/install/px4_msgs/include/px4_msgs/px4_msgs/msg/detail/rover_differential_setpoint__type_support.cpp\n'}
[8.709275] (px4_msgs) StdoutLine: {'line': b'-- Up-to-date: /home/em/ros_workspace_2025/nav_ws/install/px4_msgs/include/px4_msgs/px4_msgs/msg/detail/uavcan_parameter_value__type_support.cpp\n'}
[8.709299] (px4_msgs) StdoutLine: {'line': b'-- Up-to-date: /home/em/ros_workspace_2025/nav_ws/install/px4_msgs/include/px4_msgs/px4_msgs/msg/detail/rpm__type_support.cpp\n'}
[8.709332] (px4_msgs) StdoutLine: {'line': b'-- Up-to-date: /home/em/ros_workspace_2025/nav_ws/install/px4_msgs/include/px4_msgs/px4_msgs/msg/detail/rover_ackermann_guidance_status__rosidl_typesupport_introspection_cpp.hpp\n'}
[8.709354] (px4_msgs) StdoutLine: {'line': b'-- Up-to-date: /home/em/ros_workspace_2025/nav_ws/install/px4_msgs/include/px4_msgs/px4_msgs/msg/detail/ekf2_timestamps__type_support.cpp\n'}
[8.709377] (px4_msgs) StdoutLine: {'line': b'-- Up-to-date: /home/em/ros_workspace_2025/nav_ws/install/px4_msgs/include/px4_msgs/px4_msgs/msg/detail/vehicle_magnetometer__rosidl_typesupport_introspection_cpp.hpp\n'}
[8.709399] (px4_msgs) StdoutLine: {'line': b'-- Up-to-date: /home/em/ros_workspace_2025/nav_ws/install/px4_msgs/include/px4_msgs/px4_msgs/msg/detail/obstacle_distance__type_support.cpp\n'}
[8.709421] (px4_msgs) StdoutLine: {'line': b'-- Up-to-date: /home/em/ros_workspace_2025/nav_ws/install/px4_msgs/include/px4_msgs/px4_msgs/msg/detail/vehicle_optical_flow__type_support.cpp\n'}
[8.709442] (px4_msgs) StdoutLine: {'line': b'-- Up-to-date: /home/em/ros_workspace_2025/nav_ws/install/px4_msgs/include/px4_msgs/px4_msgs/msg/detail/open_drone_id_self_id__type_support.cpp\n'}
[8.709463] (px4_msgs) StdoutLine: {'line': b'-- Up-to-date: /home/em/ros_workspace_2025/nav_ws/install/px4_msgs/include/px4_msgs/px4_msgs/msg/detail/estimator_status_flags__rosidl_typesupport_introspection_cpp.hpp\n'}
[8.709489] (px4_msgs) StdoutLine: {'line': b'-- Up-to-date: /home/em/ros_workspace_2025/nav_ws/install/px4_msgs/include/px4_msgs/px4_msgs/msg/detail/takeoff_status__type_support.cpp\n'}
[8.709513] (px4_msgs) StdoutLine: {'line': b'-- Up-to-date: /home/em/ros_workspace_2025/nav_ws/install/px4_msgs/include/px4_msgs/px4_msgs/msg/detail/mavlink_log__type_support.cpp\n'}
[8.709533] (px4_msgs) StdoutLine: {'line': b'-- Up-to-date: /home/em/ros_workspace_2025/nav_ws/install/px4_msgs/include/px4_msgs/px4_msgs/msg/detail/failure_detector_status__rosidl_typesupport_introspection_cpp.hpp\n'}
[8.709554] (px4_msgs) StdoutLine: {'line': b'-- Up-to-date: /home/em/ros_workspace_2025/nav_ws/install/px4_msgs/include/px4_msgs/px4_msgs/msg/detail/normalized_unsigned_setpoint__type_support.cpp\n'}
[8.709574] (px4_msgs) StdoutLine: {'line': b'-- Up-to-date: /home/em/ros_workspace_2025/nav_ws/install/px4_msgs/include/px4_msgs/px4_msgs/msg/detail/logger_status__rosidl_typesupport_introspection_cpp.hpp\n'}
[8.709595] (px4_msgs) StdoutLine: {'line': b'-- Up-to-date: /home/em/ros_workspace_2025/nav_ws/install/px4_msgs/include/px4_msgs/px4_msgs/msg/detail/mount_orientation__rosidl_typesupport_introspection_cpp.hpp\n'}
[8.709618] (px4_msgs) StdoutLine: {'line': b'-- Up-to-date: /home/em/ros_workspace_2025/nav_ws/install/px4_msgs/include/px4_msgs/px4_msgs/msg/detail/geofence_result__rosidl_typesupport_introspection_cpp.hpp\n'}
[8.709638] (px4_msgs) StdoutLine: {'line': b'-- Up-to-date: /home/em/ros_workspace_2025/nav_ws/install/px4_msgs/include/px4_msgs/px4_msgs/msg/detail/unregister_ext_component__type_support.cpp\n'}
[8.709659] (px4_msgs) StdoutLine: {'line': b'-- Up-to-date: /home/em/ros_workspace_2025/nav_ws/install/px4_msgs/include/px4_msgs/px4_msgs/msg/detail/open_drone_id_self_id__rosidl_typesupport_introspection_cpp.hpp\n'}
[8.709699] (px4_msgs) StdoutLine: {'line': b'-- Up-to-date: /home/em/ros_workspace_2025/nav_ws/install/px4_msgs/include/px4_msgs/px4_msgs/msg/detail/sensor_gyro_fifo__type_support.cpp\n'}
[8.709720] (px4_msgs) StdoutLine: {'line': b'-- Up-to-date: /home/em/ros_workspace_2025/nav_ws/install/px4_msgs/include/px4_msgs/px4_msgs/msg/detail/velocity_limits__type_support.cpp\n'}
[8.709741] (px4_msgs) StdoutLine: {'line': b'-- Up-to-date: /home/em/ros_workspace_2025/nav_ws/install/px4_msgs/include/px4_msgs/px4_msgs/msg/detail/tune_control__rosidl_typesupport_introspection_cpp.hpp\n'}
[8.709763] (px4_msgs) StdoutLine: {'line': b'-- Up-to-date: /home/em/ros_workspace_2025/nav_ws/install/px4_msgs/include/px4_msgs/px4_msgs/msg/detail/vehicle_angular_velocity__rosidl_typesupport_introspection_cpp.hpp\n'}
[8.709785] (px4_msgs) StdoutLine: {'line': b'-- Up-to-date: /home/em/ros_workspace_2025/nav_ws/install/px4_msgs/include/px4_msgs/px4_msgs/msg/detail/vehicle_global_position__type_support.cpp\n'}
[8.709811] (px4_msgs) StdoutLine: {'line': b'-- Up-to-date: /home/em/ros_workspace_2025/nav_ws/install/px4_msgs/include/px4_msgs/px4_msgs/msg/detail/dataman_request__rosidl_typesupport_introspection_cpp.hpp\n'}
[8.709833] (px4_msgs) StdoutLine: {'line': b'-- Up-to-date: /home/em/ros_workspace_2025/nav_ws/install/px4_msgs/include/px4_msgs/px4_msgs/msg/detail/vehicle_acceleration__type_support.cpp\n'}
[8.709853] (px4_msgs) StdoutLine: {'line': b'-- Up-to-date: /home/em/ros_workspace_2025/nav_ws/install/px4_msgs/include/px4_msgs/px4_msgs/msg/detail/landing_target_pose__rosidl_typesupport_introspection_cpp.hpp\n'}
[8.709874] (px4_msgs) StdoutLine: {'line': b'-- Up-to-date: /home/em/ros_workspace_2025/nav_ws/install/px4_msgs/include/px4_msgs/px4_msgs/msg/detail/actuator_outputs__rosidl_typesupport_introspection_cpp.hpp\n'}
[8.709895] (px4_msgs) StdoutLine: {'line': b'-- Up-to-date: /home/em/ros_workspace_2025/nav_ws/install/px4_msgs/include/px4_msgs/px4_msgs/msg/detail/airspeed_validated__rosidl_typesupport_introspection_cpp.hpp\n'}
[8.709917] (px4_msgs) StdoutLine: {'line': b'-- Up-to-date: /home/em/ros_workspace_2025/nav_ws/install/px4_msgs/include/px4_msgs/px4_msgs/msg/detail/gimbal_device_set_attitude__rosidl_typesupport_introspection_cpp.hpp\n'}
[8.709938] (px4_msgs) StdoutLine: {'line': b'-- Up-to-date: /home/em/ros_workspace_2025/nav_ws/install/px4_msgs/include/px4_msgs/px4_msgs/msg/detail/vehicle_constraints__type_support.cpp\n'}
[8.709958] (px4_msgs) StdoutLine: {'line': b'-- Up-to-date: /home/em/ros_workspace_2025/nav_ws/install/px4_msgs/include/px4_msgs/px4_msgs/msg/detail/trajectory_setpoint__type_support.cpp\n'}
[8.709979] (px4_msgs) StdoutLine: {'line': b'-- Up-to-date: /home/em/ros_workspace_2025/nav_ws/install/px4_msgs/include/px4_msgs/px4_msgs/msg/detail/vehicle_land_detected__type_support.cpp\n'}
[8.710001] (px4_msgs) StdoutLine: {'line': b'-- Up-to-date: /home/em/ros_workspace_2025/nav_ws/install/px4_msgs/include/px4_msgs/px4_msgs/msg/detail/orb_test__type_support.cpp\n'}
[8.710024] (px4_msgs) StdoutLine: {'line': b'-- Up-to-date: /home/em/ros_workspace_2025/nav_ws/install/px4_msgs/include/px4_msgs/px4_msgs/msg/detail/uavcan_parameter_request__rosidl_typesupport_introspection_cpp.hpp\n'}
[8.710046] (px4_msgs) StdoutLine: {'line': b'-- Up-to-date: /home/em/ros_workspace_2025/nav_ws/install/px4_msgs/include/px4_msgs/px4_msgs/msg/detail/vehicle_roi__rosidl_typesupport_introspection_cpp.hpp\n'}
[8.710069] (px4_msgs) StdoutLine: {'line': b'-- Up-to-date: /home/em/ros_workspace_2025/nav_ws/install/px4_msgs/include/px4_msgs/px4_msgs/msg/detail/debug_key_value__rosidl_typesupport_introspection_cpp.hpp\n'}
[8.710091] (px4_msgs) StdoutLine: {'line': b'-- Up-to-date: /home/em/ros_workspace_2025/nav_ws/install/px4_msgs/include/px4_msgs/px4_msgs/msg/detail/vehicle_imu__type_support.cpp\n'}
[8.710115] (px4_msgs) StdoutLine: {'line': b'-- Up-to-date: /home/em/ros_workspace_2025/nav_ws/install/px4_msgs/include/px4_msgs/px4_msgs/msg/detail/open_drone_id_operator_id__rosidl_typesupport_introspection_cpp.hpp\n'}
[8.710137] (px4_msgs) StdoutLine: {'line': b'-- Up-to-date: /home/em/ros_workspace_2025/nav_ws/install/px4_msgs/include/px4_msgs/px4_msgs/msg/detail/orb_test_medium__type_support.cpp\n'}
[8.710159] (px4_msgs) StdoutLine: {'line': b'-- Up-to-date: /home/em/ros_workspace_2025/nav_ws/install/px4_msgs/include/px4_msgs/px4_msgs/msg/detail/cellular_status__rosidl_typesupport_introspection_cpp.hpp\n'}
[8.710182] (px4_msgs) StdoutLine: {'line': b'-- Up-to-date: /home/em/ros_workspace_2025/nav_ws/install/px4_msgs/include/px4_msgs/px4_msgs/msg/detail/ping__rosidl_typesupport_introspection_cpp.hpp\n'}
[8.710218] (px4_msgs) StdoutLine: {'line': b'-- Up-to-date: /home/em/ros_workspace_2025/nav_ws/install/px4_msgs/include/px4_msgs/px4_msgs/msg/detail/debug_vect__rosidl_typesupport_introspection_cpp.hpp\n'}
[8.710242] (px4_msgs) StdoutLine: {'line': b'-- Up-to-date: /home/em/ros_workspace_2025/nav_ws/install/px4_msgs/include/px4_msgs/px4_msgs/msg/detail/vehicle_global_position__rosidl_typesupport_introspection_cpp.hpp\n'}
[8.710266] (px4_msgs) StdoutLine: {'line': b'-- Up-to-date: /home/em/ros_workspace_2025/nav_ws/install/px4_msgs/include/px4_msgs/px4_msgs/msg/detail/trajectory_setpoint__rosidl_typesupport_introspection_cpp.hpp\n'}
[8.710295] (px4_msgs) StdoutLine: {'line': b'-- Up-to-date: /home/em/ros_workspace_2025/nav_ws/install/px4_msgs/include/px4_msgs/px4_msgs/msg/detail/parameter_set_used_request__rosidl_typesupport_introspection_cpp.hpp\n'}
[8.710371] (px4_msgs) StdoutLine: {'line': b'-- Up-to-date: /home/em/ros_workspace_2025/nav_ws/install/px4_msgs/include/px4_msgs/px4_msgs/msg/detail/camera_trigger__type_support.cpp\n'}
[8.710505] (px4_msgs) StdoutLine: {'line': b'-- Up-to-date: /home/em/ros_workspace_2025/nav_ws/install/px4_msgs/include/px4_msgs/px4_msgs/msg/detail/internal_combustion_engine_status__type_support.cpp\n'}
[8.710593] (px4_msgs) StdoutLine: {'line': b'-- Up-to-date: /home/em/ros_workspace_2025/nav_ws/install/px4_msgs/include/px4_msgs/px4_msgs/msg/detail/esc_report__type_support.cpp\n'}
[8.710680] (px4_msgs) StdoutLine: {'line': b'-- Up-to-date: /home/em/ros_workspace_2025/nav_ws/install/px4_msgs/include/px4_msgs/px4_msgs/msg/detail/sensor_airflow__type_support.cpp\n'}
[8.710741] (px4_msgs) StdoutLine: {'line': b'-- Up-to-date: /home/em/ros_workspace_2025/nav_ws/install/px4_msgs/include/px4_msgs/px4_msgs/msg/detail/sensor_optical_flow__type_support.cpp\n'}
[8.710809] (px4_msgs) StdoutLine: {'line': b'-- Up-to-date: /home/em/ros_workspace_2025/nav_ws/install/px4_msgs/include/px4_msgs/px4_msgs/msg/detail/input_rc__type_support.cpp\n'}
[8.710865] (px4_msgs) StdoutLine: {'line': b'-- Up-to-date: /home/em/ros_workspace_2025/nav_ws/install/px4_msgs/include/px4_msgs/px4_msgs/msg/detail/distance_sensor__rosidl_typesupport_introspection_cpp.hpp\n'}
[8.710931] (px4_msgs) StdoutLine: {'line': b'-- Up-to-date: /home/em/ros_workspace_2025/nav_ws/install/px4_msgs/include/px4_msgs/px4_msgs/msg/detail/adc_report__rosidl_typesupport_introspection_cpp.hpp\n'}
[8.710987] (px4_msgs) StdoutLine: {'line': b'-- Up-to-date: /home/em/ros_workspace_2025/nav_ws/install/px4_msgs/include/px4_msgs/px4_msgs/msg/detail/register_ext_component_reply__rosidl_typesupport_introspection_cpp.hpp\n'}
[8.711041] (px4_msgs) StdoutLine: {'line': b'-- Up-to-date: /home/em/ros_workspace_2025/nav_ws/install/px4_msgs/include/px4_msgs/px4_msgs/msg/detail/gimbal_manager_set_attitude__type_support.cpp\n'}
[8.711104] (px4_msgs) StdoutLine: {'line': b'-- Up-to-date: /home/em/ros_workspace_2025/nav_ws/install/px4_msgs/include/px4_msgs/px4_msgs/msg/detail/orbit_status__rosidl_typesupport_introspection_cpp.hpp\n'}
[8.711159] (px4_msgs) StdoutLine: {'line': b'-- Up-to-date: /home/em/ros_workspace_2025/nav_ws/install/px4_msgs/include/px4_msgs/px4_msgs/msg/detail/vehicle_angular_velocity__type_support.cpp\n'}
[8.711242] (px4_msgs) StdoutLine: {'line': b'-- Up-to-date: /home/em/ros_workspace_2025/nav_ws/install/px4_msgs/include/px4_msgs/px4_msgs/msg/detail/parameter_set_value_request__rosidl_typesupport_introspection_cpp.hpp\n'}
[8.711349] (px4_msgs) StdoutLine: {'line': b'-- Up-to-date: /home/em/ros_workspace_2025/nav_ws/install/px4_msgs/include/px4_msgs/px4_msgs/msg/detail/config_overrides__type_support.cpp\n'}
[8.711583] (px4_msgs) StdoutLine: {'line': b'-- Up-to-date: /home/em/ros_workspace_2025/nav_ws/install/px4_msgs/include/px4_msgs/px4_msgs/msg/detail/actuator_armed__type_support.cpp\n'}
[8.711668] (px4_msgs) StdoutLine: {'line': b'-- Up-to-date: /home/em/ros_workspace_2025/nav_ws/install/px4_msgs/include/px4_msgs/px4_msgs/msg/detail/pwm_input__rosidl_typesupport_introspection_cpp.hpp\n'}
[8.711724] (px4_msgs) StdoutLine: {'line': b'-- Up-to-date: /home/em/ros_workspace_2025/nav_ws/install/px4_msgs/include/px4_msgs/px4_msgs/msg/detail/message_format_request__type_support.cpp\n'}
[8.711809] (px4_msgs) StdoutLine: {'line': b'-- Up-to-date: /home/em/ros_workspace_2025/nav_ws/install/px4_msgs/include/px4_msgs/px4_msgs/msg/detail/ulog_stream_ack__type_support.cpp\n'}
[8.711875] (px4_msgs) StdoutLine: {'line': b'-- Up-to-date: /home/em/ros_workspace_2025/nav_ws/install/px4_msgs/include/px4_msgs/px4_msgs/msg/detail/actuator_servos__type_support.cpp\n'}
[8.711933] (px4_msgs) StdoutLine: {'line': b'-- Up-to-date: /home/em/ros_workspace_2025/nav_ws/install/px4_msgs/include/px4_msgs/px4_msgs/msg/detail/launch_detection_status__type_support.cpp\n'}
[8.711998] (px4_msgs) StdoutLine: {'line': b'-- Up-to-date: /home/em/ros_workspace_2025/nav_ws/install/px4_msgs/include/px4_msgs/px4_msgs/msg/detail/register_ext_component_request__rosidl_typesupport_introspection_cpp.hpp\n'}
[8.712064] (px4_msgs) StdoutLine: {'line': b'-- Up-to-date: /home/em/ros_workspace_2025/nav_ws/install/px4_msgs/include/px4_msgs/px4_msgs/msg/detail/parameter_reset_request__type_support.cpp\n'}
[8.712129] (px4_msgs) StdoutLine: {'line': b'-- Up-to-date: /home/em/ros_workspace_2025/nav_ws/install/px4_msgs/include/px4_msgs/px4_msgs/msg/detail/sensor_hygrometer__type_support.cpp\n'}
[8.712255] (px4_msgs) StdoutLine: {'line': b'-- Up-to-date: /home/em/ros_workspace_2025/nav_ws/install/px4_msgs/include/px4_msgs/px4_msgs/msg/detail/gimbal_controls__type_support.cpp\n'}
[8.712350] (px4_msgs) StdoutLine: {'line': b'-- Up-to-date: /home/em/ros_workspace_2025/nav_ws/install/px4_msgs/include/px4_msgs/px4_msgs/msg/detail/telemetry_status__type_support.cpp\n'}
[8.712413] (px4_msgs) StdoutLine: {'line': b'-- Up-to-date: /home/em/ros_workspace_2025/nav_ws/install/px4_msgs/include/px4_msgs/px4_msgs/msg/detail/pwm_input__type_support.cpp\n'}
[8.712495] (px4_msgs) StdoutLine: {'line': b'-- Up-to-date: /home/em/ros_workspace_2025/nav_ws/install/px4_msgs/include/px4_msgs/px4_msgs/msg/detail/satellite_info__rosidl_typesupport_introspection_cpp.hpp\n'}
[8.712525] (px4_msgs) StdoutLine: {'line': b'-- Up-to-date: /home/em/ros_workspace_2025/nav_ws/install/px4_msgs/include/px4_msgs/px4_msgs/msg/detail/gimbal_manager_set_attitude__rosidl_typesupport_introspection_cpp.hpp\n'}
[8.712551] (px4_msgs) StdoutLine: {'line': b'-- Up-to-date: /home/em/ros_workspace_2025/nav_ws/install/px4_msgs/include/px4_msgs/px4_msgs/msg/detail/mavlink_log__rosidl_typesupport_introspection_cpp.hpp\n'}
[8.712586] (px4_msgs) StdoutLine: {'line': b'-- Up-to-date: /home/em/ros_workspace_2025/nav_ws/install/px4_msgs/include/px4_msgs/px4_msgs/msg/detail/orbit_status__type_support.cpp\n'}
[8.712613] (px4_msgs) StdoutLine: {'line': b'-- Up-to-date: /home/em/ros_workspace_2025/nav_ws/install/px4_msgs/include/px4_msgs/px4_msgs/msg/detail/vehicle_command__type_support.cpp\n'}
[8.712642] (px4_msgs) StdoutLine: {'line': b'-- Up-to-date: /home/em/ros_workspace_2025/nav_ws/install/px4_msgs/include/px4_msgs/px4_msgs/msg/detail/arming_check_request__type_support.cpp\n'}
[8.712679] (px4_msgs) StdoutLine: {'line': b'-- Up-to-date: /home/em/ros_workspace_2025/nav_ws/install/px4_msgs/include/px4_msgs/px4_msgs/msg/detail/open_drone_id_operator_id__type_support.cpp\n'}
[8.712704] (px4_msgs) StdoutLine: {'line': b'-- Up-to-date: /home/em/ros_workspace_2025/nav_ws/install/px4_msgs/include/px4_msgs/px4_msgs/msg/detail/sensor_combined__type_support.cpp\n'}
[8.712727] (px4_msgs) StdoutLine: {'line': b'-- Up-to-date: /home/em/ros_workspace_2025/nav_ws/install/px4_msgs/include/px4_msgs/px4_msgs/msg/detail/rover_mecanum_status__rosidl_typesupport_introspection_cpp.hpp\n'}
[8.712751] (px4_msgs) StdoutLine: {'line': b'-- Up-to-date: /home/em/ros_workspace_2025/nav_ws/install/px4_msgs/include/px4_msgs/px4_msgs/msg/detail/vehicle_local_position_setpoint__rosidl_typesupport_introspection_cpp.hpp\n'}
[8.712775] (px4_msgs) StdoutLine: {'line': b'-- Up-to-date: /home/em/ros_workspace_2025/nav_ws/install/px4_msgs/include/px4_msgs/px4_msgs/msg/detail/timesync_status__type_support.cpp\n'}
[8.712798] (px4_msgs) StdoutLine: {'line': b'-- Up-to-date: /home/em/ros_workspace_2025/nav_ws/install/px4_msgs/include/px4_msgs/px4_msgs/msg/detail/estimator_gps_status__rosidl_typesupport_introspection_cpp.hpp\n'}
[8.712839] (px4_msgs) StdoutLine: {'line': b'-- Up-to-date: /home/em/ros_workspace_2025/nav_ws/install/px4_msgs/include/px4_msgs/px4_msgs/msg/detail/qshell_retval__type_support.cpp\n'}
[8.712911] (px4_msgs) StdoutLine: {'line': b'-- Up-to-date: /home/em/ros_workspace_2025/nav_ws/install/px4_msgs/include/px4_msgs/px4_msgs/msg/detail/message_format_request__rosidl_typesupport_introspection_cpp.hpp\n'}
[8.712957] (px4_msgs) StdoutLine: {'line': b'-- Up-to-date: /home/em/ros_workspace_2025/nav_ws/install/px4_msgs/include/px4_msgs/px4_msgs/msg/detail/satellite_info__type_support.cpp\n'}
[8.712983] (px4_msgs) StdoutLine: {'line': b'-- Up-to-date: /home/em/ros_workspace_2025/nav_ws/install/px4_msgs/include/px4_msgs/px4_msgs/msg/detail/gpio_config__type_support.cpp\n'}
[8.713007] (px4_msgs) StdoutLine: {'line': b'-- Up-to-date: /home/em/ros_workspace_2025/nav_ws/install/px4_msgs/include/px4_msgs/px4_msgs/msg/detail/sensor_optical_flow__rosidl_typesupport_introspection_cpp.hpp\n'}
[8.713031] (px4_msgs) StdoutLine: {'line': b'-- Up-to-date: /home/em/ros_workspace_2025/nav_ws/install/px4_msgs/include/px4_msgs/px4_msgs/msg/detail/generator_status__type_support.cpp\n'}
[8.713055] (px4_msgs) StdoutLine: {'line': b'-- Up-to-date: /home/em/ros_workspace_2025/nav_ws/install/px4_msgs/include/px4_msgs/px4_msgs/msg/detail/estimator_bias__type_support.cpp\n'}
[8.713078] (px4_msgs) StdoutLine: {'line': b'-- Up-to-date: /home/em/ros_workspace_2025/nav_ws/install/px4_msgs/include/px4_msgs/px4_msgs/msg/detail/vehicle_torque_setpoint__rosidl_typesupport_introspection_cpp.hpp\n'}
[8.713101] (px4_msgs) StdoutLine: {'line': b'-- Up-to-date: /home/em/ros_workspace_2025/nav_ws/install/px4_msgs/include/px4_msgs/px4_msgs/msg/detail/actuator_armed__rosidl_typesupport_introspection_cpp.hpp\n'}
[8.713129] (px4_msgs) StdoutLine: {'line': b'-- Up-to-date: /home/em/ros_workspace_2025/nav_ws/install/px4_msgs/include/px4_msgs/px4_msgs/msg/detail/arming_check_reply__type_support.cpp\n'}
[8.713153] (px4_msgs) StdoutLine: {'line': b'-- Up-to-date: /home/em/ros_workspace_2025/nav_ws/install/px4_msgs/include/px4_msgs/px4_msgs/msg/detail/sensor_mag__rosidl_typesupport_introspection_cpp.hpp\n'}
[8.713183] (px4_msgs) StdoutLine: {'line': b'-- Up-to-date: /home/em/ros_workspace_2025/nav_ws/install/px4_msgs/include/px4_msgs/px4_msgs/msg/detail/health_report__type_support.cpp\n'}
[8.713215] (px4_msgs) StdoutLine: {'line': b'-- Up-to-date: /home/em/ros_workspace_2025/nav_ws/install/px4_msgs/include/px4_msgs/px4_msgs/msg/detail/sensor_accel_fifo__rosidl_typesupport_introspection_cpp.hpp\n'}
[8.713238] (px4_msgs) StdoutLine: {'line': b'-- Up-to-date: /home/em/ros_workspace_2025/nav_ws/install/px4_msgs/include/px4_msgs/px4_msgs/msg/detail/gimbal_device_attitude_status__type_support.cpp\n'}
[8.713259] (px4_msgs) StdoutLine: {'line': b'-- Up-to-date: /home/em/ros_workspace_2025/nav_ws/install/px4_msgs/include/px4_msgs/px4_msgs/msg/detail/actuator_servos_trim__rosidl_typesupport_introspection_cpp.hpp\n'}
[8.713289] (px4_msgs) StdoutLine: {'line': b'-- Up-to-date: /home/em/ros_workspace_2025/nav_ws/install/px4_msgs/include/px4_msgs/px4_msgs/msg/detail/estimator_aid_source2d__rosidl_typesupport_introspection_cpp.hpp\n'}
[8.713317] (px4_msgs) StdoutLine: {'line': b'-- Up-to-date: /home/em/ros_workspace_2025/nav_ws/install/px4_msgs/include/px4_msgs/px4_msgs/msg/detail/vehicle_status__rosidl_typesupport_introspection_cpp.hpp\n'}
[8.713341] (px4_msgs) StdoutLine: {'line': b'-- Up-to-date: /home/em/ros_workspace_2025/nav_ws/install/px4_msgs/include/px4_msgs/px4_msgs/msg/detail/follow_target__rosidl_typesupport_introspection_cpp.hpp\n'}
[8.713364] (px4_msgs) StdoutLine: {'line': b'-- Up-to-date: /home/em/ros_workspace_2025/nav_ws/install/px4_msgs/include/px4_msgs/px4_msgs/msg/detail/rover_differential_guidance_status__rosidl_typesupport_introspection_cpp.hpp\n'}
[8.713387] (px4_msgs) StdoutLine: {'line': b'-- Up-to-date: /home/em/ros_workspace_2025/nav_ws/install/px4_msgs/include/px4_msgs/px4_msgs/msg/detail/actuator_outputs__type_support.cpp\n'}
[8.713418] (px4_msgs) StdoutLine: {'line': b'-- Up-to-date: /home/em/ros_workspace_2025/nav_ws/install/px4_msgs/include/px4_msgs/px4_msgs/msg/detail/landing_target_innovations__type_support.cpp\n'}
[8.713444] (px4_msgs) StdoutLine: {'line': b'-- Up-to-date: /home/em/ros_workspace_2025/nav_ws/install/px4_msgs/include/px4_msgs/px4_msgs/msg/detail/collision_report__rosidl_typesupport_introspection_cpp.hpp\n'}
[8.713478] (px4_msgs) StdoutLine: {'line': b'-- Up-to-date: /home/em/ros_workspace_2025/nav_ws/install/px4_msgs/include/px4_msgs/px4_msgs/msg/detail/estimator_states__type_support.cpp\n'}
[8.713512] (px4_msgs) StdoutLine: {'line': b'-- Up-to-date: /home/em/ros_workspace_2025/nav_ws/install/px4_msgs/include/px4_msgs/px4_msgs/msg/detail/debug_vect__type_support.cpp\n'}
[8.713545] (px4_msgs) StdoutLine: {'line': b'-- Up-to-date: /home/em/ros_workspace_2025/nav_ws/install/px4_msgs/include/px4_msgs/px4_msgs/msg/detail/mission__type_support.cpp\n'}
[8.713578] (px4_msgs) StdoutLine: {'line': b'-- Up-to-date: /home/em/ros_workspace_2025/nav_ws/install/px4_msgs/include/px4_msgs/px4_msgs/msg/detail/action_request__type_support.cpp\n'}
[8.713602] (px4_msgs) StdoutLine: {'line': b'-- Up-to-date: /home/em/ros_workspace_2025/nav_ws/install/px4_msgs/include/px4_msgs/px4_msgs/msg/detail/battery_status__type_support.cpp\n'}
[8.713626] (px4_msgs) StdoutLine: {'line': b'-- Up-to-date: /home/em/ros_workspace_2025/nav_ws/install/px4_msgs/include/px4_msgs/px4_msgs/msg/detail/rover_ackermann_status__rosidl_typesupport_introspection_cpp.hpp\n'}
[8.713649] (px4_msgs) StdoutLine: {'line': b'-- Up-to-date: /home/em/ros_workspace_2025/nav_ws/install/px4_msgs/include/px4_msgs/px4_msgs/msg/detail/mode_completed__type_support.cpp\n'}
[8.713673] (px4_msgs) StdoutLine: {'line': b'-- Up-to-date: /home/em/ros_workspace_2025/nav_ws/install/px4_msgs/include/px4_msgs/px4_msgs/msg/detail/estimator_aid_source3d__type_support.cpp\n'}
[8.713699] (px4_msgs) StdoutLine: {'line': b'-- Up-to-date: /home/em/ros_workspace_2025/nav_ws/install/px4_msgs/include/px4_msgs/px4_msgs/msg/detail/dataman_request__type_support.cpp\n'}
[8.713722] (px4_msgs) StdoutLine: {'line': b'-- Up-to-date: /home/em/ros_workspace_2025/nav_ws/install/px4_msgs/include/px4_msgs/px4_msgs/msg/detail/vehicle_local_position__rosidl_typesupport_introspection_cpp.hpp\n'}
[8.713751] (px4_msgs) StdoutLine: {'line': b'-- Up-to-date: /home/em/ros_workspace_2025/nav_ws/install/px4_msgs/include/px4_msgs/px4_msgs/msg/detail/geofence_result__type_support.cpp\n'}
[8.713780] (px4_msgs) StdoutLine: {'line': b'-- Up-to-date: /home/em/ros_workspace_2025/nav_ws/install/px4_msgs/include/px4_msgs/px4_msgs/msg/detail/failure_detector_status__type_support.cpp\n'}
[8.713804] (px4_msgs) StdoutLine: {'line': b'-- Up-to-date: /home/em/ros_workspace_2025/nav_ws/install/px4_msgs/include/px4_msgs/px4_msgs/msg/detail/estimator_sensor_bias__rosidl_typesupport_introspection_cpp.hpp\n'}
[8.713835] (px4_msgs) StdoutLine: {'line': b'-- Up-to-date: /home/em/ros_workspace_2025/nav_ws/install/px4_msgs/include/px4_msgs/px4_msgs/msg/detail/rover_differential_status__type_support.cpp\n'}
[8.713861] (px4_msgs) StdoutLine: {'line': b'-- Up-to-date: /home/em/ros_workspace_2025/nav_ws/install/px4_msgs/include/px4_msgs/px4_msgs/msg/detail/velocity_limits__rosidl_typesupport_introspection_cpp.hpp\n'}
[8.713886] (px4_msgs) StdoutLine: {'line': b'-- Up-to-date: /home/em/ros_workspace_2025/nav_ws/install/px4_msgs/include/px4_msgs/px4_msgs/msg/detail/wind__rosidl_typesupport_introspection_cpp.hpp\n'}
[8.713910] (px4_msgs) StdoutLine: {'line': b'-- Up-to-date: /home/em/ros_workspace_2025/nav_ws/install/px4_msgs/include/px4_msgs/px4_msgs/msg/detail/vehicle_trajectory_bezier__rosidl_typesupport_introspection_cpp.hpp\n'}
[8.713935] (px4_msgs) StdoutLine: {'line': b'-- Up-to-date: /home/em/ros_workspace_2025/nav_ws/install/px4_msgs/include/px4_msgs/px4_msgs/msg/detail/estimator_event_flags__type_support.cpp\n'}
[8.713959] (px4_msgs) StdoutLine: {'line': b'-- Up-to-date: /home/em/ros_workspace_2025/nav_ws/install/px4_msgs/include/px4_msgs/px4_msgs/msg/detail/position_setpoint__type_support.cpp\n'}
[8.713994] (px4_msgs) StdoutLine: {'line': b'-- Up-to-date: /home/em/ros_workspace_2025/nav_ws/install/px4_msgs/include/px4_msgs/px4_msgs/msg/detail/vehicle_attitude__type_support.cpp\n'}
[8.714021] (px4_msgs) StdoutLine: {'line': b'-- Up-to-date: /home/em/ros_workspace_2025/nav_ws/install/px4_msgs/include/px4_msgs/px4_msgs/msg/detail/system_power__type_support.cpp\n'}
[8.714048] (px4_msgs) StdoutLine: {'line': b'-- Up-to-date: /home/em/ros_workspace_2025/nav_ws/install/px4_msgs/include/px4_msgs/px4_msgs/msg/detail/heater_status__type_support.cpp\n'}
[8.714081] (px4_msgs) StdoutLine: {'line': b'-- Up-to-date: /home/em/ros_workspace_2025/nav_ws/install/px4_msgs/include/px4_msgs/px4_msgs/msg/detail/trajectory_waypoint__rosidl_typesupport_introspection_cpp.hpp\n'}
[8.714122] (px4_msgs) StdoutLine: {'line': b'-- Up-to-date: /home/em/ros_workspace_2025/nav_ws/install/px4_msgs/include/px4_msgs/px4_msgs/msg/detail/action_request__rosidl_typesupport_introspection_cpp.hpp\n'}
[8.714155] (px4_msgs) StdoutLine: {'line': b'-- Up-to-date: /home/em/ros_workspace_2025/nav_ws/install/px4_msgs/include/px4_msgs/px4_msgs/msg/detail/airspeed__type_support.cpp\n'}
[8.714180] (px4_msgs) StdoutLine: {'line': b'-- Up-to-date: /home/em/ros_workspace_2025/nav_ws/install/px4_msgs/include/px4_msgs/px4_msgs/msg/detail/estimator_sensor_bias__type_support.cpp\n'}
[8.714211] (px4_msgs) StdoutLine: {'line': b'-- Up-to-date: /home/em/ros_workspace_2025/nav_ws/install/px4_msgs/include/px4_msgs/px4_msgs/msg/detail/irlock_report__type_support.cpp\n'}
[8.714298] (px4_msgs) StdoutLine: {'line': b'-- Up-to-date: /home/em/ros_workspace_2025/nav_ws/install/px4_msgs/include/px4_msgs/px4_msgs/msg/detail/tecs_status__rosidl_typesupport_introspection_cpp.hpp\n'}
[8.714399] (px4_msgs) StdoutLine: {'line': b'-- Up-to-date: /home/em/ros_workspace_2025/nav_ws/install/px4_msgs/include/px4_msgs/px4_msgs/msg/detail/actuator_motors__type_support.cpp\n'}
[8.714434] (px4_msgs) StdoutLine: {'line': b'-- Up-to-date: /home/em/ros_workspace_2025/nav_ws/install/px4_msgs/include/px4_msgs/px4_msgs/msg/detail/figure_eight_status__type_support.cpp\n'}
[8.714461] (px4_msgs) StdoutLine: {'line': b'-- Up-to-date: /home/em/ros_workspace_2025/nav_ws/install/px4_msgs/include/px4_msgs/px4_msgs/msg/detail/sensor_gyro__rosidl_typesupport_introspection_cpp.hpp\n'}
[8.714487] (px4_msgs) StdoutLine: {'line': b'-- Up-to-date: /home/em/ros_workspace_2025/nav_ws/install/px4_msgs/include/px4_msgs/px4_msgs/msg/detail/estimator_status_flags__type_support.cpp\n'}
[8.714539] (px4_msgs) StdoutLine: {'line': b'-- Up-to-date: /home/em/ros_workspace_2025/nav_ws/install/px4_msgs/include/px4_msgs/px4_msgs/msg/detail/estimator_selector_status__type_support.cpp\n'}
[8.714565] (px4_msgs) StdoutLine: {'line': b'-- Up-to-date: /home/em/ros_workspace_2025/nav_ws/install/px4_msgs/include/px4_msgs/px4_msgs/msg/detail/flight_phase_estimation__type_support.cpp\n'}
[8.714590] (px4_msgs) StdoutLine: {'line': b'-- Up-to-date: /home/em/ros_workspace_2025/nav_ws/install/px4_msgs/include/px4_msgs/px4_msgs/msg/detail/figure_eight_status__rosidl_typesupport_introspection_cpp.hpp\n'}
[8.714615] (px4_msgs) StdoutLine: {'line': b'-- Up-to-date: /home/em/ros_workspace_2025/nav_ws/install/px4_msgs/include/px4_msgs/px4_msgs/msg/detail/vehicle_local_position_setpoint__type_support.cpp\n'}
[8.714640] (px4_msgs) StdoutLine: {'line': b'-- Up-to-date: /home/em/ros_workspace_2025/nav_ws/install/px4_msgs/include/px4_msgs/px4_msgs/msg/detail/vehicle_command__rosidl_typesupport_introspection_cpp.hpp\n'}
[8.714665] (px4_msgs) StdoutLine: {'line': b'-- Up-to-date: /home/em/ros_workspace_2025/nav_ws/install/px4_msgs/include/px4_msgs/px4_msgs/msg/detail/ulog_stream__type_support.cpp\n'}
[8.714688] (px4_msgs) StdoutLine: {'line': b'-- Up-to-date: /home/em/ros_workspace_2025/nav_ws/install/px4_msgs/include/px4_msgs/px4_msgs/msg/detail/actuator_servos__rosidl_typesupport_introspection_cpp.hpp\n'}
[8.714711] (px4_msgs) StdoutLine: {'line': b'-- Up-to-date: /home/em/ros_workspace_2025/nav_ws/install/px4_msgs/include/px4_msgs/px4_msgs/msg/detail/sensors_status__type_support.cpp\n'}
[8.714735] (px4_msgs) StdoutLine: {'line': b'-- Up-to-date: /home/em/ros_workspace_2025/nav_ws/install/px4_msgs/include/px4_msgs/px4_msgs/msg/detail/input_rc__rosidl_typesupport_introspection_cpp.hpp\n'}
[8.714759] (px4_msgs) StdoutLine: {'line': b'-- Up-to-date: /home/em/ros_workspace_2025/nav_ws/install/px4_msgs/include/px4_msgs/px4_msgs/msg/detail/message_format_response__rosidl_typesupport_introspection_cpp.hpp\n'}
[8.714782] (px4_msgs) StdoutLine: {'line': b'-- Up-to-date: /home/em/ros_workspace_2025/nav_ws/install/px4_msgs/include/px4_msgs/px4_msgs/msg/detail/sensor_gyro_fft__type_support.cpp\n'}
[8.714805] (px4_msgs) StdoutLine: {'line': b'-- Up-to-date: /home/em/ros_workspace_2025/nav_ws/install/px4_msgs/include/px4_msgs/px4_msgs/msg/detail/task_stack_info__type_support.cpp\n'}
[8.714829] (px4_msgs) StdoutLine: {'line': b'-- Up-to-date: /home/em/ros_workspace_2025/nav_ws/install/px4_msgs/include/px4_msgs/px4_msgs/msg/detail/rc_parameter_map__rosidl_typesupport_introspection_cpp.hpp\n'}
[8.714852] (px4_msgs) StdoutLine: {'line': b'-- Up-to-date: /home/em/ros_workspace_2025/nav_ws/install/px4_msgs/include/px4_msgs/px4_msgs/msg/detail/cpuload__type_support.cpp\n'}
[8.714877] (px4_msgs) StdoutLine: {'line': b'-- Up-to-date: /home/em/ros_workspace_2025/nav_ws/install/px4_msgs/include/px4_msgs/px4_msgs/msg/detail/landing_target_innovations__rosidl_typesupport_introspection_cpp.hpp\n'}
[8.714902] (px4_msgs) StdoutLine: {'line': b'-- Up-to-date: /home/em/ros_workspace_2025/nav_ws/install/px4_msgs/include/px4_msgs/px4_msgs/msg/detail/vehicle_status__type_support.cpp\n'}
[8.714926] (px4_msgs) StdoutLine: {'line': b'-- Up-to-date: /home/em/ros_workspace_2025/nav_ws/install/px4_msgs/include/px4_msgs/px4_msgs/msg/detail/sensor_gnss_relative__type_support.cpp\n'}
[8.714949] (px4_msgs) StdoutLine: {'line': b'-- Up-to-date: /home/em/ros_workspace_2025/nav_ws/install/px4_msgs/include/px4_msgs/px4_msgs/msg/detail/rover_mecanum_guidance_status__type_support.cpp\n'}
[8.714975] (px4_msgs) StdoutLine: {'line': b'-- Up-to-date: /home/em/ros_workspace_2025/nav_ws/install/px4_msgs/include/px4_msgs/px4_msgs/msg/detail/airspeed_wind__type_support.cpp\n'}
[8.714997] (px4_msgs) StdoutLine: {'line': b'-- Up-to-date: /home/em/ros_workspace_2025/nav_ws/install/px4_msgs/include/px4_msgs/px4_msgs/msg/detail/iridiumsbd_status__type_support.cpp\n'}
[8.715042] (px4_msgs) StdoutLine: {'line': b'-- Up-to-date: /home/em/ros_workspace_2025/nav_ws/install/px4_msgs/include/px4_msgs/px4_msgs/msg/detail/buffer128__rosidl_typesupport_introspection_cpp.hpp\n'}
[8.715063] (px4_msgs) StdoutLine: {'line': b'-- Up-to-date: /home/em/ros_workspace_2025/nav_ws/install/px4_msgs/include/px4_msgs/px4_msgs/msg/detail/open_drone_id_arm_status__rosidl_typesupport_introspection_cpp.hpp\n'}
[8.715084] (px4_msgs) StdoutLine: {'line': b'-- Up-to-date: /home/em/ros_workspace_2025/nav_ws/install/px4_msgs/include/px4_msgs/px4_msgs/msg/detail/goto_setpoint__type_support.cpp\n'}
[8.715105] (px4_msgs) StdoutLine: {'line': b'-- Up-to-date: /home/em/ros_workspace_2025/nav_ws/install/px4_msgs/include/px4_msgs/px4_msgs/msg/detail/vehicle_odometry__type_support.cpp\n'}
[8.715132] (px4_msgs) StdoutLine: {'line': b'-- Up-to-date: /home/em/ros_workspace_2025/nav_ws/install/px4_msgs/include/px4_msgs/px4_msgs/msg/detail/distance_sensor__type_support.cpp\n'}
[8.715155] (px4_msgs) StdoutLine: {'line': b'-- Up-to-date: /home/em/ros_workspace_2025/nav_ws/install/px4_msgs/include/px4_msgs/px4_msgs/msg/detail/goto_setpoint__rosidl_typesupport_introspection_cpp.hpp\n'}
[8.715180] (px4_msgs) StdoutLine: {'line': b'-- Up-to-date: /home/em/ros_workspace_2025/nav_ws/install/px4_msgs/include/px4_msgs/px4_msgs/msg/detail/vehicle_optical_flow_vel__rosidl_typesupport_introspection_cpp.hpp\n'}
[8.715253] (px4_msgs) StdoutLine: {'line': b'-- Up-to-date: /home/em/ros_workspace_2025/nav_ws/install/px4_msgs/include/px4_msgs/px4_msgs/msg/detail/gps_inject_data__rosidl_typesupport_introspection_cpp.hpp\n'}
[8.715292] (px4_msgs) StdoutLine: {'line': b'-- Up-to-date: /home/em/ros_workspace_2025/nav_ws/install/px4_msgs/include/px4_msgs/px4_msgs/msg/detail/px4io_status__rosidl_typesupport_introspection_cpp.hpp\n'}
[8.715316] (px4_msgs) StdoutLine: {'line': b'-- Up-to-date: /home/em/ros_workspace_2025/nav_ws/install/px4_msgs/include/px4_msgs/px4_msgs/msg/detail/estimator_bias__rosidl_typesupport_introspection_cpp.hpp\n'}
[8.715341] (px4_msgs) StdoutLine: {'line': b'-- Up-to-date: /home/em/ros_workspace_2025/nav_ws/install/px4_msgs/include/px4_msgs/px4_msgs/msg/detail/radio_status__rosidl_typesupport_introspection_cpp.hpp\n'}
[8.715365] (px4_msgs) StdoutLine: {'line': b'-- Up-to-date: /home/em/ros_workspace_2025/nav_ws/install/px4_msgs/include/px4_msgs/px4_msgs/msg/detail/gpio_out__rosidl_typesupport_introspection_cpp.hpp\n'}
[8.715389] (px4_msgs) StdoutLine: {'line': b'-- Up-to-date: /home/em/ros_workspace_2025/nav_ws/install/px4_msgs/include/px4_msgs/px4_msgs/msg/detail/position_setpoint__rosidl_typesupport_introspection_cpp.hpp\n'}
[8.715413] (px4_msgs) StdoutLine: {'line': b'-- Up-to-date: /home/em/ros_workspace_2025/nav_ws/install/px4_msgs/include/px4_msgs/px4_msgs/msg/detail/vehicle_optical_flow_vel__type_support.cpp\n'}
[8.715439] (px4_msgs) StdoutLine: {'line': b'-- Up-to-date: /home/em/ros_workspace_2025/nav_ws/install/px4_msgs/include/px4_msgs/px4_msgs/msg/detail/vehicle_imu_status__rosidl_typesupport_introspection_cpp.hpp\n'}
[8.715464] (px4_msgs) StdoutLine: {'line': b'-- Up-to-date: /home/em/ros_workspace_2025/nav_ws/install/px4_msgs/include/px4_msgs/px4_msgs/msg/detail/mission__rosidl_typesupport_introspection_cpp.hpp\n'}
[8.715489] (px4_msgs) StdoutLine: {'line': b'-- Up-to-date: /home/em/ros_workspace_2025/nav_ws/install/px4_msgs/include/px4_msgs/px4_msgs/msg/detail/gimbal_device_set_attitude__type_support.cpp\n'}
[8.715513] (px4_msgs) StdoutLine: {'line': b'-- Up-to-date: /home/em/ros_workspace_2025/nav_ws/install/px4_msgs/include/px4_msgs/px4_msgs/msg/detail/uavcan_parameter_request__type_support.cpp\n'}
[8.715536] (px4_msgs) StdoutLine: {'line': b'-- Up-to-date: /home/em/ros_workspace_2025/nav_ws/install/px4_msgs/include/px4_msgs/px4_msgs/msg/detail/sensor_preflight_mag__type_support.cpp\n'}
[8.715605] (px4_msgs) StdoutLine: {'line': b'-- Up-to-date: /home/em/ros_workspace_2025/nav_ws/install/px4_msgs/include/px4_msgs/px4_msgs/msg/detail/vtol_vehicle_status__rosidl_typesupport_introspection_cpp.hpp\n'}
[8.715681] (px4_msgs) StdoutLine: {'line': b'-- Up-to-date: /home/em/ros_workspace_2025/nav_ws/install/px4_msgs/include/px4_msgs/px4_msgs/msg/detail/esc_report__rosidl_typesupport_introspection_cpp.hpp\n'}
[8.715724] (px4_msgs) StdoutLine: {'line': b'-- Up-to-date: /home/em/ros_workspace_2025/nav_ws/install/px4_msgs/include/px4_msgs/px4_msgs/msg/detail/actuator_motors__rosidl_typesupport_introspection_cpp.hpp\n'}
[8.715777] (px4_msgs) StdoutLine: {'line': b'-- Up-to-date: /home/em/ros_workspace_2025/nav_ws/install/px4_msgs/include/px4_msgs/px4_msgs/msg/detail/gripper__rosidl_typesupport_introspection_cpp.hpp\n'}
[8.715808] (px4_msgs) StdoutLine: {'line': b'-- Up-to-date: /home/em/ros_workspace_2025/nav_ws/install/px4_msgs/include/px4_msgs/px4_msgs/msg/detail/yaw_estimator_status__type_support.cpp\n'}
[8.715834] (px4_msgs) StdoutLine: {'line': b'-- Up-to-date: /home/em/ros_workspace_2025/nav_ws/install/px4_msgs/include/px4_msgs/px4_msgs/msg/detail/ekf2_timestamps__rosidl_typesupport_introspection_cpp.hpp\n'}
[8.715858] (px4_msgs) StdoutLine: {'line': b'-- Up-to-date: /home/em/ros_workspace_2025/nav_ws/install/px4_msgs/include/px4_msgs/px4_msgs/msg/detail/dataman_response__rosidl_typesupport_introspection_cpp.hpp\n'}
[8.715881] (px4_msgs) StdoutLine: {'line': b'-- Up-to-date: /home/em/ros_workspace_2025/nav_ws/install/px4_msgs/include/px4_msgs/px4_msgs/msg/detail/led_control__type_support.cpp\n'}
[8.715904] (px4_msgs) StdoutLine: {'line': b'-- Up-to-date: /home/em/ros_workspace_2025/nav_ws/install/px4_msgs/include/px4_msgs/px4_msgs/msg/detail/landing_gear__rosidl_typesupport_introspection_cpp.hpp\n'}
[8.715927] (px4_msgs) StdoutLine: {'line': b'-- Up-to-date: /home/em/ros_workspace_2025/nav_ws/install/px4_msgs/include/px4_msgs/px4_msgs/msg/detail/position_controller_status__type_support.cpp\n'}
[8.715955] (px4_msgs) StdoutLine: {'line': b'-- Up-to-date: /home/em/ros_workspace_2025/nav_ws/install/px4_msgs/include/px4_msgs/px4_msgs/msg/detail/health_report__rosidl_typesupport_introspection_cpp.hpp\n'}
[8.715977] (px4_msgs) StdoutLine: {'line': b'-- Up-to-date: /home/em/ros_workspace_2025/nav_ws/install/px4_msgs/include/px4_msgs/px4_msgs/msg/detail/yaw_estimator_status__rosidl_typesupport_introspection_cpp.hpp\n'}
[8.716000] (px4_msgs) StdoutLine: {'line': b'-- Up-to-date: /home/em/ros_workspace_2025/nav_ws/install/px4_msgs/include/px4_msgs/px4_msgs/msg/detail/gimbal_manager_set_manual_control__rosidl_typesupport_introspection_cpp.hpp\n'}
[8.716025] (px4_msgs) StdoutLine: {'line': b'-- Up-to-date: /home/em/ros_workspace_2025/nav_ws/install/px4_msgs/include/px4_msgs/px4_msgs/msg/detail/estimator_states__rosidl_typesupport_introspection_cpp.hpp\n'}
[8.716052] (px4_msgs) StdoutLine: {'line': b'-- Up-to-date: /home/em/ros_workspace_2025/nav_ws/install/px4_msgs/include/px4_msgs/px4_msgs/msg/detail/position_controller_status__rosidl_typesupport_introspection_cpp.hpp\n'}
[8.716093] (px4_msgs) StdoutLine: {'line': b'-- Up-to-date: /home/em/ros_workspace_2025/nav_ws/install/px4_msgs/include/px4_msgs/px4_msgs/msg/detail/manual_control_setpoint__rosidl_typesupport_introspection_cpp.hpp\n'}
[8.716116] (px4_msgs) StdoutLine: {'line': b'-- Up-to-date: /home/em/ros_workspace_2025/nav_ws/install/px4_msgs/include/px4_msgs/px4_msgs/msg/detail/cpuload__rosidl_typesupport_introspection_cpp.hpp\n'}
[8.716137] (px4_msgs) StdoutLine: {'line': b'-- Up-to-date: /home/em/ros_workspace_2025/nav_ws/install/px4_msgs/include/px4_msgs/px4_msgs/msg/detail/power_button_state__rosidl_typesupport_introspection_cpp.hpp\n'}
[8.716159] (px4_msgs) StdoutLine: {'line': b'-- Up-to-date: /home/em/ros_workspace_2025/nav_ws/install/px4_msgs/include/px4_msgs/px4_msgs/msg/detail/transponder_report__type_support.cpp\n'}
[8.716182] (px4_msgs) StdoutLine: {'line': b'-- Up-to-date: /home/em/ros_workspace_2025/nav_ws/install/px4_msgs/include/px4_msgs/px4_msgs/msg/detail/dataman_response__type_support.cpp\n'}
[8.716214] (px4_msgs) StdoutLine: {'line': b'-- Up-to-date: /home/em/ros_workspace_2025/nav_ws/install/px4_msgs/include/px4_msgs/px4_msgs/msg/detail/rover_differential_status__rosidl_typesupport_introspection_cpp.hpp\n'}
[8.716238] (px4_msgs) StdoutLine: {'line': b'-- Up-to-date: /home/em/ros_workspace_2025/nav_ws/install/px4_msgs/include/px4_msgs/px4_msgs/msg/detail/vehicle_trajectory_bezier__type_support.cpp\n'}
[8.716269] (px4_msgs) StdoutLine: {'line': b'-- Up-to-date: /home/em/ros_workspace_2025/nav_ws/install/px4_msgs/include/px4_msgs/px4_msgs/msg/detail/camera_status__type_support.cpp\n'}
[8.716292] (px4_msgs) StdoutLine: {'line': b'-- Up-to-date: /home/em/ros_workspace_2025/nav_ws/install/px4_msgs/include/px4_msgs/px4_msgs/msg/detail/estimator_selector_status__rosidl_typesupport_introspection_cpp.hpp\n'}
[8.716314] (px4_msgs) StdoutLine: {'line': b'-- Up-to-date: /home/em/ros_workspace_2025/nav_ws/install/px4_msgs/include/px4_msgs/px4_msgs/msg/detail/hover_thrust_estimate__rosidl_typesupport_introspection_cpp.hpp\n'}
[8.716338] (px4_msgs) StdoutLine: {'line': b'-- Up-to-date: /home/em/ros_workspace_2025/nav_ws/install/px4_msgs/include/px4_msgs/px4_msgs/msg/detail/power_button_state__type_support.cpp\n'}
[8.716359] (px4_msgs) StdoutLine: {'line': b'-- Up-to-date: /home/em/ros_workspace_2025/nav_ws/install/px4_msgs/include/px4_msgs/px4_msgs/msg/detail/follow_target_estimator__type_support.cpp\n'}
[8.716381] (px4_msgs) StdoutLine: {'line': b'-- Up-to-date: /home/em/ros_workspace_2025/nav_ws/install/px4_msgs/include/px4_msgs/px4_msgs/msg/detail/gimbal_controls__rosidl_typesupport_introspection_cpp.hpp\n'}
[8.716402] (px4_msgs) StdoutLine: {'line': b'-- Up-to-date: /home/em/ros_workspace_2025/nav_ws/install/px4_msgs/include/px4_msgs/px4_msgs/msg/detail/sensor_baro__type_support.cpp\n'}
[8.716425] (px4_msgs) StdoutLine: {'line': b'-- Up-to-date: /home/em/ros_workspace_2025/nav_ws/install/px4_msgs/include/px4_msgs/px4_msgs/msg/detail/position_controller_landing_status__rosidl_typesupport_introspection_cpp.hpp\n'}
[8.716449] (px4_msgs) StdoutLine: {'line': b'-- Up-to-date: /home/em/ros_workspace_2025/nav_ws/install/px4_msgs/include/px4_msgs/px4_msgs/msg/detail/rover_ackermann_setpoint__type_support.cpp\n'}
[8.716472] (px4_msgs) StdoutLine: {'line': b'-- Up-to-date: /home/em/ros_workspace_2025/nav_ws/install/px4_msgs/include/px4_msgs/px4_msgs/msg/detail/actuator_controls_status__type_support.cpp\n'}
[8.716495] (px4_msgs) StdoutLine: {'line': b'-- Up-to-date: /home/em/ros_workspace_2025/nav_ws/install/px4_msgs/include/px4_msgs/px4_msgs/msg/detail/gimbal_device_information__rosidl_typesupport_introspection_cpp.hpp\n'}
[8.716518] (px4_msgs) StdoutLine: {'line': b'-- Up-to-date: /home/em/ros_workspace_2025/nav_ws/install/px4_msgs/include/px4_msgs/px4_msgs/msg/detail/collision_report__type_support.cpp\n'}
[8.716543] (px4_msgs) StdoutLine: {'line': b'-- Up-to-date: /home/em/ros_workspace_2025/nav_ws/install/px4_msgs/include/px4_msgs/px4_msgs/msg/detail/position_setpoint_triplet__rosidl_typesupport_introspection_cpp.hpp\n'}
[8.716565] (px4_msgs) StdoutLine: {'line': b'-- Up-to-date: /home/em/ros_workspace_2025/nav_ws/install/px4_msgs/include/px4_msgs/px4_msgs/msg/detail/home_position__type_support.cpp\n'}
[8.716587] (px4_msgs) StdoutLine: {'line': b'-- Up-to-date: /home/em/ros_workspace_2025/nav_ws/install/px4_msgs/include/px4_msgs/px4_msgs/msg/detail/sensor_gyro_fifo__rosidl_typesupport_introspection_cpp.hpp\n'}
[8.716610] (px4_msgs) StdoutLine: {'line': b'-- Up-to-date: /home/em/ros_workspace_2025/nav_ws/install/px4_msgs/include/px4_msgs/px4_msgs/msg/detail/rtl_time_estimate__rosidl_typesupport_introspection_cpp.hpp\n'}
[8.716634] (px4_msgs) StdoutLine: {'line': b'-- Up-to-date: /home/em/ros_workspace_2025/nav_ws/install/px4_msgs/include/px4_msgs/px4_msgs/msg/detail/estimator_aid_source1d__type_support.cpp\n'}
[8.716656] (px4_msgs) StdoutLine: {'line': b'-- Up-to-date: /home/em/ros_workspace_2025/nav_ws/install/px4_msgs/include/px4_msgs/px4_msgs/msg/detail/event__type_support.cpp\n'}
[8.716679] (px4_msgs) StdoutLine: {'line': b'-- Up-to-date: /home/em/ros_workspace_2025/nav_ws/install/px4_msgs/include/px4_msgs/px4_msgs/msg/detail/fuel_tank_status__type_support.cpp\n'}
[8.716715] (px4_msgs) StdoutLine: {'line': b'-- Up-to-date: /home/em/ros_workspace_2025/nav_ws/install/px4_msgs/include/px4_msgs/px4_msgs/msg/detail/tiltrotor_extra_controls__type_support.cpp\n'}
[8.716736] (px4_msgs) StdoutLine: {'line': b'-- Up-to-date: /home/em/ros_workspace_2025/nav_ws/install/px4_msgs/include/px4_msgs/px4_msgs/msg/detail/camera_capture__type_support.cpp\n'}
[8.716756] (px4_msgs) StdoutLine: {'line': b'-- Up-to-date: /home/em/ros_workspace_2025/nav_ws/install/px4_msgs/include/px4_msgs/px4_msgs/msg/detail/gripper__type_support.cpp\n'}
[8.716777] (px4_msgs) StdoutLine: {'line': b'-- Up-to-date: /home/em/ros_workspace_2025/nav_ws/install/px4_msgs/include/px4_msgs/px4_msgs/msg/detail/follow_target_status__rosidl_typesupport_introspection_cpp.hpp\n'}
[8.716797] (px4_msgs) StdoutLine: {'line': b'-- Up-to-date: /home/em/ros_workspace_2025/nav_ws/install/px4_msgs/include/px4_msgs/px4_msgs/msg/detail/gimbal_manager_set_manual_control__type_support.cpp\n'}
[8.716817] (px4_msgs) StdoutLine: {'line': b'-- Up-to-date: /home/em/ros_workspace_2025/nav_ws/install/px4_msgs/include/px4_msgs/px4_msgs/msg/detail/ulog_stream_ack__rosidl_typesupport_introspection_cpp.hpp\n'}
[8.716838] (px4_msgs) StdoutLine: {'line': b'-- Up-to-date: /home/em/ros_workspace_2025/nav_ws/install/px4_msgs/include/px4_msgs/px4_msgs/msg/detail/sensor_preflight_mag__rosidl_typesupport_introspection_cpp.hpp\n'}
[8.716860] (px4_msgs) StdoutLine: {'line': b'-- Up-to-date: /home/em/ros_workspace_2025/nav_ws/install/px4_msgs/include/px4_msgs/px4_msgs/msg/detail/vehicle_optical_flow__rosidl_typesupport_introspection_cpp.hpp\n'}
[8.716881] (px4_msgs) StdoutLine: {'line': b'-- Up-to-date: /home/em/ros_workspace_2025/nav_ws/install/px4_msgs/include/px4_msgs/px4_msgs/msg/detail/vehicle_torque_setpoint__type_support.cpp\n'}
[8.716911] (px4_msgs) StdoutLine: {'line': b'-- Up-to-date: /home/em/ros_workspace_2025/nav_ws/install/px4_msgs/include/px4_msgs/px4_msgs/msg/detail/generator_status__rosidl_typesupport_introspection_cpp.hpp\n'}
[8.716932] (px4_msgs) StdoutLine: {'line': b'-- Up-to-date: /home/em/ros_workspace_2025/nav_ws/install/px4_msgs/include/px4_msgs/px4_msgs/msg/detail/mavlink_tunnel__rosidl_typesupport_introspection_cpp.hpp\n'}
[8.716952] (px4_msgs) StdoutLine: {'line': b'-- Up-to-date: /home/em/ros_workspace_2025/nav_ws/install/px4_msgs/include/px4_msgs/px4_msgs/msg/detail/register_ext_component_request__type_support.cpp\n'}
[8.716971] (px4_msgs) StdoutLine: {'line': b'-- Up-to-date: /home/em/ros_workspace_2025/nav_ws/install/px4_msgs/include/px4_msgs/px4_msgs/msg/detail/geofence_status__type_support.cpp\n'}
[8.716992] (px4_msgs) StdoutLine: {'line': b'-- Up-to-date: /home/em/ros_workspace_2025/nav_ws/install/px4_msgs/include/px4_msgs/px4_msgs/msg/detail/home_position__rosidl_typesupport_introspection_cpp.hpp\n'}
[8.717011] (px4_msgs) StdoutLine: {'line': b'-- Up-to-date: /home/em/ros_workspace_2025/nav_ws/install/px4_msgs/include/px4_msgs/px4_msgs/msg/detail/timesync_status__rosidl_typesupport_introspection_cpp.hpp\n'}
[8.717032] (px4_msgs) StdoutLine: {'line': b'-- Up-to-date: /home/em/ros_workspace_2025/nav_ws/install/px4_msgs/include/px4_msgs/px4_msgs/msg/detail/sensor_gnss_relative__rosidl_typesupport_introspection_cpp.hpp\n'}
[8.717052] (px4_msgs) StdoutLine: {'line': b'-- Up-to-date: /home/em/ros_workspace_2025/nav_ws/install/px4_msgs/include/px4_msgs/px4_msgs/msg/detail/esc_status__type_support.cpp\n'}
[8.717072] (px4_msgs) StdoutLine: {'line': b'-- Up-to-date: /home/em/ros_workspace_2025/nav_ws/install/px4_msgs/include/px4_msgs/px4_msgs/msg/detail/autotune_attitude_control_status__type_support.cpp\n'}
[8.717101] (px4_msgs) StdoutLine: {'line': b'-- Up-to-date: /home/em/ros_workspace_2025/nav_ws/install/px4_msgs/include/px4_msgs/px4_msgs/msg/detail/ulog_stream__rosidl_typesupport_introspection_cpp.hpp\n'}
[8.717121] (px4_msgs) StdoutLine: {'line': b'-- Up-to-date: /home/em/ros_workspace_2025/nav_ws/install/px4_msgs/include/px4_msgs/px4_msgs/msg/detail/led_control__rosidl_typesupport_introspection_cpp.hpp\n'}
[8.717141] (px4_msgs) StdoutLine: {'line': b'-- Up-to-date: /home/em/ros_workspace_2025/nav_ws/install/px4_msgs/include/px4_msgs/px4_msgs/msg/detail/landing_gear__type_support.cpp\n'}
[8.717161] (px4_msgs) StdoutLine: {'line': b'-- Up-to-date: /home/em/ros_workspace_2025/nav_ws/install/px4_msgs/include/px4_msgs/px4_msgs/msg/detail/gimbal_device_information__type_support.cpp\n'}
[8.717180] (px4_msgs) StdoutLine: {'line': b'-- Up-to-date: /home/em/ros_workspace_2025/nav_ws/install/px4_msgs/include/px4_msgs/px4_msgs/msg/detail/airspeed_validated__type_support.cpp\n'}
[8.717208] (px4_msgs) StdoutLine: {'line': b'-- Up-to-date: /home/em/ros_workspace_2025/nav_ws/install/px4_msgs/include/px4_msgs/px4_msgs/msg/detail/vehicle_trajectory_waypoint__rosidl_typesupport_introspection_cpp.hpp\n'}
[8.717230] (px4_msgs) StdoutLine: {'line': b'-- Up-to-date: /home/em/ros_workspace_2025/nav_ws/install/px4_msgs/include/px4_msgs/px4_msgs/msg/detail/parameter_set_value_response__type_support.cpp\n'}
[8.717275] (px4_msgs) StdoutLine: {'line': b'-- Up-to-date: /home/em/ros_workspace_2025/nav_ws/install/px4_msgs/include/px4_msgs/px4_msgs/msg/detail/system_power__rosidl_typesupport_introspection_cpp.hpp\n'}
[8.717299] (px4_msgs) StdoutLine: {'line': b'-- Up-to-date: /home/em/ros_workspace_2025/nav_ws/install/px4_msgs/include/px4_msgs/px4_msgs/msg/detail/vehicle_acceleration__rosidl_typesupport_introspection_cpp.hpp\n'}
[8.717330] (px4_msgs) StdoutLine: {'line': b'-- Up-to-date: /home/em/ros_workspace_2025/nav_ws/install/px4_msgs/include/px4_msgs/px4_msgs/msg/detail/onboard_computer_status__type_support.cpp\n'}
[8.717353] (px4_msgs) StdoutLine: {'line': b'-- Up-to-date: /home/em/ros_workspace_2025/nav_ws/install/px4_msgs/include/px4_msgs/px4_msgs/msg/detail/sensor_accel__type_support.cpp\n'}
[8.717377] (px4_msgs) StdoutLine: {'line': b'-- Up-to-date: /home/em/ros_workspace_2025/nav_ws/install/px4_msgs/include/px4_msgs/px4_msgs/msg/detail/rpm__rosidl_typesupport_introspection_cpp.hpp\n'}
[8.717398] (px4_msgs) StdoutLine: {'line': b'-- Up-to-date: /home/em/ros_workspace_2025/nav_ws/install/px4_msgs/include/px4_msgs/px4_msgs/msg/detail/vehicle_air_data__rosidl_typesupport_introspection_cpp.hpp\n'}
[8.717420] (px4_msgs) StdoutLine: {'line': b'-- Up-to-date: /home/em/ros_workspace_2025/nav_ws/install/px4_msgs/include/px4_msgs/px4_msgs/msg/detail/vehicle_angular_acceleration_setpoint__rosidl_typesupport_introspection_cpp.hpp\n'}
[8.717441] (px4_msgs) StdoutLine: {'line': b'-- Up-to-date: /home/em/ros_workspace_2025/nav_ws/install/px4_msgs/include/px4_msgs/px4_msgs/msg/detail/follow_target__type_support.cpp\n'}
[8.717464] (px4_msgs) StdoutLine: {'line': b'-- Up-to-date: /home/em/ros_workspace_2025/nav_ws/install/px4_msgs/include/px4_msgs/px4_msgs/msg/detail/geofence_status__rosidl_typesupport_introspection_cpp.hpp\n'}
[8.717494] (px4_msgs) StdoutLine: {'line': b'-- Up-to-date: /home/em/ros_workspace_2025/nav_ws/install/px4_msgs/include/px4_msgs/px4_msgs/msg/detail/qshell_req__type_support.cpp\n'}
[8.717516] (px4_msgs) StdoutLine: {'line': b'-- Up-to-date: /home/em/ros_workspace_2025/nav_ws/install/px4_msgs/include/px4_msgs/px4_msgs/msg/detail/open_drone_id_system__type_support.cpp\n'}
[8.717537] (px4_msgs) StdoutLine: {'line': b'-- Up-to-date: /home/em/ros_workspace_2025/nav_ws/install/px4_msgs/include/px4_msgs/px4_msgs/msg/detail/cellular_status__type_support.cpp\n'}
[8.717558] (px4_msgs) StdoutLine: {'line': b'-- Up-to-date: /home/em/ros_workspace_2025/nav_ws/install/px4_msgs/include/px4_msgs/px4_msgs/msg/detail/sensor_gps__type_support.cpp\n'}
[8.717582] (px4_msgs) StdoutLine: {'line': b'-- Up-to-date: /home/em/ros_workspace_2025/nav_ws/install/px4_msgs/include/px4_msgs/px4_msgs/msg/detail/navigator_mission_item__type_support.cpp\n'}
[8.717602] (px4_msgs) StdoutLine: {'line': b'-- Up-to-date: /home/em/ros_workspace_2025/nav_ws/install/px4_msgs/include/px4_msgs/px4_msgs/msg/detail/gps_inject_data__type_support.cpp\n'}
[8.717622] (px4_msgs) StdoutLine: {'line': b'-- Up-to-date: /home/em/ros_workspace_2025/nav_ws/install/px4_msgs/include/px4_msgs/px4_msgs/msg/detail/gpio_in__rosidl_typesupport_introspection_cpp.hpp\n'}
[8.717644] (px4_msgs) StdoutLine: {'line': b'-- Up-to-date: /home/em/ros_workspace_2025/nav_ws/install/px4_msgs/include/px4_msgs/px4_msgs/msg/detail/onboard_computer_status__rosidl_typesupport_introspection_cpp.hpp\n'}
[8.717665] (px4_msgs) StdoutLine: {'line': b'-- Up-to-date: /home/em/ros_workspace_2025/nav_ws/install/px4_msgs/include/px4_msgs/px4_msgs/msg/detail/rtl_time_estimate__type_support.cpp\n'}
[8.717688] (px4_msgs) StdoutLine: {'line': b'-- Up-to-date: /home/em/ros_workspace_2025/nav_ws/install/px4_msgs/include/px4_msgs/px4_msgs/msg/detail/landing_gear_wheel__type_support.cpp\n'}
[8.717709] (px4_msgs) StdoutLine: {'line': b'-- Up-to-date: /home/em/ros_workspace_2025/nav_ws/install/px4_msgs/include/px4_msgs/px4_msgs/msg/detail/estimator_bias3d__type_support.cpp\n'}
[8.717730] (px4_msgs) StdoutLine: {'line': b'-- Up-to-date: /home/em/ros_workspace_2025/nav_ws/install/px4_msgs/include/px4_msgs/px4_msgs/msg/detail/mount_orientation__type_support.cpp\n'}
[8.717751] (px4_msgs) StdoutLine: {'line': b'-- Up-to-date: /home/em/ros_workspace_2025/nav_ws/install/px4_msgs/include/px4_msgs/px4_msgs/msg/detail/control_allocator_status__rosidl_typesupport_introspection_cpp.hpp\n'}
[8.717773] (px4_msgs) StdoutLine: {'line': b'-- Up-to-date: /home/em/ros_workspace_2025/nav_ws/install/px4_msgs/include/px4_msgs/px4_msgs/msg/detail/sensor_uwb__type_support.cpp\n'}
[8.717795] (px4_msgs) StdoutLine: {'line': b'-- Up-to-date: /home/em/ros_workspace_2025/nav_ws/install/px4_msgs/include/px4_msgs/px4_msgs/msg/detail/manual_control_setpoint__type_support.cpp\n'}
[8.717818] (px4_msgs) StdoutLine: {'line': b'-- Up-to-date: /home/em/ros_workspace_2025/nav_ws/install/px4_msgs/include/px4_msgs/px4_msgs/msg/detail/gps_dump__type_support.cpp\n'}
[8.717846] (px4_msgs) StdoutLine: {'line': b'-- Up-to-date: /home/em/ros_workspace_2025/nav_ws/install/px4_msgs/include/px4_msgs/px4_msgs/msg/detail/sensor_selection__type_support.cpp\n'}
[8.717873] (px4_msgs) StdoutLine: {'line': b'-- Up-to-date: /home/em/ros_workspace_2025/nav_ws/install/px4_msgs/include/px4_msgs/px4_msgs/msg/detail/rover_differential_setpoint__rosidl_typesupport_introspection_cpp.hpp\n'}
[8.717894] (px4_msgs) StdoutLine: {'line': b'-- Up-to-date: /home/em/ros_workspace_2025/nav_ws/install/px4_msgs/include/px4_msgs/px4_msgs/msg/detail/landing_gear_wheel__rosidl_typesupport_introspection_cpp.hpp\n'}
[8.717914] (px4_msgs) StdoutLine: {'line': b'-- Up-to-date: /home/em/ros_workspace_2025/nav_ws/install/px4_msgs/include/px4_msgs/px4_msgs/msg/detail/esc_status__rosidl_typesupport_introspection_cpp.hpp\n'}
[8.717936] (px4_msgs) StdoutLine: {'line': b'-- Up-to-date: /home/em/ros_workspace_2025/nav_ws/install/px4_msgs/include/px4_msgs/px4_msgs/msg/detail/actuator_controls_status__rosidl_typesupport_introspection_cpp.hpp\n'}
[8.717956] (px4_msgs) StdoutLine: {'line': b'-- Up-to-date: /home/em/ros_workspace_2025/nav_ws/install/px4_msgs/include/px4_msgs/px4_msgs/msg/detail/position_setpoint_triplet__type_support.cpp\n'}
[8.717975] (px4_msgs) StdoutLine: {'line': b'-- Up-to-date: /home/em/ros_workspace_2025/nav_ws/install/px4_msgs/include/px4_msgs/px4_msgs/msg/detail/debug_array__rosidl_typesupport_introspection_cpp.hpp\n'}
[8.717996] (px4_msgs) StdoutLine: {'line': b'-- Up-to-date: /home/em/ros_workspace_2025/nav_ws/install/px4_msgs/include/px4_msgs/px4_msgs/msg/detail/can_interface_status__rosidl_typesupport_introspection_cpp.hpp\n'}
[8.718016] (px4_msgs) StdoutLine: {'line': b'-- Up-to-date: /home/em/ros_workspace_2025/nav_ws/install/px4_msgs/include/px4_msgs/px4_msgs/msg/detail/npfg_status__type_support.cpp\n'}
[8.718039] (px4_msgs) StdoutLine: {'line': b'-- Up-to-date: /home/em/ros_workspace_2025/nav_ws/install/px4_msgs/include/px4_msgs/px4_msgs/msg/detail/vehicle_imu_status__type_support.cpp\n'}
[8.718070] (px4_msgs) StdoutLine: {'line': b'-- Up-to-date: /home/em/ros_workspace_2025/nav_ws/install/px4_msgs/include/px4_msgs/px4_msgs/msg/detail/sensor_uwb__rosidl_typesupport_introspection_cpp.hpp\n'}
[8.718093] (px4_msgs) StdoutLine: {'line': b'-- Up-to-date: /home/em/ros_workspace_2025/nav_ws/install/px4_msgs/include/px4_msgs/px4_msgs/msg/detail/vehicle_thrust_setpoint__rosidl_typesupport_introspection_cpp.hpp\n'}
[8.718113] (px4_msgs) StdoutLine: {'line': b'-- Up-to-date: /home/em/ros_workspace_2025/nav_ws/install/px4_msgs/include/px4_msgs/px4_msgs/msg/detail/camera_trigger__rosidl_typesupport_introspection_cpp.hpp\n'}
[8.718138] (px4_msgs) StdoutLine: {'line': b'-- Up-to-date: /home/em/ros_workspace_2025/nav_ws/install/px4_msgs/include/px4_msgs/px4_msgs/msg/detail/control_allocator_status__type_support.cpp\n'}
[8.718159] (px4_msgs) StdoutLine: {'line': b'-- Up-to-date: /home/em/ros_workspace_2025/nav_ws/install/px4_msgs/include/px4_msgs/px4_msgs/msg/detail/vehicle_imu__rosidl_typesupport_introspection_cpp.hpp\n'}
[8.718187] (px4_msgs) StdoutLine: {'line': b'-- Up-to-date: /home/em/ros_workspace_2025/nav_ws/install/px4_msgs/include/px4_msgs/px4_msgs/msg/detail/manual_control_switches__rosidl_typesupport_introspection_cpp.hpp\n'}
[8.718215] (px4_msgs) StdoutLine: {'line': b'-- Up-to-date: /home/em/ros_workspace_2025/nav_ws/install/px4_msgs/include/px4_msgs/px4_msgs/msg/detail/rc_channels__type_support.cpp\n'}
[8.718236] (px4_msgs) StdoutLine: {'line': b'-- Up-to-date: /home/em/ros_workspace_2025/nav_ws/install/px4_msgs/include/px4_msgs/px4_msgs/msg/detail/sensor_gps__rosidl_typesupport_introspection_cpp.hpp\n'}
[8.718257] (px4_msgs) StdoutLine: {'line': b'-- Up-to-date: /home/em/ros_workspace_2025/nav_ws/install/px4_msgs/include/px4_msgs/px4_msgs/msg/detail/takeoff_status__rosidl_typesupport_introspection_cpp.hpp\n'}
[8.718309] (px4_msgs) StdoutLine: {'line': b'-- Up-to-date: /home/em/ros_workspace_2025/nav_ws/install/px4_msgs/include/px4_msgs/px4_msgs/msg/detail/gps_dump__rosidl_typesupport_introspection_cpp.hpp\n'}
[8.718463] (px4_msgs) StdoutLine: {'line': b'-- Up-to-date: /home/em/ros_workspace_2025/nav_ws/install/px4_msgs/include/px4_msgs/px4_msgs/msg/detail/sensor_baro__rosidl_typesupport_introspection_cpp.hpp\n'}
[8.718528] (px4_msgs) StdoutLine: {'line': b'-- Up-to-date: /home/em/ros_workspace_2025/nav_ws/install/px4_msgs/include/px4_msgs/px4_msgs/msg/detail/follow_target_estimator__rosidl_typesupport_introspection_cpp.hpp\n'}
[8.718586] (px4_msgs) StdoutLine: {'line': b'-- Up-to-date: /home/em/ros_workspace_2025/nav_ws/install/px4_msgs/include/px4_msgs/px4_msgs/msg/detail/distance_sensor_mode_change_request__type_support.cpp\n'}
[8.718659] (px4_msgs) StdoutLine: {'line': b'-- Up-to-date: /home/em/ros_workspace_2025/nav_ws/install/px4_msgs/include/px4_msgs/px4_msgs/msg/detail/transponder_report__rosidl_typesupport_introspection_cpp.hpp\n'}
[8.718716] (px4_msgs) StdoutLine: {'line': b'-- Up-to-date: /home/em/ros_workspace_2025/nav_ws/install/px4_msgs/include/px4_msgs/px4_msgs/msg/detail/estimator_event_flags__rosidl_typesupport_introspection_cpp.hpp\n'}
[8.718770] (px4_msgs) StdoutLine: {'line': b'-- Up-to-date: /home/em/ros_workspace_2025/nav_ws/install/px4_msgs/include/px4_msgs/px4_msgs/msg/detail/vehicle_attitude__rosidl_typesupport_introspection_cpp.hpp\n'}
[8.718828] (px4_msgs) StdoutLine: {'line': b'-- Up-to-date: /home/em/ros_workspace_2025/nav_ws/install/px4_msgs/include/px4_msgs/px4_msgs/msg/detail/estimator_innovations__type_support.cpp\n'}
[8.718885] (px4_msgs) StdoutLine: {'line': b'-- Up-to-date: /home/em/ros_workspace_2025/nav_ws/install/px4_msgs/include/px4_msgs/px4_msgs/msg/detail/trajectory_bezier__type_support.cpp\n'}
[8.718941] (px4_msgs) StdoutLine: {'line': b'-- Up-to-date: /home/em/ros_workspace_2025/nav_ws/install/px4_msgs/include/px4_msgs/px4_msgs/msg/detail/pps_capture__type_support.cpp\n'}
[8.718998] (px4_msgs) StdoutLine: {'line': b'-- Up-to-date: /home/em/ros_workspace_2025/nav_ws/install/px4_msgs/include/px4_msgs/px4_msgs/msg/detail/qshell_retval__rosidl_typesupport_introspection_cpp.hpp\n'}
[8.719076] (px4_msgs) StdoutLine: {'line': b'-- Up-to-date: /home/em/ros_workspace_2025/nav_ws/install/px4_msgs/include/px4_msgs/px4_msgs/msg/detail/rover_mecanum_guidance_status__rosidl_typesupport_introspection_cpp.hpp\n'}
[8.719157] (px4_msgs) StdoutLine: {'line': b'-- Up-to-date: /home/em/ros_workspace_2025/nav_ws/install/px4_msgs/include/px4_msgs/px4_msgs/msg/detail/flight_phase_estimation__rosidl_typesupport_introspection_cpp.hpp\n'}
[8.719219] (px4_msgs) StdoutLine: {'line': b'-- Up-to-date: /home/em/ros_workspace_2025/nav_ws/install/px4_msgs/include/px4_msgs/px4_msgs/msg/detail/collision_constraints__rosidl_typesupport_introspection_cpp.hpp\n'}
[8.719276] (px4_msgs) StdoutLine: {'line': b'-- Up-to-date: /home/em/ros_workspace_2025/nav_ws/install/px4_msgs/include/px4_msgs/px4_msgs/msg/detail/vehicle_command_ack__rosidl_typesupport_introspection_cpp.hpp\n'}
[8.719330] (px4_msgs) StdoutLine: {'line': b'-- Up-to-date: /home/em/ros_workspace_2025/nav_ws/install/px4_msgs/include/px4_msgs/px4_msgs/msg/detail/airspeed_wind__rosidl_typesupport_introspection_cpp.hpp\n'}
[8.719403] (px4_msgs) StdoutLine: {'line': b'-- Up-to-date: /home/em/ros_workspace_2025/nav_ws/install/px4_msgs/include/px4_msgs/px4_msgs/msg/detail/parameter_update__type_support.cpp\n'}
[8.719459] (px4_msgs) StdoutLine: {'line': b'-- Up-to-date: /home/em/ros_workspace_2025/nav_ws/install/px4_msgs/include/px4_msgs/px4_msgs/msg/detail/log_message__type_support.cpp\n'}
[8.719519] (px4_msgs) StdoutLine: {'line': b'-- Up-to-date: /home/em/ros_workspace_2025/nav_ws/install/px4_msgs/include/px4_msgs/px4_msgs/msg/detail/navigator_status__rosidl_typesupport_introspection_cpp.hpp\n'}
[8.719576] (px4_msgs) StdoutLine: {'line': b'-- Up-to-date: /home/em/ros_workspace_2025/nav_ws/install/px4_msgs/include/px4_msgs/px4_msgs/msg/detail/orb_test__rosidl_typesupport_introspection_cpp.hpp\n'}
[8.719633] (px4_msgs) StdoutLine: {'line': b'-- Up-to-date: /home/em/ros_workspace_2025/nav_ws/install/px4_msgs/include/px4_msgs/px4_msgs/msg/detail/sensor_accel_fifo__type_support.cpp\n'}
[8.719711] (px4_msgs) StdoutLine: {'line': b'-- Up-to-date: /home/em/ros_workspace_2025/nav_ws/install/px4_msgs/include/px4_msgs/px4_msgs/msg/detail/sensor_mag__type_support.cpp\n'}
[8.719772] (px4_msgs) StdoutLine: {'line': b'-- Up-to-date: /home/em/ros_workspace_2025/nav_ws/install/px4_msgs/include/px4_msgs/px4_msgs/msg/detail/mag_worker_data__type_support.cpp\n'}
[8.719830] (px4_msgs) StdoutLine: {'line': b'-- Up-to-date: /home/em/ros_workspace_2025/nav_ws/install/px4_msgs/include/px4_msgs/px4_msgs/msg/detail/rover_ackermann_status__type_support.cpp\n'}
[8.719887] (px4_msgs) StdoutLine: {'line': b'-- Up-to-date: /home/em/ros_workspace_2025/nav_ws/install/px4_msgs/include/px4_msgs/px4_msgs/msg/detail/vehicle_roi__type_support.cpp\n'}
[8.719967] (px4_msgs) StdoutLine: {'line': b'-- Up-to-date: /home/em/ros_workspace_2025/nav_ws/install/px4_msgs/include/px4_msgs/px4_msgs/msg/detail/rover_ackermann_guidance_status__type_support.cpp\n'}
[8.720025] (px4_msgs) StdoutLine: {'line': b'-- Up-to-date: /home/em/ros_workspace_2025/nav_ws/install/px4_msgs/include/px4_msgs/px4_msgs/msg/detail/navigator_mission_item__rosidl_typesupport_introspection_cpp.hpp\n'}
[8.720094] (px4_msgs) StdoutLine: {'line': b'-- Up-to-date: /home/em/ros_workspace_2025/nav_ws/install/px4_msgs/include/px4_msgs/px4_msgs/msg/detail/sensor_hygrometer__rosidl_typesupport_introspection_cpp.hpp\n'}
[8.720196] (px4_msgs) StdoutLine: {'line': b'-- Up-to-date: /home/em/ros_workspace_2025/nav_ws/install/px4_msgs/include/px4_msgs/px4_msgs/msg/detail/vehicle_command_ack__type_support.cpp\n'}
[8.720260] (px4_msgs) StdoutLine: {'line': b'-- Up-to-date: /home/em/ros_workspace_2025/nav_ws/install/px4_msgs/include/px4_msgs/px4_msgs/msg/detail/trajectory_waypoint__type_support.cpp\n'}
[8.720316] (px4_msgs) StdoutLine: {'line': b'-- Up-to-date: /home/em/ros_workspace_2025/nav_ws/install/px4_msgs/include/px4_msgs/px4_msgs/msg/detail/unregister_ext_component__rosidl_typesupport_introspection_cpp.hpp\n'}
[8.720374] (px4_msgs) StdoutLine: {'line': b'-- Up-to-date: /home/em/ros_workspace_2025/nav_ws/install/px4_msgs/include/px4_msgs/px4_msgs/msg/detail/wind__type_support.cpp\n'}
[8.720429] (px4_msgs) StdoutLine: {'line': b'-- Up-to-date: /home/em/ros_workspace_2025/nav_ws/install/px4_msgs/include/px4_msgs/px4_msgs/msg/detail/heater_status__rosidl_typesupport_introspection_cpp.hpp\n'}
[8.720482] (px4_msgs) StdoutLine: {'line': b'-- Up-to-date: /home/em/ros_workspace_2025/nav_ws/install/px4_msgs/include/px4_msgs/px4_msgs/msg/detail/vehicle_odometry__rosidl_typesupport_introspection_cpp.hpp\n'}
[8.720534] (px4_msgs) StdoutLine: {'line': b'-- Up-to-date: /home/em/ros_workspace_2025/nav_ws/install/px4_msgs/include/px4_msgs/px4_msgs/msg/detail/trajectory_bezier__rosidl_typesupport_introspection_cpp.hpp\n'}
[8.720587] (px4_msgs) StdoutLine: {'line': b'-- Up-to-date: /home/em/ros_workspace_2025/nav_ws/install/px4_msgs/include/px4_msgs/px4_msgs/msg/detail/npfg_status__rosidl_typesupport_introspection_cpp.hpp\n'}
[8.720640] (px4_msgs) StdoutLine: {'line': b'-- Up-to-date: /home/em/ros_workspace_2025/nav_ws/install/px4_msgs/include/px4_msgs/px4_msgs/msg/detail/vehicle_attitude_setpoint__type_support.cpp\n'}
[8.720697] (px4_msgs) StdoutLine: {'line': b'-- Up-to-date: /home/em/ros_workspace_2025/nav_ws/install/px4_msgs/include/px4_msgs/px4_msgs/msg/detail/distance_sensor_mode_change_request__rosidl_typesupport_introspection_cpp.hpp\n'}
[8.720784] (px4_msgs) StdoutLine: {'line': b'-- Up-to-date: /home/em/ros_workspace_2025/nav_ws/install/px4_msgs/include/px4_msgs/px4_msgs/msg/detail/gimbal_device_attitude_status__rosidl_typesupport_introspection_cpp.hpp\n'}
[8.720851] (px4_msgs) StdoutLine: {'line': b'-- Up-to-date: /home/em/ros_workspace_2025/nav_ws/install/px4_msgs/include/px4_msgs/px4_msgs/msg/detail/wheel_encoders__rosidl_typesupport_introspection_cpp.hpp\n'}
[8.720905] (px4_msgs) StdoutLine: {'line': b'-- Up-to-date: /home/em/ros_workspace_2025/nav_ws/install/px4_msgs/include/px4_msgs/px4_msgs/msg/detail/camera_status__rosidl_typesupport_introspection_cpp.hpp\n'}
[8.720965] (px4_msgs) StdoutLine: {'line': b'-- Up-to-date: /home/em/ros_workspace_2025/nav_ws/install/px4_msgs/include/px4_msgs/px4_msgs/msg/detail/differential_pressure__type_support.cpp\n'}
[8.721026] (px4_msgs) StdoutLine: {'line': b'-- Up-to-date: /home/em/ros_workspace_2025/nav_ws/install/px4_msgs/include/px4_msgs/px4_msgs/msg/detail/navigator_status__type_support.cpp\n'}
[8.721091] (px4_msgs) StdoutLine: {'line': b'-- Up-to-date: /home/em/ros_workspace_2025/nav_ws/install/px4_msgs/include/px4_msgs/px4_msgs/msg/detail/vehicle_rates_setpoint__rosidl_typesupport_introspection_cpp.hpp\n'}
[8.721149] (px4_msgs) StdoutLine: {'line': b'-- Up-to-date: /home/em/ros_workspace_2025/nav_ws/install/px4_msgs/include/px4_msgs/px4_msgs/msg/detail/vehicle_trajectory_waypoint__type_support.cpp\n'}
[8.721208] (px4_msgs) StdoutLine: {'line': b'-- Up-to-date: /home/em/ros_workspace_2025/nav_ws/install/px4_msgs/include/px4_msgs/px4_msgs/msg/detail/log_message__rosidl_typesupport_introspection_cpp.hpp\n'}
[8.721265] (px4_msgs) StdoutLine: {'line': b'-- Up-to-date: /home/em/ros_workspace_2025/nav_ws/install/px4_msgs/include/px4_msgs/px4_msgs/msg/detail/gimbal_manager_information__type_support.cpp\n'}
[8.721334] (px4_msgs) StdoutLine: {'line': b'-- Up-to-date: /home/em/ros_workspace_2025/nav_ws/install/px4_msgs/include/px4_msgs/px4_msgs/msg/detail/rate_ctrl_status__rosidl_typesupport_introspection_cpp.hpp\n'}
[8.721389] (px4_msgs) StdoutLine: {'line': b'-- Up-to-date: /home/em/ros_workspace_2025/nav_ws/install/px4_msgs/include/px4_msgs/px4_msgs/msg/detail/magnetometer_bias_estimate__rosidl_typesupport_introspection_cpp.hpp\n'}
[8.721446] (px4_msgs) StdoutLine: {'line': b'-- Up-to-date: /home/em/ros_workspace_2025/nav_ws/install/px4_msgs/include/px4_msgs/px4_msgs/msg/detail/task_stack_info__rosidl_typesupport_introspection_cpp.hpp\n'}
[8.721499] (px4_msgs) StdoutLine: {'line': b'-- Up-to-date: /home/em/ros_workspace_2025/nav_ws/install/px4_msgs/include/px4_msgs/px4_msgs/msg/detail/pps_capture__rosidl_typesupport_introspection_cpp.hpp\n'}
[8.721555] (px4_msgs) StdoutLine: {'line': b'-- Up-to-date: /home/em/ros_workspace_2025/nav_ws/install/px4_msgs/include/px4_msgs/px4_msgs/msg/detail/sensor_correction__rosidl_typesupport_introspection_cpp.hpp\n'}
[8.721608] (px4_msgs) StdoutLine: {'line': b'-- Up-to-date: /home/em/ros_workspace_2025/nav_ws/install/px4_msgs/include/px4_msgs/px4_msgs/msg/detail/vehicle_land_detected__rosidl_typesupport_introspection_cpp.hpp\n'}
[8.721663] (px4_msgs) StdoutLine: {'line': b'-- Up-to-date: /home/em/ros_workspace_2025/nav_ws/install/px4_msgs/include/px4_msgs/px4_msgs/msg/detail/mission_result__rosidl_typesupport_introspection_cpp.hpp\n'}
[8.721728] (px4_msgs) StdoutLine: {'line': b'-- Up-to-date: /home/em/ros_workspace_2025/nav_ws/install/px4_msgs/include/px4_msgs/px4_msgs/msg/detail/mission_result__type_support.cpp\n'}
[8.721780] (px4_msgs) StdoutLine: {'line': b'-- Up-to-date: /home/em/ros_workspace_2025/nav_ws/install/px4_msgs/include/px4_msgs/px4_msgs/msg/detail/magnetometer_bias_estimate__type_support.cpp\n'}
[8.721833] (px4_msgs) StdoutLine: {'line': b'-- Up-to-date: /home/em/ros_workspace_2025/nav_ws/install/px4_msgs/include/px4_msgs/px4_msgs/msg/detail/rtl_status__type_support.cpp\n'}
[8.721886] (px4_msgs) StdoutLine: {'line': b'-- Up-to-date: /home/em/ros_workspace_2025/nav_ws/install/px4_msgs/include/px4_msgs/px4_msgs/msg/detail/sensors_status_imu__rosidl_typesupport_introspection_cpp.hpp\n'}
[8.721942] (px4_msgs) StdoutLine: {'line': b'-- Up-to-date: /home/em/ros_workspace_2025/nav_ws/install/px4_msgs/include/px4_msgs/px4_msgs/msg/detail/logger_status__type_support.cpp\n'}
[8.722007] (px4_msgs) StdoutLine: {'line': b'-- Up-to-date: /home/em/ros_workspace_2025/nav_ws/install/px4_msgs/include/px4_msgs/px4_msgs/msg/detail/parameter_set_value_response__rosidl_typesupport_introspection_cpp.hpp\n'}
[8.722059] (px4_msgs) StdoutLine: {'line': b'-- Up-to-date: /home/em/ros_workspace_2025/nav_ws/install/px4_msgs/include/px4_msgs/px4_msgs/msg/detail/rc_parameter_map__type_support.cpp\n'}
[8.722115] (px4_msgs) StdoutLine: {'line': b'-- Up-to-date: /home/em/ros_workspace_2025/nav_ws/install/px4_msgs/include/px4_msgs/px4_msgs/msg/detail/manual_control_switches__type_support.cpp\n'}
[8.722180] (px4_msgs) StdoutLine: {'line': b'-- Up-to-date: /home/em/ros_workspace_2025/nav_ws/install/px4_msgs/include/px4_msgs/px4_msgs/msg/detail/debug_array__type_support.cpp\n'}
[8.722247] (px4_msgs) StdoutLine: {'line': b'-- Up-to-date: /home/em/ros_workspace_2025/nav_ws/install/px4_msgs/include/px4_msgs/px4_msgs/msg/detail/mode_completed__rosidl_typesupport_introspection_cpp.hpp\n'}
[8.722308] (px4_msgs) StdoutLine: {'line': b'-- Up-to-date: /home/em/ros_workspace_2025/nav_ws/install/px4_msgs/include/px4_msgs/px4_msgs/msg/detail/tune_control__type_support.cpp\n'}
[8.722376] (px4_msgs) StdoutLine: {'line': b'-- Up-to-date: /home/em/ros_workspace_2025/nav_ws/install/px4_msgs/include/px4_msgs/px4_msgs/msg/detail/buffer128__type_support.cpp\n'}
[8.722435] (px4_msgs) StdoutLine: {'line': b'-- Up-to-date: /home/em/ros_workspace_2025/nav_ws/install/px4_msgs/include/px4_msgs/px4_msgs/msg/detail/failsafe_flags__rosidl_typesupport_introspection_cpp.hpp\n'}
[8.722509] (px4_msgs) StdoutLine: {'line': b'-- Up-to-date: /home/em/ros_workspace_2025/nav_ws/install/px4_msgs/include/px4_msgs/px4_msgs/msg/detail/vehicle_angular_acceleration_setpoint__type_support.cpp\n'}
[8.722565] (px4_msgs) StdoutLine: {'line': b'-- Up-to-date: /home/em/ros_workspace_2025/nav_ws/install/px4_msgs/include/px4_msgs/px4_msgs/msg/detail/estimator_aid_source1d__rosidl_typesupport_introspection_cpp.hpp\n'}
[8.722622] (px4_msgs) StdoutLine: {'line': b'-- Up-to-date: /home/em/ros_workspace_2025/nav_ws/install/px4_msgs/include/px4_msgs/px4_msgs/msg/detail/actuator_test__rosidl_typesupport_introspection_cpp.hpp\n'}
[8.722683] (px4_msgs) StdoutLine: {'line': b'-- Up-to-date: /home/em/ros_workspace_2025/nav_ws/install/px4_msgs/include/px4_msgs/px4_msgs/msg/detail/parameter_update__rosidl_typesupport_introspection_cpp.hpp\n'}
[8.722744] (px4_msgs) StdoutLine: {'line': b'-- Up-to-date: /home/em/ros_workspace_2025/nav_ws/install/px4_msgs/include/px4_msgs/px4_msgs/msg/detail/orb_test_large__rosidl_typesupport_introspection_cpp.hpp\n'}
[8.722799] (px4_msgs) StdoutLine: {'line': b'-- Up-to-date: /home/em/ros_workspace_2025/nav_ws/install/px4_msgs/include/px4_msgs/px4_msgs/msg/detail/obstacle_distance__rosidl_typesupport_introspection_cpp.hpp\n'}
[8.722857] (px4_msgs) StdoutLine: {'line': b'-- Up-to-date: /home/em/ros_workspace_2025/nav_ws/install/px4_msgs/include/px4_msgs/px4_msgs/msg/detail/debug_value__type_support.cpp\n'}
[8.722927] (px4_msgs) StdoutLine: {'line': b'-- Up-to-date: /home/em/ros_workspace_2025/nav_ws/install/px4_msgs/include/px4_msgs/px4_msgs/msg/detail/vtol_vehicle_status__type_support.cpp\n'}
[8.722983] (px4_msgs) StdoutLine: {'line': b'-- Up-to-date: /home/em/ros_workspace_2025/nav_ws/install/px4_msgs/lib/libpx4_msgs__rosidl_typesupport_introspection_cpp.so\n'}
[8.723047] (px4_msgs) StdoutLine: {'line': b'-- Up-to-date: /home/em/ros_workspace_2025/nav_ws/install/px4_msgs/lib/libpx4_msgs__rosidl_typesupport_cpp.so\n'}
[8.723102] (px4_msgs) StdoutLine: {'line': b'-- Up-to-date: /home/em/ros_workspace_2025/nav_ws/install/px4_msgs/share/px4_msgs/environment/pythonpath.sh\n'}
[8.723156] (px4_msgs) StdoutLine: {'line': b'-- Up-to-date: /home/em/ros_workspace_2025/nav_ws/install/px4_msgs/share/px4_msgs/environment/pythonpath.dsv\n'}
[8.723218] (px4_msgs) StdoutLine: {'line': b'-- Up-to-date: /home/em/ros_workspace_2025/nav_ws/install/px4_msgs/local/lib/python3.10/dist-packages/px4_msgs-2.0.1-py3.10.egg-info\n'}
[8.723276] (px4_msgs) StdoutLine: {'line': b'-- Installing: /home/em/ros_workspace_2025/nav_ws/install/px4_msgs/local/lib/python3.10/dist-packages/px4_msgs-2.0.1-py3.10.egg-info/top_level.txt\n'}
[8.723334] (px4_msgs) StdoutLine: {'line': b'-- Installing: /home/em/ros_workspace_2025/nav_ws/install/px4_msgs/local/lib/python3.10/dist-packages/px4_msgs-2.0.1-py3.10.egg-info/PKG-INFO\n'}
[8.723402] (px4_msgs) StdoutLine: {'line': b'-- Installing: /home/em/ros_workspace_2025/nav_ws/install/px4_msgs/local/lib/python3.10/dist-packages/px4_msgs-2.0.1-py3.10.egg-info/dependency_links.txt\n'}
[8.723455] (px4_msgs) StdoutLine: {'line': b'-- Installing: /home/em/ros_workspace_2025/nav_ws/install/px4_msgs/local/lib/python3.10/dist-packages/px4_msgs-2.0.1-py3.10.egg-info/SOURCES.txt\n'}
[8.723511] (px4_msgs) StdoutLine: {'line': b'-- Up-to-date: /home/em/ros_workspace_2025/nav_ws/install/px4_msgs/local/lib/python3.10/dist-packages/px4_msgs\n'}
[8.723576] (px4_msgs) StdoutLine: {'line': b'-- Up-to-date: /home/em/ros_workspace_2025/nav_ws/install/px4_msgs/local/lib/python3.10/dist-packages/px4_msgs/_px4_msgs_s.ep.rosidl_typesupport_c.c\n'}
[8.723630] (px4_msgs) StdoutLine: {'line': b'-- Up-to-date: /home/em/ros_workspace_2025/nav_ws/install/px4_msgs/local/lib/python3.10/dist-packages/px4_msgs/libpx4_msgs__rosidl_generator_py.so\n'}
[8.723683] (px4_msgs) StdoutLine: {'line': b'-- Up-to-date: /home/em/ros_workspace_2025/nav_ws/install/px4_msgs/local/lib/python3.10/dist-packages/px4_msgs/__init__.py\n'}
[8.723736] (px4_msgs) StdoutLine: {'line': b'-- Up-to-date: /home/em/ros_workspace_2025/nav_ws/install/px4_msgs/local/lib/python3.10/dist-packages/px4_msgs/srv\n'}
[8.723791] (px4_msgs) StdoutLine: {'line': b'-- Up-to-date: /home/em/ros_workspace_2025/nav_ws/install/px4_msgs/local/lib/python3.10/dist-packages/px4_msgs/srv/__init__.py\n'}
[8.723849] (px4_msgs) StdoutLine: {'line': b'-- Up-to-date: /home/em/ros_workspace_2025/nav_ws/install/px4_msgs/local/lib/python3.10/dist-packages/px4_msgs/srv/_vehicle_command.py\n'}
[8.723910] (px4_msgs) StdoutLine: {'line': b'-- Up-to-date: /home/em/ros_workspace_2025/nav_ws/install/px4_msgs/local/lib/python3.10/dist-packages/px4_msgs/srv/_vehicle_command_s.c\n'}
[8.724051] (px4_msgs) StdoutLine: {'line': b'-- Up-to-date: /home/em/ros_workspace_2025/nav_ws/install/px4_msgs/local/lib/python3.10/dist-packages/px4_msgs/px4_msgs_s__rosidl_typesupport_c.cpython-310-x86_64-linux-gnu.so\n'}
[8.724107] (px4_msgs) StdoutLine: {'line': b'-- Up-to-date: /home/em/ros_workspace_2025/nav_ws/install/px4_msgs/local/lib/python3.10/dist-packages/px4_msgs/px4_msgs_s__rosidl_typesupport_introspection_c.cpython-310-x86_64-linux-gnu.so\n'}
[8.724171] (px4_msgs) StdoutLine: {'line': b'-- Up-to-date: /home/em/ros_workspace_2025/nav_ws/install/px4_msgs/local/lib/python3.10/dist-packages/px4_msgs/px4_msgs_s__rosidl_typesupport_fastrtps_c.cpython-310-x86_64-linux-gnu.so\n'}
[8.724250] (px4_msgs) StdoutLine: {'line': b'-- Up-to-date: /home/em/ros_workspace_2025/nav_ws/install/px4_msgs/local/lib/python3.10/dist-packages/px4_msgs/msg\n'}
[8.724303] (px4_msgs) StdoutLine: {'line': b'-- Up-to-date: /home/em/ros_workspace_2025/nav_ws/install/px4_msgs/local/lib/python3.10/dist-packages/px4_msgs/msg/_sensor_mag_s.c\n'}
[8.724356] (px4_msgs) StdoutLine: {'line': b'-- Up-to-date: /home/em/ros_workspace_2025/nav_ws/install/px4_msgs/local/lib/python3.10/dist-packages/px4_msgs/msg/_can_interface_status_s.c\n'}
[8.724407] (px4_msgs) StdoutLine: {'line': b'-- Up-to-date: /home/em/ros_workspace_2025/nav_ws/install/px4_msgs/local/lib/python3.10/dist-packages/px4_msgs/msg/_distance_sensor_mode_change_request.py\n'}
[8.724460] (px4_msgs) StdoutLine: {'line': b'-- Up-to-date: /home/em/ros_workspace_2025/nav_ws/install/px4_msgs/local/lib/python3.10/dist-packages/px4_msgs/msg/_mavlink_tunnel_s.c\n'}
[8.724516] (px4_msgs) StdoutLine: {'line': b'-- Up-to-date: /home/em/ros_workspace_2025/nav_ws/install/px4_msgs/local/lib/python3.10/dist-packages/px4_msgs/msg/_unregister_ext_component.py\n'}
[8.724571] (px4_msgs) StdoutLine: {'line': b'-- Up-to-date: /home/em/ros_workspace_2025/nav_ws/install/px4_msgs/local/lib/python3.10/dist-packages/px4_msgs/msg/_vehicle_trajectory_waypoint_s.c\n'}
[8.724625] (px4_msgs) StdoutLine: {'line': b'-- Up-to-date: /home/em/ros_workspace_2025/nav_ws/install/px4_msgs/local/lib/python3.10/dist-packages/px4_msgs/msg/_vehicle_thrust_setpoint_s.c\n'}
[8.724679] (px4_msgs) StdoutLine: {'line': b'-- Up-to-date: /home/em/ros_workspace_2025/nav_ws/install/px4_msgs/local/lib/python3.10/dist-packages/px4_msgs/msg/_parameter_set_value_request.py\n'}
[8.724755] (px4_msgs) StdoutLine: {'line': b'-- Up-to-date: /home/em/ros_workspace_2025/nav_ws/install/px4_msgs/local/lib/python3.10/dist-packages/px4_msgs/msg/_estimator_sensor_bias.py\n'}
[8.724806] (px4_msgs) StdoutLine: {'line': b'-- Up-to-date: /home/em/ros_workspace_2025/nav_ws/install/px4_msgs/local/lib/python3.10/dist-packages/px4_msgs/msg/_offboard_control_mode.py\n'}
[8.724857] (px4_msgs) StdoutLine: {'line': b'-- Up-to-date: /home/em/ros_workspace_2025/nav_ws/install/px4_msgs/local/lib/python3.10/dist-packages/px4_msgs/msg/_open_drone_id_system_s.c\n'}
[8.724910] (px4_msgs) StdoutLine: {'line': b'-- Up-to-date: /home/em/ros_workspace_2025/nav_ws/install/px4_msgs/local/lib/python3.10/dist-packages/px4_msgs/msg/_sensor_mag.py\n'}
[8.724961] (px4_msgs) StdoutLine: {'line': b'-- Up-to-date: /home/em/ros_workspace_2025/nav_ws/install/px4_msgs/local/lib/python3.10/dist-packages/px4_msgs/msg/_dataman_response.py\n'}
[8.725012] (px4_msgs) StdoutLine: {'line': b'-- Up-to-date: /home/em/ros_workspace_2025/nav_ws/install/px4_msgs/local/lib/python3.10/dist-packages/px4_msgs/msg/_home_position.py\n'}
[8.725062] (px4_msgs) StdoutLine: {'line': b'-- Up-to-date: /home/em/ros_workspace_2025/nav_ws/install/px4_msgs/local/lib/python3.10/dist-packages/px4_msgs/msg/_goto_setpoint.py\n'}
[8.725115] (px4_msgs) StdoutLine: {'line': b'-- Up-to-date: /home/em/ros_workspace_2025/nav_ws/install/px4_msgs/local/lib/python3.10/dist-packages/px4_msgs/msg/_gpio_config.py\n'}
[8.725169] (px4_msgs) StdoutLine: {'line': b'-- Up-to-date: /home/em/ros_workspace_2025/nav_ws/install/px4_msgs/local/lib/python3.10/dist-packages/px4_msgs/msg/_npfg_status.py\n'}
[8.725242] (px4_msgs) StdoutLine: {'line': b'-- Up-to-date: /home/em/ros_workspace_2025/nav_ws/install/px4_msgs/local/lib/python3.10/dist-packages/px4_msgs/msg/_rover_mecanum_setpoint.py\n'}
[8.725296] (px4_msgs) StdoutLine: {'line': b'-- Up-to-date: /home/em/ros_workspace_2025/nav_ws/install/px4_msgs/local/lib/python3.10/dist-packages/px4_msgs/msg/_uavcan_parameter_request_s.c\n'}
[8.725358] (px4_msgs) StdoutLine: {'line': b'-- Up-to-date: /home/em/ros_workspace_2025/nav_ws/install/px4_msgs/local/lib/python3.10/dist-packages/px4_msgs/msg/_tune_control.py\n'}
[8.725408] (px4_msgs) StdoutLine: {'line': b'-- Up-to-date: /home/em/ros_workspace_2025/nav_ws/install/px4_msgs/local/lib/python3.10/dist-packages/px4_msgs/msg/_estimator_status.py\n'}
[8.725459] (px4_msgs) StdoutLine: {'line': b'-- Up-to-date: /home/em/ros_workspace_2025/nav_ws/install/px4_msgs/local/lib/python3.10/dist-packages/px4_msgs/msg/_sensor_accel_fifo_s.c\n'}
[8.725510] (px4_msgs) StdoutLine: {'line': b'-- Up-to-date: /home/em/ros_workspace_2025/nav_ws/install/px4_msgs/local/lib/python3.10/dist-packages/px4_msgs/msg/_flight_phase_estimation_s.c\n'}
[8.725561] (px4_msgs) StdoutLine: {'line': b'-- Up-to-date: /home/em/ros_workspace_2025/nav_ws/install/px4_msgs/local/lib/python3.10/dist-packages/px4_msgs/msg/_parameter_set_used_request.py\n'}
[8.725616] (px4_msgs) StdoutLine: {'line': b'-- Up-to-date: /home/em/ros_workspace_2025/nav_ws/install/px4_msgs/local/lib/python3.10/dist-packages/px4_msgs/msg/_camera_trigger.py\n'}
[8.725680] (px4_msgs) StdoutLine: {'line': b'-- Up-to-date: /home/em/ros_workspace_2025/nav_ws/install/px4_msgs/local/lib/python3.10/dist-packages/px4_msgs/msg/_sensors_status.py\n'}
[8.725733] (px4_msgs) StdoutLine: {'line': b'-- Up-to-date: /home/em/ros_workspace_2025/nav_ws/install/px4_msgs/local/lib/python3.10/dist-packages/px4_msgs/msg/_esc_status_s.c\n'}
[8.725791] (px4_msgs) StdoutLine: {'line': b'-- Up-to-date: /home/em/ros_workspace_2025/nav_ws/install/px4_msgs/local/lib/python3.10/dist-packages/px4_msgs/msg/_action_request.py\n'}
[8.725852] (px4_msgs) StdoutLine: {'line': b'-- Up-to-date: /home/em/ros_workspace_2025/nav_ws/install/px4_msgs/local/lib/python3.10/dist-packages/px4_msgs/msg/_button_event_s.c\n'}
[8.725909] (px4_msgs) StdoutLine: {'line': b'-- Up-to-date: /home/em/ros_workspace_2025/nav_ws/install/px4_msgs/local/lib/python3.10/dist-packages/px4_msgs/msg/_control_allocator_status.py\n'}
[8.725965] (px4_msgs) StdoutLine: {'line': b'-- Up-to-date: /home/em/ros_workspace_2025/nav_ws/install/px4_msgs/local/lib/python3.10/dist-packages/px4_msgs/msg/_gps_dump.py\n'}
[8.726019] (px4_msgs) StdoutLine: {'line': b'-- Up-to-date: /home/em/ros_workspace_2025/nav_ws/install/px4_msgs/local/lib/python3.10/dist-packages/px4_msgs/msg/_gimbal_device_set_attitude_s.c\n'}
[8.726071] (px4_msgs) StdoutLine: {'line': b'-- Up-to-date: /home/em/ros_workspace_2025/nav_ws/install/px4_msgs/local/lib/python3.10/dist-packages/px4_msgs/msg/_orbit_status.py\n'}
[8.726124] (px4_msgs) StdoutLine: {'line': b'-- Up-to-date: /home/em/ros_workspace_2025/nav_ws/install/px4_msgs/local/lib/python3.10/dist-packages/px4_msgs/msg/_goto_setpoint_s.c\n'}
[8.726178] (px4_msgs) StdoutLine: {'line': b'-- Up-to-date: /home/em/ros_workspace_2025/nav_ws/install/px4_msgs/local/lib/python3.10/dist-packages/px4_msgs/msg/_actuator_outputs.py\n'}
[8.726252] (px4_msgs) StdoutLine: {'line': b'-- Up-to-date: /home/em/ros_workspace_2025/nav_ws/install/px4_msgs/local/lib/python3.10/dist-packages/px4_msgs/msg/_satellite_info_s.c\n'}
[8.726310] (px4_msgs) StdoutLine: {'line': b'-- Up-to-date: /home/em/ros_workspace_2025/nav_ws/install/px4_msgs/local/lib/python3.10/dist-packages/px4_msgs/msg/_health_report.py\n'}
[8.726369] (px4_msgs) StdoutLine: {'line': b'-- Up-to-date: /home/em/ros_workspace_2025/nav_ws/install/px4_msgs/local/lib/python3.10/dist-packages/px4_msgs/msg/_rtl_status_s.c\n'}
[8.726465] (px4_msgs) StdoutLine: {'line': b'-- Up-to-date: /home/em/ros_workspace_2025/nav_ws/install/px4_msgs/local/lib/python3.10/dist-packages/px4_msgs/msg/_vehicle_acceleration.py\n'}
[8.726511] (px4_msgs) StdoutLine: {'line': b'-- Up-to-date: /home/em/ros_workspace_2025/nav_ws/install/px4_msgs/local/lib/python3.10/dist-packages/px4_msgs/msg/_action_request_s.c\n'}
[8.726539] (px4_msgs) StdoutLine: {'line': b'-- Up-to-date: /home/em/ros_workspace_2025/nav_ws/install/px4_msgs/local/lib/python3.10/dist-packages/px4_msgs/msg/_timesync_status.py\n'}
[8.726564] (px4_msgs) StdoutLine: {'line': b'-- Up-to-date: /home/em/ros_workspace_2025/nav_ws/install/px4_msgs/local/lib/python3.10/dist-packages/px4_msgs/msg/_wheel_encoders_s.c\n'}
[8.726590] (px4_msgs) StdoutLine: {'line': b'-- Up-to-date: /home/em/ros_workspace_2025/nav_ws/install/px4_msgs/local/lib/python3.10/dist-packages/px4_msgs/msg/_vehicle_attitude.py\n'}
[8.726614] (px4_msgs) StdoutLine: {'line': b'-- Up-to-date: /home/em/ros_workspace_2025/nav_ws/install/px4_msgs/local/lib/python3.10/dist-packages/px4_msgs/msg/_satellite_info.py\n'}
[8.726655] (px4_msgs) StdoutLine: {'line': b'-- Up-to-date: /home/em/ros_workspace_2025/nav_ws/install/px4_msgs/local/lib/python3.10/dist-packages/px4_msgs/msg/_rate_ctrl_status.py\n'}
[8.726677] (px4_msgs) StdoutLine: {'line': b'-- Up-to-date: /home/em/ros_workspace_2025/nav_ws/install/px4_msgs/local/lib/python3.10/dist-packages/px4_msgs/msg/_actuator_armed.py\n'}
[8.726699] (px4_msgs) StdoutLine: {'line': b'-- Up-to-date: /home/em/ros_workspace_2025/nav_ws/install/px4_msgs/local/lib/python3.10/dist-packages/px4_msgs/msg/_magnetometer_bias_estimate_s.c\n'}
[8.726723] (px4_msgs) StdoutLine: {'line': b'-- Up-to-date: /home/em/ros_workspace_2025/nav_ws/install/px4_msgs/local/lib/python3.10/dist-packages/px4_msgs/msg/_vehicle_optical_flow_vel_s.c\n'}
[8.726747] (px4_msgs) StdoutLine: {'line': b'-- Up-to-date: /home/em/ros_workspace_2025/nav_ws/install/px4_msgs/local/lib/python3.10/dist-packages/px4_msgs/msg/_estimator_selector_status_s.c\n'}
[8.726770] (px4_msgs) StdoutLine: {'line': b'-- Up-to-date: /home/em/ros_workspace_2025/nav_ws/install/px4_msgs/local/lib/python3.10/dist-packages/px4_msgs/msg/_parameter_update_s.c\n'}
[8.726794] (px4_msgs) StdoutLine: {'line': b'-- Up-to-date: /home/em/ros_workspace_2025/nav_ws/install/px4_msgs/local/lib/python3.10/dist-packages/px4_msgs/msg/_magnetometer_bias_estimate.py\n'}
[8.726817] (px4_msgs) StdoutLine: {'line': b'-- Up-to-date: /home/em/ros_workspace_2025/nav_ws/install/px4_msgs/local/lib/python3.10/dist-packages/px4_msgs/msg/_rover_differential_setpoint.py\n'}
[8.726850] (px4_msgs) StdoutLine: {'line': b'-- Up-to-date: /home/em/ros_workspace_2025/nav_ws/install/px4_msgs/local/lib/python3.10/dist-packages/px4_msgs/msg/_open_drone_id_operator_id_s.c\n'}
[8.726873] (px4_msgs) StdoutLine: {'line': b'-- Up-to-date: /home/em/ros_workspace_2025/nav_ws/install/px4_msgs/local/lib/python3.10/dist-packages/px4_msgs/msg/_system_power_s.c\n'}
[8.726895] (px4_msgs) StdoutLine: {'line': b'-- Up-to-date: /home/em/ros_workspace_2025/nav_ws/install/px4_msgs/local/lib/python3.10/dist-packages/px4_msgs/msg/_vehicle_control_mode_s.c\n'}
[8.726917] (px4_msgs) StdoutLine: {'line': b'-- Up-to-date: /home/em/ros_workspace_2025/nav_ws/install/px4_msgs/local/lib/python3.10/dist-packages/px4_msgs/msg/_rover_differential_status_s.c\n'}
[8.726949] (px4_msgs) StdoutLine: {'line': b'-- Up-to-date: /home/em/ros_workspace_2025/nav_ws/install/px4_msgs/local/lib/python3.10/dist-packages/px4_msgs/msg/_rate_ctrl_status_s.c\n'}
[8.726970] (px4_msgs) StdoutLine: {'line': b'-- Up-to-date: /home/em/ros_workspace_2025/nav_ws/install/px4_msgs/local/lib/python3.10/dist-packages/px4_msgs/msg/_trajectory_setpoint_s.c\n'}
[8.726991] (px4_msgs) StdoutLine: {'line': b'-- Up-to-date: /home/em/ros_workspace_2025/nav_ws/install/px4_msgs/local/lib/python3.10/dist-packages/px4_msgs/msg/_rtl_time_estimate_s.c\n'}
[8.727012] (px4_msgs) StdoutLine: {'line': b'-- Up-to-date: /home/em/ros_workspace_2025/nav_ws/install/px4_msgs/local/lib/python3.10/dist-packages/px4_msgs/msg/_vehicle_rates_setpoint_s.c\n'}
[8.727034] (px4_msgs) StdoutLine: {'line': b'-- Up-to-date: /home/em/ros_workspace_2025/nav_ws/install/px4_msgs/local/lib/python3.10/dist-packages/px4_msgs/msg/_collision_report_s.c\n'}
[8.727056] (px4_msgs) StdoutLine: {'line': b'-- Up-to-date: /home/em/ros_workspace_2025/nav_ws/install/px4_msgs/local/lib/python3.10/dist-packages/px4_msgs/msg/_navigator_mission_item_s.c\n'}
[8.727077] (px4_msgs) StdoutLine: {'line': b'-- Up-to-date: /home/em/ros_workspace_2025/nav_ws/install/px4_msgs/local/lib/python3.10/dist-packages/px4_msgs/msg/_vehicle_magnetometer.py\n'}
[8.727097] (px4_msgs) StdoutLine: {'line': b'-- Up-to-date: /home/em/ros_workspace_2025/nav_ws/install/px4_msgs/local/lib/python3.10/dist-packages/px4_msgs/msg/_vehicle_local_position_s.c\n'}
[8.727117] (px4_msgs) StdoutLine: {'line': b'-- Up-to-date: /home/em/ros_workspace_2025/nav_ws/install/px4_msgs/local/lib/python3.10/dist-packages/px4_msgs/msg/_vehicle_odometry_s.c\n'}
[8.727138] (px4_msgs) StdoutLine: {'line': b'-- Up-to-date: /home/em/ros_workspace_2025/nav_ws/install/px4_msgs/local/lib/python3.10/dist-packages/px4_msgs/msg/_onboard_computer_status.py\n'}
[8.727159] (px4_msgs) StdoutLine: {'line': b'-- Up-to-date: /home/em/ros_workspace_2025/nav_ws/install/px4_msgs/local/lib/python3.10/dist-packages/px4_msgs/msg/_gimbal_device_attitude_status_s.c\n'}
[8.727181] (px4_msgs) StdoutLine: {'line': b'-- Up-to-date: /home/em/ros_workspace_2025/nav_ws/install/px4_msgs/local/lib/python3.10/dist-packages/px4_msgs/msg/_estimator_gps_status.py\n'}
[8.727221] (px4_msgs) StdoutLine: {'line': b'-- Up-to-date: /home/em/ros_workspace_2025/nav_ws/install/px4_msgs/local/lib/python3.10/dist-packages/px4_msgs/msg/_sensor_gyro_fft.py\n'}
[8.727244] (px4_msgs) StdoutLine: {'line': b'-- Up-to-date: /home/em/ros_workspace_2025/nav_ws/install/px4_msgs/local/lib/python3.10/dist-packages/px4_msgs/msg/_figure_eight_status.py\n'}
[8.727271] (px4_msgs) StdoutLine: {'line': b'-- Up-to-date: /home/em/ros_workspace_2025/nav_ws/install/px4_msgs/local/lib/python3.10/dist-packages/px4_msgs/msg/_arming_check_reply_s.c\n'}
[8.727302] (px4_msgs) StdoutLine: {'line': b'-- Up-to-date: /home/em/ros_workspace_2025/nav_ws/install/px4_msgs/local/lib/python3.10/dist-packages/px4_msgs/msg/_sensors_status_imu.py\n'}
[8.727333] (px4_msgs) StdoutLine: {'line': b'-- Up-to-date: /home/em/ros_workspace_2025/nav_ws/install/px4_msgs/local/lib/python3.10/dist-packages/px4_msgs/msg/__init__.py\n'}
[8.727367] (px4_msgs) StdoutLine: {'line': b'-- Up-to-date: /home/em/ros_workspace_2025/nav_ws/install/px4_msgs/local/lib/python3.10/dist-packages/px4_msgs/msg/_manual_control_switches_s.c\n'}
[8.727412] (px4_msgs) StdoutLine: {'line': b'-- Up-to-date: /home/em/ros_workspace_2025/nav_ws/install/px4_msgs/local/lib/python3.10/dist-packages/px4_msgs/msg/_ping.py\n'}
[8.727450] (px4_msgs) StdoutLine: {'line': b'-- Up-to-date: /home/em/ros_workspace_2025/nav_ws/install/px4_msgs/local/lib/python3.10/dist-packages/px4_msgs/msg/_sensor_accel.py\n'}
[8.727486] (px4_msgs) StdoutLine: {'line': b'-- Up-to-date: /home/em/ros_workspace_2025/nav_ws/install/px4_msgs/local/lib/python3.10/dist-packages/px4_msgs/msg/_failure_detector_status.py\n'}
[8.727530] (px4_msgs) StdoutLine: {'line': b'-- Up-to-date: /home/em/ros_workspace_2025/nav_ws/install/px4_msgs/local/lib/python3.10/dist-packages/px4_msgs/msg/_onboard_computer_status_s.c\n'}
[8.727644] (px4_msgs) StdoutLine: {'line': b'-- Up-to-date: /home/em/ros_workspace_2025/nav_ws/install/px4_msgs/local/lib/python3.10/dist-packages/px4_msgs/msg/_fuel_tank_status_s.c\n'}
[8.727755] (px4_msgs) StdoutLine: {'line': b'-- Up-to-date: /home/em/ros_workspace_2025/nav_ws/install/px4_msgs/local/lib/python3.10/dist-packages/px4_msgs/msg/_gimbal_manager_set_manual_control_s.c\n'}
[8.727795] (px4_msgs) StdoutLine: {'line': b'-- Up-to-date: /home/em/ros_workspace_2025/nav_ws/install/px4_msgs/local/lib/python3.10/dist-packages/px4_msgs/msg/_open_drone_id_self_id_s.c\n'}
[8.727830] (px4_msgs) StdoutLine: {'line': b'-- Up-to-date: /home/em/ros_workspace_2025/nav_ws/install/px4_msgs/local/lib/python3.10/dist-packages/px4_msgs/msg/_debug_array.py\n'}
[8.727854] (px4_msgs) StdoutLine: {'line': b'-- Up-to-date: /home/em/ros_workspace_2025/nav_ws/install/px4_msgs/local/lib/python3.10/dist-packages/px4_msgs/msg/_led_control_s.c\n'}
[8.727876] (px4_msgs) StdoutLine: {'line': b'-- Up-to-date: /home/em/ros_workspace_2025/nav_ws/install/px4_msgs/local/lib/python3.10/dist-packages/px4_msgs/msg/_vehicle_roi_s.c\n'}
[8.727899] (px4_msgs) StdoutLine: {'line': b'-- Up-to-date: /home/em/ros_workspace_2025/nav_ws/install/px4_msgs/local/lib/python3.10/dist-packages/px4_msgs/msg/_pwm_input.py\n'}
[8.727921] (px4_msgs) StdoutLine: {'line': b'-- Up-to-date: /home/em/ros_workspace_2025/nav_ws/install/px4_msgs/local/lib/python3.10/dist-packages/px4_msgs/msg/_vehicle_attitude_setpoint.py\n'}
[8.727948] (px4_msgs) StdoutLine: {'line': b'-- Up-to-date: /home/em/ros_workspace_2025/nav_ws/install/px4_msgs/local/lib/python3.10/dist-packages/px4_msgs/msg/_sensor_uwb.py\n'}
[8.727971] (px4_msgs) StdoutLine: {'line': b'-- Up-to-date: /home/em/ros_workspace_2025/nav_ws/install/px4_msgs/local/lib/python3.10/dist-packages/px4_msgs/msg/_estimator_event_flags_s.c\n'}
[8.727992] (px4_msgs) StdoutLine: {'line': b'-- Up-to-date: /home/em/ros_workspace_2025/nav_ws/install/px4_msgs/local/lib/python3.10/dist-packages/px4_msgs/msg/_orb_test_large.py\n'}
[8.728014] (px4_msgs) StdoutLine: {'line': b'-- Up-to-date: /home/em/ros_workspace_2025/nav_ws/install/px4_msgs/local/lib/python3.10/dist-packages/px4_msgs/msg/_vehicle_imu.py\n'}
[8.728036] (px4_msgs) StdoutLine: {'line': b'-- Up-to-date: /home/em/ros_workspace_2025/nav_ws/install/px4_msgs/local/lib/python3.10/dist-packages/px4_msgs/msg/_rpm_s.c\n'}
[8.728059] (px4_msgs) StdoutLine: {'line': b'-- Up-to-date: /home/em/ros_workspace_2025/nav_ws/install/px4_msgs/local/lib/python3.10/dist-packages/px4_msgs/msg/_estimator_bias.py\n'}
[8.728081] (px4_msgs) StdoutLine: {'line': b'-- Up-to-date: /home/em/ros_workspace_2025/nav_ws/install/px4_msgs/local/lib/python3.10/dist-packages/px4_msgs/msg/_estimator_status_flags.py\n'}
[8.728102] (px4_msgs) StdoutLine: {'line': b'-- Up-to-date: /home/em/ros_workspace_2025/nav_ws/install/px4_msgs/local/lib/python3.10/dist-packages/px4_msgs/msg/_hover_thrust_estimate_s.c\n'}
[8.728144] (px4_msgs) StdoutLine: {'line': b'-- Up-to-date: /home/em/ros_workspace_2025/nav_ws/install/px4_msgs/local/lib/python3.10/dist-packages/px4_msgs/msg/_estimator_sensor_bias_s.c\n'}
[8.728166] (px4_msgs) StdoutLine: {'line': b'-- Up-to-date: /home/em/ros_workspace_2025/nav_ws/install/px4_msgs/local/lib/python3.10/dist-packages/px4_msgs/msg/_actuator_test_s.c\n'}
[8.728187] (px4_msgs) StdoutLine: {'line': b'-- Up-to-date: /home/em/ros_workspace_2025/nav_ws/install/px4_msgs/local/lib/python3.10/dist-packages/px4_msgs/msg/_camera_capture_s.c\n'}
[8.728216] (px4_msgs) StdoutLine: {'line': b'-- Up-to-date: /home/em/ros_workspace_2025/nav_ws/install/px4_msgs/local/lib/python3.10/dist-packages/px4_msgs/msg/_vehicle_constraints_s.c\n'}
[8.728237] (px4_msgs) StdoutLine: {'line': b'-- Up-to-date: /home/em/ros_workspace_2025/nav_ws/install/px4_msgs/local/lib/python3.10/dist-packages/px4_msgs/msg/_gimbal_device_set_attitude.py\n'}
[8.728259] (px4_msgs) StdoutLine: {'line': b'-- Up-to-date: /home/em/ros_workspace_2025/nav_ws/install/px4_msgs/local/lib/python3.10/dist-packages/px4_msgs/msg/_velocity_limits_s.c\n'}
[8.728280] (px4_msgs) StdoutLine: {'line': b'-- Up-to-date: /home/em/ros_workspace_2025/nav_ws/install/px4_msgs/local/lib/python3.10/dist-packages/px4_msgs/msg/_vehicle_land_detected.py\n'}
[8.728301] (px4_msgs) StdoutLine: {'line': b'-- Up-to-date: /home/em/ros_workspace_2025/nav_ws/install/px4_msgs/local/lib/python3.10/dist-packages/px4_msgs/msg/_gimbal_device_attitude_status.py\n'}
[8.728323] (px4_msgs) StdoutLine: {'line': b'-- Up-to-date: /home/em/ros_workspace_2025/nav_ws/install/px4_msgs/local/lib/python3.10/dist-packages/px4_msgs/msg/_task_stack_info_s.c\n'}
[8.728344] (px4_msgs) StdoutLine: {'line': b'-- Up-to-date: /home/em/ros_workspace_2025/nav_ws/install/px4_msgs/local/lib/python3.10/dist-packages/px4_msgs/msg/_ping_s.c\n'}
[8.728365] (px4_msgs) StdoutLine: {'line': b'-- Up-to-date: /home/em/ros_workspace_2025/nav_ws/install/px4_msgs/local/lib/python3.10/dist-packages/px4_msgs/msg/_sensor_hygrometer.py\n'}
[8.728386] (px4_msgs) StdoutLine: {'line': b'-- Up-to-date: /home/em/ros_workspace_2025/nav_ws/install/px4_msgs/local/lib/python3.10/dist-packages/px4_msgs/msg/_sensor_airflow.py\n'}
[8.728407] (px4_msgs) StdoutLine: {'line': b'-- Up-to-date: /home/em/ros_workspace_2025/nav_ws/install/px4_msgs/local/lib/python3.10/dist-packages/px4_msgs/msg/_tune_control_s.c\n'}
[8.728427] (px4_msgs) StdoutLine: {'line': b'-- Up-to-date: /home/em/ros_workspace_2025/nav_ws/install/px4_msgs/local/lib/python3.10/dist-packages/px4_msgs/msg/_cellular_status_s.c\n'}
[8.728448] (px4_msgs) StdoutLine: {'line': b'-- Up-to-date: /home/em/ros_workspace_2025/nav_ws/install/px4_msgs/local/lib/python3.10/dist-packages/px4_msgs/msg/_failure_detector_status_s.c\n'}
[8.728470] (px4_msgs) StdoutLine: {'line': b'-- Up-to-date: /home/em/ros_workspace_2025/nav_ws/install/px4_msgs/local/lib/python3.10/dist-packages/px4_msgs/msg/_arming_check_request.py\n'}
[8.728491] (px4_msgs) StdoutLine: {'line': b'-- Up-to-date: /home/em/ros_workspace_2025/nav_ws/install/px4_msgs/local/lib/python3.10/dist-packages/px4_msgs/msg/_sensor_selection.py\n'}
[8.728512] (px4_msgs) StdoutLine: {'line': b'-- Up-to-date: /home/em/ros_workspace_2025/nav_ws/install/px4_msgs/local/lib/python3.10/dist-packages/px4_msgs/msg/_vehicle_trajectory_bezier.py\n'}
[8.728532] (px4_msgs) StdoutLine: {'line': b'-- Up-to-date: /home/em/ros_workspace_2025/nav_ws/install/px4_msgs/local/lib/python3.10/dist-packages/px4_msgs/msg/_gimbal_device_information.py\n'}
[8.728553] (px4_msgs) StdoutLine: {'line': b'-- Up-to-date: /home/em/ros_workspace_2025/nav_ws/install/px4_msgs/local/lib/python3.10/dist-packages/px4_msgs/msg/_estimator_aid_source3d.py\n'}
[8.728573] (px4_msgs) StdoutLine: {'line': b'-- Up-to-date: /home/em/ros_workspace_2025/nav_ws/install/px4_msgs/local/lib/python3.10/dist-packages/px4_msgs/msg/_open_drone_id_arm_status.py\n'}
[8.728603] (px4_msgs) StdoutLine: {'line': b'-- Up-to-date: /home/em/ros_workspace_2025/nav_ws/install/px4_msgs/local/lib/python3.10/dist-packages/px4_msgs/msg/_sensors_status_s.c\n'}
[8.728629] (px4_msgs) StdoutLine: {'line': b'-- Up-to-date: /home/em/ros_workspace_2025/nav_ws/install/px4_msgs/local/lib/python3.10/dist-packages/px4_msgs/msg/_estimator_aid_source3d_s.c\n'}
[8.728653] (px4_msgs) StdoutLine: {'line': b'-- Up-to-date: /home/em/ros_workspace_2025/nav_ws/install/px4_msgs/local/lib/python3.10/dist-packages/px4_msgs/msg/_position_controller_landing_status_s.c\n'}
[8.728677] (px4_msgs) StdoutLine: {'line': b'-- Up-to-date: /home/em/ros_workspace_2025/nav_ws/install/px4_msgs/local/lib/python3.10/dist-packages/px4_msgs/msg/_vehicle_torque_setpoint_s.c\n'}
[8.728700] (px4_msgs) StdoutLine: {'line': b'-- Up-to-date: /home/em/ros_workspace_2025/nav_ws/install/px4_msgs/local/lib/python3.10/dist-packages/px4_msgs/msg/_geofence_result_s.c\n'}
[8.728724] (px4_msgs) StdoutLine: {'line': b'-- Up-to-date: /home/em/ros_workspace_2025/nav_ws/install/px4_msgs/local/lib/python3.10/dist-packages/px4_msgs/msg/_rover_differential_setpoint_s.c\n'}
[8.728746] (px4_msgs) StdoutLine: {'line': b'-- Up-to-date: /home/em/ros_workspace_2025/nav_ws/install/px4_msgs/local/lib/python3.10/dist-packages/px4_msgs/msg/_normalized_unsigned_setpoint.py\n'}
[8.728769] (px4_msgs) StdoutLine: {'line': b'-- Up-to-date: /home/em/ros_workspace_2025/nav_ws/install/px4_msgs/local/lib/python3.10/dist-packages/px4_msgs/msg/_rover_ackermann_guidance_status.py\n'}
[8.728791] (px4_msgs) StdoutLine: {'line': b'-- Up-to-date: /home/em/ros_workspace_2025/nav_ws/install/px4_msgs/local/lib/python3.10/dist-packages/px4_msgs/msg/_position_controller_status_s.c\n'}
[8.728813] (px4_msgs) StdoutLine: {'line': b'-- Up-to-date: /home/em/ros_workspace_2025/nav_ws/install/px4_msgs/local/lib/python3.10/dist-packages/px4_msgs/msg/_sensor_gyro_s.c\n'}
[8.728836] (px4_msgs) StdoutLine: {'line': b'-- Up-to-date: /home/em/ros_workspace_2025/nav_ws/install/px4_msgs/local/lib/python3.10/dist-packages/px4_msgs/msg/_gripper.py\n'}
[8.728858] (px4_msgs) StdoutLine: {'line': b'-- Up-to-date: /home/em/ros_workspace_2025/nav_ws/install/px4_msgs/local/lib/python3.10/dist-packages/px4_msgs/msg/_takeoff_status_s.c\n'}
[8.728881] (px4_msgs) StdoutLine: {'line': b'-- Up-to-date: /home/em/ros_workspace_2025/nav_ws/install/px4_msgs/local/lib/python3.10/dist-packages/px4_msgs/msg/_vehicle_torque_setpoint.py\n'}
[8.728904] (px4_msgs) StdoutLine: {'line': b'-- Up-to-date: /home/em/ros_workspace_2025/nav_ws/install/px4_msgs/local/lib/python3.10/dist-packages/px4_msgs/msg/_actuator_servos.py\n'}
[8.728927] (px4_msgs) StdoutLine: {'line': b'-- Up-to-date: /home/em/ros_workspace_2025/nav_ws/install/px4_msgs/local/lib/python3.10/dist-packages/px4_msgs/msg/_gimbal_manager_information_s.c\n'}
[8.728949] (px4_msgs) StdoutLine: {'line': b'-- Up-to-date: /home/em/ros_workspace_2025/nav_ws/install/px4_msgs/local/lib/python3.10/dist-packages/px4_msgs/msg/_autotune_attitude_control_status.py\n'}
[8.728972] (px4_msgs) StdoutLine: {'line': b'-- Up-to-date: /home/em/ros_workspace_2025/nav_ws/install/px4_msgs/local/lib/python3.10/dist-packages/px4_msgs/msg/_power_button_state.py\n'}
[8.728995] (px4_msgs) StdoutLine: {'line': b'-- Up-to-date: /home/em/ros_workspace_2025/nav_ws/install/px4_msgs/local/lib/python3.10/dist-packages/px4_msgs/msg/_vehicle_magnetometer_s.c\n'}
[8.729018] (px4_msgs) StdoutLine: {'line': b'-- Up-to-date: /home/em/ros_workspace_2025/nav_ws/install/px4_msgs/local/lib/python3.10/dist-packages/px4_msgs/msg/_vehicle_angular_velocity.py\n'}
[8.729043] (px4_msgs) StdoutLine: {'line': b'-- Up-to-date: /home/em/ros_workspace_2025/nav_ws/install/px4_msgs/local/lib/python3.10/dist-packages/px4_msgs/msg/_airspeed.py\n'}
[8.729068] (px4_msgs) StdoutLine: {'line': b'-- Up-to-date: /home/em/ros_workspace_2025/nav_ws/install/px4_msgs/local/lib/python3.10/dist-packages/px4_msgs/msg/_rtl_status.py\n'}
[8.729093] (px4_msgs) StdoutLine: {'line': b'-- Up-to-date: /home/em/ros_workspace_2025/nav_ws/install/px4_msgs/local/lib/python3.10/dist-packages/px4_msgs/msg/_sensor_correction_s.c\n'}
[8.729118] (px4_msgs) StdoutLine: {'line': b'-- Up-to-date: /home/em/ros_workspace_2025/nav_ws/install/px4_msgs/local/lib/python3.10/dist-packages/px4_msgs/msg/_actuator_test.py\n'}
[8.729143] (px4_msgs) StdoutLine: {'line': b'-- Up-to-date: /home/em/ros_workspace_2025/nav_ws/install/px4_msgs/local/lib/python3.10/dist-packages/px4_msgs/msg/_position_setpoint_triplet.py\n'}
[8.729167] (px4_msgs) StdoutLine: {'line': b'-- Up-to-date: /home/em/ros_workspace_2025/nav_ws/install/px4_msgs/local/lib/python3.10/dist-packages/px4_msgs/msg/_register_ext_component_request.py\n'}
[8.729197] (px4_msgs) StdoutLine: {'line': b'-- Up-to-date: /home/em/ros_workspace_2025/nav_ws/install/px4_msgs/local/lib/python3.10/dist-packages/px4_msgs/msg/_rtl_time_estimate.py\n'}
[8.729224] (px4_msgs) StdoutLine: {'line': b'-- Up-to-date: /home/em/ros_workspace_2025/nav_ws/install/px4_msgs/local/lib/python3.10/dist-packages/px4_msgs/msg/_vehicle_optical_flow_vel.py\n'}
[8.729247] (px4_msgs) StdoutLine: {'line': b'-- Up-to-date: /home/em/ros_workspace_2025/nav_ws/install/px4_msgs/local/lib/python3.10/dist-packages/px4_msgs/msg/_gpio_out.py\n'}
[8.729272] (px4_msgs) StdoutLine: {'line': b'-- Up-to-date: /home/em/ros_workspace_2025/nav_ws/install/px4_msgs/local/lib/python3.10/dist-packages/px4_msgs/msg/_follow_target_s.c\n'}
[8.729295] (px4_msgs) StdoutLine: {'line': b'-- Up-to-date: /home/em/ros_workspace_2025/nav_ws/install/px4_msgs/local/lib/python3.10/dist-packages/px4_msgs/msg/_landing_gear.py\n'}
[8.729321] (px4_msgs) StdoutLine: {'line': b'-- Up-to-date: /home/em/ros_workspace_2025/nav_ws/install/px4_msgs/local/lib/python3.10/dist-packages/px4_msgs/msg/_vehicle_global_position.py\n'}
[8.729345] (px4_msgs) StdoutLine: {'line': b'-- Up-to-date: /home/em/ros_workspace_2025/nav_ws/install/px4_msgs/local/lib/python3.10/dist-packages/px4_msgs/msg/_transponder_report.py\n'}
[8.729367] (px4_msgs) StdoutLine: {'line': b'-- Up-to-date: /home/em/ros_workspace_2025/nav_ws/install/px4_msgs/local/lib/python3.10/dist-packages/px4_msgs/msg/_control_allocator_status_s.c\n'}
[8.729390] (px4_msgs) StdoutLine: {'line': b'-- Up-to-date: /home/em/ros_workspace_2025/nav_ws/install/px4_msgs/local/lib/python3.10/dist-packages/px4_msgs/msg/_sensor_gyro_fft_s.c\n'}
[8.729434] (px4_msgs) StdoutLine: {'line': b'-- Up-to-date: /home/em/ros_workspace_2025/nav_ws/install/px4_msgs/local/lib/python3.10/dist-packages/px4_msgs/msg/_camera_trigger_s.c\n'}
[8.729459] (px4_msgs) StdoutLine: {'line': b'-- Up-to-date: /home/em/ros_workspace_2025/nav_ws/install/px4_msgs/local/lib/python3.10/dist-packages/px4_msgs/msg/_airspeed_validated_s.c\n'}
[8.729483] (px4_msgs) StdoutLine: {'line': b'-- Up-to-date: /home/em/ros_workspace_2025/nav_ws/install/px4_msgs/local/lib/python3.10/dist-packages/px4_msgs/msg/_gimbal_manager_set_manual_control.py\n'}
[8.729506] (px4_msgs) StdoutLine: {'line': b'-- Up-to-date: /home/em/ros_workspace_2025/nav_ws/install/px4_msgs/local/lib/python3.10/dist-packages/px4_msgs/msg/_telemetry_status.py\n'}
[8.729529] (px4_msgs) StdoutLine: {'line': b'-- Up-to-date: /home/em/ros_workspace_2025/nav_ws/install/px4_msgs/local/lib/python3.10/dist-packages/px4_msgs/msg/_position_setpoint_triplet_s.c\n'}
[8.729551] (px4_msgs) StdoutLine: {'line': b'-- Up-to-date: /home/em/ros_workspace_2025/nav_ws/install/px4_msgs/local/lib/python3.10/dist-packages/px4_msgs/msg/_input_rc_s.c\n'}
[8.729574] (px4_msgs) StdoutLine: {'line': b'-- Up-to-date: /home/em/ros_workspace_2025/nav_ws/install/px4_msgs/local/lib/python3.10/dist-packages/px4_msgs/msg/_actuator_servos_trim.py\n'}
[8.729597] (px4_msgs) StdoutLine: {'line': b'-- Up-to-date: /home/em/ros_workspace_2025/nav_ws/install/px4_msgs/local/lib/python3.10/dist-packages/px4_msgs/msg/_follow_target_status.py\n'}
[8.729620] (px4_msgs) StdoutLine: {'line': b'-- Up-to-date: /home/em/ros_workspace_2025/nav_ws/install/px4_msgs/local/lib/python3.10/dist-packages/px4_msgs/msg/_vehicle_attitude_setpoint_s.c\n'}
[8.729643] (px4_msgs) StdoutLine: {'line': b'-- Up-to-date: /home/em/ros_workspace_2025/nav_ws/install/px4_msgs/local/lib/python3.10/dist-packages/px4_msgs/msg/_rover_differential_guidance_status_s.c\n'}
[8.729665] (px4_msgs) StdoutLine: {'line': b'-- Up-to-date: /home/em/ros_workspace_2025/nav_ws/install/px4_msgs/local/lib/python3.10/dist-packages/px4_msgs/msg/_config_overrides.py\n'}
[8.729689] (px4_msgs) StdoutLine: {'line': b'-- Up-to-date: /home/em/ros_workspace_2025/nav_ws/install/px4_msgs/local/lib/python3.10/dist-packages/px4_msgs/msg/_estimator_status_flags_s.c\n'}
[8.729711] (px4_msgs) StdoutLine: {'line': b'-- Up-to-date: /home/em/ros_workspace_2025/nav_ws/install/px4_msgs/local/lib/python3.10/dist-packages/px4_msgs/msg/_collision_constraints.py\n'}
[8.729734] (px4_msgs) StdoutLine: {'line': b'-- Up-to-date: /home/em/ros_workspace_2025/nav_ws/install/px4_msgs/local/lib/python3.10/dist-packages/px4_msgs/msg/_orb_test_medium_s.c\n'}
[8.729757] (px4_msgs) StdoutLine: {'line': b'-- Up-to-date: /home/em/ros_workspace_2025/nav_ws/install/px4_msgs/local/lib/python3.10/dist-packages/px4_msgs/msg/_sensor_optical_flow.py\n'}
[8.729780] (px4_msgs) StdoutLine: {'line': b'-- Up-to-date: /home/em/ros_workspace_2025/nav_ws/install/px4_msgs/local/lib/python3.10/dist-packages/px4_msgs/msg/_vehicle_optical_flow_s.c\n'}
[8.729802] (px4_msgs) StdoutLine: {'line': b'-- Up-to-date: /home/em/ros_workspace_2025/nav_ws/install/px4_msgs/local/lib/python3.10/dist-packages/px4_msgs/msg/_autotune_attitude_control_status_s.c\n'}
[8.729826] (px4_msgs) StdoutLine: {'line': b'-- Up-to-date: /home/em/ros_workspace_2025/nav_ws/install/px4_msgs/local/lib/python3.10/dist-packages/px4_msgs/msg/_navigator_mission_item.py\n'}
[8.729849] (px4_msgs) StdoutLine: {'line': b'-- Up-to-date: /home/em/ros_workspace_2025/nav_ws/install/px4_msgs/local/lib/python3.10/dist-packages/px4_msgs/msg/_vehicle_command.py\n'}
[8.729871] (px4_msgs) StdoutLine: {'line': b'-- Up-to-date: /home/em/ros_workspace_2025/nav_ws/install/px4_msgs/local/lib/python3.10/dist-packages/px4_msgs/msg/_mission_result.py\n'}
[8.729893] (px4_msgs) StdoutLine: {'line': b'-- Up-to-date: /home/em/ros_workspace_2025/nav_ws/install/px4_msgs/local/lib/python3.10/dist-packages/px4_msgs/msg/_actuator_servos_trim_s.c\n'}
[8.729916] (px4_msgs) StdoutLine: {'line': b'-- Up-to-date: /home/em/ros_workspace_2025/nav_ws/install/px4_msgs/local/lib/python3.10/dist-packages/px4_msgs/msg/_tiltrotor_extra_controls.py\n'}
[8.729938] (px4_msgs) StdoutLine: {'line': b'-- Up-to-date: /home/em/ros_workspace_2025/nav_ws/install/px4_msgs/local/lib/python3.10/dist-packages/px4_msgs/msg/_navigator_status_s.c\n'}
[8.729960] (px4_msgs) StdoutLine: {'line': b'-- Up-to-date: /home/em/ros_workspace_2025/nav_ws/install/px4_msgs/local/lib/python3.10/dist-packages/px4_msgs/msg/_sensor_baro.py\n'}
[8.729983] (px4_msgs) StdoutLine: {'line': b'-- Up-to-date: /home/em/ros_workspace_2025/nav_ws/install/px4_msgs/local/lib/python3.10/dist-packages/px4_msgs/msg/_vehicle_angular_velocity_s.c\n'}
[8.730028] (px4_msgs) StdoutLine: {'line': b'-- Up-to-date: /home/em/ros_workspace_2025/nav_ws/install/px4_msgs/local/lib/python3.10/dist-packages/px4_msgs/msg/_vehicle_status_s.c\n'}
[8.730052] (px4_msgs) StdoutLine: {'line': b'-- Up-to-date: /home/em/ros_workspace_2025/nav_ws/install/px4_msgs/local/lib/python3.10/dist-packages/px4_msgs/msg/_event_s.c\n'}
[8.730075] (px4_msgs) StdoutLine: {'line': b'-- Up-to-date: /home/em/ros_workspace_2025/nav_ws/install/px4_msgs/local/lib/python3.10/dist-packages/px4_msgs/msg/_trajectory_setpoint.py\n'}
[8.730098] (px4_msgs) StdoutLine: {'line': b'-- Up-to-date: /home/em/ros_workspace_2025/nav_ws/install/px4_msgs/local/lib/python3.10/dist-packages/px4_msgs/msg/_gimbal_manager_set_attitude.py\n'}
[8.730120] (px4_msgs) StdoutLine: {'line': b'-- Up-to-date: /home/em/ros_workspace_2025/nav_ws/install/px4_msgs/local/lib/python3.10/dist-packages/px4_msgs/msg/_estimator_aid_source1d_s.c\n'}
[8.730142] (-) TimerEvent: {}
[8.730226] (px4_msgs) StdoutLine: {'line': b'-- Up-to-date: /home/em/ros_workspace_2025/nav_ws/install/px4_msgs/local/lib/python3.10/dist-packages/px4_msgs/msg/_uavcan_parameter_value_s.c\n'}
[8.730262] (px4_msgs) StdoutLine: {'line': b'-- Up-to-date: /home/em/ros_workspace_2025/nav_ws/install/px4_msgs/local/lib/python3.10/dist-packages/px4_msgs/msg/_power_monitor_s.c\n'}
[8.730300] (px4_msgs) StdoutLine: {'line': b'-- Up-to-date: /home/em/ros_workspace_2025/nav_ws/install/px4_msgs/local/lib/python3.10/dist-packages/px4_msgs/msg/_iridiumsbd_status_s.c\n'}
[8.730353] (px4_msgs) StdoutLine: {'line': b'-- Up-to-date: /home/em/ros_workspace_2025/nav_ws/install/px4_msgs/local/lib/python3.10/dist-packages/px4_msgs/msg/_rover_mecanum_guidance_status_s.c\n'}
[8.730466] (px4_msgs) StdoutLine: {'line': b'-- Up-to-date: /home/em/ros_workspace_2025/nav_ws/install/px4_msgs/local/lib/python3.10/dist-packages/px4_msgs/msg/_position_setpoint.py\n'}
[8.730548] (px4_msgs) StdoutLine: {'line': b'-- Up-to-date: /home/em/ros_workspace_2025/nav_ws/install/px4_msgs/local/lib/python3.10/dist-packages/px4_msgs/msg/_failsafe_flags_s.c\n'}
[8.730604] (px4_msgs) StdoutLine: {'line': b'-- Up-to-date: /home/em/ros_workspace_2025/nav_ws/install/px4_msgs/local/lib/python3.10/dist-packages/px4_msgs/msg/_geofence_status.py\n'}
[8.730658] (px4_msgs) StdoutLine: {'line': b'-- Up-to-date: /home/em/ros_workspace_2025/nav_ws/install/px4_msgs/local/lib/python3.10/dist-packages/px4_msgs/msg/_sensor_hygrometer_s.c\n'}
[8.730716] (px4_msgs) StdoutLine: {'line': b'-- Up-to-date: /home/em/ros_workspace_2025/nav_ws/install/px4_msgs/local/lib/python3.10/dist-packages/px4_msgs/msg/_mission_result_s.c\n'}
[8.730790] (px4_msgs) StdoutLine: {'line': b'-- Up-to-date: /home/em/ros_workspace_2025/nav_ws/install/px4_msgs/local/lib/python3.10/dist-packages/px4_msgs/msg/_trajectory_waypoint.py\n'}
[8.730845] (px4_msgs) StdoutLine: {'line': b'-- Up-to-date: /home/em/ros_workspace_2025/nav_ws/install/px4_msgs/local/lib/python3.10/dist-packages/px4_msgs/msg/_geofence_status_s.c\n'}
[8.730900] (px4_msgs) StdoutLine: {'line': b'-- Up-to-date: /home/em/ros_workspace_2025/nav_ws/install/px4_msgs/local/lib/python3.10/dist-packages/px4_msgs/msg/_debug_value.py\n'}
[8.730961] (px4_msgs) StdoutLine: {'line': b'-- Up-to-date: /home/em/ros_workspace_2025/nav_ws/install/px4_msgs/local/lib/python3.10/dist-packages/px4_msgs/msg/_qshell_req.py\n'}
[8.731016] (px4_msgs) StdoutLine: {'line': b'-- Up-to-date: /home/em/ros_workspace_2025/nav_ws/install/px4_msgs/local/lib/python3.10/dist-packages/px4_msgs/msg/_landing_target_innovations_s.c\n'}
[8.731084] (px4_msgs) StdoutLine: {'line': b'-- Up-to-date: /home/em/ros_workspace_2025/nav_ws/install/px4_msgs/local/lib/python3.10/dist-packages/px4_msgs/msg/_rc_channels.py\n'}
[8.731140] (px4_msgs) StdoutLine: {'line': b'-- Up-to-date: /home/em/ros_workspace_2025/nav_ws/install/px4_msgs/local/lib/python3.10/dist-packages/px4_msgs/msg/_logger_status_s.c\n'}
[8.731200] (px4_msgs) StdoutLine: {'line': b'-- Up-to-date: /home/em/ros_workspace_2025/nav_ws/install/px4_msgs/local/lib/python3.10/dist-packages/px4_msgs/msg/_orbit_status_s.c\n'}
[8.731261] (px4_msgs) StdoutLine: {'line': b'-- Up-to-date: /home/em/ros_workspace_2025/nav_ws/install/px4_msgs/local/lib/python3.10/dist-packages/px4_msgs/msg/_sensor_accel_s.c\n'}
[8.731316] (px4_msgs) StdoutLine: {'line': b'-- Up-to-date: /home/em/ros_workspace_2025/nav_ws/install/px4_msgs/local/lib/python3.10/dist-packages/px4_msgs/msg/_actuator_motors.py\n'}
[8.731371] (px4_msgs) StdoutLine: {'line': b'-- Up-to-date: /home/em/ros_workspace_2025/nav_ws/install/px4_msgs/local/lib/python3.10/dist-packages/px4_msgs/msg/_internal_combustion_engine_status_s.c\n'}
[8.731432] (px4_msgs) StdoutLine: {'line': b'-- Up-to-date: /home/em/ros_workspace_2025/nav_ws/install/px4_msgs/local/lib/python3.10/dist-packages/px4_msgs/msg/_rc_parameter_map_s.c\n'}
[8.731510] (px4_msgs) StdoutLine: {'line': b'-- Up-to-date: /home/em/ros_workspace_2025/nav_ws/install/px4_msgs/local/lib/python3.10/dist-packages/px4_msgs/msg/_manual_control_setpoint_s.c\n'}
[8.731571] (px4_msgs) StdoutLine: {'line': b'-- Up-to-date: /home/em/ros_workspace_2025/nav_ws/install/px4_msgs/local/lib/python3.10/dist-packages/px4_msgs/msg/_geofence_result.py\n'}
[8.731630] (px4_msgs) StdoutLine: {'line': b'-- Up-to-date: /home/em/ros_workspace_2025/nav_ws/install/px4_msgs/local/lib/python3.10/dist-packages/px4_msgs/msg/_pwm_input_s.c\n'}
[8.731697] (px4_msgs) StdoutLine: {'line': b'-- Up-to-date: /home/em/ros_workspace_2025/nav_ws/install/px4_msgs/local/lib/python3.10/dist-packages/px4_msgs/msg/_orb_test_large_s.c\n'}
[8.731795] (px4_msgs) StdoutLine: {'line': b'-- Up-to-date: /home/em/ros_workspace_2025/nav_ws/install/px4_msgs/local/lib/python3.10/dist-packages/px4_msgs/msg/_landing_target_pose.py\n'}
[8.731853] (px4_msgs) StdoutLine: {'line': b'-- Up-to-date: /home/em/ros_workspace_2025/nav_ws/install/px4_msgs/local/lib/python3.10/dist-packages/px4_msgs/msg/_register_ext_component_reply.py\n'}
[8.731910] (px4_msgs) StdoutLine: {'line': b'-- Up-to-date: /home/em/ros_workspace_2025/nav_ws/install/px4_msgs/local/lib/python3.10/dist-packages/px4_msgs/msg/_log_message.py\n'}
[8.731967] (px4_msgs) StdoutLine: {'line': b'-- Up-to-date: /home/em/ros_workspace_2025/nav_ws/install/px4_msgs/local/lib/python3.10/dist-packages/px4_msgs/msg/_mavlink_log.py\n'}
[8.732040] (px4_msgs) StdoutLine: {'line': b'-- Up-to-date: /home/em/ros_workspace_2025/nav_ws/install/px4_msgs/local/lib/python3.10/dist-packages/px4_msgs/msg/_failsafe_flags.py\n'}
[8.732095] (px4_msgs) StdoutLine: {'line': b'-- Up-to-date: /home/em/ros_workspace_2025/nav_ws/install/px4_msgs/local/lib/python3.10/dist-packages/px4_msgs/msg/_rover_ackermann_status.py\n'}
[8.732149] (px4_msgs) StdoutLine: {'line': b'-- Up-to-date: /home/em/ros_workspace_2025/nav_ws/install/px4_msgs/local/lib/python3.10/dist-packages/px4_msgs/msg/_buffer128.py\n'}
[8.732216] (px4_msgs) StdoutLine: {'line': b'-- Up-to-date: /home/em/ros_workspace_2025/nav_ws/install/px4_msgs/local/lib/python3.10/dist-packages/px4_msgs/msg/_flight_phase_estimation.py\n'}
[8.732273] (px4_msgs) StdoutLine: {'line': b'-- Up-to-date: /home/em/ros_workspace_2025/nav_ws/install/px4_msgs/local/lib/python3.10/dist-packages/px4_msgs/msg/_vehicle_acceleration_s.c\n'}
[8.732342] (px4_msgs) StdoutLine: {'line': b'-- Up-to-date: /home/em/ros_workspace_2025/nav_ws/install/px4_msgs/local/lib/python3.10/dist-packages/px4_msgs/msg/_position_controller_status.py\n'}
[8.732412] (px4_msgs) StdoutLine: {'line': b'-- Up-to-date: /home/em/ros_workspace_2025/nav_ws/install/px4_msgs/local/lib/python3.10/dist-packages/px4_msgs/msg/_sensor_gyro_fifo.py\n'}
[8.732480] (px4_msgs) StdoutLine: {'line': b'-- Up-to-date: /home/em/ros_workspace_2025/nav_ws/install/px4_msgs/local/lib/python3.10/dist-packages/px4_msgs/msg/_gimbal_device_information_s.c\n'}
[8.732543] (px4_msgs) StdoutLine: {'line': b'-- Up-to-date: /home/em/ros_workspace_2025/nav_ws/install/px4_msgs/local/lib/python3.10/dist-packages/px4_msgs/msg/_open_drone_id_system.py\n'}
[8.732600] (px4_msgs) StdoutLine: {'line': b'-- Up-to-date: /home/em/ros_workspace_2025/nav_ws/install/px4_msgs/local/lib/python3.10/dist-packages/px4_msgs/msg/_irlock_report_s.c\n'}
[8.732656] (px4_msgs) StdoutLine: {'line': b'-- Up-to-date: /home/em/ros_workspace_2025/nav_ws/install/px4_msgs/local/lib/python3.10/dist-packages/px4_msgs/msg/_dataman_request.py\n'}
[8.732715] (px4_msgs) StdoutLine: {'line': b'-- Up-to-date: /home/em/ros_workspace_2025/nav_ws/install/px4_msgs/local/lib/python3.10/dist-packages/px4_msgs/msg/_vehicle_optical_flow.py\n'}
[8.732788] (px4_msgs) StdoutLine: {'line': b'-- Up-to-date: /home/em/ros_workspace_2025/nav_ws/install/px4_msgs/local/lib/python3.10/dist-packages/px4_msgs/msg/_sensor_gps_s.c\n'}
[8.732844] (px4_msgs) StdoutLine: {'line': b'-- Up-to-date: /home/em/ros_workspace_2025/nav_ws/install/px4_msgs/local/lib/python3.10/dist-packages/px4_msgs/msg/_mission_s.c\n'}
[8.732900] (px4_msgs) StdoutLine: {'line': b'-- Up-to-date: /home/em/ros_workspace_2025/nav_ws/install/px4_msgs/local/lib/python3.10/dist-packages/px4_msgs/msg/_iridiumsbd_status.py\n'}
[8.732955] (px4_msgs) StdoutLine: {'line': b'-- Up-to-date: /home/em/ros_workspace_2025/nav_ws/install/px4_msgs/local/lib/python3.10/dist-packages/px4_msgs/msg/_led_control.py\n'}
[8.733008] (px4_msgs) StdoutLine: {'line': b'-- Up-to-date: /home/em/ros_workspace_2025/nav_ws/install/px4_msgs/local/lib/python3.10/dist-packages/px4_msgs/msg/_obstacle_distance.py\n'}
[8.733064] (px4_msgs) StdoutLine: {'line': b'-- Up-to-date: /home/em/ros_workspace_2025/nav_ws/install/px4_msgs/local/lib/python3.10/dist-packages/px4_msgs/msg/_sensor_gps.py\n'}
[8.733132] (px4_msgs) StdoutLine: {'line': b'-- Up-to-date: /home/em/ros_workspace_2025/nav_ws/install/px4_msgs/local/lib/python3.10/dist-packages/px4_msgs/msg/_power_monitor.py\n'}
[8.733218] (px4_msgs) StdoutLine: {'line': b'-- Up-to-date: /home/em/ros_workspace_2025/nav_ws/install/px4_msgs/local/lib/python3.10/dist-packages/px4_msgs/msg/_config_overrides_s.c\n'}
[8.733296] (px4_msgs) StdoutLine: {'line': b'-- Up-to-date: /home/em/ros_workspace_2025/nav_ws/install/px4_msgs/local/lib/python3.10/dist-packages/px4_msgs/msg/_distance_sensor.py\n'}
[8.733351] (px4_msgs) StdoutLine: {'line': b'-- Up-to-date: /home/em/ros_workspace_2025/nav_ws/install/px4_msgs/local/lib/python3.10/dist-packages/px4_msgs/msg/_pps_capture_s.c\n'}
[8.733405] (px4_msgs) StdoutLine: {'line': b'-- Up-to-date: /home/em/ros_workspace_2025/nav_ws/install/px4_msgs/local/lib/python3.10/dist-packages/px4_msgs/msg/_parameter_set_value_response_s.c\n'}
[8.733460] (px4_msgs) StdoutLine: {'line': b'-- Up-to-date: /home/em/ros_workspace_2025/nav_ws/install/px4_msgs/local/lib/python3.10/dist-packages/px4_msgs/msg/_power_button_state_s.c\n'}
[8.733513] (px4_msgs) StdoutLine: {'line': b'-- Up-to-date: /home/em/ros_workspace_2025/nav_ws/install/px4_msgs/local/lib/python3.10/dist-packages/px4_msgs/msg/_debug_key_value_s.c\n'}
[8.733565] (px4_msgs) StdoutLine: {'line': b'-- Up-to-date: /home/em/ros_workspace_2025/nav_ws/install/px4_msgs/local/lib/python3.10/dist-packages/px4_msgs/msg/_parameter_reset_request_s.c\n'}
[8.733627] (px4_msgs) StdoutLine: {'line': b'-- Up-to-date: /home/em/ros_workspace_2025/nav_ws/install/px4_msgs/local/lib/python3.10/dist-packages/px4_msgs/msg/_message_format_response_s.c\n'}
[8.733694] (px4_msgs) StdoutLine: {'line': b'-- Up-to-date: /home/em/ros_workspace_2025/nav_ws/install/px4_msgs/local/lib/python3.10/dist-packages/px4_msgs/msg/_tiltrotor_extra_controls_s.c\n'}
[8.733747] (px4_msgs) StdoutLine: {'line': b'-- Up-to-date: /home/em/ros_workspace_2025/nav_ws/install/px4_msgs/local/lib/python3.10/dist-packages/px4_msgs/msg/_collision_report.py\n'}
[8.733799] (px4_msgs) StdoutLine: {'line': b'-- Up-to-date: /home/em/ros_workspace_2025/nav_ws/install/px4_msgs/local/lib/python3.10/dist-packages/px4_msgs/msg/_can_interface_status.py\n'}
[8.733851] (px4_msgs) StdoutLine: {'line': b'-- Up-to-date: /home/em/ros_workspace_2025/nav_ws/install/px4_msgs/local/lib/python3.10/dist-packages/px4_msgs/msg/_gps_inject_data.py\n'}
[8.733915] (px4_msgs) StdoutLine: {'line': b'-- Up-to-date: /home/em/ros_workspace_2025/nav_ws/install/px4_msgs/local/lib/python3.10/dist-packages/px4_msgs/msg/_home_position_s.c\n'}
[8.733970] (px4_msgs) StdoutLine: {'line': b'-- Up-to-date: /home/em/ros_workspace_2025/nav_ws/install/px4_msgs/local/lib/python3.10/dist-packages/px4_msgs/msg/_actuator_armed_s.c\n'}
[8.734022] (px4_msgs) StdoutLine: {'line': b'-- Up-to-date: /home/em/ros_workspace_2025/nav_ws/install/px4_msgs/local/lib/python3.10/dist-packages/px4_msgs/msg/_takeoff_status.py\n'}
[8.734077] (px4_msgs) StdoutLine: {'line': b'-- Up-to-date: /home/em/ros_workspace_2025/nav_ws/install/px4_msgs/local/lib/python3.10/dist-packages/px4_msgs/msg/_vehicle_attitude_s.c\n'}
[8.734143] (px4_msgs) StdoutLine: {'line': b'-- Up-to-date: /home/em/ros_workspace_2025/nav_ws/install/px4_msgs/local/lib/python3.10/dist-packages/px4_msgs/msg/_radio_status_s.c\n'}
[8.734203] (px4_msgs) StdoutLine: {'line': b'-- Up-to-date: /home/em/ros_workspace_2025/nav_ws/install/px4_msgs/local/lib/python3.10/dist-packages/px4_msgs/msg/_esc_status.py\n'}
[8.734273] (px4_msgs) StdoutLine: {'line': b'-- Up-to-date: /home/em/ros_workspace_2025/nav_ws/install/px4_msgs/local/lib/python3.10/dist-packages/px4_msgs/msg/_adc_report.py\n'}
[8.734328] (px4_msgs) StdoutLine: {'line': b'-- Up-to-date: /home/em/ros_workspace_2025/nav_ws/install/px4_msgs/local/lib/python3.10/dist-packages/px4_msgs/msg/_sensor_gnss_relative_s.c\n'}
[8.734396] (px4_msgs) StdoutLine: {'line': b'-- Up-to-date: /home/em/ros_workspace_2025/nav_ws/install/px4_msgs/local/lib/python3.10/dist-packages/px4_msgs/msg/_vtol_vehicle_status_s.c\n'}
[8.734489] (px4_msgs) StdoutLine: {'line': b'-- Up-to-date: /home/em/ros_workspace_2025/nav_ws/install/px4_msgs/local/lib/python3.10/dist-packages/px4_msgs/msg/_esc_report.py\n'}
[8.734527] (px4_msgs) StdoutLine: {'line': b'-- Up-to-date: /home/em/ros_workspace_2025/nav_ws/install/px4_msgs/local/lib/python3.10/dist-packages/px4_msgs/msg/_vehicle_thrust_setpoint.py\n'}
[8.734556] (px4_msgs) StdoutLine: {'line': b'-- Up-to-date: /home/em/ros_workspace_2025/nav_ws/install/px4_msgs/local/lib/python3.10/dist-packages/px4_msgs/msg/_vehicle_command_ack.py\n'}
[8.734584] (px4_msgs) StdoutLine: {'line': b'-- Up-to-date: /home/em/ros_workspace_2025/nav_ws/install/px4_msgs/local/lib/python3.10/dist-packages/px4_msgs/msg/_gps_dump_s.c\n'}
[8.734608] (px4_msgs) StdoutLine: {'line': b'-- Up-to-date: /home/em/ros_workspace_2025/nav_ws/install/px4_msgs/local/lib/python3.10/dist-packages/px4_msgs/msg/_airspeed_wind.py\n'}
[8.734633] (px4_msgs) StdoutLine: {'line': b'-- Up-to-date: /home/em/ros_workspace_2025/nav_ws/install/px4_msgs/local/lib/python3.10/dist-packages/px4_msgs/msg/_generator_status.py\n'}
[8.734657] (px4_msgs) StdoutLine: {'line': b'-- Up-to-date: /home/em/ros_workspace_2025/nav_ws/install/px4_msgs/local/lib/python3.10/dist-packages/px4_msgs/msg/_gimbal_manager_information.py\n'}
[8.734681] (px4_msgs) StdoutLine: {'line': b'-- Up-to-date: /home/em/ros_workspace_2025/nav_ws/install/px4_msgs/local/lib/python3.10/dist-packages/px4_msgs/msg/_estimator_status_s.c\n'}
[8.734705] (px4_msgs) StdoutLine: {'line': b'-- Up-to-date: /home/em/ros_workspace_2025/nav_ws/install/px4_msgs/local/lib/python3.10/dist-packages/px4_msgs/msg/_ulog_stream_ack_s.c\n'}
[8.734729] (px4_msgs) StdoutLine: {'line': b'-- Up-to-date: /home/em/ros_workspace_2025/nav_ws/install/px4_msgs/local/lib/python3.10/dist-packages/px4_msgs/msg/_hover_thrust_estimate.py\n'}
[8.734753] (px4_msgs) StdoutLine: {'line': b'-- Up-to-date: /home/em/ros_workspace_2025/nav_ws/install/px4_msgs/local/lib/python3.10/dist-packages/px4_msgs/msg/_manual_control_switches.py\n'}
[8.734778] (px4_msgs) StdoutLine: {'line': b'-- Up-to-date: /home/em/ros_workspace_2025/nav_ws/install/px4_msgs/local/lib/python3.10/dist-packages/px4_msgs/msg/_rover_mecanum_status.py\n'}
[8.734801] (px4_msgs) StdoutLine: {'line': b'-- Up-to-date: /home/em/ros_workspace_2025/nav_ws/install/px4_msgs/local/lib/python3.10/dist-packages/px4_msgs/msg/_rover_ackermann_status_s.c\n'}
[8.734825] (px4_msgs) StdoutLine: {'line': b'-- Up-to-date: /home/em/ros_workspace_2025/nav_ws/install/px4_msgs/local/lib/python3.10/dist-packages/px4_msgs/msg/_event.py\n'}
[8.734847] (px4_msgs) StdoutLine: {'line': b'-- Up-to-date: /home/em/ros_workspace_2025/nav_ws/install/px4_msgs/local/lib/python3.10/dist-packages/px4_msgs/msg/_adc_report_s.c\n'}
[8.734870] (px4_msgs) StdoutLine: {'line': b'-- Up-to-date: /home/em/ros_workspace_2025/nav_ws/install/px4_msgs/local/lib/python3.10/dist-packages/px4_msgs/msg/_distance_sensor_mode_change_request_s.c\n'}
[8.734932] (px4_msgs) StdoutLine: {'line': b'-- Up-to-date: /home/em/ros_workspace_2025/nav_ws/install/px4_msgs/local/lib/python3.10/dist-packages/px4_msgs/msg/_airspeed_s.c\n'}
[8.734957] (px4_msgs) StdoutLine: {'line': b'-- Up-to-date: /home/em/ros_workspace_2025/nav_ws/install/px4_msgs/local/lib/python3.10/dist-packages/px4_msgs/msg/_vehicle_imu_status.py\n'}
[8.734981] (px4_msgs) StdoutLine: {'line': b'-- Up-to-date: /home/em/ros_workspace_2025/nav_ws/install/px4_msgs/local/lib/python3.10/dist-packages/px4_msgs/msg/_vehicle_constraints.py\n'}
[8.735004] (px4_msgs) StdoutLine: {'line': b'-- Up-to-date: /home/em/ros_workspace_2025/nav_ws/install/px4_msgs/local/lib/python3.10/dist-packages/px4_msgs/msg/_sensor_preflight_mag_s.c\n'}
[8.735027] (px4_msgs) StdoutLine: {'line': b'-- Up-to-date: /home/em/ros_workspace_2025/nav_ws/install/px4_msgs/local/lib/python3.10/dist-packages/px4_msgs/msg/_differential_pressure.py\n'}
[8.735050] (px4_msgs) StdoutLine: {'line': b'-- Up-to-date: /home/em/ros_workspace_2025/nav_ws/install/px4_msgs/local/lib/python3.10/dist-packages/px4_msgs/msg/_ulog_stream_s.c\n'}
[8.735075] (px4_msgs) StdoutLine: {'line': b'-- Up-to-date: /home/em/ros_workspace_2025/nav_ws/install/px4_msgs/local/lib/python3.10/dist-packages/px4_msgs/msg/_sensor_uwb_s.c\n'}
[8.735098] (px4_msgs) StdoutLine: {'line': b'-- Up-to-date: /home/em/ros_workspace_2025/nav_ws/install/px4_msgs/local/lib/python3.10/dist-packages/px4_msgs/msg/_mode_completed_s.c\n'}
[8.735121] (px4_msgs) StdoutLine: {'line': b'-- Up-to-date: /home/em/ros_workspace_2025/nav_ws/install/px4_msgs/local/lib/python3.10/dist-packages/px4_msgs/msg/_trajectory_waypoint_s.c\n'}
[8.735144] (px4_msgs) StdoutLine: {'line': b'-- Up-to-date: /home/em/ros_workspace_2025/nav_ws/install/px4_msgs/local/lib/python3.10/dist-packages/px4_msgs/msg/_rc_channels_s.c\n'}
[8.735167] (px4_msgs) StdoutLine: {'line': b'-- Up-to-date: /home/em/ros_workspace_2025/nav_ws/install/px4_msgs/local/lib/python3.10/dist-packages/px4_msgs/msg/_vehicle_status.py\n'}
[8.735197] (px4_msgs) StdoutLine: {'line': b'-- Up-to-date: /home/em/ros_workspace_2025/nav_ws/install/px4_msgs/local/lib/python3.10/dist-packages/px4_msgs/msg/_follow_target_status_s.c\n'}
[8.735244] (px4_msgs) StdoutLine: {'line': b'-- Up-to-date: /home/em/ros_workspace_2025/nav_ws/install/px4_msgs/local/lib/python3.10/dist-packages/px4_msgs/msg/_distance_sensor_s.c\n'}
[8.735269] (px4_msgs) StdoutLine: {'line': b'-- Up-to-date: /home/em/ros_workspace_2025/nav_ws/install/px4_msgs/local/lib/python3.10/dist-packages/px4_msgs/msg/_cpuload.py\n'}
[8.735294] (px4_msgs) StdoutLine: {'line': b'-- Up-to-date: /home/em/ros_workspace_2025/nav_ws/install/px4_msgs/local/lib/python3.10/dist-packages/px4_msgs/msg/_debug_array_s.c\n'}
[8.735316] (px4_msgs) StdoutLine: {'line': b'-- Up-to-date: /home/em/ros_workspace_2025/nav_ws/install/px4_msgs/local/lib/python3.10/dist-packages/px4_msgs/msg/_estimator_bias_s.c\n'}
[8.735338] (px4_msgs) StdoutLine: {'line': b'-- Up-to-date: /home/em/ros_workspace_2025/nav_ws/install/px4_msgs/local/lib/python3.10/dist-packages/px4_msgs/msg/_figure_eight_status_s.c\n'}
[8.735360] (px4_msgs) StdoutLine: {'line': b'-- Up-to-date: /home/em/ros_workspace_2025/nav_ws/install/px4_msgs/local/lib/python3.10/dist-packages/px4_msgs/msg/_vehicle_angular_acceleration_setpoint.py\n'}
[8.735381] (px4_msgs) StdoutLine: {'line': b'-- Up-to-date: /home/em/ros_workspace_2025/nav_ws/install/px4_msgs/local/lib/python3.10/dist-packages/px4_msgs/msg/_obstacle_distance_s.c\n'}
[8.735402] (px4_msgs) StdoutLine: {'line': b'-- Up-to-date: /home/em/ros_workspace_2025/nav_ws/install/px4_msgs/local/lib/python3.10/dist-packages/px4_msgs/msg/_velocity_limits.py\n'}
[8.735422] (px4_msgs) StdoutLine: {'line': b'-- Up-to-date: /home/em/ros_workspace_2025/nav_ws/install/px4_msgs/local/lib/python3.10/dist-packages/px4_msgs/msg/_wheel_encoders.py\n'}
[8.735459] (px4_msgs) StdoutLine: {'line': b'-- Up-to-date: /home/em/ros_workspace_2025/nav_ws/install/px4_msgs/local/lib/python3.10/dist-packages/px4_msgs/msg/_gpio_in_s.c\n'}
[8.735481] (px4_msgs) StdoutLine: {'line': b'-- Up-to-date: /home/em/ros_workspace_2025/nav_ws/install/px4_msgs/local/lib/python3.10/dist-packages/px4_msgs/msg/_sensor_correction.py\n'}
[8.735503] (px4_msgs) StdoutLine: {'line': b'-- Up-to-date: /home/em/ros_workspace_2025/nav_ws/install/px4_msgs/local/lib/python3.10/dist-packages/px4_msgs/msg/_register_ext_component_reply_s.c\n'}
[8.735529] (px4_msgs) StdoutLine: {'line': b'-- Up-to-date: /home/em/ros_workspace_2025/nav_ws/install/px4_msgs/local/lib/python3.10/dist-packages/px4_msgs/msg/_vehicle_rates_setpoint.py\n'}
[8.735551] (px4_msgs) StdoutLine: {'line': b'-- Up-to-date: /home/em/ros_workspace_2025/nav_ws/install/px4_msgs/local/lib/python3.10/dist-packages/px4_msgs/msg/_estimator_aid_source2d.py\n'}
[8.735572] (px4_msgs) StdoutLine: {'line': b'-- Up-to-date: /home/em/ros_workspace_2025/nav_ws/install/px4_msgs/local/lib/python3.10/dist-packages/px4_msgs/msg/_vehicle_local_position_setpoint.py\n'}
[8.735593] (px4_msgs) StdoutLine: {'line': b'-- Up-to-date: /home/em/ros_workspace_2025/nav_ws/install/px4_msgs/local/lib/python3.10/dist-packages/px4_msgs/msg/_rover_differential_status.py\n'}
[8.735616] (px4_msgs) StdoutLine: {'line': b'-- Up-to-date: /home/em/ros_workspace_2025/nav_ws/install/px4_msgs/local/lib/python3.10/dist-packages/px4_msgs/msg/_landing_target_pose_s.c\n'}
[8.735649] (px4_msgs) StdoutLine: {'line': b'-- Up-to-date: /home/em/ros_workspace_2025/nav_ws/install/px4_msgs/local/lib/python3.10/dist-packages/px4_msgs/msg/_yaw_estimator_status.py\n'}
[8.735682] (px4_msgs) StdoutLine: {'line': b'-- Up-to-date: /home/em/ros_workspace_2025/nav_ws/install/px4_msgs/local/lib/python3.10/dist-packages/px4_msgs/msg/_estimator_states.py\n'}
[8.735770] (px4_msgs) StdoutLine: {'line': b'-- Up-to-date: /home/em/ros_workspace_2025/nav_ws/install/px4_msgs/local/lib/python3.10/dist-packages/px4_msgs/msg/_parameter_reset_request.py\n'}
[8.735880] (px4_msgs) StdoutLine: {'line': b'-- Up-to-date: /home/em/ros_workspace_2025/nav_ws/install/px4_msgs/local/lib/python3.10/dist-packages/px4_msgs/msg/_button_event.py\n'}
[8.735992] (px4_msgs) StdoutLine: {'line': b'-- Up-to-date: /home/em/ros_workspace_2025/nav_ws/install/px4_msgs/local/lib/python3.10/dist-packages/px4_msgs/msg/_landing_gear_wheel.py\n'}
[8.736028] (px4_msgs) StdoutLine: {'line': b'-- Up-to-date: /home/em/ros_workspace_2025/nav_ws/install/px4_msgs/local/lib/python3.10/dist-packages/px4_msgs/msg/_npfg_status_s.c\n'}
[8.736055] (px4_msgs) StdoutLine: {'line': b'-- Up-to-date: /home/em/ros_workspace_2025/nav_ws/install/px4_msgs/local/lib/python3.10/dist-packages/px4_msgs/msg/_landing_gear_wheel_s.c\n'}
[8.736079] (px4_msgs) StdoutLine: {'line': b'-- Up-to-date: /home/em/ros_workspace_2025/nav_ws/install/px4_msgs/local/lib/python3.10/dist-packages/px4_msgs/msg/_rover_ackermann_setpoint.py\n'}
[8.736103] (px4_msgs) StdoutLine: {'line': b'-- Up-to-date: /home/em/ros_workspace_2025/nav_ws/install/px4_msgs/local/lib/python3.10/dist-packages/px4_msgs/msg/_pps_capture.py\n'}
[8.736128] (px4_msgs) StdoutLine: {'line': b'-- Up-to-date: /home/em/ros_workspace_2025/nav_ws/install/px4_msgs/local/lib/python3.10/dist-packages/px4_msgs/msg/_parameter_set_value_request_s.c\n'}
[8.736169] (px4_msgs) StdoutLine: {'line': b'-- Up-to-date: /home/em/ros_workspace_2025/nav_ws/install/px4_msgs/local/lib/python3.10/dist-packages/px4_msgs/msg/_manual_control_setpoint.py\n'}
[8.736199] (px4_msgs) StdoutLine: {'line': b'-- Up-to-date: /home/em/ros_workspace_2025/nav_ws/install/px4_msgs/local/lib/python3.10/dist-packages/px4_msgs/msg/_camera_status.py\n'}
[8.736224] (px4_msgs) StdoutLine: {'line': b'-- Up-to-date: /home/em/ros_workspace_2025/nav_ws/install/px4_msgs/local/lib/python3.10/dist-packages/px4_msgs/msg/_camera_capture.py\n'}
[8.736246] (px4_msgs) StdoutLine: {'line': b'-- Up-to-date: /home/em/ros_workspace_2025/nav_ws/install/px4_msgs/local/lib/python3.10/dist-packages/px4_msgs/msg/_gimbal_manager_status_s.c\n'}
[8.736268] (px4_msgs) StdoutLine: {'line': b'-- Up-to-date: /home/em/ros_workspace_2025/nav_ws/install/px4_msgs/local/lib/python3.10/dist-packages/px4_msgs/msg/_health_report_s.c\n'}
[8.736290] (px4_msgs) StdoutLine: {'line': b'-- Up-to-date: /home/em/ros_workspace_2025/nav_ws/install/px4_msgs/local/lib/python3.10/dist-packages/px4_msgs/msg/_navigator_status.py\n'}
[8.736313] (px4_msgs) StdoutLine: {'line': b'-- Up-to-date: /home/em/ros_workspace_2025/nav_ws/install/px4_msgs/local/lib/python3.10/dist-packages/px4_msgs/msg/_vehicle_command_s.c\n'}
[8.736347] (px4_msgs) StdoutLine: {'line': b'-- Up-to-date: /home/em/ros_workspace_2025/nav_ws/install/px4_msgs/local/lib/python3.10/dist-packages/px4_msgs/msg/_estimator_bias3d_s.c\n'}
[8.736369] (px4_msgs) StdoutLine: {'line': b'-- Up-to-date: /home/em/ros_workspace_2025/nav_ws/install/px4_msgs/local/lib/python3.10/dist-packages/px4_msgs/msg/_message_format_request_s.c\n'}
[8.736391] (px4_msgs) StdoutLine: {'line': b'-- Up-to-date: /home/em/ros_workspace_2025/nav_ws/install/px4_msgs/local/lib/python3.10/dist-packages/px4_msgs/msg/_wind_s.c\n'}
[8.736414] (px4_msgs) StdoutLine: {'line': b'-- Up-to-date: /home/em/ros_workspace_2025/nav_ws/install/px4_msgs/local/lib/python3.10/dist-packages/px4_msgs/msg/_parameter_update.py\n'}
[8.736438] (px4_msgs) StdoutLine: {'line': b'-- Up-to-date: /home/em/ros_workspace_2025/nav_ws/install/px4_msgs/local/lib/python3.10/dist-packages/px4_msgs/msg/_input_rc.py\n'}
[8.736460] (px4_msgs) StdoutLine: {'line': b'-- Up-to-date: /home/em/ros_workspace_2025/nav_ws/install/px4_msgs/local/lib/python3.10/dist-packages/px4_msgs/msg/_yaw_estimator_status_s.c\n'}
[8.736483] (px4_msgs) StdoutLine: {'line': b'-- Up-to-date: /home/em/ros_workspace_2025/nav_ws/install/px4_msgs/local/lib/python3.10/dist-packages/px4_msgs/msg/_orb_test_medium.py\n'}
[8.736507] (px4_msgs) StdoutLine: {'line': b'-- Up-to-date: /home/em/ros_workspace_2025/nav_ws/install/px4_msgs/local/lib/python3.10/dist-packages/px4_msgs/msg/_radio_status.py\n'}
[8.736542] (px4_msgs) StdoutLine: {'line': b'-- Up-to-date: /home/em/ros_workspace_2025/nav_ws/install/px4_msgs/local/lib/python3.10/dist-packages/px4_msgs/msg/_position_controller_landing_status.py\n'}
[8.736563] (px4_msgs) StdoutLine: {'line': b'-- Up-to-date: /home/em/ros_workspace_2025/nav_ws/install/px4_msgs/local/lib/python3.10/dist-packages/px4_msgs/msg/_rover_ackermann_guidance_status_s.c\n'}
[8.736585] (px4_msgs) StdoutLine: {'line': b'-- Up-to-date: /home/em/ros_workspace_2025/nav_ws/install/px4_msgs/local/lib/python3.10/dist-packages/px4_msgs/msg/_gpio_config_s.c\n'}
[8.736606] (px4_msgs) StdoutLine: {'line': b'-- Up-to-date: /home/em/ros_workspace_2025/nav_ws/install/px4_msgs/local/lib/python3.10/dist-packages/px4_msgs/msg/_vehicle_control_mode.py\n'}
[8.736626] (px4_msgs) StdoutLine: {'line': b'-- Up-to-date: /home/em/ros_workspace_2025/nav_ws/install/px4_msgs/local/lib/python3.10/dist-packages/px4_msgs/msg/_esc_report_s.c\n'}
[8.736649] (px4_msgs) StdoutLine: {'line': b'-- Up-to-date: /home/em/ros_workspace_2025/nav_ws/install/px4_msgs/local/lib/python3.10/dist-packages/px4_msgs/msg/_trajectory_bezier_s.c\n'}
[8.736670] (px4_msgs) StdoutLine: {'line': b'-- Up-to-date: /home/em/ros_workspace_2025/nav_ws/install/px4_msgs/local/lib/python3.10/dist-packages/px4_msgs/msg/_estimator_innovations_s.c\n'}
[8.736691] (px4_msgs) StdoutLine: {'line': b'-- Up-to-date: /home/em/ros_workspace_2025/nav_ws/install/px4_msgs/local/lib/python3.10/dist-packages/px4_msgs/msg/_actuator_controls_status_s.c\n'}
[8.736711] (px4_msgs) StdoutLine: {'line': b'-- Up-to-date: /home/em/ros_workspace_2025/nav_ws/install/px4_msgs/local/lib/python3.10/dist-packages/px4_msgs/msg/_gps_inject_data_s.c\n'}
[8.736743] (px4_msgs) StdoutLine: {'line': b'-- Up-to-date: /home/em/ros_workspace_2025/nav_ws/install/px4_msgs/local/lib/python3.10/dist-packages/px4_msgs/msg/_debug_value_s.c\n'}
[8.736765] (px4_msgs) StdoutLine: {'line': b'-- Up-to-date: /home/em/ros_workspace_2025/nav_ws/install/px4_msgs/local/lib/python3.10/dist-packages/px4_msgs/msg/_follow_target.py\n'}
[8.736785] (px4_msgs) StdoutLine: {'line': b'-- Up-to-date: /home/em/ros_workspace_2025/nav_ws/install/px4_msgs/local/lib/python3.10/dist-packages/px4_msgs/msg/_telemetry_status_s.c\n'}
[8.736806] (px4_msgs) StdoutLine: {'line': b'-- Up-to-date: /home/em/ros_workspace_2025/nav_ws/install/px4_msgs/local/lib/python3.10/dist-packages/px4_msgs/msg/_parameter_set_used_request_s.c\n'}
[8.736828] (px4_msgs) StdoutLine: {'line': b'-- Up-to-date: /home/em/ros_workspace_2025/nav_ws/install/px4_msgs/local/lib/python3.10/dist-packages/px4_msgs/msg/_launch_detection_status_s.c\n'}
[8.736848] (px4_msgs) StdoutLine: {'line': b'-- Up-to-date: /home/em/ros_workspace_2025/nav_ws/install/px4_msgs/local/lib/python3.10/dist-packages/px4_msgs/msg/_internal_combustion_engine_status.py\n'}
[8.736868] (px4_msgs) StdoutLine: {'line': b'-- Up-to-date: /home/em/ros_workspace_2025/nav_ws/install/px4_msgs/local/lib/python3.10/dist-packages/px4_msgs/msg/_px4io_status.py\n'}
[8.736888] (px4_msgs) StdoutLine: {'line': b'-- Up-to-date: /home/em/ros_workspace_2025/nav_ws/install/px4_msgs/local/lib/python3.10/dist-packages/px4_msgs/msg/_open_drone_id_operator_id.py\n'}
[8.736909] (px4_msgs) StdoutLine: {'line': b'-- Up-to-date: /home/em/ros_workspace_2025/nav_ws/install/px4_msgs/local/lib/python3.10/dist-packages/px4_msgs/msg/_qshell_req_s.c\n'}
[8.736938] (px4_msgs) StdoutLine: {'line': b'-- Up-to-date: /home/em/ros_workspace_2025/nav_ws/install/px4_msgs/local/lib/python3.10/dist-packages/px4_msgs/msg/_actuator_motors_s.c\n'}
[8.736959] (px4_msgs) StdoutLine: {'line': b'-- Up-to-date: /home/em/ros_workspace_2025/nav_ws/install/px4_msgs/local/lib/python3.10/dist-packages/px4_msgs/msg/_sensor_airflow_s.c\n'}
[8.736986] (px4_msgs) StdoutLine: {'line': b'-- Up-to-date: /home/em/ros_workspace_2025/nav_ws/install/px4_msgs/local/lib/python3.10/dist-packages/px4_msgs/msg/_dataman_response_s.c\n'}
[8.737010] (px4_msgs) StdoutLine: {'line': b'-- Up-to-date: /home/em/ros_workspace_2025/nav_ws/install/px4_msgs/local/lib/python3.10/dist-packages/px4_msgs/msg/_heater_status.py\n'}
[8.737034] (px4_msgs) StdoutLine: {'line': b'-- Up-to-date: /home/em/ros_workspace_2025/nav_ws/install/px4_msgs/local/lib/python3.10/dist-packages/px4_msgs/msg/_airspeed_validated.py\n'}
[8.737057] (px4_msgs) StdoutLine: {'line': b'-- Up-to-date: /home/em/ros_workspace_2025/nav_ws/install/px4_msgs/local/lib/python3.10/dist-packages/px4_msgs/msg/_buffer128_s.c\n'}
[8.737081] (px4_msgs) StdoutLine: {'line': b'-- Up-to-date: /home/em/ros_workspace_2025/nav_ws/install/px4_msgs/local/lib/python3.10/dist-packages/px4_msgs/msg/_ulog_stream.py\n'}
[8.737105] (px4_msgs) StdoutLine: {'line': b'-- Up-to-date: /home/em/ros_workspace_2025/nav_ws/install/px4_msgs/local/lib/python3.10/dist-packages/px4_msgs/msg/_dataman_request_s.c\n'}
[8.737146] (px4_msgs) StdoutLine: {'line': b'-- Up-to-date: /home/em/ros_workspace_2025/nav_ws/install/px4_msgs/local/lib/python3.10/dist-packages/px4_msgs/msg/_estimator_selector_status.py\n'}
[8.737186] (px4_msgs) StdoutLine: {'line': b'-- Up-to-date: /home/em/ros_workspace_2025/nav_ws/install/px4_msgs/local/lib/python3.10/dist-packages/px4_msgs/msg/_generator_status_s.c\n'}
[8.737254] (px4_msgs) StdoutLine: {'line': b'-- Up-to-date: /home/em/ros_workspace_2025/nav_ws/install/px4_msgs/local/lib/python3.10/dist-packages/px4_msgs/msg/_vehicle_local_position.py\n'}
[8.737288] (px4_msgs) StdoutLine: {'line': b'-- Up-to-date: /home/em/ros_workspace_2025/nav_ws/install/px4_msgs/local/lib/python3.10/dist-packages/px4_msgs/msg/_sensor_optical_flow_s.c\n'}
[8.737321] (px4_msgs) StdoutLine: {'line': b'-- Up-to-date: /home/em/ros_workspace_2025/nav_ws/install/px4_msgs/local/lib/python3.10/dist-packages/px4_msgs/msg/_uavcan_parameter_value.py\n'}
[8.737353] (px4_msgs) StdoutLine: {'line': b'-- Up-to-date: /home/em/ros_workspace_2025/nav_ws/install/px4_msgs/local/lib/python3.10/dist-packages/px4_msgs/msg/_offboard_control_mode_s.c\n'}
[8.737383] (px4_msgs) StdoutLine: {'line': b'-- Up-to-date: /home/em/ros_workspace_2025/nav_ws/install/px4_msgs/local/lib/python3.10/dist-packages/px4_msgs/msg/_qshell_retval.py\n'}
[8.737413] (px4_msgs) StdoutLine: {'line': b'-- Up-to-date: /home/em/ros_workspace_2025/nav_ws/install/px4_msgs/local/lib/python3.10/dist-packages/px4_msgs/msg/_landing_gear_s.c\n'}
[8.737458] (px4_msgs) StdoutLine: {'line': b'-- Up-to-date: /home/em/ros_workspace_2025/nav_ws/install/px4_msgs/local/lib/python3.10/dist-packages/px4_msgs/msg/_estimator_states_s.c\n'}
[8.737497] (px4_msgs) StdoutLine: {'line': b'-- Up-to-date: /home/em/ros_workspace_2025/nav_ws/install/px4_msgs/local/lib/python3.10/dist-packages/px4_msgs/msg/_sensor_selection_s.c\n'}
[8.737529] (px4_msgs) StdoutLine: {'line': b'-- Up-to-date: /home/em/ros_workspace_2025/nav_ws/install/px4_msgs/local/lib/python3.10/dist-packages/px4_msgs/msg/_arming_check_reply.py\n'}
[8.737559] (px4_msgs) StdoutLine: {'line': b'-- Up-to-date: /home/em/ros_workspace_2025/nav_ws/install/px4_msgs/local/lib/python3.10/dist-packages/px4_msgs/msg/_rover_mecanum_status_s.c\n'}
[8.737590] (px4_msgs) StdoutLine: {'line': b'-- Up-to-date: /home/em/ros_workspace_2025/nav_ws/install/px4_msgs/local/lib/python3.10/dist-packages/px4_msgs/msg/_heater_status_s.c\n'}
[8.737620] (px4_msgs) StdoutLine: {'line': b'-- Up-to-date: /home/em/ros_workspace_2025/nav_ws/install/px4_msgs/local/lib/python3.10/dist-packages/px4_msgs/msg/_open_drone_id_self_id.py\n'}
[8.737650] (px4_msgs) StdoutLine: {'line': b'-- Up-to-date: /home/em/ros_workspace_2025/nav_ws/install/px4_msgs/local/lib/python3.10/dist-packages/px4_msgs/msg/_irlock_report.py\n'}
[8.737681] (px4_msgs) StdoutLine: {'line': b'-- Up-to-date: /home/em/ros_workspace_2025/nav_ws/install/px4_msgs/local/lib/python3.10/dist-packages/px4_msgs/msg/_gpio_request_s.c\n'}
[8.737716] (px4_msgs) StdoutLine: {'line': b'-- Up-to-date: /home/em/ros_workspace_2025/nav_ws/install/px4_msgs/local/lib/python3.10/dist-packages/px4_msgs/msg/_vehicle_air_data_s.c\n'}
[8.737761] (px4_msgs) StdoutLine: {'line': b'-- Up-to-date: /home/em/ros_workspace_2025/nav_ws/install/px4_msgs/local/lib/python3.10/dist-packages/px4_msgs/msg/_system_power.py\n'}
[8.737793] (px4_msgs) StdoutLine: {'line': b'-- Up-to-date: /home/em/ros_workspace_2025/nav_ws/install/px4_msgs/local/lib/python3.10/dist-packages/px4_msgs/msg/_mag_worker_data.py\n'}
[8.737825] (px4_msgs) StdoutLine: {'line': b'-- Up-to-date: /home/em/ros_workspace_2025/nav_ws/install/px4_msgs/local/lib/python3.10/dist-packages/px4_msgs/msg/_open_drone_id_arm_status_s.c\n'}
[8.737855] (px4_msgs) StdoutLine: {'line': b'-- Up-to-date: /home/em/ros_workspace_2025/nav_ws/install/px4_msgs/local/lib/python3.10/dist-packages/px4_msgs/msg/_estimator_bias3d.py\n'}
[8.737885] (px4_msgs) StdoutLine: {'line': b'-- Up-to-date: /home/em/ros_workspace_2025/nav_ws/install/px4_msgs/local/lib/python3.10/dist-packages/px4_msgs/msg/_rover_ackermann_setpoint_s.c\n'}
[8.737914] (px4_msgs) StdoutLine: {'line': b'-- Up-to-date: /home/em/ros_workspace_2025/nav_ws/install/px4_msgs/local/lib/python3.10/dist-packages/px4_msgs/msg/_tecs_status_s.c\n'}
[8.737946] (px4_msgs) StdoutLine: {'line': b'-- Up-to-date: /home/em/ros_workspace_2025/nav_ws/install/px4_msgs/local/lib/python3.10/dist-packages/px4_msgs/msg/_vehicle_trajectory_waypoint.py\n'}
[8.737977] (px4_msgs) StdoutLine: {'line': b'-- Up-to-date: /home/em/ros_workspace_2025/nav_ws/install/px4_msgs/local/lib/python3.10/dist-packages/px4_msgs/msg/_rover_mecanum_guidance_status.py\n'}
[8.738007] (px4_msgs) StdoutLine: {'line': b'-- Up-to-date: /home/em/ros_workspace_2025/nav_ws/install/px4_msgs/local/lib/python3.10/dist-packages/px4_msgs/msg/_rover_mecanum_setpoint_s.c\n'}
[8.738043] (px4_msgs) StdoutLine: {'line': b'-- Up-to-date: /home/em/ros_workspace_2025/nav_ws/install/px4_msgs/local/lib/python3.10/dist-packages/px4_msgs/msg/_rpm.py\n'}
[8.738078] (px4_msgs) StdoutLine: {'line': b'-- Up-to-date: /home/em/ros_workspace_2025/nav_ws/install/px4_msgs/local/lib/python3.10/dist-packages/px4_msgs/msg/_gpio_out_s.c\n'}
[8.738117] (px4_msgs) StdoutLine: {'line': b'-- Up-to-date: /home/em/ros_workspace_2025/nav_ws/install/px4_msgs/local/lib/python3.10/dist-packages/px4_msgs/msg/_mission.py\n'}
[8.738154] (px4_msgs) StdoutLine: {'line': b'-- Up-to-date: /home/em/ros_workspace_2025/nav_ws/install/px4_msgs/local/lib/python3.10/dist-packages/px4_msgs/msg/_estimator_event_flags.py\n'}
[8.738195] (px4_msgs) StdoutLine: {'line': b'-- Up-to-date: /home/em/ros_workspace_2025/nav_ws/install/px4_msgs/local/lib/python3.10/dist-packages/px4_msgs/msg/_logger_status.py\n'}
[8.738235] (px4_msgs) StdoutLine: {'line': b'-- Up-to-date: /home/em/ros_workspace_2025/nav_ws/install/px4_msgs/local/lib/python3.10/dist-packages/px4_msgs/msg/_ekf2_timestamps_s.c\n'}
[8.738274] (px4_msgs) StdoutLine: {'line': b'-- Up-to-date: /home/em/ros_workspace_2025/nav_ws/install/px4_msgs/local/lib/python3.10/dist-packages/px4_msgs/msg/_differential_pressure_s.c\n'}
[8.738323] (px4_msgs) StdoutLine: {'line': b'-- Up-to-date: /home/em/ros_workspace_2025/nav_ws/install/px4_msgs/local/lib/python3.10/dist-packages/px4_msgs/msg/_vehicle_land_detected_s.c\n'}
[8.738354] (px4_msgs) StdoutLine: {'line': b'-- Up-to-date: /home/em/ros_workspace_2025/nav_ws/install/px4_msgs/local/lib/python3.10/dist-packages/px4_msgs/msg/_ekf2_timestamps.py\n'}
[8.738388] (px4_msgs) StdoutLine: {'line': b'-- Up-to-date: /home/em/ros_workspace_2025/nav_ws/install/px4_msgs/local/lib/python3.10/dist-packages/px4_msgs/msg/_sensor_baro_s.c\n'}
[8.738425] (px4_msgs) StdoutLine: {'line': b'-- Up-to-date: /home/em/ros_workspace_2025/nav_ws/install/px4_msgs/local/lib/python3.10/dist-packages/px4_msgs/msg/_rc_parameter_map.py\n'}
[8.738462] (px4_msgs) StdoutLine: {'line': b'-- Up-to-date: /home/em/ros_workspace_2025/nav_ws/install/px4_msgs/local/lib/python3.10/dist-packages/px4_msgs/msg/_sensor_accel_fifo.py\n'}
[8.738501] (px4_msgs) StdoutLine: {'line': b'-- Up-to-date: /home/em/ros_workspace_2025/nav_ws/install/px4_msgs/local/lib/python3.10/dist-packages/px4_msgs/msg/_trajectory_bezier.py\n'}
[8.738572] (px4_msgs) StdoutLine: {'line': b'-- Up-to-date: /home/em/ros_workspace_2025/nav_ws/install/px4_msgs/local/lib/python3.10/dist-packages/px4_msgs/msg/_collision_constraints_s.c\n'}
[8.738613] (px4_msgs) StdoutLine: {'line': b'-- Up-to-date: /home/em/ros_workspace_2025/nav_ws/install/px4_msgs/local/lib/python3.10/dist-packages/px4_msgs/msg/_follow_target_estimator_s.c\n'}
[8.738648] (px4_msgs) StdoutLine: {'line': b'-- Up-to-date: /home/em/ros_workspace_2025/nav_ws/install/px4_msgs/local/lib/python3.10/dist-packages/px4_msgs/msg/_vehicle_command_ack_s.c\n'}
[8.738680] (px4_msgs) StdoutLine: {'line': b'-- Up-to-date: /home/em/ros_workspace_2025/nav_ws/install/px4_msgs/local/lib/python3.10/dist-packages/px4_msgs/msg/_sensor_combined.py\n'}
[8.738713] (px4_msgs) StdoutLine: {'line': b'-- Up-to-date: /home/em/ros_workspace_2025/nav_ws/install/px4_msgs/local/lib/python3.10/dist-packages/px4_msgs/msg/_uavcan_parameter_request.py\n'}
[8.738748] (px4_msgs) StdoutLine: {'line': b'-- Up-to-date: /home/em/ros_workspace_2025/nav_ws/install/px4_msgs/local/lib/python3.10/dist-packages/px4_msgs/msg/_actuator_servos_s.c\n'}
[8.738784] (px4_msgs) StdoutLine: {'line': b'-- Up-to-date: /home/em/ros_workspace_2025/nav_ws/install/px4_msgs/local/lib/python3.10/dist-packages/px4_msgs/msg/_gripper_s.c\n'}
[8.738821] (px4_msgs) StdoutLine: {'line': b'-- Up-to-date: /home/em/ros_workspace_2025/nav_ws/install/px4_msgs/local/lib/python3.10/dist-packages/px4_msgs/msg/_rover_differential_guidance_status.py\n'}
[8.738859] (px4_msgs) StdoutLine: {'line': b'-- Up-to-date: /home/em/ros_workspace_2025/nav_ws/install/px4_msgs/local/lib/python3.10/dist-packages/px4_msgs/msg/_orb_test_s.c\n'}
[8.738899] (px4_msgs) StdoutLine: {'line': b'-- Up-to-date: /home/em/ros_workspace_2025/nav_ws/install/px4_msgs/local/lib/python3.10/dist-packages/px4_msgs/msg/_battery_status.py\n'}
[8.738944] (px4_msgs) StdoutLine: {'line': b'-- Up-to-date: /home/em/ros_workspace_2025/nav_ws/install/px4_msgs/local/lib/python3.10/dist-packages/px4_msgs/msg/_task_stack_info.py\n'}
[8.738978] (px4_msgs) StdoutLine: {'line': b'-- Up-to-date: /home/em/ros_workspace_2025/nav_ws/install/px4_msgs/local/lib/python3.10/dist-packages/px4_msgs/msg/_gimbal_controls_s.c\n'}
[8.739010] (px4_msgs) StdoutLine: {'line': b'-- Up-to-date: /home/em/ros_workspace_2025/nav_ws/install/px4_msgs/local/lib/python3.10/dist-packages/px4_msgs/msg/_cpuload_s.c\n'}
[8.739041] (px4_msgs) StdoutLine: {'line': b'-- Up-to-date: /home/em/ros_workspace_2025/nav_ws/install/px4_msgs/local/lib/python3.10/dist-packages/px4_msgs/msg/_vehicle_trajectory_bezier_s.c\n'}
[8.739070] (px4_msgs) StdoutLine: {'line': b'-- Up-to-date: /home/em/ros_workspace_2025/nav_ws/install/px4_msgs/local/lib/python3.10/dist-packages/px4_msgs/msg/_qshell_retval_s.c\n'}
[8.739107] (px4_msgs) StdoutLine: {'line': b'-- Up-to-date: /home/em/ros_workspace_2025/nav_ws/install/px4_msgs/local/lib/python3.10/dist-packages/px4_msgs/msg/_gpio_request.py\n'}
[8.739145] (px4_msgs) StdoutLine: {'line': b'-- Up-to-date: /home/em/ros_workspace_2025/nav_ws/install/px4_msgs/local/lib/python3.10/dist-packages/px4_msgs/msg/_debug_vect_s.c\n'}
[8.739183] (px4_msgs) StdoutLine: {'line': b'-- Up-to-date: /home/em/ros_workspace_2025/nav_ws/install/px4_msgs/local/lib/python3.10/dist-packages/px4_msgs/msg/_message_format_request.py\n'}
[8.739226] (px4_msgs) StdoutLine: {'line': b'-- Up-to-date: /home/em/ros_workspace_2025/nav_ws/install/px4_msgs/local/lib/python3.10/dist-packages/px4_msgs/msg/_wind.py\n'}
[8.739266] (px4_msgs) StdoutLine: {'line': b'-- Up-to-date: /home/em/ros_workspace_2025/nav_ws/install/px4_msgs/local/lib/python3.10/dist-packages/px4_msgs/msg/_fuel_tank_status.py\n'}
[8.739302] (px4_msgs) StdoutLine: {'line': b'-- Up-to-date: /home/em/ros_workspace_2025/nav_ws/install/px4_msgs/local/lib/python3.10/dist-packages/px4_msgs/msg/_ulog_stream_ack.py\n'}
[8.739336] (px4_msgs) StdoutLine: {'line': b'-- Up-to-date: /home/em/ros_workspace_2025/nav_ws/install/px4_msgs/local/lib/python3.10/dist-packages/px4_msgs/msg/_mount_orientation.py\n'}
[8.739371] (px4_msgs) StdoutLine: {'line': b'-- Up-to-date: /home/em/ros_workspace_2025/nav_ws/install/px4_msgs/local/lib/python3.10/dist-packages/px4_msgs/msg/_follow_target_estimator.py\n'}
[8.739405] (px4_msgs) StdoutLine: {'line': b'-- Up-to-date: /home/em/ros_workspace_2025/nav_ws/install/px4_msgs/local/lib/python3.10/dist-packages/px4_msgs/msg/_vehicle_imu_status_s.c\n'}
[8.739441] (px4_msgs) StdoutLine: {'line': b'-- Up-to-date: /home/em/ros_workspace_2025/nav_ws/install/px4_msgs/local/lib/python3.10/dist-packages/px4_msgs/msg/_parameter_set_value_response.py\n'}
[8.739476] (px4_msgs) StdoutLine: {'line': b'-- Up-to-date: /home/em/ros_workspace_2025/nav_ws/install/px4_msgs/local/lib/python3.10/dist-packages/px4_msgs/msg/_debug_vect.py\n'}
[8.739511] (px4_msgs) StdoutLine: {'line': b'-- Up-to-date: /home/em/ros_workspace_2025/nav_ws/install/px4_msgs/local/lib/python3.10/dist-packages/px4_msgs/msg/_airspeed_wind_s.c\n'}
[8.739547] (px4_msgs) StdoutLine: {'line': b'-- Up-to-date: /home/em/ros_workspace_2025/nav_ws/install/px4_msgs/local/lib/python3.10/dist-packages/px4_msgs/msg/_landing_target_innovations.py\n'}
[8.739583] (px4_msgs) StdoutLine: {'line': b'-- Up-to-date: /home/em/ros_workspace_2025/nav_ws/install/px4_msgs/local/lib/python3.10/dist-packages/px4_msgs/msg/_unregister_ext_component_s.c\n'}
[8.739622] (px4_msgs) StdoutLine: {'line': b'-- Up-to-date: /home/em/ros_workspace_2025/nav_ws/install/px4_msgs/local/lib/python3.10/dist-packages/px4_msgs/msg/_sensor_gyro_fifo_s.c\n'}
[8.739659] (px4_msgs) StdoutLine: {'line': b'-- Up-to-date: /home/em/ros_workspace_2025/nav_ws/install/px4_msgs/local/lib/python3.10/dist-packages/px4_msgs/msg/_log_message_s.c\n'}
[8.739696] (px4_msgs) StdoutLine: {'line': b'-- Up-to-date: /home/em/ros_workspace_2025/nav_ws/install/px4_msgs/local/lib/python3.10/dist-packages/px4_msgs/msg/_vehicle_roi.py\n'}
[8.739850] (px4_msgs) StdoutLine: {'line': b'-- Up-to-date: /home/em/ros_workspace_2025/nav_ws/install/px4_msgs/local/lib/python3.10/dist-packages/px4_msgs/msg/_gimbal_manager_status.py\n'}
[8.739910] (px4_msgs) StdoutLine: {'line': b'-- Up-to-date: /home/em/ros_workspace_2025/nav_ws/install/px4_msgs/local/lib/python3.10/dist-packages/px4_msgs/msg/_vehicle_imu_s.c\n'}
[8.739955] (px4_msgs) StdoutLine: {'line': b'-- Up-to-date: /home/em/ros_workspace_2025/nav_ws/install/px4_msgs/local/lib/python3.10/dist-packages/px4_msgs/msg/_actuator_controls_status.py\n'}
[8.739996] (px4_msgs) StdoutLine: {'line': b'-- Up-to-date: /home/em/ros_workspace_2025/nav_ws/install/px4_msgs/local/lib/python3.10/dist-packages/px4_msgs/msg/_sensor_gyro.py\n'}
[8.740036] (px4_msgs) StdoutLine: {'line': b'-- Up-to-date: /home/em/ros_workspace_2025/nav_ws/install/px4_msgs/local/lib/python3.10/dist-packages/px4_msgs/msg/_register_ext_component_request_s.c\n'}
[8.740068] (px4_msgs) StdoutLine: {'line': b'-- Up-to-date: /home/em/ros_workspace_2025/nav_ws/install/px4_msgs/local/lib/python3.10/dist-packages/px4_msgs/msg/_orb_test.py\n'}
[8.740175] (px4_msgs) StdoutLine: {'line': b'-- Up-to-date: /home/em/ros_workspace_2025/nav_ws/install/px4_msgs/local/lib/python3.10/dist-packages/px4_msgs/msg/_mavlink_log_s.c\n'}
[8.740213] (px4_msgs) StdoutLine: {'line': b'-- Up-to-date: /home/em/ros_workspace_2025/nav_ws/install/px4_msgs/local/lib/python3.10/dist-packages/px4_msgs/msg/_estimator_gps_status_s.c\n'}
[8.740246] (px4_msgs) StdoutLine: {'line': b'-- Up-to-date: /home/em/ros_workspace_2025/nav_ws/install/px4_msgs/local/lib/python3.10/dist-packages/px4_msgs/msg/_normalized_unsigned_setpoint_s.c\n'}
[8.740302] (px4_msgs) StdoutLine: {'line': b'-- Up-to-date: /home/em/ros_workspace_2025/nav_ws/install/px4_msgs/local/lib/python3.10/dist-packages/px4_msgs/msg/_sensor_combined_s.c\n'}
[8.740333] (px4_msgs) StdoutLine: {'line': b'-- Up-to-date: /home/em/ros_workspace_2025/nav_ws/install/px4_msgs/local/lib/python3.10/dist-packages/px4_msgs/msg/_transponder_report_s.c\n'}
[8.740363] (px4_msgs) StdoutLine: {'line': b'-- Up-to-date: /home/em/ros_workspace_2025/nav_ws/install/px4_msgs/local/lib/python3.10/dist-packages/px4_msgs/msg/_gimbal_controls.py\n'}
[8.740392] (px4_msgs) StdoutLine: {'line': b'-- Up-to-date: /home/em/ros_workspace_2025/nav_ws/install/px4_msgs/local/lib/python3.10/dist-packages/px4_msgs/msg/_mode_completed.py\n'}
[8.740422] (px4_msgs) StdoutLine: {'line': b'-- Up-to-date: /home/em/ros_workspace_2025/nav_ws/install/px4_msgs/local/lib/python3.10/dist-packages/px4_msgs/msg/_debug_key_value.py\n'}
[8.740452] (px4_msgs) StdoutLine: {'line': b'-- Up-to-date: /home/em/ros_workspace_2025/nav_ws/install/px4_msgs/local/lib/python3.10/dist-packages/px4_msgs/msg/_gpio_in.py\n'}
[8.740487] (px4_msgs) StdoutLine: {'line': b'-- Up-to-date: /home/em/ros_workspace_2025/nav_ws/install/px4_msgs/local/lib/python3.10/dist-packages/px4_msgs/msg/_message_format_response.py\n'}
[8.740521] (px4_msgs) StdoutLine: {'line': b'-- Up-to-date: /home/em/ros_workspace_2025/nav_ws/install/px4_msgs/local/lib/python3.10/dist-packages/px4_msgs/msg/_launch_detection_status.py\n'}
[8.740563] (px4_msgs) StdoutLine: {'line': b'-- Up-to-date: /home/em/ros_workspace_2025/nav_ws/install/px4_msgs/local/lib/python3.10/dist-packages/px4_msgs/msg/_tecs_status.py\n'}
[8.740595] (px4_msgs) StdoutLine: {'line': b'-- Up-to-date: /home/em/ros_workspace_2025/nav_ws/install/px4_msgs/local/lib/python3.10/dist-packages/px4_msgs/msg/_vehicle_local_position_setpoint_s.c\n'}
[8.740626] (px4_msgs) StdoutLine: {'line': b'-- Up-to-date: /home/em/ros_workspace_2025/nav_ws/install/px4_msgs/local/lib/python3.10/dist-packages/px4_msgs/msg/_mag_worker_data_s.c\n'}
[8.740657] (px4_msgs) StdoutLine: {'line': b'-- Up-to-date: /home/em/ros_workspace_2025/nav_ws/install/px4_msgs/local/lib/python3.10/dist-packages/px4_msgs/msg/_vehicle_global_position_s.c\n'}
[8.740686] (px4_msgs) StdoutLine: {'line': b'-- Up-to-date: /home/em/ros_workspace_2025/nav_ws/install/px4_msgs/local/lib/python3.10/dist-packages/px4_msgs/msg/_camera_status_s.c\n'}
[8.740717] (px4_msgs) StdoutLine: {'line': b'-- Up-to-date: /home/em/ros_workspace_2025/nav_ws/install/px4_msgs/local/lib/python3.10/dist-packages/px4_msgs/msg/_vehicle_air_data.py\n'}
[8.740749] (px4_msgs) StdoutLine: {'line': b'-- Up-to-date: /home/em/ros_workspace_2025/nav_ws/install/px4_msgs/local/lib/python3.10/dist-packages/px4_msgs/msg/_vtol_vehicle_status.py\n'}
[8.740781] (px4_msgs) StdoutLine: {'line': b'-- Up-to-date: /home/em/ros_workspace_2025/nav_ws/install/px4_msgs/local/lib/python3.10/dist-packages/px4_msgs/msg/_estimator_innovations.py\n'}
[8.740814] (px4_msgs) StdoutLine: {'line': b'-- Up-to-date: /home/em/ros_workspace_2025/nav_ws/install/px4_msgs/local/lib/python3.10/dist-packages/px4_msgs/msg/_vehicle_angular_acceleration_setpoint_s.c\n'}
[8.740845] (px4_msgs) StdoutLine: {'line': b'-- Up-to-date: /home/em/ros_workspace_2025/nav_ws/install/px4_msgs/local/lib/python3.10/dist-packages/px4_msgs/msg/_actuator_outputs_s.c\n'}
[8.740888] (px4_msgs) StdoutLine: {'line': b'-- Up-to-date: /home/em/ros_workspace_2025/nav_ws/install/px4_msgs/local/lib/python3.10/dist-packages/px4_msgs/msg/_px4io_status_s.c\n'}
[8.740918] (px4_msgs) StdoutLine: {'line': b'-- Up-to-date: /home/em/ros_workspace_2025/nav_ws/install/px4_msgs/local/lib/python3.10/dist-packages/px4_msgs/msg/_vehicle_odometry.py\n'}
[8.740986] (px4_msgs) StdoutLine: {'line': b'-- Up-to-date: /home/em/ros_workspace_2025/nav_ws/install/px4_msgs/local/lib/python3.10/dist-packages/px4_msgs/msg/_cellular_status.py\n'}
[8.741025] (px4_msgs) StdoutLine: {'line': b'-- Up-to-date: /home/em/ros_workspace_2025/nav_ws/install/px4_msgs/local/lib/python3.10/dist-packages/px4_msgs/msg/_gimbal_manager_set_attitude_s.c\n'}
[8.741055] (px4_msgs) StdoutLine: {'line': b'-- Up-to-date: /home/em/ros_workspace_2025/nav_ws/install/px4_msgs/local/lib/python3.10/dist-packages/px4_msgs/msg/_timesync_status_s.c\n'}
[8.741085] (px4_msgs) StdoutLine: {'line': b'-- Up-to-date: /home/em/ros_workspace_2025/nav_ws/install/px4_msgs/local/lib/python3.10/dist-packages/px4_msgs/msg/_sensor_gnss_relative.py\n'}
[8.741116] (px4_msgs) StdoutLine: {'line': b'-- Up-to-date: /home/em/ros_workspace_2025/nav_ws/install/px4_msgs/local/lib/python3.10/dist-packages/px4_msgs/msg/_arming_check_request_s.c\n'}
[8.741146] (px4_msgs) StdoutLine: {'line': b'-- Up-to-date: /home/em/ros_workspace_2025/nav_ws/install/px4_msgs/local/lib/python3.10/dist-packages/px4_msgs/msg/_position_setpoint_s.c\n'}
[8.741175] (px4_msgs) StdoutLine: {'line': b'-- Up-to-date: /home/em/ros_workspace_2025/nav_ws/install/px4_msgs/local/lib/python3.10/dist-packages/px4_msgs/msg/_mount_orientation_s.c\n'}
[8.741209] (px4_msgs) StdoutLine: {'line': b'-- Up-to-date: /home/em/ros_workspace_2025/nav_ws/install/px4_msgs/local/lib/python3.10/dist-packages/px4_msgs/msg/_battery_status_s.c\n'}
[8.741239] (px4_msgs) StdoutLine: {'line': b'-- Up-to-date: /home/em/ros_workspace_2025/nav_ws/install/px4_msgs/local/lib/python3.10/dist-packages/px4_msgs/msg/_estimator_aid_source1d.py\n'}
[8.741269] (px4_msgs) StdoutLine: {'line': b'-- Up-to-date: /home/em/ros_workspace_2025/nav_ws/install/px4_msgs/local/lib/python3.10/dist-packages/px4_msgs/msg/_mavlink_tunnel.py\n'}
[8.741302] (px4_msgs) StdoutLine: {'line': b'-- Up-to-date: /home/em/ros_workspace_2025/nav_ws/install/px4_msgs/local/lib/python3.10/dist-packages/px4_msgs/msg/_sensors_status_imu_s.c\n'}
[8.741333] (px4_msgs) StdoutLine: {'line': b'-- Up-to-date: /home/em/ros_workspace_2025/nav_ws/install/px4_msgs/local/lib/python3.10/dist-packages/px4_msgs/msg/_sensor_preflight_mag.py\n'}
[8.741364] (px4_msgs) StdoutLine: {'line': b'-- Up-to-date: /home/em/ros_workspace_2025/nav_ws/install/px4_msgs/local/lib/python3.10/dist-packages/px4_msgs/msg/_estimator_aid_source2d_s.c\n'}
[8.741395] (px4_msgs) StdoutLine: {'line': b'-- Up-to-date: /home/em/ros_workspace_2025/nav_ws/install/px4_msgs/local/lib/python3.10/dist-packages/px4_msgs/_px4_msgs_s.ep.rosidl_typesupport_introspection_c.c\n'}
[8.741429] (px4_msgs) StdoutLine: {'line': b'-- Up-to-date: /home/em/ros_workspace_2025/nav_ws/install/px4_msgs/local/lib/python3.10/dist-packages/px4_msgs/_px4_msgs_s.ep.rosidl_typesupport_fastrtps_c.c\n'}
[8.741462] (px4_msgs) StdoutLine: {'line': b"Listing '/home/em/ros_workspace_2025/nav_ws/install/px4_msgs/local/lib/python3.10/dist-packages/px4_msgs'...\n"}
[8.741494] (px4_msgs) StdoutLine: {'line': b"Listing '/home/em/ros_workspace_2025/nav_ws/install/px4_msgs/local/lib/python3.10/dist-packages/px4_msgs/msg'...\n"}
[8.741526] (px4_msgs) StdoutLine: {'line': b"Listing '/home/em/ros_workspace_2025/nav_ws/install/px4_msgs/local/lib/python3.10/dist-packages/px4_msgs/srv'...\n"}
[8.741558] (px4_msgs) StdoutLine: {'line': b'-- Up-to-date: /home/em/ros_workspace_2025/nav_ws/install/px4_msgs/local/lib/python3.10/dist-packages/px4_msgs/px4_msgs_s__rosidl_typesupport_fastrtps_c.cpython-310-x86_64-linux-gnu.so\n'}
[8.741591] (px4_msgs) StdoutLine: {'line': b'-- Up-to-date: /home/em/ros_workspace_2025/nav_ws/install/px4_msgs/local/lib/python3.10/dist-packages/px4_msgs/px4_msgs_s__rosidl_typesupport_introspection_c.cpython-310-x86_64-linux-gnu.so\n'}
[8.741641] (px4_msgs) StdoutLine: {'line': b'-- Up-to-date: /home/em/ros_workspace_2025/nav_ws/install/px4_msgs/local/lib/python3.10/dist-packages/px4_msgs/px4_msgs_s__rosidl_typesupport_c.cpython-310-x86_64-linux-gnu.so\n'}
[8.741675] (px4_msgs) StdoutLine: {'line': b'-- Up-to-date: /home/em/ros_workspace_2025/nav_ws/install/px4_msgs/lib/libpx4_msgs__rosidl_generator_py.so\n'}
[8.741707] (px4_msgs) StdoutLine: {'line': b'-- Up-to-date: /home/em/ros_workspace_2025/nav_ws/install/px4_msgs/share/px4_msgs/msg/ActionRequest.idl\n'}
[8.741740] (px4_msgs) StdoutLine: {'line': b'-- Up-to-date: /home/em/ros_workspace_2025/nav_ws/install/px4_msgs/share/px4_msgs/msg/ActuatorArmed.idl\n'}
[8.741771] (px4_msgs) StdoutLine: {'line': b'-- Up-to-date: /home/em/ros_workspace_2025/nav_ws/install/px4_msgs/share/px4_msgs/msg/ActuatorControlsStatus.idl\n'}
[8.741808] (px4_msgs) StdoutLine: {'line': b'-- Up-to-date: /home/em/ros_workspace_2025/nav_ws/install/px4_msgs/share/px4_msgs/msg/ActuatorMotors.idl\n'}
[8.741842] (px4_msgs) StdoutLine: {'line': b'-- Up-to-date: /home/em/ros_workspace_2025/nav_ws/install/px4_msgs/share/px4_msgs/msg/ActuatorOutputs.idl\n'}
[8.741897] (px4_msgs) StdoutLine: {'line': b'-- Up-to-date: /home/em/ros_workspace_2025/nav_ws/install/px4_msgs/share/px4_msgs/msg/ActuatorServos.idl\n'}
[8.741929] (px4_msgs) StdoutLine: {'line': b'-- Up-to-date: /home/em/ros_workspace_2025/nav_ws/install/px4_msgs/share/px4_msgs/msg/ActuatorServosTrim.idl\n'}
[8.741962] (px4_msgs) StdoutLine: {'line': b'-- Up-to-date: /home/em/ros_workspace_2025/nav_ws/install/px4_msgs/share/px4_msgs/msg/ActuatorTest.idl\n'}
[8.741993] (px4_msgs) StdoutLine: {'line': b'-- Up-to-date: /home/em/ros_workspace_2025/nav_ws/install/px4_msgs/share/px4_msgs/msg/AdcReport.idl\n'}
[8.742022] (px4_msgs) StdoutLine: {'line': b'-- Up-to-date: /home/em/ros_workspace_2025/nav_ws/install/px4_msgs/share/px4_msgs/msg/Airspeed.idl\n'}
[8.742051] (px4_msgs) StdoutLine: {'line': b'-- Up-to-date: /home/em/ros_workspace_2025/nav_ws/install/px4_msgs/share/px4_msgs/msg/AirspeedValidated.idl\n'}
[8.742101] (px4_msgs) StdoutLine: {'line': b'-- Up-to-date: /home/em/ros_workspace_2025/nav_ws/install/px4_msgs/share/px4_msgs/msg/AirspeedWind.idl\n'}
[8.742130] (px4_msgs) StdoutLine: {'line': b'-- Up-to-date: /home/em/ros_workspace_2025/nav_ws/install/px4_msgs/share/px4_msgs/msg/ArmingCheckReply.idl\n'}
[8.742160] (px4_msgs) StdoutLine: {'line': b'-- Up-to-date: /home/em/ros_workspace_2025/nav_ws/install/px4_msgs/share/px4_msgs/msg/ArmingCheckRequest.idl\n'}
[8.742194] (px4_msgs) StdoutLine: {'line': b'-- Up-to-date: /home/em/ros_workspace_2025/nav_ws/install/px4_msgs/share/px4_msgs/msg/AutotuneAttitudeControlStatus.idl\n'}
[8.742226] (px4_msgs) StdoutLine: {'line': b'-- Up-to-date: /home/em/ros_workspace_2025/nav_ws/install/px4_msgs/share/px4_msgs/msg/BatteryStatus.idl\n'}
[8.742295] (px4_msgs) StdoutLine: {'line': b'-- Up-to-date: /home/em/ros_workspace_2025/nav_ws/install/px4_msgs/share/px4_msgs/msg/Buffer128.idl\n'}
[8.742329] (px4_msgs) StdoutLine: {'line': b'-- Up-to-date: /home/em/ros_workspace_2025/nav_ws/install/px4_msgs/share/px4_msgs/msg/ButtonEvent.idl\n'}
[8.742363] (px4_msgs) StdoutLine: {'line': b'-- Up-to-date: /home/em/ros_workspace_2025/nav_ws/install/px4_msgs/share/px4_msgs/msg/CameraCapture.idl\n'}
[8.742396] (px4_msgs) StdoutLine: {'line': b'-- Up-to-date: /home/em/ros_workspace_2025/nav_ws/install/px4_msgs/share/px4_msgs/msg/CameraStatus.idl\n'}
[8.742434] (px4_msgs) StdoutLine: {'line': b'-- Up-to-date: /home/em/ros_workspace_2025/nav_ws/install/px4_msgs/share/px4_msgs/msg/CameraTrigger.idl\n'}
[8.742468] (px4_msgs) StdoutLine: {'line': b'-- Up-to-date: /home/em/ros_workspace_2025/nav_ws/install/px4_msgs/share/px4_msgs/msg/CanInterfaceStatus.idl\n'}
[8.742521] (px4_msgs) StdoutLine: {'line': b'-- Up-to-date: /home/em/ros_workspace_2025/nav_ws/install/px4_msgs/share/px4_msgs/msg/CellularStatus.idl\n'}
[8.742557] (px4_msgs) StdoutLine: {'line': b'-- Up-to-date: /home/em/ros_workspace_2025/nav_ws/install/px4_msgs/share/px4_msgs/msg/CollisionConstraints.idl\n'}
[8.742592] (px4_msgs) StdoutLine: {'line': b'-- Up-to-date: /home/em/ros_workspace_2025/nav_ws/install/px4_msgs/share/px4_msgs/msg/CollisionReport.idl\n'}
[8.742625] (px4_msgs) StdoutLine: {'line': b'-- Up-to-date: /home/em/ros_workspace_2025/nav_ws/install/px4_msgs/share/px4_msgs/msg/ConfigOverrides.idl\n'}
[8.742677] (px4_msgs) StdoutLine: {'line': b'-- Up-to-date: /home/em/ros_workspace_2025/nav_ws/install/px4_msgs/share/px4_msgs/msg/ControlAllocatorStatus.idl\n'}
[8.742724] (px4_msgs) StdoutLine: {'line': b'-- Up-to-date: /home/em/ros_workspace_2025/nav_ws/install/px4_msgs/share/px4_msgs/msg/Cpuload.idl\n'}
[8.742779] (px4_msgs) StdoutLine: {'line': b'-- Up-to-date: /home/em/ros_workspace_2025/nav_ws/install/px4_msgs/share/px4_msgs/msg/DatamanRequest.idl\n'}
[8.742812] (px4_msgs) StdoutLine: {'line': b'-- Up-to-date: /home/em/ros_workspace_2025/nav_ws/install/px4_msgs/share/px4_msgs/msg/DatamanResponse.idl\n'}
[8.742847] (px4_msgs) StdoutLine: {'line': b'-- Up-to-date: /home/em/ros_workspace_2025/nav_ws/install/px4_msgs/share/px4_msgs/msg/DebugArray.idl\n'}
[8.742878] (px4_msgs) StdoutLine: {'line': b'-- Up-to-date: /home/em/ros_workspace_2025/nav_ws/install/px4_msgs/share/px4_msgs/msg/DebugKeyValue.idl\n'}
[8.742911] (px4_msgs) StdoutLine: {'line': b'-- Up-to-date: /home/em/ros_workspace_2025/nav_ws/install/px4_msgs/share/px4_msgs/msg/DebugValue.idl\n'}
[8.742943] (px4_msgs) StdoutLine: {'line': b'-- Up-to-date: /home/em/ros_workspace_2025/nav_ws/install/px4_msgs/share/px4_msgs/msg/DebugVect.idl\n'}
[8.742977] (px4_msgs) StdoutLine: {'line': b'-- Up-to-date: /home/em/ros_workspace_2025/nav_ws/install/px4_msgs/share/px4_msgs/msg/DifferentialPressure.idl\n'}
[8.743015] (px4_msgs) StdoutLine: {'line': b'-- Up-to-date: /home/em/ros_workspace_2025/nav_ws/install/px4_msgs/share/px4_msgs/msg/DistanceSensor.idl\n'}
[8.743060] (px4_msgs) StdoutLine: {'line': b'-- Up-to-date: /home/em/ros_workspace_2025/nav_ws/install/px4_msgs/share/px4_msgs/msg/DistanceSensorModeChangeRequest.idl\n'}
[8.743093] (px4_msgs) StdoutLine: {'line': b'-- Up-to-date: /home/em/ros_workspace_2025/nav_ws/install/px4_msgs/share/px4_msgs/msg/Ekf2Timestamps.idl\n'}
[8.743120] (px4_msgs) StdoutLine: {'line': b'-- Up-to-date: /home/em/ros_workspace_2025/nav_ws/install/px4_msgs/share/px4_msgs/msg/EscReport.idl\n'}
[8.743146] (px4_msgs) StdoutLine: {'line': b'-- Up-to-date: /home/em/ros_workspace_2025/nav_ws/install/px4_msgs/share/px4_msgs/msg/EscStatus.idl\n'}
[8.743173] (px4_msgs) StdoutLine: {'line': b'-- Up-to-date: /home/em/ros_workspace_2025/nav_ws/install/px4_msgs/share/px4_msgs/msg/EstimatorAidSource1d.idl\n'}
[8.743235] (px4_msgs) StdoutLine: {'line': b'-- Up-to-date: /home/em/ros_workspace_2025/nav_ws/install/px4_msgs/share/px4_msgs/msg/EstimatorAidSource2d.idl\n'}
[8.743264] (px4_msgs) StdoutLine: {'line': b'-- Up-to-date: /home/em/ros_workspace_2025/nav_ws/install/px4_msgs/share/px4_msgs/msg/EstimatorAidSource3d.idl\n'}
[8.743290] (px4_msgs) StdoutLine: {'line': b'-- Up-to-date: /home/em/ros_workspace_2025/nav_ws/install/px4_msgs/share/px4_msgs/msg/EstimatorBias.idl\n'}
[8.743314] (px4_msgs) StdoutLine: {'line': b'-- Up-to-date: /home/em/ros_workspace_2025/nav_ws/install/px4_msgs/share/px4_msgs/msg/EstimatorBias3d.idl\n'}
[8.743344] (px4_msgs) StdoutLine: {'line': b'-- Up-to-date: /home/em/ros_workspace_2025/nav_ws/install/px4_msgs/share/px4_msgs/msg/EstimatorEventFlags.idl\n'}
[8.743370] (px4_msgs) StdoutLine: {'line': b'-- Up-to-date: /home/em/ros_workspace_2025/nav_ws/install/px4_msgs/share/px4_msgs/msg/EstimatorGpsStatus.idl\n'}
[8.743396] (px4_msgs) StdoutLine: {'line': b'-- Up-to-date: /home/em/ros_workspace_2025/nav_ws/install/px4_msgs/share/px4_msgs/msg/EstimatorInnovations.idl\n'}
[8.743424] (px4_msgs) StdoutLine: {'line': b'-- Up-to-date: /home/em/ros_workspace_2025/nav_ws/install/px4_msgs/share/px4_msgs/msg/EstimatorSelectorStatus.idl\n'}
[8.743450] (px4_msgs) StdoutLine: {'line': b'-- Up-to-date: /home/em/ros_workspace_2025/nav_ws/install/px4_msgs/share/px4_msgs/msg/EstimatorSensorBias.idl\n'}
[8.743476] (px4_msgs) StdoutLine: {'line': b'-- Up-to-date: /home/em/ros_workspace_2025/nav_ws/install/px4_msgs/share/px4_msgs/msg/EstimatorStates.idl\n'}
[8.743501] (px4_msgs) StdoutLine: {'line': b'-- Up-to-date: /home/em/ros_workspace_2025/nav_ws/install/px4_msgs/share/px4_msgs/msg/EstimatorStatus.idl\n'}
[8.743527] (px4_msgs) StdoutLine: {'line': b'-- Up-to-date: /home/em/ros_workspace_2025/nav_ws/install/px4_msgs/share/px4_msgs/msg/EstimatorStatusFlags.idl\n'}
[8.743558] (px4_msgs) StdoutLine: {'line': b'-- Up-to-date: /home/em/ros_workspace_2025/nav_ws/install/px4_msgs/share/px4_msgs/msg/Event.idl\n'}
[8.743621] (px4_msgs) StdoutLine: {'line': b'-- Up-to-date: /home/em/ros_workspace_2025/nav_ws/install/px4_msgs/share/px4_msgs/msg/FailsafeFlags.idl\n'}
[8.743652] (px4_msgs) StdoutLine: {'line': b'-- Up-to-date: /home/em/ros_workspace_2025/nav_ws/install/px4_msgs/share/px4_msgs/msg/FailureDetectorStatus.idl\n'}
[8.743679] (px4_msgs) StdoutLine: {'line': b'-- Up-to-date: /home/em/ros_workspace_2025/nav_ws/install/px4_msgs/share/px4_msgs/msg/FigureEightStatus.idl\n'}
[8.743715] (px4_msgs) StdoutLine: {'line': b'-- Up-to-date: /home/em/ros_workspace_2025/nav_ws/install/px4_msgs/share/px4_msgs/msg/FlightPhaseEstimation.idl\n'}
[8.743756] (px4_msgs) StdoutLine: {'line': b'-- Up-to-date: /home/em/ros_workspace_2025/nav_ws/install/px4_msgs/share/px4_msgs/msg/FollowTarget.idl\n'}
[8.743854] (px4_msgs) StdoutLine: {'line': b'-- Up-to-date: /home/em/ros_workspace_2025/nav_ws/install/px4_msgs/share/px4_msgs/msg/FollowTargetEstimator.idl\n'}
[8.743963] (px4_msgs) StdoutLine: {'line': b'-- Up-to-date: /home/em/ros_workspace_2025/nav_ws/install/px4_msgs/share/px4_msgs/msg/FollowTargetStatus.idl\n'}
[8.744059] (px4_msgs) StdoutLine: {'line': b'-- Up-to-date: /home/em/ros_workspace_2025/nav_ws/install/px4_msgs/share/px4_msgs/msg/FuelTankStatus.idl\n'}
[8.744093] (px4_msgs) StdoutLine: {'line': b'-- Up-to-date: /home/em/ros_workspace_2025/nav_ws/install/px4_msgs/share/px4_msgs/msg/GeneratorStatus.idl\n'}
[8.744118] (px4_msgs) StdoutLine: {'line': b'-- Up-to-date: /home/em/ros_workspace_2025/nav_ws/install/px4_msgs/share/px4_msgs/msg/GeofenceResult.idl\n'}
[8.744142] (px4_msgs) StdoutLine: {'line': b'-- Up-to-date: /home/em/ros_workspace_2025/nav_ws/install/px4_msgs/share/px4_msgs/msg/GeofenceStatus.idl\n'}
[8.744165] (px4_msgs) StdoutLine: {'line': b'-- Up-to-date: /home/em/ros_workspace_2025/nav_ws/install/px4_msgs/share/px4_msgs/msg/GimbalControls.idl\n'}
[8.744195] (px4_msgs) StdoutLine: {'line': b'-- Up-to-date: /home/em/ros_workspace_2025/nav_ws/install/px4_msgs/share/px4_msgs/msg/GimbalDeviceAttitudeStatus.idl\n'}
[8.744226] (px4_msgs) StdoutLine: {'line': b'-- Up-to-date: /home/em/ros_workspace_2025/nav_ws/install/px4_msgs/share/px4_msgs/msg/GimbalDeviceInformation.idl\n'}
[8.744249] (px4_msgs) StdoutLine: {'line': b'-- Up-to-date: /home/em/ros_workspace_2025/nav_ws/install/px4_msgs/share/px4_msgs/msg/GimbalDeviceSetAttitude.idl\n'}
[8.744271] (px4_msgs) StdoutLine: {'line': b'-- Up-to-date: /home/em/ros_workspace_2025/nav_ws/install/px4_msgs/share/px4_msgs/msg/GimbalManagerInformation.idl\n'}
[8.744293] (px4_msgs) StdoutLine: {'line': b'-- Up-to-date: /home/em/ros_workspace_2025/nav_ws/install/px4_msgs/share/px4_msgs/msg/GimbalManagerSetAttitude.idl\n'}
[8.744319] (px4_msgs) StdoutLine: {'line': b'-- Up-to-date: /home/em/ros_workspace_2025/nav_ws/install/px4_msgs/share/px4_msgs/msg/GimbalManagerSetManualControl.idl\n'}
[8.744341] (px4_msgs) StdoutLine: {'line': b'-- Up-to-date: /home/em/ros_workspace_2025/nav_ws/install/px4_msgs/share/px4_msgs/msg/GimbalManagerStatus.idl\n'}
[8.744364] (px4_msgs) StdoutLine: {'line': b'-- Up-to-date: /home/em/ros_workspace_2025/nav_ws/install/px4_msgs/share/px4_msgs/msg/GotoSetpoint.idl\n'}
[8.744387] (px4_msgs) StdoutLine: {'line': b'-- Up-to-date: /home/em/ros_workspace_2025/nav_ws/install/px4_msgs/share/px4_msgs/msg/GpioConfig.idl\n'}
[8.744411] (px4_msgs) StdoutLine: {'line': b'-- Up-to-date: /home/em/ros_workspace_2025/nav_ws/install/px4_msgs/share/px4_msgs/msg/GpioIn.idl\n'}
[8.744453] (px4_msgs) StdoutLine: {'line': b'-- Up-to-date: /home/em/ros_workspace_2025/nav_ws/install/px4_msgs/share/px4_msgs/msg/GpioOut.idl\n'}
[8.744480] (px4_msgs) StdoutLine: {'line': b'-- Up-to-date: /home/em/ros_workspace_2025/nav_ws/install/px4_msgs/share/px4_msgs/msg/GpioRequest.idl\n'}
[8.744505] (px4_msgs) StdoutLine: {'line': b'-- Up-to-date: /home/em/ros_workspace_2025/nav_ws/install/px4_msgs/share/px4_msgs/msg/GpsDump.idl\n'}
[8.744529] (px4_msgs) StdoutLine: {'line': b'-- Up-to-date: /home/em/ros_workspace_2025/nav_ws/install/px4_msgs/share/px4_msgs/msg/GpsInjectData.idl\n'}
[8.744556] (px4_msgs) StdoutLine: {'line': b'-- Up-to-date: /home/em/ros_workspace_2025/nav_ws/install/px4_msgs/share/px4_msgs/msg/Gripper.idl\n'}
[8.744580] (px4_msgs) StdoutLine: {'line': b'-- Up-to-date: /home/em/ros_workspace_2025/nav_ws/install/px4_msgs/share/px4_msgs/msg/HealthReport.idl\n'}
[8.744605] (px4_msgs) StdoutLine: {'line': b'-- Up-to-date: /home/em/ros_workspace_2025/nav_ws/install/px4_msgs/share/px4_msgs/msg/HeaterStatus.idl\n'}
[8.744629] (px4_msgs) StdoutLine: {'line': b'-- Up-to-date: /home/em/ros_workspace_2025/nav_ws/install/px4_msgs/share/px4_msgs/msg/HomePosition.idl\n'}
[8.744655] (px4_msgs) StdoutLine: {'line': b'-- Up-to-date: /home/em/ros_workspace_2025/nav_ws/install/px4_msgs/share/px4_msgs/msg/HoverThrustEstimate.idl\n'}
[8.744680] (px4_msgs) StdoutLine: {'line': b'-- Up-to-date: /home/em/ros_workspace_2025/nav_ws/install/px4_msgs/share/px4_msgs/msg/InputRc.idl\n'}
[8.744704] (px4_msgs) StdoutLine: {'line': b'-- Up-to-date: /home/em/ros_workspace_2025/nav_ws/install/px4_msgs/share/px4_msgs/msg/InternalCombustionEngineStatus.idl\n'}
[8.744728] (px4_msgs) StdoutLine: {'line': b'-- Up-to-date: /home/em/ros_workspace_2025/nav_ws/install/px4_msgs/share/px4_msgs/msg/IridiumsbdStatus.idl\n'}
[8.744755] (px4_msgs) StdoutLine: {'line': b'-- Up-to-date: /home/em/ros_workspace_2025/nav_ws/install/px4_msgs/share/px4_msgs/msg/IrlockReport.idl\n'}
[8.744781] (px4_msgs) StdoutLine: {'line': b'-- Up-to-date: /home/em/ros_workspace_2025/nav_ws/install/px4_msgs/share/px4_msgs/msg/LandingGear.idl\n'}
[8.744805] (px4_msgs) StdoutLine: {'line': b'-- Up-to-date: /home/em/ros_workspace_2025/nav_ws/install/px4_msgs/share/px4_msgs/msg/LandingGearWheel.idl\n'}
[8.744833] (px4_msgs) StdoutLine: {'line': b'-- Up-to-date: /home/em/ros_workspace_2025/nav_ws/install/px4_msgs/share/px4_msgs/msg/LandingTargetInnovations.idl\n'}
[8.744859] (px4_msgs) StdoutLine: {'line': b'-- Up-to-date: /home/em/ros_workspace_2025/nav_ws/install/px4_msgs/share/px4_msgs/msg/LandingTargetPose.idl\n'}
[8.744884] (px4_msgs) StdoutLine: {'line': b'-- Up-to-date: /home/em/ros_workspace_2025/nav_ws/install/px4_msgs/share/px4_msgs/msg/LaunchDetectionStatus.idl\n'}
[8.744929] (px4_msgs) StdoutLine: {'line': b'-- Up-to-date: /home/em/ros_workspace_2025/nav_ws/install/px4_msgs/share/px4_msgs/msg/LedControl.idl\n'}
[8.744954] (px4_msgs) StdoutLine: {'line': b'-- Up-to-date: /home/em/ros_workspace_2025/nav_ws/install/px4_msgs/share/px4_msgs/msg/LogMessage.idl\n'}
[8.744978] (px4_msgs) StdoutLine: {'line': b'-- Up-to-date: /home/em/ros_workspace_2025/nav_ws/install/px4_msgs/share/px4_msgs/msg/LoggerStatus.idl\n'}
[8.745001] (px4_msgs) StdoutLine: {'line': b'-- Up-to-date: /home/em/ros_workspace_2025/nav_ws/install/px4_msgs/share/px4_msgs/msg/MagWorkerData.idl\n'}
[8.745026] (px4_msgs) StdoutLine: {'line': b'-- Up-to-date: /home/em/ros_workspace_2025/nav_ws/install/px4_msgs/share/px4_msgs/msg/MagnetometerBiasEstimate.idl\n'}
[8.745051] (px4_msgs) StdoutLine: {'line': b'-- Up-to-date: /home/em/ros_workspace_2025/nav_ws/install/px4_msgs/share/px4_msgs/msg/ManualControlSetpoint.idl\n'}
[8.745075] (px4_msgs) StdoutLine: {'line': b'-- Up-to-date: /home/em/ros_workspace_2025/nav_ws/install/px4_msgs/share/px4_msgs/msg/ManualControlSwitches.idl\n'}
[8.745099] (px4_msgs) StdoutLine: {'line': b'-- Up-to-date: /home/em/ros_workspace_2025/nav_ws/install/px4_msgs/share/px4_msgs/msg/MavlinkLog.idl\n'}
[8.745122] (px4_msgs) StdoutLine: {'line': b'-- Up-to-date: /home/em/ros_workspace_2025/nav_ws/install/px4_msgs/share/px4_msgs/msg/MavlinkTunnel.idl\n'}
[8.745148] (px4_msgs) StdoutLine: {'line': b'-- Up-to-date: /home/em/ros_workspace_2025/nav_ws/install/px4_msgs/share/px4_msgs/msg/MessageFormatRequest.idl\n'}
[8.745174] (px4_msgs) StdoutLine: {'line': b'-- Up-to-date: /home/em/ros_workspace_2025/nav_ws/install/px4_msgs/share/px4_msgs/msg/MessageFormatResponse.idl\n'}
[8.745206] (px4_msgs) StdoutLine: {'line': b'-- Up-to-date: /home/em/ros_workspace_2025/nav_ws/install/px4_msgs/share/px4_msgs/msg/Mission.idl\n'}
[8.745248] (px4_msgs) StdoutLine: {'line': b'-- Up-to-date: /home/em/ros_workspace_2025/nav_ws/install/px4_msgs/share/px4_msgs/msg/MissionResult.idl\n'}
[8.745274] (px4_msgs) StdoutLine: {'line': b'-- Up-to-date: /home/em/ros_workspace_2025/nav_ws/install/px4_msgs/share/px4_msgs/msg/ModeCompleted.idl\n'}
[8.745299] (px4_msgs) StdoutLine: {'line': b'-- Up-to-date: /home/em/ros_workspace_2025/nav_ws/install/px4_msgs/share/px4_msgs/msg/MountOrientation.idl\n'}
[8.745324] (px4_msgs) StdoutLine: {'line': b'-- Up-to-date: /home/em/ros_workspace_2025/nav_ws/install/px4_msgs/share/px4_msgs/msg/NavigatorMissionItem.idl\n'}
[8.745350] (px4_msgs) StdoutLine: {'line': b'-- Up-to-date: /home/em/ros_workspace_2025/nav_ws/install/px4_msgs/share/px4_msgs/msg/NavigatorStatus.idl\n'}
[8.745376] (px4_msgs) StdoutLine: {'line': b'-- Up-to-date: /home/em/ros_workspace_2025/nav_ws/install/px4_msgs/share/px4_msgs/msg/NormalizedUnsignedSetpoint.idl\n'}
[8.745401] (px4_msgs) StdoutLine: {'line': b'-- Up-to-date: /home/em/ros_workspace_2025/nav_ws/install/px4_msgs/share/px4_msgs/msg/NpfgStatus.idl\n'}
[8.745425] (px4_msgs) StdoutLine: {'line': b'-- Up-to-date: /home/em/ros_workspace_2025/nav_ws/install/px4_msgs/share/px4_msgs/msg/ObstacleDistance.idl\n'}
[8.745449] (px4_msgs) StdoutLine: {'line': b'-- Up-to-date: /home/em/ros_workspace_2025/nav_ws/install/px4_msgs/share/px4_msgs/msg/OffboardControlMode.idl\n'}
[8.745473] (px4_msgs) StdoutLine: {'line': b'-- Up-to-date: /home/em/ros_workspace_2025/nav_ws/install/px4_msgs/share/px4_msgs/msg/OnboardComputerStatus.idl\n'}
[8.745496] (px4_msgs) StdoutLine: {'line': b'-- Up-to-date: /home/em/ros_workspace_2025/nav_ws/install/px4_msgs/share/px4_msgs/msg/OpenDroneIdArmStatus.idl\n'}
[8.745523] (px4_msgs) StdoutLine: {'line': b'-- Up-to-date: /home/em/ros_workspace_2025/nav_ws/install/px4_msgs/share/px4_msgs/msg/OpenDroneIdOperatorId.idl\n'}
[8.745546] (px4_msgs) StdoutLine: {'line': b'-- Up-to-date: /home/em/ros_workspace_2025/nav_ws/install/px4_msgs/share/px4_msgs/msg/OpenDroneIdSelfId.idl\n'}
[8.745569] (px4_msgs) StdoutLine: {'line': b'-- Up-to-date: /home/em/ros_workspace_2025/nav_ws/install/px4_msgs/share/px4_msgs/msg/OpenDroneIdSystem.idl\n'}
[8.745591] (px4_msgs) StdoutLine: {'line': b'-- Up-to-date: /home/em/ros_workspace_2025/nav_ws/install/px4_msgs/share/px4_msgs/msg/OrbTest.idl\n'}
[8.745614] (px4_msgs) StdoutLine: {'line': b'-- Up-to-date: /home/em/ros_workspace_2025/nav_ws/install/px4_msgs/share/px4_msgs/msg/OrbTestLarge.idl\n'}
[8.745638] (px4_msgs) StdoutLine: {'line': b'-- Up-to-date: /home/em/ros_workspace_2025/nav_ws/install/px4_msgs/share/px4_msgs/msg/OrbTestMedium.idl\n'}
[8.745661] (px4_msgs) StdoutLine: {'line': b'-- Up-to-date: /home/em/ros_workspace_2025/nav_ws/install/px4_msgs/share/px4_msgs/msg/OrbitStatus.idl\n'}
[8.745684] (px4_msgs) StdoutLine: {'line': b'-- Up-to-date: /home/em/ros_workspace_2025/nav_ws/install/px4_msgs/share/px4_msgs/msg/ParameterResetRequest.idl\n'}
[8.745731] (px4_msgs) StdoutLine: {'line': b'-- Up-to-date: /home/em/ros_workspace_2025/nav_ws/install/px4_msgs/share/px4_msgs/msg/ParameterSetUsedRequest.idl\n'}
[8.745753] (px4_msgs) StdoutLine: {'line': b'-- Up-to-date: /home/em/ros_workspace_2025/nav_ws/install/px4_msgs/share/px4_msgs/msg/ParameterSetValueRequest.idl\n'}
[8.745776] (px4_msgs) StdoutLine: {'line': b'-- Up-to-date: /home/em/ros_workspace_2025/nav_ws/install/px4_msgs/share/px4_msgs/msg/ParameterSetValueResponse.idl\n'}
[8.745797] (px4_msgs) StdoutLine: {'line': b'-- Up-to-date: /home/em/ros_workspace_2025/nav_ws/install/px4_msgs/share/px4_msgs/msg/ParameterUpdate.idl\n'}
[8.745829] (px4_msgs) StdoutLine: {'line': b'-- Up-to-date: /home/em/ros_workspace_2025/nav_ws/install/px4_msgs/share/px4_msgs/msg/Ping.idl\n'}
[8.745850] (px4_msgs) StdoutLine: {'line': b'-- Up-to-date: /home/em/ros_workspace_2025/nav_ws/install/px4_msgs/share/px4_msgs/msg/PositionControllerLandingStatus.idl\n'}
[8.745870] (px4_msgs) StdoutLine: {'line': b'-- Up-to-date: /home/em/ros_workspace_2025/nav_ws/install/px4_msgs/share/px4_msgs/msg/PositionControllerStatus.idl\n'}
[8.745895] (px4_msgs) StdoutLine: {'line': b'-- Up-to-date: /home/em/ros_workspace_2025/nav_ws/install/px4_msgs/share/px4_msgs/msg/PositionSetpoint.idl\n'}
[8.745916] (px4_msgs) StdoutLine: {'line': b'-- Up-to-date: /home/em/ros_workspace_2025/nav_ws/install/px4_msgs/share/px4_msgs/msg/PositionSetpointTriplet.idl\n'}
[8.745936] (px4_msgs) StdoutLine: {'line': b'-- Up-to-date: /home/em/ros_workspace_2025/nav_ws/install/px4_msgs/share/px4_msgs/msg/PowerButtonState.idl\n'}
[8.745957] (px4_msgs) StdoutLine: {'line': b'-- Up-to-date: /home/em/ros_workspace_2025/nav_ws/install/px4_msgs/share/px4_msgs/msg/PowerMonitor.idl\n'}
[8.745978] (px4_msgs) StdoutLine: {'line': b'-- Up-to-date: /home/em/ros_workspace_2025/nav_ws/install/px4_msgs/share/px4_msgs/msg/PpsCapture.idl\n'}
[8.746001] (px4_msgs) StdoutLine: {'line': b'-- Up-to-date: /home/em/ros_workspace_2025/nav_ws/install/px4_msgs/share/px4_msgs/msg/PwmInput.idl\n'}
[8.746022] (px4_msgs) StdoutLine: {'line': b'-- Up-to-date: /home/em/ros_workspace_2025/nav_ws/install/px4_msgs/share/px4_msgs/msg/Px4ioStatus.idl\n'}
[8.746044] (px4_msgs) StdoutLine: {'line': b'-- Up-to-date: /home/em/ros_workspace_2025/nav_ws/install/px4_msgs/share/px4_msgs/msg/QshellReq.idl\n'}
[8.746067] (px4_msgs) StdoutLine: {'line': b'-- Up-to-date: /home/em/ros_workspace_2025/nav_ws/install/px4_msgs/share/px4_msgs/msg/QshellRetval.idl\n'}
[8.746088] (px4_msgs) StdoutLine: {'line': b'-- Up-to-date: /home/em/ros_workspace_2025/nav_ws/install/px4_msgs/share/px4_msgs/msg/RadioStatus.idl\n'}
[8.746109] (px4_msgs) StdoutLine: {'line': b'-- Up-to-date: /home/em/ros_workspace_2025/nav_ws/install/px4_msgs/share/px4_msgs/msg/RateCtrlStatus.idl\n'}
[8.746131] (px4_msgs) StdoutLine: {'line': b'-- Up-to-date: /home/em/ros_workspace_2025/nav_ws/install/px4_msgs/share/px4_msgs/msg/RcChannels.idl\n'}
[8.746154] (px4_msgs) StdoutLine: {'line': b'-- Up-to-date: /home/em/ros_workspace_2025/nav_ws/install/px4_msgs/share/px4_msgs/msg/RcParameterMap.idl\n'}
[8.746176] (px4_msgs) StdoutLine: {'line': b'-- Up-to-date: /home/em/ros_workspace_2025/nav_ws/install/px4_msgs/share/px4_msgs/msg/RegisterExtComponentReply.idl\n'}
[8.746213] (px4_msgs) StdoutLine: {'line': b'-- Up-to-date: /home/em/ros_workspace_2025/nav_ws/install/px4_msgs/share/px4_msgs/msg/RegisterExtComponentRequest.idl\n'}
[8.746237] (px4_msgs) StdoutLine: {'line': b'-- Up-to-date: /home/em/ros_workspace_2025/nav_ws/install/px4_msgs/share/px4_msgs/msg/RoverAckermannGuidanceStatus.idl\n'}
[8.746263] (px4_msgs) StdoutLine: {'line': b'-- Up-to-date: /home/em/ros_workspace_2025/nav_ws/install/px4_msgs/share/px4_msgs/msg/RoverAckermannSetpoint.idl\n'}
[8.746286] (px4_msgs) StdoutLine: {'line': b'-- Up-to-date: /home/em/ros_workspace_2025/nav_ws/install/px4_msgs/share/px4_msgs/msg/RoverAckermannStatus.idl\n'}
[8.746310] (px4_msgs) StdoutLine: {'line': b'-- Up-to-date: /home/em/ros_workspace_2025/nav_ws/install/px4_msgs/share/px4_msgs/msg/RoverDifferentialGuidanceStatus.idl\n'}
[8.746335] (px4_msgs) StdoutLine: {'line': b'-- Up-to-date: /home/em/ros_workspace_2025/nav_ws/install/px4_msgs/share/px4_msgs/msg/RoverDifferentialSetpoint.idl\n'}
[8.746359] (px4_msgs) StdoutLine: {'line': b'-- Up-to-date: /home/em/ros_workspace_2025/nav_ws/install/px4_msgs/share/px4_msgs/msg/RoverDifferentialStatus.idl\n'}
[8.746383] (px4_msgs) StdoutLine: {'line': b'-- Up-to-date: /home/em/ros_workspace_2025/nav_ws/install/px4_msgs/share/px4_msgs/msg/RoverMecanumGuidanceStatus.idl\n'}
[8.746409] (px4_msgs) StdoutLine: {'line': b'-- Up-to-date: /home/em/ros_workspace_2025/nav_ws/install/px4_msgs/share/px4_msgs/msg/RoverMecanumSetpoint.idl\n'}
[8.746433] (px4_msgs) StdoutLine: {'line': b'-- Up-to-date: /home/em/ros_workspace_2025/nav_ws/install/px4_msgs/share/px4_msgs/msg/RoverMecanumStatus.idl\n'}
[8.746484] (px4_msgs) StdoutLine: {'line': b'-- Up-to-date: /home/em/ros_workspace_2025/nav_ws/install/px4_msgs/share/px4_msgs/msg/Rpm.idl\n'}
[8.746548] (px4_msgs) StdoutLine: {'line': b'-- Up-to-date: /home/em/ros_workspace_2025/nav_ws/install/px4_msgs/share/px4_msgs/msg/RtlStatus.idl\n'}
[8.746607] (px4_msgs) StdoutLine: {'line': b'-- Up-to-date: /home/em/ros_workspace_2025/nav_ws/install/px4_msgs/share/px4_msgs/msg/RtlTimeEstimate.idl\n'}
[8.746633] (px4_msgs) StdoutLine: {'line': b'-- Up-to-date: /home/em/ros_workspace_2025/nav_ws/install/px4_msgs/share/px4_msgs/msg/SatelliteInfo.idl\n'}
[8.746661] (px4_msgs) StdoutLine: {'line': b'-- Up-to-date: /home/em/ros_workspace_2025/nav_ws/install/px4_msgs/share/px4_msgs/msg/SensorAccel.idl\n'}
[8.746685] (px4_msgs) StdoutLine: {'line': b'-- Up-to-date: /home/em/ros_workspace_2025/nav_ws/install/px4_msgs/share/px4_msgs/msg/SensorAccelFifo.idl\n'}
[8.746709] (px4_msgs) StdoutLine: {'line': b'-- Up-to-date: /home/em/ros_workspace_2025/nav_ws/install/px4_msgs/share/px4_msgs/msg/SensorAirflow.idl\n'}
[8.746733] (px4_msgs) StdoutLine: {'line': b'-- Up-to-date: /home/em/ros_workspace_2025/nav_ws/install/px4_msgs/share/px4_msgs/msg/SensorBaro.idl\n'}
[8.746757] (px4_msgs) StdoutLine: {'line': b'-- Up-to-date: /home/em/ros_workspace_2025/nav_ws/install/px4_msgs/share/px4_msgs/msg/SensorCombined.idl\n'}
[8.746794] (px4_msgs) StdoutLine: {'line': b'-- Up-to-date: /home/em/ros_workspace_2025/nav_ws/install/px4_msgs/share/px4_msgs/msg/SensorCorrection.idl\n'}
[8.746818] (px4_msgs) StdoutLine: {'line': b'-- Up-to-date: /home/em/ros_workspace_2025/nav_ws/install/px4_msgs/share/px4_msgs/msg/SensorGnssRelative.idl\n'}
[8.746842] (px4_msgs) StdoutLine: {'line': b'-- Up-to-date: /home/em/ros_workspace_2025/nav_ws/install/px4_msgs/share/px4_msgs/msg/SensorGps.idl\n'}
[8.746866] (px4_msgs) StdoutLine: {'line': b'-- Up-to-date: /home/em/ros_workspace_2025/nav_ws/install/px4_msgs/share/px4_msgs/msg/SensorGyro.idl\n'}
[8.746891] (px4_msgs) StdoutLine: {'line': b'-- Up-to-date: /home/em/ros_workspace_2025/nav_ws/install/px4_msgs/share/px4_msgs/msg/SensorGyroFft.idl\n'}
[8.746916] (px4_msgs) StdoutLine: {'line': b'-- Up-to-date: /home/em/ros_workspace_2025/nav_ws/install/px4_msgs/share/px4_msgs/msg/SensorGyroFifo.idl\n'}
[8.746944] (px4_msgs) StdoutLine: {'line': b'-- Up-to-date: /home/em/ros_workspace_2025/nav_ws/install/px4_msgs/share/px4_msgs/msg/SensorHygrometer.idl\n'}
[8.746967] (px4_msgs) StdoutLine: {'line': b'-- Up-to-date: /home/em/ros_workspace_2025/nav_ws/install/px4_msgs/share/px4_msgs/msg/SensorMag.idl\n'}
[8.747024] (px4_msgs) StdoutLine: {'line': b'-- Up-to-date: /home/em/ros_workspace_2025/nav_ws/install/px4_msgs/share/px4_msgs/msg/SensorOpticalFlow.idl\n'}
[8.747049] (px4_msgs) StdoutLine: {'line': b'-- Up-to-date: /home/em/ros_workspace_2025/nav_ws/install/px4_msgs/share/px4_msgs/msg/SensorPreflightMag.idl\n'}
[8.747097] (px4_msgs) StdoutLine: {'line': b'-- Up-to-date: /home/em/ros_workspace_2025/nav_ws/install/px4_msgs/share/px4_msgs/msg/SensorSelection.idl\n'}
[8.747145] (px4_msgs) StdoutLine: {'line': b'-- Up-to-date: /home/em/ros_workspace_2025/nav_ws/install/px4_msgs/share/px4_msgs/msg/SensorUwb.idl\n'}
[8.747409] (px4_msgs) StdoutLine: {'line': b'-- Up-to-date: /home/em/ros_workspace_2025/nav_ws/install/px4_msgs/share/px4_msgs/msg/SensorsStatus.idl\n'}
[8.747579] (px4_msgs) StdoutLine: {'line': b'-- Up-to-date: /home/em/ros_workspace_2025/nav_ws/install/px4_msgs/share/px4_msgs/msg/SensorsStatusImu.idl\n'}
[8.747790] (px4_msgs) StdoutLine: {'line': b'-- Up-to-date: /home/em/ros_workspace_2025/nav_ws/install/px4_msgs/share/px4_msgs/msg/SystemPower.idl\n'}
[8.747984] (px4_msgs) StdoutLine: {'line': b'-- Up-to-date: /home/em/ros_workspace_2025/nav_ws/install/px4_msgs/share/px4_msgs/msg/TakeoffStatus.idl\n'}
[8.748344] (px4_msgs) StdoutLine: {'line': b'-- Up-to-date: /home/em/ros_workspace_2025/nav_ws/install/px4_msgs/share/px4_msgs/msg/TaskStackInfo.idl\n'}
[8.748436] (px4_msgs) StdoutLine: {'line': b'-- Up-to-date: /home/em/ros_workspace_2025/nav_ws/install/px4_msgs/share/px4_msgs/msg/TecsStatus.idl\n'}
[8.748576] (px4_msgs) StdoutLine: {'line': b'-- Up-to-date: /home/em/ros_workspace_2025/nav_ws/install/px4_msgs/share/px4_msgs/msg/TelemetryStatus.idl\n'}
[8.748754] (px4_msgs) StdoutLine: {'line': b'-- Up-to-date: /home/em/ros_workspace_2025/nav_ws/install/px4_msgs/share/px4_msgs/msg/TiltrotorExtraControls.idl\n'}
[8.749025] (px4_msgs) StdoutLine: {'line': b'-- Up-to-date: /home/em/ros_workspace_2025/nav_ws/install/px4_msgs/share/px4_msgs/msg/TimesyncStatus.idl\n'}
[8.749266] (px4_msgs) StdoutLine: {'line': b'-- Up-to-date: /home/em/ros_workspace_2025/nav_ws/install/px4_msgs/share/px4_msgs/msg/TrajectoryBezier.idl\n'}
[8.749342] (px4_msgs) StdoutLine: {'line': b'-- Up-to-date: /home/em/ros_workspace_2025/nav_ws/install/px4_msgs/share/px4_msgs/msg/TrajectorySetpoint.idl\n'}
[8.749611] (px4_msgs) StdoutLine: {'line': b'-- Up-to-date: /home/em/ros_workspace_2025/nav_ws/install/px4_msgs/share/px4_msgs/msg/TrajectoryWaypoint.idl\n'}
[8.749875] (px4_msgs) StdoutLine: {'line': b'-- Up-to-date: /home/em/ros_workspace_2025/nav_ws/install/px4_msgs/share/px4_msgs/msg/TransponderReport.idl\n'}
[8.750015] (px4_msgs) StdoutLine: {'line': b'-- Up-to-date: /home/em/ros_workspace_2025/nav_ws/install/px4_msgs/share/px4_msgs/msg/TuneControl.idl\n'}
[8.750183] (px4_msgs) StdoutLine: {'line': b'-- Up-to-date: /home/em/ros_workspace_2025/nav_ws/install/px4_msgs/share/px4_msgs/msg/UavcanParameterRequest.idl\n'}
[8.750368] (px4_msgs) StdoutLine: {'line': b'-- Up-to-date: /home/em/ros_workspace_2025/nav_ws/install/px4_msgs/share/px4_msgs/msg/UavcanParameterValue.idl\n'}
[8.750801] (px4_msgs) StdoutLine: {'line': b'-- Up-to-date: /home/em/ros_workspace_2025/nav_ws/install/px4_msgs/share/px4_msgs/msg/UlogStream.idl\n'}
[8.751097] (px4_msgs) StdoutLine: {'line': b'-- Up-to-date: /home/em/ros_workspace_2025/nav_ws/install/px4_msgs/share/px4_msgs/msg/UlogStreamAck.idl\n'}
[8.751409] (px4_msgs) StdoutLine: {'line': b'-- Up-to-date: /home/em/ros_workspace_2025/nav_ws/install/px4_msgs/share/px4_msgs/msg/UnregisterExtComponent.idl\n'}
[8.751722] (px4_msgs) StdoutLine: {'line': b'-- Up-to-date: /home/em/ros_workspace_2025/nav_ws/install/px4_msgs/share/px4_msgs/msg/VehicleAcceleration.idl\n'}
[8.752118] (px4_msgs) StdoutLine: {'line': b'-- Up-to-date: /home/em/ros_workspace_2025/nav_ws/install/px4_msgs/share/px4_msgs/msg/VehicleAirData.idl\n'}
[8.752380] (px4_msgs) StdoutLine: {'line': b'-- Up-to-date: /home/em/ros_workspace_2025/nav_ws/install/px4_msgs/share/px4_msgs/msg/VehicleAngularAccelerationSetpoint.idl\n'}
[8.752617] (px4_msgs) StdoutLine: {'line': b'-- Up-to-date: /home/em/ros_workspace_2025/nav_ws/install/px4_msgs/share/px4_msgs/msg/VehicleAngularVelocity.idl\n'}
[8.752897] (px4_msgs) StdoutLine: {'line': b'-- Up-to-date: /home/em/ros_workspace_2025/nav_ws/install/px4_msgs/share/px4_msgs/msg/VehicleAttitude.idl\n'}
[8.753351] (px4_msgs) StdoutLine: {'line': b'-- Up-to-date: /home/em/ros_workspace_2025/nav_ws/install/px4_msgs/share/px4_msgs/msg/VehicleAttitudeSetpoint.idl\n'}
[8.753576] (px4_msgs) StdoutLine: {'line': b'-- Up-to-date: /home/em/ros_workspace_2025/nav_ws/install/px4_msgs/share/px4_msgs/msg/VehicleCommand.idl\n'}
[8.753805] (px4_msgs) StdoutLine: {'line': b'-- Up-to-date: /home/em/ros_workspace_2025/nav_ws/install/px4_msgs/share/px4_msgs/msg/VehicleCommandAck.idl\n'}
[8.754063] (px4_msgs) StdoutLine: {'line': b'-- Up-to-date: /home/em/ros_workspace_2025/nav_ws/install/px4_msgs/share/px4_msgs/msg/VehicleConstraints.idl\n'}
[8.754423] (px4_msgs) StdoutLine: {'line': b'-- Up-to-date: /home/em/ros_workspace_2025/nav_ws/install/px4_msgs/share/px4_msgs/msg/VehicleControlMode.idl\n'}
[8.754648] (px4_msgs) StdoutLine: {'line': b'-- Up-to-date: /home/em/ros_workspace_2025/nav_ws/install/px4_msgs/share/px4_msgs/msg/VehicleGlobalPosition.idl\n'}
[8.754868] (px4_msgs) StdoutLine: {'line': b'-- Up-to-date: /home/em/ros_workspace_2025/nav_ws/install/px4_msgs/share/px4_msgs/msg/VehicleImu.idl\n'}
[8.755093] (px4_msgs) StdoutLine: {'line': b'-- Up-to-date: /home/em/ros_workspace_2025/nav_ws/install/px4_msgs/share/px4_msgs/msg/VehicleImuStatus.idl\n'}
[8.755372] (px4_msgs) StdoutLine: {'line': b'-- Up-to-date: /home/em/ros_workspace_2025/nav_ws/install/px4_msgs/share/px4_msgs/msg/VehicleLandDetected.idl\n'}
[8.755666] (px4_msgs) StdoutLine: {'line': b'-- Up-to-date: /home/em/ros_workspace_2025/nav_ws/install/px4_msgs/share/px4_msgs/msg/VehicleLocalPosition.idl\n'}
[8.755773] (px4_msgs) StdoutLine: {'line': b'-- Up-to-date: /home/em/ros_workspace_2025/nav_ws/install/px4_msgs/share/px4_msgs/msg/VehicleLocalPositionSetpoint.idl\n'}
[8.756086] (px4_msgs) StdoutLine: {'line': b'-- Up-to-date: /home/em/ros_workspace_2025/nav_ws/install/px4_msgs/share/px4_msgs/msg/VehicleMagnetometer.idl\n'}
[8.756434] (px4_msgs) StdoutLine: {'line': b'-- Up-to-date: /home/em/ros_workspace_2025/nav_ws/install/px4_msgs/share/px4_msgs/msg/VehicleOdometry.idl\n'}
[8.756616] (px4_msgs) StdoutLine: {'line': b'-- Up-to-date: /home/em/ros_workspace_2025/nav_ws/install/px4_msgs/share/px4_msgs/msg/VehicleOpticalFlow.idl\n'}
[8.756793] (px4_msgs) StdoutLine: {'line': b'-- Up-to-date: /home/em/ros_workspace_2025/nav_ws/install/px4_msgs/share/px4_msgs/msg/VehicleOpticalFlowVel.idl\n'}
[8.756989] (px4_msgs) StdoutLine: {'line': b'-- Up-to-date: /home/em/ros_workspace_2025/nav_ws/install/px4_msgs/share/px4_msgs/msg/VehicleRatesSetpoint.idl\n'}
[8.757249] (px4_msgs) StdoutLine: {'line': b'-- Up-to-date: /home/em/ros_workspace_2025/nav_ws/install/px4_msgs/share/px4_msgs/msg/VehicleRoi.idl\n'}
[8.757447] (px4_msgs) StdoutLine: {'line': b'-- Up-to-date: /home/em/ros_workspace_2025/nav_ws/install/px4_msgs/share/px4_msgs/msg/VehicleStatus.idl\n'}
[8.757627] (px4_msgs) StdoutLine: {'line': b'-- Up-to-date: /home/em/ros_workspace_2025/nav_ws/install/px4_msgs/share/px4_msgs/msg/VehicleThrustSetpoint.idl\n'}
[8.757808] (px4_msgs) StdoutLine: {'line': b'-- Up-to-date: /home/em/ros_workspace_2025/nav_ws/install/px4_msgs/share/px4_msgs/msg/VehicleTorqueSetpoint.idl\n'}
[8.758066] (px4_msgs) StdoutLine: {'line': b'-- Up-to-date: /home/em/ros_workspace_2025/nav_ws/install/px4_msgs/share/px4_msgs/msg/VehicleTrajectoryBezier.idl\n'}
[8.758263] (px4_msgs) StdoutLine: {'line': b'-- Up-to-date: /home/em/ros_workspace_2025/nav_ws/install/px4_msgs/share/px4_msgs/msg/VehicleTrajectoryWaypoint.idl\n'}
[8.758433] (px4_msgs) StdoutLine: {'line': b'-- Up-to-date: /home/em/ros_workspace_2025/nav_ws/install/px4_msgs/share/px4_msgs/msg/VelocityLimits.idl\n'}
[8.758692] (px4_msgs) StdoutLine: {'line': b'-- Up-to-date: /home/em/ros_workspace_2025/nav_ws/install/px4_msgs/share/px4_msgs/msg/VtolVehicleStatus.idl\n'}
[8.758933] (px4_msgs) StdoutLine: {'line': b'-- Up-to-date: /home/em/ros_workspace_2025/nav_ws/install/px4_msgs/share/px4_msgs/msg/WheelEncoders.idl\n'}
[8.759114] (px4_msgs) StdoutLine: {'line': b'-- Up-to-date: /home/em/ros_workspace_2025/nav_ws/install/px4_msgs/share/px4_msgs/msg/Wind.idl\n'}
[8.759496] (px4_msgs) StdoutLine: {'line': b'-- Up-to-date: /home/em/ros_workspace_2025/nav_ws/install/px4_msgs/share/px4_msgs/msg/YawEstimatorStatus.idl\n'}
[8.759968] (px4_msgs) StdoutLine: {'line': b'-- Up-to-date: /home/em/ros_workspace_2025/nav_ws/install/px4_msgs/share/px4_msgs/srv/VehicleCommand.idl\n'}
[8.760229] (px4_msgs) StdoutLine: {'line': b'-- Up-to-date: /home/em/ros_workspace_2025/nav_ws/install/px4_msgs/share/px4_msgs/msg/ActionRequest.msg\n'}
[8.760562] (px4_msgs) StdoutLine: {'line': b'-- Up-to-date: /home/em/ros_workspace_2025/nav_ws/install/px4_msgs/share/px4_msgs/msg/ActuatorArmed.msg\n'}
[8.760625] (px4_msgs) StdoutLine: {'line': b'-- Up-to-date: /home/em/ros_workspace_2025/nav_ws/install/px4_msgs/share/px4_msgs/msg/ActuatorControlsStatus.msg\n'}
[8.760977] (px4_msgs) StdoutLine: {'line': b'-- Up-to-date: /home/em/ros_workspace_2025/nav_ws/install/px4_msgs/share/px4_msgs/msg/ActuatorMotors.msg\n'}
[8.761286] (px4_msgs) StdoutLine: {'line': b'-- Up-to-date: /home/em/ros_workspace_2025/nav_ws/install/px4_msgs/share/px4_msgs/msg/ActuatorOutputs.msg\n'}
[8.761514] (px4_msgs) StdoutLine: {'line': b'-- Up-to-date: /home/em/ros_workspace_2025/nav_ws/install/px4_msgs/share/px4_msgs/msg/ActuatorServos.msg\n'}
[8.761695] (px4_msgs) StdoutLine: {'line': b'-- Up-to-date: /home/em/ros_workspace_2025/nav_ws/install/px4_msgs/share/px4_msgs/msg/ActuatorServosTrim.msg\n'}
[8.761916] (px4_msgs) StdoutLine: {'line': b'-- Up-to-date: /home/em/ros_workspace_2025/nav_ws/install/px4_msgs/share/px4_msgs/msg/ActuatorTest.msg\n'}
[8.762186] (px4_msgs) StdoutLine: {'line': b'-- Up-to-date: /home/em/ros_workspace_2025/nav_ws/install/px4_msgs/share/px4_msgs/msg/AdcReport.msg\n'}
[8.762401] (px4_msgs) StdoutLine: {'line': b'-- Up-to-date: /home/em/ros_workspace_2025/nav_ws/install/px4_msgs/share/px4_msgs/msg/Airspeed.msg\n'}
[8.762577] (px4_msgs) StdoutLine: {'line': b'-- Up-to-date: /home/em/ros_workspace_2025/nav_ws/install/px4_msgs/share/px4_msgs/msg/AirspeedValidated.msg\n'}
[8.762796] (px4_msgs) StdoutLine: {'line': b'-- Up-to-date: /home/em/ros_workspace_2025/nav_ws/install/px4_msgs/share/px4_msgs/msg/AirspeedWind.msg\n'}
[8.763050] (px4_msgs) StdoutLine: {'line': b'-- Up-to-date: /home/em/ros_workspace_2025/nav_ws/install/px4_msgs/share/px4_msgs/msg/ArmingCheckReply.msg\n'}
[8.763224] (px4_msgs) StdoutLine: {'line': b'-- Up-to-date: /home/em/ros_workspace_2025/nav_ws/install/px4_msgs/share/px4_msgs/msg/ArmingCheckRequest.msg\n'}
[8.763393] (px4_msgs) StdoutLine: {'line': b'-- Up-to-date: /home/em/ros_workspace_2025/nav_ws/install/px4_msgs/share/px4_msgs/msg/AutotuneAttitudeControlStatus.msg\n'}
[8.763579] (px4_msgs) StdoutLine: {'line': b'-- Up-to-date: /home/em/ros_workspace_2025/nav_ws/install/px4_msgs/share/px4_msgs/msg/BatteryStatus.msg\n'}
[8.763842] (px4_msgs) StdoutLine: {'line': b'-- Up-to-date: /home/em/ros_workspace_2025/nav_ws/install/px4_msgs/share/px4_msgs/msg/Buffer128.msg\n'}
[8.764085] (px4_msgs) StdoutLine: {'line': b'-- Up-to-date: /home/em/ros_workspace_2025/nav_ws/install/px4_msgs/share/px4_msgs/msg/ButtonEvent.msg\n'}
[8.764372] (px4_msgs) StdoutLine: {'line': b'-- Up-to-date: /home/em/ros_workspace_2025/nav_ws/install/px4_msgs/share/px4_msgs/msg/CameraCapture.msg\n'}
[8.764720] (px4_msgs) StdoutLine: {'line': b'-- Up-to-date: /home/em/ros_workspace_2025/nav_ws/install/px4_msgs/share/px4_msgs/msg/CameraStatus.msg\n'}
[8.765124] (px4_msgs) StdoutLine: {'line': b'-- Up-to-date: /home/em/ros_workspace_2025/nav_ws/install/px4_msgs/share/px4_msgs/msg/CameraTrigger.msg\n'}
[8.765389] (px4_msgs) StdoutLine: {'line': b'-- Up-to-date: /home/em/ros_workspace_2025/nav_ws/install/px4_msgs/share/px4_msgs/msg/CanInterfaceStatus.msg\n'}
[8.765642] (px4_msgs) StdoutLine: {'line': b'-- Up-to-date: /home/em/ros_workspace_2025/nav_ws/install/px4_msgs/share/px4_msgs/msg/CellularStatus.msg\n'}
[8.765941] (px4_msgs) StdoutLine: {'line': b'-- Up-to-date: /home/em/ros_workspace_2025/nav_ws/install/px4_msgs/share/px4_msgs/msg/CollisionConstraints.msg\n'}
[8.766362] (px4_msgs) StdoutLine: {'line': b'-- Up-to-date: /home/em/ros_workspace_2025/nav_ws/install/px4_msgs/share/px4_msgs/msg/CollisionReport.msg\n'}
[8.766793] (px4_msgs) StdoutLine: {'line': b'-- Up-to-date: /home/em/ros_workspace_2025/nav_ws/install/px4_msgs/share/px4_msgs/msg/ConfigOverrides.msg\n'}
[8.766882] (px4_msgs) StdoutLine: {'line': b'-- Up-to-date: /home/em/ros_workspace_2025/nav_ws/install/px4_msgs/share/px4_msgs/msg/ControlAllocatorStatus.msg\n'}
[8.767183] (px4_msgs) StdoutLine: {'line': b'-- Up-to-date: /home/em/ros_workspace_2025/nav_ws/install/px4_msgs/share/px4_msgs/msg/Cpuload.msg\n'}
[8.767462] (px4_msgs) StdoutLine: {'line': b'-- Up-to-date: /home/em/ros_workspace_2025/nav_ws/install/px4_msgs/share/px4_msgs/msg/DatamanRequest.msg\n'}
[8.767629] (px4_msgs) StdoutLine: {'line': b'-- Up-to-date: /home/em/ros_workspace_2025/nav_ws/install/px4_msgs/share/px4_msgs/msg/DatamanResponse.msg\n'}
[8.767815] (px4_msgs) StdoutLine: {'line': b'-- Up-to-date: /home/em/ros_workspace_2025/nav_ws/install/px4_msgs/share/px4_msgs/msg/DebugArray.msg\n'}
[8.768049] (px4_msgs) StdoutLine: {'line': b'-- Up-to-date: /home/em/ros_workspace_2025/nav_ws/install/px4_msgs/share/px4_msgs/msg/DebugKeyValue.msg\n'}
[8.768325] (px4_msgs) StdoutLine: {'line': b'-- Up-to-date: /home/em/ros_workspace_2025/nav_ws/install/px4_msgs/share/px4_msgs/msg/DebugValue.msg\n'}
[8.768488] (px4_msgs) StdoutLine: {'line': b'-- Up-to-date: /home/em/ros_workspace_2025/nav_ws/install/px4_msgs/share/px4_msgs/msg/DebugVect.msg\n'}
[8.768655] (px4_msgs) StdoutLine: {'line': b'-- Up-to-date: /home/em/ros_workspace_2025/nav_ws/install/px4_msgs/share/px4_msgs/msg/DifferentialPressure.msg\n'}
[8.768846] (px4_msgs) StdoutLine: {'line': b'-- Up-to-date: /home/em/ros_workspace_2025/nav_ws/install/px4_msgs/share/px4_msgs/msg/DistanceSensor.msg\n'}
[8.769144] (px4_msgs) StdoutLine: {'line': b'-- Up-to-date: /home/em/ros_workspace_2025/nav_ws/install/px4_msgs/share/px4_msgs/msg/DistanceSensorModeChangeRequest.msg\n'}
[8.769292] (px4_msgs) StdoutLine: {'line': b'-- Up-to-date: /home/em/ros_workspace_2025/nav_ws/install/px4_msgs/share/px4_msgs/msg/Ekf2Timestamps.msg\n'}
[8.769455] (px4_msgs) StdoutLine: {'line': b'-- Up-to-date: /home/em/ros_workspace_2025/nav_ws/install/px4_msgs/share/px4_msgs/msg/EscReport.msg\n'}
[8.769640] (px4_msgs) StdoutLine: {'line': b'-- Up-to-date: /home/em/ros_workspace_2025/nav_ws/install/px4_msgs/share/px4_msgs/msg/EscStatus.msg\n'}
[8.769899] (px4_msgs) StdoutLine: {'line': b'-- Up-to-date: /home/em/ros_workspace_2025/nav_ws/install/px4_msgs/share/px4_msgs/msg/EstimatorAidSource1d.msg\n'}
[8.770058] (px4_msgs) StdoutLine: {'line': b'-- Up-to-date: /home/em/ros_workspace_2025/nav_ws/install/px4_msgs/share/px4_msgs/msg/EstimatorAidSource2d.msg\n'}
[8.770216] (px4_msgs) StdoutLine: {'line': b'-- Up-to-date: /home/em/ros_workspace_2025/nav_ws/install/px4_msgs/share/px4_msgs/msg/EstimatorAidSource3d.msg\n'}
[8.770404] (px4_msgs) StdoutLine: {'line': b'-- Up-to-date: /home/em/ros_workspace_2025/nav_ws/install/px4_msgs/share/px4_msgs/msg/EstimatorBias.msg\n'}
[8.770688] (px4_msgs) StdoutLine: {'line': b'-- Up-to-date: /home/em/ros_workspace_2025/nav_ws/install/px4_msgs/share/px4_msgs/msg/EstimatorBias3d.msg\n'}
[8.770968] (px4_msgs) StdoutLine: {'line': b'-- Up-to-date: /home/em/ros_workspace_2025/nav_ws/install/px4_msgs/share/px4_msgs/msg/EstimatorEventFlags.msg\n'}
[8.771061] (px4_msgs) StdoutLine: {'line': b'-- Up-to-date: /home/em/ros_workspace_2025/nav_ws/install/px4_msgs/share/px4_msgs/msg/EstimatorGpsStatus.msg\n'}
[8.771313] (px4_msgs) StdoutLine: {'line': b'-- Up-to-date: /home/em/ros_workspace_2025/nav_ws/install/px4_msgs/share/px4_msgs/msg/EstimatorInnovations.msg\n'}
[8.771585] (px4_msgs) StdoutLine: {'line': b'-- Up-to-date: /home/em/ros_workspace_2025/nav_ws/install/px4_msgs/share/px4_msgs/msg/EstimatorSelectorStatus.msg\n'}
[8.771728] (px4_msgs) StdoutLine: {'line': b'-- Up-to-date: /home/em/ros_workspace_2025/nav_ws/install/px4_msgs/share/px4_msgs/msg/EstimatorSensorBias.msg\n'}
[8.771885] (px4_msgs) StdoutLine: {'line': b'-- Up-to-date: /home/em/ros_workspace_2025/nav_ws/install/px4_msgs/share/px4_msgs/msg/EstimatorStates.msg\n'}
[8.772062] (px4_msgs) StdoutLine: {'line': b'-- Up-to-date: /home/em/ros_workspace_2025/nav_ws/install/px4_msgs/share/px4_msgs/msg/EstimatorStatus.msg\n'}
[8.772324] (px4_msgs) StdoutLine: {'line': b'-- Up-to-date: /home/em/ros_workspace_2025/nav_ws/install/px4_msgs/share/px4_msgs/msg/EstimatorStatusFlags.msg\n'}
[8.772562] (px4_msgs) StdoutLine: {'line': b'-- Up-to-date: /home/em/ros_workspace_2025/nav_ws/install/px4_msgs/share/px4_msgs/msg/Event.msg\n'}
[8.772727] (px4_msgs) StdoutLine: {'line': b'-- Up-to-date: /home/em/ros_workspace_2025/nav_ws/install/px4_msgs/share/px4_msgs/msg/FailsafeFlags.msg\n'}
[8.772921] (px4_msgs) StdoutLine: {'line': b'-- Up-to-date: /home/em/ros_workspace_2025/nav_ws/install/px4_msgs/share/px4_msgs/msg/FailureDetectorStatus.msg\n'}
[8.773186] (px4_msgs) StdoutLine: {'line': b'-- Up-to-date: /home/em/ros_workspace_2025/nav_ws/install/px4_msgs/share/px4_msgs/msg/FigureEightStatus.msg\n'}
[8.773385] (px4_msgs) StdoutLine: {'line': b'-- Up-to-date: /home/em/ros_workspace_2025/nav_ws/install/px4_msgs/share/px4_msgs/msg/FlightPhaseEstimation.msg\n'}
[8.773526] (px4_msgs) StdoutLine: {'line': b'-- Up-to-date: /home/em/ros_workspace_2025/nav_ws/install/px4_msgs/share/px4_msgs/msg/FollowTarget.msg\n'}
[8.773733] (px4_msgs) StdoutLine: {'line': b'-- Up-to-date: /home/em/ros_workspace_2025/nav_ws/install/px4_msgs/share/px4_msgs/msg/FollowTargetEstimator.msg\n'}
[8.773973] (px4_msgs) StdoutLine: {'line': b'-- Up-to-date: /home/em/ros_workspace_2025/nav_ws/install/px4_msgs/share/px4_msgs/msg/FollowTargetStatus.msg\n'}
[8.774141] (px4_msgs) StdoutLine: {'line': b'-- Up-to-date: /home/em/ros_workspace_2025/nav_ws/install/px4_msgs/share/px4_msgs/msg/FuelTankStatus.msg\n'}
[8.774306] (px4_msgs) StdoutLine: {'line': b'-- Up-to-date: /home/em/ros_workspace_2025/nav_ws/install/px4_msgs/share/px4_msgs/msg/GeneratorStatus.msg\n'}
[8.774487] (px4_msgs) StdoutLine: {'line': b'-- Up-to-date: /home/em/ros_workspace_2025/nav_ws/install/px4_msgs/share/px4_msgs/msg/GeofenceResult.msg\n'}
[8.774800] (px4_msgs) StdoutLine: {'line': b'-- Up-to-date: /home/em/ros_workspace_2025/nav_ws/install/px4_msgs/share/px4_msgs/msg/GeofenceStatus.msg\n'}
[8.774943] (px4_msgs) StdoutLine: {'line': b'-- Up-to-date: /home/em/ros_workspace_2025/nav_ws/install/px4_msgs/share/px4_msgs/msg/GimbalControls.msg\n'}
[8.775137] (px4_msgs) StdoutLine: {'line': b'-- Up-to-date: /home/em/ros_workspace_2025/nav_ws/install/px4_msgs/share/px4_msgs/msg/GimbalDeviceAttitudeStatus.msg\n'}
[8.775308] (px4_msgs) StdoutLine: {'line': b'-- Up-to-date: /home/em/ros_workspace_2025/nav_ws/install/px4_msgs/share/px4_msgs/msg/GimbalDeviceInformation.msg\n'}
[8.775595] (px4_msgs) StdoutLine: {'line': b'-- Up-to-date: /home/em/ros_workspace_2025/nav_ws/install/px4_msgs/share/px4_msgs/msg/GimbalDeviceSetAttitude.msg\n'}
[8.775911] (px4_msgs) StdoutLine: {'line': b'-- Up-to-date: /home/em/ros_workspace_2025/nav_ws/install/px4_msgs/share/px4_msgs/msg/GimbalManagerInformation.msg\n'}
[8.776026] (px4_msgs) StdoutLine: {'line': b'-- Up-to-date: /home/em/ros_workspace_2025/nav_ws/install/px4_msgs/share/px4_msgs/msg/GimbalManagerSetAttitude.msg\n'}
[8.776283] (px4_msgs) StdoutLine: {'line': b'-- Up-to-date: /home/em/ros_workspace_2025/nav_ws/install/px4_msgs/share/px4_msgs/msg/GimbalManagerSetManualControl.msg\n'}
[8.776549] (px4_msgs) StdoutLine: {'line': b'-- Up-to-date: /home/em/ros_workspace_2025/nav_ws/install/px4_msgs/share/px4_msgs/msg/GimbalManagerStatus.msg\n'}
[8.776708] (px4_msgs) StdoutLine: {'line': b'-- Up-to-date: /home/em/ros_workspace_2025/nav_ws/install/px4_msgs/share/px4_msgs/msg/GotoSetpoint.msg\n'}
[8.776886] (px4_msgs) StdoutLine: {'line': b'-- Up-to-date: /home/em/ros_workspace_2025/nav_ws/install/px4_msgs/share/px4_msgs/msg/GpioConfig.msg\n'}
[8.777047] (px4_msgs) StdoutLine: {'line': b'-- Up-to-date: /home/em/ros_workspace_2025/nav_ws/install/px4_msgs/share/px4_msgs/msg/GpioIn.msg\n'}
[8.777307] (px4_msgs) StdoutLine: {'line': b'-- Up-to-date: /home/em/ros_workspace_2025/nav_ws/install/px4_msgs/share/px4_msgs/msg/GpioOut.msg\n'}
[8.777493] (px4_msgs) StdoutLine: {'line': b'-- Up-to-date: /home/em/ros_workspace_2025/nav_ws/install/px4_msgs/share/px4_msgs/msg/GpioRequest.msg\n'}
[8.777641] (px4_msgs) StdoutLine: {'line': b'-- Up-to-date: /home/em/ros_workspace_2025/nav_ws/install/px4_msgs/share/px4_msgs/msg/GpsDump.msg\n'}
[8.777834] (px4_msgs) StdoutLine: {'line': b'-- Up-to-date: /home/em/ros_workspace_2025/nav_ws/install/px4_msgs/share/px4_msgs/msg/GpsInjectData.msg\n'}
[8.778083] (px4_msgs) StdoutLine: {'line': b'-- Up-to-date: /home/em/ros_workspace_2025/nav_ws/install/px4_msgs/share/px4_msgs/msg/Gripper.msg\n'}
[8.778245] (px4_msgs) StdoutLine: {'line': b'-- Up-to-date: /home/em/ros_workspace_2025/nav_ws/install/px4_msgs/share/px4_msgs/msg/HealthReport.msg\n'}
[8.778407] (px4_msgs) StdoutLine: {'line': b'-- Up-to-date: /home/em/ros_workspace_2025/nav_ws/install/px4_msgs/share/px4_msgs/msg/HeaterStatus.msg\n'}
[8.778645] (px4_msgs) StdoutLine: {'line': b'-- Up-to-date: /home/em/ros_workspace_2025/nav_ws/install/px4_msgs/share/px4_msgs/msg/HomePosition.msg\n'}
[8.778896] (px4_msgs) StdoutLine: {'line': b'-- Up-to-date: /home/em/ros_workspace_2025/nav_ws/install/px4_msgs/share/px4_msgs/msg/HoverThrustEstimate.msg\n'}
[8.779053] (px4_msgs) StdoutLine: {'line': b'-- Up-to-date: /home/em/ros_workspace_2025/nav_ws/install/px4_msgs/share/px4_msgs/msg/InputRc.msg\n'}
[8.779228] (px4_msgs) StdoutLine: {'line': b'-- Up-to-date: /home/em/ros_workspace_2025/nav_ws/install/px4_msgs/share/px4_msgs/msg/InternalCombustionEngineStatus.msg\n'}
[8.779417] (px4_msgs) StdoutLine: {'line': b'-- Up-to-date: /home/em/ros_workspace_2025/nav_ws/install/px4_msgs/share/px4_msgs/msg/IridiumsbdStatus.msg\n'}
[8.779685] (px4_msgs) StdoutLine: {'line': b'-- Up-to-date: /home/em/ros_workspace_2025/nav_ws/install/px4_msgs/share/px4_msgs/msg/IrlockReport.msg\n'}
[8.779988] (px4_msgs) StdoutLine: {'line': b'-- Up-to-date: /home/em/ros_workspace_2025/nav_ws/install/px4_msgs/share/px4_msgs/msg/LandingGear.msg\n'}
[8.780156] (px4_msgs) StdoutLine: {'line': b'-- Up-to-date: /home/em/ros_workspace_2025/nav_ws/install/px4_msgs/share/px4_msgs/msg/LandingGearWheel.msg\n'}
[8.780357] (px4_msgs) StdoutLine: {'line': b'-- Up-to-date: /home/em/ros_workspace_2025/nav_ws/install/px4_msgs/share/px4_msgs/msg/LandingTargetInnovations.msg\n'}
[8.780620] (px4_msgs) StdoutLine: {'line': b'-- Up-to-date: /home/em/ros_workspace_2025/nav_ws/install/px4_msgs/share/px4_msgs/msg/LandingTargetPose.msg\n'}
[8.780801] (px4_msgs) StdoutLine: {'line': b'-- Up-to-date: /home/em/ros_workspace_2025/nav_ws/install/px4_msgs/share/px4_msgs/msg/LaunchDetectionStatus.msg\n'}
[8.780938] (px4_msgs) StdoutLine: {'line': b'-- Up-to-date: /home/em/ros_workspace_2025/nav_ws/install/px4_msgs/share/px4_msgs/msg/LedControl.msg\n'}
[8.781134] (px4_msgs) StdoutLine: {'line': b'-- Up-to-date: /home/em/ros_workspace_2025/nav_ws/install/px4_msgs/share/px4_msgs/msg/LogMessage.msg\n'}
[8.781394] (px4_msgs) StdoutLine: {'line': b'-- Up-to-date: /home/em/ros_workspace_2025/nav_ws/install/px4_msgs/share/px4_msgs/msg/LoggerStatus.msg\n'}
[8.781563] (px4_msgs) StdoutLine: {'line': b'-- Up-to-date: /home/em/ros_workspace_2025/nav_ws/install/px4_msgs/share/px4_msgs/msg/MagWorkerData.msg\n'}
[8.781717] (px4_msgs) StdoutLine: {'line': b'-- Up-to-date: /home/em/ros_workspace_2025/nav_ws/install/px4_msgs/share/px4_msgs/msg/MagnetometerBiasEstimate.msg\n'}
[8.781913] (px4_msgs) StdoutLine: {'line': b'-- Up-to-date: /home/em/ros_workspace_2025/nav_ws/install/px4_msgs/share/px4_msgs/msg/ManualControlSetpoint.msg\n'}
[8.782147] (px4_msgs) StdoutLine: {'line': b'-- Up-to-date: /home/em/ros_workspace_2025/nav_ws/install/px4_msgs/share/px4_msgs/msg/ManualControlSwitches.msg\n'}
[8.782320] (px4_msgs) StdoutLine: {'line': b'-- Up-to-date: /home/em/ros_workspace_2025/nav_ws/install/px4_msgs/share/px4_msgs/msg/MavlinkLog.msg\n'}
[8.782486] (px4_msgs) StdoutLine: {'line': b'-- Up-to-date: /home/em/ros_workspace_2025/nav_ws/install/px4_msgs/share/px4_msgs/msg/MavlinkTunnel.msg\n'}
[8.782685] (px4_msgs) StdoutLine: {'line': b'-- Up-to-date: /home/em/ros_workspace_2025/nav_ws/install/px4_msgs/share/px4_msgs/msg/MessageFormatRequest.msg\n'}
[8.782976] (px4_msgs) StdoutLine: {'line': b'-- Up-to-date: /home/em/ros_workspace_2025/nav_ws/install/px4_msgs/share/px4_msgs/msg/MessageFormatResponse.msg\n'}
[8.783130] (px4_msgs) StdoutLine: {'line': b'-- Up-to-date: /home/em/ros_workspace_2025/nav_ws/install/px4_msgs/share/px4_msgs/msg/Mission.msg\n'}
[8.783310] (px4_msgs) StdoutLine: {'line': b'-- Up-to-date: /home/em/ros_workspace_2025/nav_ws/install/px4_msgs/share/px4_msgs/msg/MissionResult.msg\n'}
[8.783496] (px4_msgs) StdoutLine: {'line': b'-- Up-to-date: /home/em/ros_workspace_2025/nav_ws/install/px4_msgs/share/px4_msgs/msg/ModeCompleted.msg\n'}
[8.783752] (px4_msgs) StdoutLine: {'line': b'-- Up-to-date: /home/em/ros_workspace_2025/nav_ws/install/px4_msgs/share/px4_msgs/msg/MountOrientation.msg\n'}
[8.783916] (px4_msgs) StdoutLine: {'line': b'-- Up-to-date: /home/em/ros_workspace_2025/nav_ws/install/px4_msgs/share/px4_msgs/msg/NavigatorMissionItem.msg\n'}
[8.784153] (px4_msgs) StdoutLine: {'line': b'-- Up-to-date: /home/em/ros_workspace_2025/nav_ws/install/px4_msgs/share/px4_msgs/msg/NavigatorStatus.msg\n'}
[8.784308] (px4_msgs) StdoutLine: {'line': b'-- Up-to-date: /home/em/ros_workspace_2025/nav_ws/install/px4_msgs/share/px4_msgs/msg/NormalizedUnsignedSetpoint.msg\n'}
[8.784573] (px4_msgs) StdoutLine: {'line': b'-- Up-to-date: /home/em/ros_workspace_2025/nav_ws/install/px4_msgs/share/px4_msgs/msg/NpfgStatus.msg\n'}
[8.784834] (px4_msgs) StdoutLine: {'line': b'-- Up-to-date: /home/em/ros_workspace_2025/nav_ws/install/px4_msgs/share/px4_msgs/msg/ObstacleDistance.msg\n'}
[8.784900] (px4_msgs) StdoutLine: {'line': b'-- Up-to-date: /home/em/ros_workspace_2025/nav_ws/install/px4_msgs/share/px4_msgs/msg/OffboardControlMode.msg\n'}
[8.785147] (px4_msgs) StdoutLine: {'line': b'-- Up-to-date: /home/em/ros_workspace_2025/nav_ws/install/px4_msgs/share/px4_msgs/msg/OnboardComputerStatus.msg\n'}
[8.785415] (px4_msgs) StdoutLine: {'line': b'-- Up-to-date: /home/em/ros_workspace_2025/nav_ws/install/px4_msgs/share/px4_msgs/msg/OpenDroneIdArmStatus.msg\n'}
[8.785599] (px4_msgs) StdoutLine: {'line': b'-- Up-to-date: /home/em/ros_workspace_2025/nav_ws/install/px4_msgs/share/px4_msgs/msg/OpenDroneIdOperatorId.msg\n'}
[8.785740] (px4_msgs) StdoutLine: {'line': b'-- Up-to-date: /home/em/ros_workspace_2025/nav_ws/install/px4_msgs/share/px4_msgs/msg/OpenDroneIdSelfId.msg\n'}
[8.785937] (px4_msgs) StdoutLine: {'line': b'-- Up-to-date: /home/em/ros_workspace_2025/nav_ws/install/px4_msgs/share/px4_msgs/msg/OpenDroneIdSystem.msg\n'}
[8.786164] (px4_msgs) StdoutLine: {'line': b'-- Up-to-date: /home/em/ros_workspace_2025/nav_ws/install/px4_msgs/share/px4_msgs/msg/OrbTest.msg\n'}
[8.786338] (px4_msgs) StdoutLine: {'line': b'-- Up-to-date: /home/em/ros_workspace_2025/nav_ws/install/px4_msgs/share/px4_msgs/msg/OrbTestLarge.msg\n'}
[8.786504] (px4_msgs) StdoutLine: {'line': b'-- Up-to-date: /home/em/ros_workspace_2025/nav_ws/install/px4_msgs/share/px4_msgs/msg/OrbTestMedium.msg\n'}
[8.786697] (px4_msgs) StdoutLine: {'line': b'-- Up-to-date: /home/em/ros_workspace_2025/nav_ws/install/px4_msgs/share/px4_msgs/msg/OrbitStatus.msg\n'}
[8.787037] (px4_msgs) StdoutLine: {'line': b'-- Up-to-date: /home/em/ros_workspace_2025/nav_ws/install/px4_msgs/share/px4_msgs/msg/ParameterResetRequest.msg\n'}
[8.787244] (px4_msgs) StdoutLine: {'line': b'-- Up-to-date: /home/em/ros_workspace_2025/nav_ws/install/px4_msgs/share/px4_msgs/msg/ParameterSetUsedRequest.msg\n'}
[8.787444] (px4_msgs) StdoutLine: {'line': b'-- Up-to-date: /home/em/ros_workspace_2025/nav_ws/install/px4_msgs/share/px4_msgs/msg/ParameterSetValueRequest.msg\n'}
[8.787640] (px4_msgs) StdoutLine: {'line': b'-- Up-to-date: /home/em/ros_workspace_2025/nav_ws/install/px4_msgs/share/px4_msgs/msg/ParameterSetValueResponse.msg\n'}
[8.787887] (px4_msgs) StdoutLine: {'line': b'-- Up-to-date: /home/em/ros_workspace_2025/nav_ws/install/px4_msgs/share/px4_msgs/msg/ParameterUpdate.msg\n'}
[8.788050] (px4_msgs) StdoutLine: {'line': b'-- Up-to-date: /home/em/ros_workspace_2025/nav_ws/install/px4_msgs/share/px4_msgs/msg/Ping.msg\n'}
[8.788240] (px4_msgs) StdoutLine: {'line': b'-- Up-to-date: /home/em/ros_workspace_2025/nav_ws/install/px4_msgs/share/px4_msgs/msg/PositionControllerLandingStatus.msg\n'}
[8.788575] (px4_msgs) StdoutLine: {'line': b'-- Up-to-date: /home/em/ros_workspace_2025/nav_ws/install/px4_msgs/share/px4_msgs/msg/PositionControllerStatus.msg\n'}
[8.788946] (px4_msgs) StdoutLine: {'line': b'-- Up-to-date: /home/em/ros_workspace_2025/nav_ws/install/px4_msgs/share/px4_msgs/msg/PositionSetpoint.msg\n'}
[8.789115] (px4_msgs) StdoutLine: {'line': b'-- Up-to-date: /home/em/ros_workspace_2025/nav_ws/install/px4_msgs/share/px4_msgs/msg/PositionSetpointTriplet.msg\n'}
[8.789344] (px4_msgs) StdoutLine: {'line': b'-- Up-to-date: /home/em/ros_workspace_2025/nav_ws/install/px4_msgs/share/px4_msgs/msg/PowerButtonState.msg\n'}
[8.789589] (px4_msgs) StdoutLine: {'line': b'-- Up-to-date: /home/em/ros_workspace_2025/nav_ws/install/px4_msgs/share/px4_msgs/msg/PowerMonitor.msg\n'}
[8.789841] (px4_msgs) StdoutLine: {'line': b'-- Up-to-date: /home/em/ros_workspace_2025/nav_ws/install/px4_msgs/share/px4_msgs/msg/PpsCapture.msg\n'}
[8.790109] (px4_msgs) StdoutLine: {'line': b'-- Up-to-date: /home/em/ros_workspace_2025/nav_ws/install/px4_msgs/share/px4_msgs/msg/PwmInput.msg\n'}
[8.790180] (px4_msgs) StdoutLine: {'line': b'-- Up-to-date: /home/em/ros_workspace_2025/nav_ws/install/px4_msgs/share/px4_msgs/msg/Px4ioStatus.msg\n'}
[8.790473] (px4_msgs) StdoutLine: {'line': b'-- Up-to-date: /home/em/ros_workspace_2025/nav_ws/install/px4_msgs/share/px4_msgs/msg/QshellReq.msg\n'}
[8.790754] (px4_msgs) StdoutLine: {'line': b'-- Up-to-date: /home/em/ros_workspace_2025/nav_ws/install/px4_msgs/share/px4_msgs/msg/QshellRetval.msg\n'}
[8.790939] (px4_msgs) StdoutLine: {'line': b'-- Up-to-date: /home/em/ros_workspace_2025/nav_ws/install/px4_msgs/share/px4_msgs/msg/RadioStatus.msg\n'}
[8.791099] (px4_msgs) StdoutLine: {'line': b'-- Up-to-date: /home/em/ros_workspace_2025/nav_ws/install/px4_msgs/share/px4_msgs/msg/RateCtrlStatus.msg\n'}
[8.791297] (px4_msgs) StdoutLine: {'line': b'-- Up-to-date: /home/em/ros_workspace_2025/nav_ws/install/px4_msgs/share/px4_msgs/msg/RcChannels.msg\n'}
[8.791572] (px4_msgs) StdoutLine: {'line': b'-- Up-to-date: /home/em/ros_workspace_2025/nav_ws/install/px4_msgs/share/px4_msgs/msg/RcParameterMap.msg\n'}
[8.791711] (px4_msgs) StdoutLine: {'line': b'-- Up-to-date: /home/em/ros_workspace_2025/nav_ws/install/px4_msgs/share/px4_msgs/msg/RegisterExtComponentReply.msg\n'}
[8.791873] (px4_msgs) StdoutLine: {'line': b'-- Up-to-date: /home/em/ros_workspace_2025/nav_ws/install/px4_msgs/share/px4_msgs/msg/RegisterExtComponentRequest.msg\n'}
[8.792076] (px4_msgs) StdoutLine: {'line': b'-- Up-to-date: /home/em/ros_workspace_2025/nav_ws/install/px4_msgs/share/px4_msgs/msg/RoverAckermannGuidanceStatus.msg\n'}
[8.792459] (px4_msgs) StdoutLine: {'line': b'-- Up-to-date: /home/em/ros_workspace_2025/nav_ws/install/px4_msgs/share/px4_msgs/msg/RoverAckermannSetpoint.msg\n'}
[8.792559] (px4_msgs) StdoutLine: {'line': b'-- Up-to-date: /home/em/ros_workspace_2025/nav_ws/install/px4_msgs/share/px4_msgs/msg/RoverAckermannStatus.msg\n'}
[8.792726] (px4_msgs) StdoutLine: {'line': b'-- Up-to-date: /home/em/ros_workspace_2025/nav_ws/install/px4_msgs/share/px4_msgs/msg/RoverDifferentialGuidanceStatus.msg\n'}
[8.792937] (px4_msgs) StdoutLine: {'line': b'-- Up-to-date: /home/em/ros_workspace_2025/nav_ws/install/px4_msgs/share/px4_msgs/msg/RoverDifferentialSetpoint.msg\n'}
[8.793174] (px4_msgs) StdoutLine: {'line': b'-- Up-to-date: /home/em/ros_workspace_2025/nav_ws/install/px4_msgs/share/px4_msgs/msg/RoverDifferentialStatus.msg\n'}
[8.793346] (px4_msgs) StdoutLine: {'line': b'-- Up-to-date: /home/em/ros_workspace_2025/nav_ws/install/px4_msgs/share/px4_msgs/msg/RoverMecanumGuidanceStatus.msg\n'}
[8.793512] (px4_msgs) StdoutLine: {'line': b'-- Up-to-date: /home/em/ros_workspace_2025/nav_ws/install/px4_msgs/share/px4_msgs/msg/RoverMecanumSetpoint.msg\n'}
[8.793724] (px4_msgs) StdoutLine: {'line': b'-- Up-to-date: /home/em/ros_workspace_2025/nav_ws/install/px4_msgs/share/px4_msgs/msg/RoverMecanumStatus.msg\n'}
[8.793966] (px4_msgs) StdoutLine: {'line': b'-- Up-to-date: /home/em/ros_workspace_2025/nav_ws/install/px4_msgs/share/px4_msgs/msg/Rpm.msg\n'}
[8.794221] (px4_msgs) StdoutLine: {'line': b'-- Up-to-date: /home/em/ros_workspace_2025/nav_ws/install/px4_msgs/share/px4_msgs/msg/RtlStatus.msg\n'}
[8.794301] (px4_msgs) StdoutLine: {'line': b'-- Up-to-date: /home/em/ros_workspace_2025/nav_ws/install/px4_msgs/share/px4_msgs/msg/RtlTimeEstimate.msg\n'}
[8.794580] (px4_msgs) StdoutLine: {'line': b'-- Up-to-date: /home/em/ros_workspace_2025/nav_ws/install/px4_msgs/share/px4_msgs/msg/SatelliteInfo.msg\n'}
[8.794835] (px4_msgs) StdoutLine: {'line': b'-- Up-to-date: /home/em/ros_workspace_2025/nav_ws/install/px4_msgs/share/px4_msgs/msg/SensorAccel.msg\n'}
[8.795146] (px4_msgs) StdoutLine: {'line': b'-- Up-to-date: /home/em/ros_workspace_2025/nav_ws/install/px4_msgs/share/px4_msgs/msg/SensorAccelFifo.msg\n'}
[8.795455] (px4_msgs) StdoutLine: {'line': b'-- Up-to-date: /home/em/ros_workspace_2025/nav_ws/install/px4_msgs/share/px4_msgs/msg/SensorAirflow.msg\n'}
[8.795780] (px4_msgs) StdoutLine: {'line': b'-- Up-to-date: /home/em/ros_workspace_2025/nav_ws/install/px4_msgs/share/px4_msgs/msg/SensorBaro.msg\n'}
[8.796195] (px4_msgs) StdoutLine: {'line': b'-- Up-to-date: /home/em/ros_workspace_2025/nav_ws/install/px4_msgs/share/px4_msgs/msg/SensorCombined.msg\n'}
[8.796469] (px4_msgs) StdoutLine: {'line': b'-- Up-to-date: /home/em/ros_workspace_2025/nav_ws/install/px4_msgs/share/px4_msgs/msg/SensorCorrection.msg\n'}
[8.796719] (px4_msgs) StdoutLine: {'line': b'-- Up-to-date: /home/em/ros_workspace_2025/nav_ws/install/px4_msgs/share/px4_msgs/msg/SensorGnssRelative.msg\n'}
[8.797010] (px4_msgs) StdoutLine: {'line': b'-- Up-to-date: /home/em/ros_workspace_2025/nav_ws/install/px4_msgs/share/px4_msgs/msg/SensorGps.msg\n'}
[8.797486] (px4_msgs) StdoutLine: {'line': b'-- Up-to-date: /home/em/ros_workspace_2025/nav_ws/install/px4_msgs/share/px4_msgs/msg/SensorGyro.msg\n'}
[8.797640] (px4_msgs) StdoutLine: {'line': b'-- Up-to-date: /home/em/ros_workspace_2025/nav_ws/install/px4_msgs/share/px4_msgs/msg/SensorGyroFft.msg\n'}
[8.797836] (px4_msgs) StdoutLine: {'line': b'-- Up-to-date: /home/em/ros_workspace_2025/nav_ws/install/px4_msgs/share/px4_msgs/msg/SensorGyroFifo.msg\n'}
[8.798062] (px4_msgs) StdoutLine: {'line': b'-- Up-to-date: /home/em/ros_workspace_2025/nav_ws/install/px4_msgs/share/px4_msgs/msg/SensorHygrometer.msg\n'}
[8.798374] (px4_msgs) StdoutLine: {'line': b'-- Up-to-date: /home/em/ros_workspace_2025/nav_ws/install/px4_msgs/share/px4_msgs/msg/SensorMag.msg\n'}
[8.798528] (px4_msgs) StdoutLine: {'line': b'-- Up-to-date: /home/em/ros_workspace_2025/nav_ws/install/px4_msgs/share/px4_msgs/msg/SensorOpticalFlow.msg\n'}
[8.798707] (px4_msgs) StdoutLine: {'line': b'-- Up-to-date: /home/em/ros_workspace_2025/nav_ws/install/px4_msgs/share/px4_msgs/msg/SensorPreflightMag.msg\n'}
[8.798929] (px4_msgs) StdoutLine: {'line': b'-- Up-to-date: /home/em/ros_workspace_2025/nav_ws/install/px4_msgs/share/px4_msgs/msg/SensorSelection.msg\n'}
[8.799196] (px4_msgs) StdoutLine: {'line': b'-- Up-to-date: /home/em/ros_workspace_2025/nav_ws/install/px4_msgs/share/px4_msgs/msg/SensorUwb.msg\n'}
[8.799369] (px4_msgs) StdoutLine: {'line': b'-- Up-to-date: /home/em/ros_workspace_2025/nav_ws/install/px4_msgs/share/px4_msgs/msg/SensorsStatus.msg\n'}
[8.799538] (px4_msgs) StdoutLine: {'line': b'-- Up-to-date: /home/em/ros_workspace_2025/nav_ws/install/px4_msgs/share/px4_msgs/msg/SensorsStatusImu.msg\n'}
[8.799747] (px4_msgs) StdoutLine: {'line': b'-- Up-to-date: /home/em/ros_workspace_2025/nav_ws/install/px4_msgs/share/px4_msgs/msg/SystemPower.msg\n'}
[8.799998] (px4_msgs) StdoutLine: {'line': b'-- Up-to-date: /home/em/ros_workspace_2025/nav_ws/install/px4_msgs/share/px4_msgs/msg/TakeoffStatus.msg\n'}
[8.800287] (px4_msgs) StdoutLine: {'line': b'-- Up-to-date: /home/em/ros_workspace_2025/nav_ws/install/px4_msgs/share/px4_msgs/msg/TaskStackInfo.msg\n'}
[8.800404] (px4_msgs) StdoutLine: {'line': b'-- Up-to-date: /home/em/ros_workspace_2025/nav_ws/install/px4_msgs/share/px4_msgs/msg/TecsStatus.msg\n'}
[8.800825] (px4_msgs) StdoutLine: {'line': b'-- Up-to-date: /home/em/ros_workspace_2025/nav_ws/install/px4_msgs/share/px4_msgs/msg/TelemetryStatus.msg\n'}
[8.801017] (px4_msgs) StdoutLine: {'line': b'-- Up-to-date: /home/em/ros_workspace_2025/nav_ws/install/px4_msgs/share/px4_msgs/msg/TiltrotorExtraControls.msg\n'}
[8.801185] (px4_msgs) StdoutLine: {'line': b'-- Up-to-date: /home/em/ros_workspace_2025/nav_ws/install/px4_msgs/share/px4_msgs/msg/TimesyncStatus.msg\n'}
[8.801368] (px4_msgs) StdoutLine: {'line': b'-- Up-to-date: /home/em/ros_workspace_2025/nav_ws/install/px4_msgs/share/px4_msgs/msg/TrajectoryBezier.msg\n'}
[8.801561] (px4_msgs) StdoutLine: {'line': b'-- Up-to-date: /home/em/ros_workspace_2025/nav_ws/install/px4_msgs/share/px4_msgs/msg/TrajectorySetpoint.msg\n'}
[8.801813] (px4_msgs) StdoutLine: {'line': b'-- Up-to-date: /home/em/ros_workspace_2025/nav_ws/install/px4_msgs/share/px4_msgs/msg/TrajectoryWaypoint.msg\n'}
[8.801978] (px4_msgs) StdoutLine: {'line': b'-- Up-to-date: /home/em/ros_workspace_2025/nav_ws/install/px4_msgs/share/px4_msgs/msg/TransponderReport.msg\n'}
[8.802136] (px4_msgs) StdoutLine: {'line': b'-- Up-to-date: /home/em/ros_workspace_2025/nav_ws/install/px4_msgs/share/px4_msgs/msg/TuneControl.msg\n'}
[8.802326] (px4_msgs) StdoutLine: {'line': b'-- Up-to-date: /home/em/ros_workspace_2025/nav_ws/install/px4_msgs/share/px4_msgs/msg/UavcanParameterRequest.msg\n'}
[8.802591] (px4_msgs) StdoutLine: {'line': b'-- Up-to-date: /home/em/ros_workspace_2025/nav_ws/install/px4_msgs/share/px4_msgs/msg/UavcanParameterValue.msg\n'}
[8.802752] (px4_msgs) StdoutLine: {'line': b'-- Up-to-date: /home/em/ros_workspace_2025/nav_ws/install/px4_msgs/share/px4_msgs/msg/UlogStream.msg\n'}
[8.802912] (px4_msgs) StdoutLine: {'line': b'-- Up-to-date: /home/em/ros_workspace_2025/nav_ws/install/px4_msgs/share/px4_msgs/msg/UlogStreamAck.msg\n'}
[8.803145] (px4_msgs) StdoutLine: {'line': b'-- Up-to-date: /home/em/ros_workspace_2025/nav_ws/install/px4_msgs/share/px4_msgs/msg/UnregisterExtComponent.msg\n'}
[8.803407] (px4_msgs) StdoutLine: {'line': b'-- Up-to-date: /home/em/ros_workspace_2025/nav_ws/install/px4_msgs/share/px4_msgs/msg/VehicleAcceleration.msg\n'}
[8.803577] (px4_msgs) StdoutLine: {'line': b'-- Up-to-date: /home/em/ros_workspace_2025/nav_ws/install/px4_msgs/share/px4_msgs/msg/VehicleAirData.msg\n'}
[8.803735] (px4_msgs) StdoutLine: {'line': b'-- Up-to-date: /home/em/ros_workspace_2025/nav_ws/install/px4_msgs/share/px4_msgs/msg/VehicleAngularAccelerationSetpoint.msg\n'}
[8.803963] (px4_msgs) StdoutLine: {'line': b'-- Up-to-date: /home/em/ros_workspace_2025/nav_ws/install/px4_msgs/share/px4_msgs/msg/VehicleAngularVelocity.msg\n'}
[8.804538] (px4_msgs) StdoutLine: {'line': b'-- Up-to-date: /home/em/ros_workspace_2025/nav_ws/install/px4_msgs/share/px4_msgs/msg/VehicleAttitude.msg\n'}
[8.804949] (px4_msgs) StdoutLine: {'line': b'-- Up-to-date: /home/em/ros_workspace_2025/nav_ws/install/px4_msgs/share/px4_msgs/msg/VehicleAttitudeSetpoint.msg\n'}
[8.805049] (px4_msgs) StdoutLine: {'line': b'-- Up-to-date: /home/em/ros_workspace_2025/nav_ws/install/px4_msgs/share/px4_msgs/msg/VehicleCommand.msg\n'}
[8.805536] (px4_msgs) StdoutLine: {'line': b'-- Up-to-date: /home/em/ros_workspace_2025/nav_ws/install/px4_msgs/share/px4_msgs/msg/VehicleCommandAck.msg\n'}
[8.805932] (px4_msgs) StdoutLine: {'line': b'-- Up-to-date: /home/em/ros_workspace_2025/nav_ws/install/px4_msgs/share/px4_msgs/msg/VehicleConstraints.msg\n'}
[8.806183] (px4_msgs) StdoutLine: {'line': b'-- Up-to-date: /home/em/ros_workspace_2025/nav_ws/install/px4_msgs/share/px4_msgs/msg/VehicleControlMode.msg\n'}
[8.806440] (px4_msgs) StdoutLine: {'line': b'-- Up-to-date: /home/em/ros_workspace_2025/nav_ws/install/px4_msgs/share/px4_msgs/msg/VehicleGlobalPosition.msg\n'}
[8.806733] (px4_msgs) StdoutLine: {'line': b'-- Up-to-date: /home/em/ros_workspace_2025/nav_ws/install/px4_msgs/share/px4_msgs/msg/VehicleImu.msg\n'}
[8.807232] (px4_msgs) StdoutLine: {'line': b'-- Up-to-date: /home/em/ros_workspace_2025/nav_ws/install/px4_msgs/share/px4_msgs/msg/VehicleImuStatus.msg\n'}
[8.807517] (px4_msgs) StdoutLine: {'line': b'-- Up-to-date: /home/em/ros_workspace_2025/nav_ws/install/px4_msgs/share/px4_msgs/msg/VehicleLandDetected.msg\n'}
[8.807761] (px4_msgs) StdoutLine: {'line': b'-- Up-to-date: /home/em/ros_workspace_2025/nav_ws/install/px4_msgs/share/px4_msgs/msg/VehicleLocalPosition.msg\n'}
[8.808018] (px4_msgs) StdoutLine: {'line': b'-- Up-to-date: /home/em/ros_workspace_2025/nav_ws/install/px4_msgs/share/px4_msgs/msg/VehicleLocalPositionSetpoint.msg\n'}
[8.809232] (px4_msgs) StdoutLine: {'line': b'-- Up-to-date: /home/em/ros_workspace_2025/nav_ws/install/px4_msgs/share/px4_msgs/msg/VehicleMagnetometer.msg\n'}
[8.809464] (px4_msgs) StdoutLine: {'line': b'-- Up-to-date: /home/em/ros_workspace_2025/nav_ws/install/px4_msgs/share/px4_msgs/msg/VehicleOdometry.msg\n'}
[8.809727] (px4_msgs) StdoutLine: {'line': b'-- Up-to-date: /home/em/ros_workspace_2025/nav_ws/install/px4_msgs/share/px4_msgs/msg/VehicleOpticalFlow.msg\n'}
[8.809985] (px4_msgs) StdoutLine: {'line': b'-- Up-to-date: /home/em/ros_workspace_2025/nav_ws/install/px4_msgs/share/px4_msgs/msg/VehicleOpticalFlowVel.msg\n'}
[8.810301] (px4_msgs) StdoutLine: {'line': b'-- Up-to-date: /home/em/ros_workspace_2025/nav_ws/install/px4_msgs/share/px4_msgs/msg/VehicleRatesSetpoint.msg\n'}
[8.810517] (px4_msgs) StdoutLine: {'line': b'-- Up-to-date: /home/em/ros_workspace_2025/nav_ws/install/px4_msgs/share/px4_msgs/msg/VehicleRoi.msg\n'}
[8.810772] (px4_msgs) StdoutLine: {'line': b'-- Up-to-date: /home/em/ros_workspace_2025/nav_ws/install/px4_msgs/share/px4_msgs/msg/VehicleStatus.msg\n'}
[8.810927] (px4_msgs) StdoutLine: {'line': b'-- Up-to-date: /home/em/ros_workspace_2025/nav_ws/install/px4_msgs/share/px4_msgs/msg/VehicleThrustSetpoint.msg\n'}
[8.811272] (px4_msgs) StdoutLine: {'line': b'-- Up-to-date: /home/em/ros_workspace_2025/nav_ws/install/px4_msgs/share/px4_msgs/msg/VehicleTorqueSetpoint.msg\n'}
[8.811482] (px4_msgs) StdoutLine: {'line': b'-- Up-to-date: /home/em/ros_workspace_2025/nav_ws/install/px4_msgs/share/px4_msgs/msg/VehicleTrajectoryBezier.msg\n'}
[8.811673] (px4_msgs) StdoutLine: {'line': b'-- Up-to-date: /home/em/ros_workspace_2025/nav_ws/install/px4_msgs/share/px4_msgs/msg/VehicleTrajectoryWaypoint.msg\n'}
[8.811875] (px4_msgs) StdoutLine: {'line': b'-- Up-to-date: /home/em/ros_workspace_2025/nav_ws/install/px4_msgs/share/px4_msgs/msg/VelocityLimits.msg\n'}
[8.812170] (px4_msgs) StdoutLine: {'line': b'-- Up-to-date: /home/em/ros_workspace_2025/nav_ws/install/px4_msgs/share/px4_msgs/msg/VtolVehicleStatus.msg\n'}
[8.812459] (px4_msgs) StdoutLine: {'line': b'-- Up-to-date: /home/em/ros_workspace_2025/nav_ws/install/px4_msgs/share/px4_msgs/msg/WheelEncoders.msg\n'}
[8.812535] (px4_msgs) StdoutLine: {'line': b'-- Up-to-date: /home/em/ros_workspace_2025/nav_ws/install/px4_msgs/share/px4_msgs/msg/Wind.msg\n'}
[8.812838] (px4_msgs) StdoutLine: {'line': b'-- Up-to-date: /home/em/ros_workspace_2025/nav_ws/install/px4_msgs/share/px4_msgs/msg/YawEstimatorStatus.msg\n'}
[8.813202] (px4_msgs) StdoutLine: {'line': b'-- Up-to-date: /home/em/ros_workspace_2025/nav_ws/install/px4_msgs/share/px4_msgs/srv/VehicleCommand.srv\n'}
[8.813360] (px4_msgs) StdoutLine: {'line': b'-- Up-to-date: /home/em/ros_workspace_2025/nav_ws/install/px4_msgs/share/px4_msgs/srv/VehicleCommand_Request.msg\n'}
[8.813544] (px4_msgs) StdoutLine: {'line': b'-- Up-to-date: /home/em/ros_workspace_2025/nav_ws/install/px4_msgs/share/px4_msgs/srv/VehicleCommand_Response.msg\n'}
[8.813765] (px4_msgs) StdoutLine: {'line': b'-- Up-to-date: /home/em/ros_workspace_2025/nav_ws/install/px4_msgs/share/ament_index/resource_index/package_run_dependencies/px4_msgs\n'}
[8.814047] (px4_msgs) StdoutLine: {'line': b'-- Up-to-date: /home/em/ros_workspace_2025/nav_ws/install/px4_msgs/share/ament_index/resource_index/parent_prefix_path/px4_msgs\n'}
[8.814254] (px4_msgs) StdoutLine: {'line': b'-- Up-to-date: /home/em/ros_workspace_2025/nav_ws/install/px4_msgs/share/px4_msgs/environment/ament_prefix_path.sh\n'}
[8.814395] (px4_msgs) StdoutLine: {'line': b'-- Up-to-date: /home/em/ros_workspace_2025/nav_ws/install/px4_msgs/share/px4_msgs/environment/ament_prefix_path.dsv\n'}
[8.814582] (px4_msgs) StdoutLine: {'line': b'-- Up-to-date: /home/em/ros_workspace_2025/nav_ws/install/px4_msgs/share/px4_msgs/environment/path.sh\n'}
[8.814842] (px4_msgs) StdoutLine: {'line': b'-- Up-to-date: /home/em/ros_workspace_2025/nav_ws/install/px4_msgs/share/px4_msgs/environment/path.dsv\n'}
[8.815029] (px4_msgs) StdoutLine: {'line': b'-- Up-to-date: /home/em/ros_workspace_2025/nav_ws/install/px4_msgs/share/px4_msgs/local_setup.bash\n'}
[8.815231] (px4_msgs) StdoutLine: {'line': b'-- Up-to-date: /home/em/ros_workspace_2025/nav_ws/install/px4_msgs/share/px4_msgs/local_setup.sh\n'}
[8.815417] (px4_msgs) StdoutLine: {'line': b'-- Up-to-date: /home/em/ros_workspace_2025/nav_ws/install/px4_msgs/share/px4_msgs/local_setup.zsh\n'}
[8.815685] (px4_msgs) StdoutLine: {'line': b'-- Up-to-date: /home/em/ros_workspace_2025/nav_ws/install/px4_msgs/share/px4_msgs/local_setup.dsv\n'}
[8.815858] (px4_msgs) StdoutLine: {'line': b'-- Installing: /home/em/ros_workspace_2025/nav_ws/install/px4_msgs/share/px4_msgs/package.dsv\n'}
[8.816157] (px4_msgs) StdoutLine: {'line': b'-- Up-to-date: /home/em/ros_workspace_2025/nav_ws/install/px4_msgs/share/ament_index/resource_index/packages/px4_msgs\n'}
[8.816434] (px4_msgs) StdoutLine: {'line': b'-- Up-to-date: /home/em/ros_workspace_2025/nav_ws/install/px4_msgs/share/px4_msgs/cmake/export_px4_msgs__rosidl_generator_cExport.cmake\n'}
[8.816737] (px4_msgs) StdoutLine: {'line': b'-- Up-to-date: /home/em/ros_workspace_2025/nav_ws/install/px4_msgs/share/px4_msgs/cmake/export_px4_msgs__rosidl_generator_cExport-noconfig.cmake\n'}
[8.817067] (px4_msgs) StdoutLine: {'line': b'-- Up-to-date: /home/em/ros_workspace_2025/nav_ws/install/px4_msgs/share/px4_msgs/cmake/export_px4_msgs__rosidl_typesupport_fastrtps_cExport.cmake\n'}
[8.817147] (px4_msgs) StdoutLine: {'line': b'-- Up-to-date: /home/em/ros_workspace_2025/nav_ws/install/px4_msgs/share/px4_msgs/cmake/export_px4_msgs__rosidl_typesupport_fastrtps_cExport-noconfig.cmake\n'}
[8.817476] (px4_msgs) StdoutLine: {'line': b'-- Up-to-date: /home/em/ros_workspace_2025/nav_ws/install/px4_msgs/share/px4_msgs/cmake/export_px4_msgs__rosidl_generator_cppExport.cmake\n'}
[8.817761] (px4_msgs) StdoutLine: {'line': b'-- Up-to-date: /home/em/ros_workspace_2025/nav_ws/install/px4_msgs/share/px4_msgs/cmake/export_px4_msgs__rosidl_typesupport_fastrtps_cppExport.cmake\n'}
[8.817930] (px4_msgs) StdoutLine: {'line': b'-- Up-to-date: /home/em/ros_workspace_2025/nav_ws/install/px4_msgs/share/px4_msgs/cmake/export_px4_msgs__rosidl_typesupport_fastrtps_cppExport-noconfig.cmake\n'}
[8.818132] (px4_msgs) StdoutLine: {'line': b'-- Up-to-date: /home/em/ros_workspace_2025/nav_ws/install/px4_msgs/share/px4_msgs/cmake/px4_msgs__rosidl_typesupport_introspection_cExport.cmake\n'}
[8.818324] (px4_msgs) StdoutLine: {'line': b'-- Up-to-date: /home/em/ros_workspace_2025/nav_ws/install/px4_msgs/share/px4_msgs/cmake/px4_msgs__rosidl_typesupport_introspection_cExport-noconfig.cmake\n'}
[8.818618] (px4_msgs) StdoutLine: {'line': b'-- Up-to-date: /home/em/ros_workspace_2025/nav_ws/install/px4_msgs/share/px4_msgs/cmake/px4_msgs__rosidl_typesupport_cExport.cmake\n'}
[8.818786] (px4_msgs) StdoutLine: {'line': b'-- Up-to-date: /home/em/ros_workspace_2025/nav_ws/install/px4_msgs/share/px4_msgs/cmake/px4_msgs__rosidl_typesupport_cExport-noconfig.cmake\n'}
[8.818981] (px4_msgs) StdoutLine: {'line': b'-- Up-to-date: /home/em/ros_workspace_2025/nav_ws/install/px4_msgs/share/px4_msgs/cmake/px4_msgs__rosidl_typesupport_introspection_cppExport.cmake\n'}
[8.819263] (px4_msgs) StdoutLine: {'line': b'-- Up-to-date: /home/em/ros_workspace_2025/nav_ws/install/px4_msgs/share/px4_msgs/cmake/px4_msgs__rosidl_typesupport_introspection_cppExport-noconfig.cmake\n'}
[8.819520] (px4_msgs) StdoutLine: {'line': b'-- Up-to-date: /home/em/ros_workspace_2025/nav_ws/install/px4_msgs/share/px4_msgs/cmake/px4_msgs__rosidl_typesupport_cppExport.cmake\n'}
[8.819683] (px4_msgs) StdoutLine: {'line': b'-- Up-to-date: /home/em/ros_workspace_2025/nav_ws/install/px4_msgs/share/px4_msgs/cmake/px4_msgs__rosidl_typesupport_cppExport-noconfig.cmake\n'}
[8.819872] (px4_msgs) StdoutLine: {'line': b'-- Up-to-date: /home/em/ros_workspace_2025/nav_ws/install/px4_msgs/share/px4_msgs/cmake/export_px4_msgs__rosidl_generator_pyExport.cmake\n'}
[8.820058] (px4_msgs) StdoutLine: {'line': b'-- Up-to-date: /home/em/ros_workspace_2025/nav_ws/install/px4_msgs/share/px4_msgs/cmake/export_px4_msgs__rosidl_generator_pyExport-noconfig.cmake\n'}
[8.820403] (px4_msgs) StdoutLine: {'line': b'-- Up-to-date: /home/em/ros_workspace_2025/nav_ws/install/px4_msgs/share/px4_msgs/cmake/rosidl_cmake-extras.cmake\n'}
[8.820680] (px4_msgs) StdoutLine: {'line': b'-- Up-to-date: /home/em/ros_workspace_2025/nav_ws/install/px4_msgs/share/px4_msgs/cmake/ament_cmake_export_dependencies-extras.cmake\n'}
[8.820757] (px4_msgs) StdoutLine: {'line': b'-- Up-to-date: /home/em/ros_workspace_2025/nav_ws/install/px4_msgs/share/px4_msgs/cmake/ament_cmake_export_include_directories-extras.cmake\n'}
[8.821070] (px4_msgs) StdoutLine: {'line': b'-- Up-to-date: /home/em/ros_workspace_2025/nav_ws/install/px4_msgs/share/px4_msgs/cmake/ament_cmake_export_libraries-extras.cmake\n'}
[8.821314] (px4_msgs) StdoutLine: {'line': b'-- Up-to-date: /home/em/ros_workspace_2025/nav_ws/install/px4_msgs/share/px4_msgs/cmake/ament_cmake_export_targets-extras.cmake\n'}
[8.821487] (px4_msgs) StdoutLine: {'line': b'-- Up-to-date: /home/em/ros_workspace_2025/nav_ws/install/px4_msgs/share/px4_msgs/cmake/rosidl_cmake_export_typesupport_targets-extras.cmake\n'}
[8.821665] (px4_msgs) StdoutLine: {'line': b'-- Up-to-date: /home/em/ros_workspace_2025/nav_ws/install/px4_msgs/share/px4_msgs/cmake/rosidl_cmake_export_typesupport_libraries-extras.cmake\n'}
[8.821863] (px4_msgs) StdoutLine: {'line': b'-- Up-to-date: /home/em/ros_workspace_2025/nav_ws/install/px4_msgs/share/px4_msgs/cmake/px4_msgsConfig.cmake\n'}
[8.821968] (px4_msgs) StdoutLine: {'line': b'-- Up-to-date: /home/em/ros_workspace_2025/nav_ws/install/px4_msgs/share/px4_msgs/cmake/px4_msgsConfig-version.cmake\n'}
[8.822117] (px4_msgs) StdoutLine: {'line': b'-- Up-to-date: /home/em/ros_workspace_2025/nav_ws/install/px4_msgs/share/px4_msgs/package.xml\n'}
[8.825206] (px4_msgs) CommandEnded: {'returncode': 0}
[8.830274] (-) TimerEvent: {}
[8.930497] (-) TimerEvent: {}
[9.030775] (-) TimerEvent: {}
[9.131034] (-) TimerEvent: {}
[9.231312] (-) TimerEvent: {}
[9.331600] (-) TimerEvent: {}
[9.432091] (-) TimerEvent: {}
[9.532624] (-) TimerEvent: {}
[9.633071] (-) TimerEvent: {}
[9.733622] (-) TimerEvent: {}
[9.833920] (-) TimerEvent: {}
[9.934258] (-) TimerEvent: {}
[10.034446] (-) TimerEvent: {}
[10.134690] (-) TimerEvent: {}
[10.234905] (-) TimerEvent: {}
[10.335119] (-) TimerEvent: {}
[10.435479] (-) TimerEvent: {}
[10.535940] (-) TimerEvent: {}
[10.636269] (-) TimerEvent: {}
[10.736675] (-) TimerEvent: {}
[10.837005] (-) TimerEvent: {}
[10.937337] (-) TimerEvent: {}
[11.037664] (-) TimerEvent: {}
[11.138048] (-) TimerEvent: {}
[11.238422] (-) TimerEvent: {}
[11.338697] (-) TimerEvent: {}
[11.439105] (-) TimerEvent: {}
[11.539555] (-) TimerEvent: {}
[11.639886] (-) TimerEvent: {}
[11.740302] (-) TimerEvent: {}
[11.840594] (-) TimerEvent: {}
[11.941000] (-) TimerEvent: {}
[12.041415] (-) TimerEvent: {}
[12.141702] (-) TimerEvent: {}
[12.242204] (-) TimerEvent: {}
[12.342606] (-) TimerEvent: {}
[12.442928] (-) TimerEvent: {}
[12.543288] (-) TimerEvent: {}
[12.643762] (-) TimerEvent: {}
[12.744167] (-) TimerEvent: {}
[12.844428] (-) TimerEvent: {}
[12.944648] (-) TimerEvent: {}
[13.044883] (-) TimerEvent: {}
[13.145214] (-) TimerEvent: {}
[13.245573] (-) TimerEvent: {}
[13.345924] (-) TimerEvent: {}
[13.446395] (-) TimerEvent: {}
[13.546684] (-) TimerEvent: {}
[13.647136] (-) TimerEvent: {}
[13.747543] (-) TimerEvent: {}
[13.847817] (-) TimerEvent: {}
[13.948405] (-) TimerEvent: {}
[14.048698] (-) TimerEvent: {}
[14.149023] (-) TimerEvent: {}
[14.249415] (-) TimerEvent: {}
[14.350063] (-) TimerEvent: {}
[14.450424] (-) TimerEvent: {}
[14.550833] (-) TimerEvent: {}
[14.651175] (-) TimerEvent: {}
[14.751655] (-) TimerEvent: {}
[14.852108] (-) TimerEvent: {}
[14.952559] (-) TimerEvent: {}
[15.052916] (-) TimerEvent: {}
[15.153576] (-) TimerEvent: {}
[15.254100] (-) TimerEvent: {}
[15.354465] (-) TimerEvent: {}
[15.454727] (-) TimerEvent: {}
[15.555089] (-) TimerEvent: {}
[15.655450] (-) TimerEvent: {}
[15.755736] (-) TimerEvent: {}
[15.855973] (-) TimerEvent: {}
[15.956490] (-) TimerEvent: {}
[16.056787] (-) TimerEvent: {}
[16.157073] (-) TimerEvent: {}
[16.257638] (-) TimerEvent: {}
[16.358013] (-) TimerEvent: {}
[16.458319] (-) TimerEvent: {}
[16.558643] (-) TimerEvent: {}
[16.566476] (px4_msgs) JobEnded: {'identifier': 'px4_msgs', 'rc': 0}
[16.568253] (-) EventReactorShutdown: {}
