[0.000000] (-) TimerEvent: {}
[0.000529] (main) JobQueued: {'identifier': 'main', 'dependencies': OrderedDict()}
[0.000615] (multi_drone) JobQueued: {'identifier': 'multi_drone', 'dependencies': OrderedDict()}
[0.000627] (px4_msgs) JobQueued: {'identifier': 'px4_msgs', 'dependencies': OrderedDict()}
[0.000638] (main) JobStarted: {'identifier': 'main'}
[0.011834] (multi_drone) JobStarted: {'identifier': 'multi_drone'}
[0.027864] (px4_msgs) JobStarted: {'identifier': 'px4_msgs'}
[0.099812] (-) TimerEvent: {}
[0.200061] (-) TimerEvent: {}
[0.300331] (-) TimerEvent: {}
[0.400558] (-) TimerEvent: {}
[0.402551] (px4_msgs) JobProgress: {'identifier': 'px4_msgs', 'progress': 'cmake'}
[0.403196] (px4_msgs) JobProgress: {'identifier': 'px4_msgs', 'progress': 'build'}
[0.403806] (px4_msgs) Command: {'cmd': ['/usr/bin/cmake', '--build', '/home/em/ros_workspace_2025/nav_ws/build/px4_msgs', '--', '-j20', '-l20'], 'cwd': '/home/em/ros_workspace_2025/nav_ws/build/px4_msgs', 'env': OrderedDict([('LESSOPEN', '| /usr/bin/lesspipe %s'), ('LANGUAGE', 'en_CA:en'), ('SIM_GZ_HOME_LON', '-76.4278688'), ('USER', 'em'), ('FONTCONFIG_PATH', '/etc/fonts'), ('GIO_MODULE_DIR', '/home/em/snap/code/common/.cache/gio-modules'), ('XDG_SESSION_TYPE', 'wayland'), ('GIT_ASKPASS', '/snap/code/181/usr/share/code/resources/app/extensions/git/dist/askpass.sh'), ('GTK_EXE_PREFIX_VSCODE_SNAP_ORIG', ''), ('GDK_BACKEND_VSCODE_SNAP_ORIG', ''), ('SHLVL', '2'), ('LD_LIBRARY_PATH', '/home/em/ros_workspace_2025/nav_ws/install/px4_msgs/lib:/home/em/QADT2025/Nav2Workspace/install/px4_msgs/lib:/home/em/QADT2025/NavWorkspace/install/px4_ros_com/lib:/home/em/QADT2025/NavWorkspace/install/px4_msgs/lib:/opt/ros/humble/opt/rviz_ogre_vendor/lib:/opt/ros/humble/lib/x86_64-linux-gnu:/opt/ros/humble/lib'), ('HOME', '/home/em'), ('CHROME_DESKTOP', 'code.desktop'), ('LOCPATH_VSCODE_SNAP_ORIG', ''), ('OLDPWD', '/home/em/ros_workspace_2025/nav_ws/src/multi_drone/launch'), ('TERM_PROGRAM_VERSION', '1.98.1'), ('DESKTOP_SESSION', 'ubuntu'), ('GTK_PATH', '/snap/code/186/usr/lib/x86_64-linux-gnu/gtk-3.0'), ('XDG_DATA_HOME_VSCODE_SNAP_ORIG', ''), ('GTK_IM_MODULE_FILE', '/home/em/snap/code/common/.cache/immodules/immodules.cache'), ('ROS_PYTHON_VERSION', '3'), ('GNOME_SHELL_SESSION_MODE', 'ubuntu'), ('GTK_MODULES', 'gail:atk-bridge'), ('GSETTINGS_SCHEMA_DIR_VSCODE_SNAP_ORIG', ''), ('VSCODE_GIT_ASKPASS_MAIN', '/snap/code/181/usr/share/code/resources/app/extensions/git/dist/askpass-main.js'), ('VSCODE_GIT_ASKPASS_NODE', '/snap/code/181/usr/share/code/code'), ('PYDEVD_DISABLE_FILE_VALIDATION', '1'), ('SYSTEMD_EXEC_PID', '1903'), ('BUNDLED_DEBUGPY_PATH', '/home/em/.vscode/extensions/ms-python.debugpy-2025.4.1-linux-x64/bundled/libs/debugpy'), ('DBUS_SESSION_BUS_ADDRESS', 'unix:path=/run/user/1000/bus'), ('COLORTERM', 'truecolor'), ('IM_CONFIG_PHASE', '1'), ('WAYLAND_DISPLAY', 'wayland-0'), ('COLCON_PREFIX_PATH', '/home/em/ros_workspace_2025/nav_ws/install:/home/em/QADT2025/Nav2Workspace/install:/home/em/QADT2025/NavWorkspace/install'), ('ROS_DISTRO', 'humble'), ('LOGNAME', 'em'), ('_', '/usr/bin/colcon'), ('ROS_VERSION', '2'), ('XDG_CONFIG_DIRS_VSCODE_SNAP_ORIG', '/etc/xdg/xdg-ubuntu:/etc/xdg'), ('XDG_SESSION_CLASS', 'user'), ('XDG_DATA_DIRS_VSCODE_SNAP_ORIG', '/usr/share/ubuntu:/usr/local/share/:/usr/share/:/var/lib/snapd/desktop'), ('USERNAME', 'em'), ('TERM', 'xterm-256color'), ('GNOME_DESKTOP_SESSION_ID', 'this-is-deprecated'), ('ROS_LOCALHOST_ONLY', '0'), ('PATH', '/opt/ros/humble/bin:/opt/gcc-arm-none-eabi-9-2020-q2-update/bin:/home/em/.local/bin:/usr/local/sbin:/usr/local/bin:/usr/sbin:/usr/bin:/sbin:/bin:/usr/games:/usr/local/games:/snap/bin:/snap/bin:/home/em/.vscode/extensions/ms-python.debugpy-2025.4.1-linux-x64/bundled/scripts/noConfigScripts'), ('SESSION_MANAGER', 'local/qadt-dev:@/tmp/.ICE-unix/1879,unix/qadt-dev:/tmp/.ICE-unix/1879'), ('GTK_EXE_PREFIX', '/snap/code/186/usr'), ('XDG_MENU_PREFIX', 'gnome-'), ('GNOME_TERMINAL_SCREEN', '/org/gnome/Terminal/screen/56d4e64b_8b4b_4d06_a243_94240800618f'), ('GNOME_SETUP_DISPLAY', ':1'), ('XDG_RUNTIME_DIR', '/run/user/1000'), ('GDK_BACKEND', 'x11'), ('DISPLAY', ':0'), ('LOCPATH', '/snap/code/186/usr/lib/locale'), ('VSCODE_DEBUGPY_ADAPTER_ENDPOINTS', '/home/em/.vscode/extensions/ms-python.debugpy-2025.4.1-linux-x64/.noConfigDebugAdapterEndpoints/endpoint-8f556fec78916f3a.txt'), ('LANG', 'en_US.UTF-8'), ('XDG_CURRENT_DESKTOP', 'Unity'), ('GIO_MODULE_DIR_VSCODE_SNAP_ORIG', ''), ('XDG_DATA_HOME', '/home/em/snap/code/186/.local/share'), ('XMODIFIERS', '@im=ibus'), ('XDG_SESSION_DESKTOP', 'ubuntu'), ('XAUTHORITY', '/run/user/1000/.mutter-Xwaylandauth.LJAQ32'), ('LS_COLORS', 'rs=0:di=01;34:ln=01;36:mh=00:pi=40;33:so=01;35:do=01;35:bd=40;33;01:cd=40;33;01:or=40;31;01:mi=00:su=37;41:sg=30;43:ca=30;41:tw=30;42:ow=34;42:st=37;44:ex=01;32:*.tar=01;31:*.tgz=01;31:*.arc=01;31:*.arj=01;31:*.taz=01;31:*.lha=01;31:*.lz4=01;31:*.lzh=01;31:*.lzma=01;31:*.tlz=01;31:*.txz=01;31:*.tzo=01;31:*.t7z=01;31:*.zip=01;31:*.z=01;31:*.dz=01;31:*.gz=01;31:*.lrz=01;31:*.lz=01;31:*.lzo=01;31:*.xz=01;31:*.zst=01;31:*.tzst=01;31:*.bz2=01;31:*.bz=01;31:*.tbz=01;31:*.tbz2=01;31:*.tz=01;31:*.deb=01;31:*.rpm=01;31:*.jar=01;31:*.war=01;31:*.ear=01;31:*.sar=01;31:*.rar=01;31:*.alz=01;31:*.ace=01;31:*.zoo=01;31:*.cpio=01;31:*.7z=01;31:*.rz=01;31:*.cab=01;31:*.wim=01;31:*.swm=01;31:*.dwm=01;31:*.esd=01;31:*.jpg=01;35:*.jpeg=01;35:*.mjpg=01;35:*.mjpeg=01;35:*.gif=01;35:*.bmp=01;35:*.pbm=01;35:*.pgm=01;35:*.ppm=01;35:*.tga=01;35:*.xbm=01;35:*.xpm=01;35:*.tif=01;35:*.tiff=01;35:*.png=01;35:*.svg=01;35:*.svgz=01;35:*.mng=01;35:*.pcx=01;35:*.mov=01;35:*.mpg=01;35:*.mpeg=01;35:*.m2v=01;35:*.mkv=01;35:*.webm=01;35:*.webp=01;35:*.ogm=01;35:*.mp4=01;35:*.m4v=01;35:*.mp4v=01;35:*.vob=01;35:*.qt=01;35:*.nuv=01;35:*.wmv=01;35:*.asf=01;35:*.rm=01;35:*.rmvb=01;35:*.flc=01;35:*.avi=01;35:*.fli=01;35:*.flv=01;35:*.gl=01;35:*.dl=01;35:*.xcf=01;35:*.xwd=01;35:*.yuv=01;35:*.cgm=01;35:*.emf=01;35:*.ogv=01;35:*.ogx=01;35:*.aac=00;36:*.au=00;36:*.flac=00;36:*.m4a=00;36:*.mid=00;36:*.midi=00;36:*.mka=00;36:*.mp3=00;36:*.mpc=00;36:*.ogg=00;36:*.ra=00;36:*.wav=00;36:*.oga=00;36:*.opus=00;36:*.spx=00;36:*.xspf=00;36:'), ('VSCODE_GIT_IPC_HANDLE', '/run/user/1000/vscode-git-809af1fc1d.sock'), ('GNOME_TERMINAL_SERVICE', ':1.101'), ('TERM_PROGRAM', 'vscode'), ('SSH_AGENT_LAUNCHER', 'gnome-keyring'), ('SSH_AUTH_SOCK', '/run/user/1000/keyring/ssh'), ('GSETTINGS_SCHEMA_DIR', '/home/em/snap/code/186/.local/share/glib-2.0/schemas'), ('AMENT_PREFIX_PATH', '/home/em/ros_workspace_2025/nav_ws/install/multi_drone:/home/em/ros_workspace_2025/nav_ws/install/px4_msgs:/home/em/ros_workspace_2025/nav_ws/install/main:/home/em/QADT2025/Nav2Workspace/install/px4_msgs:/home/em/QADT2025/Nav2Workspace/install/TestWorkspace:/home/em/QADT2025/NavWorkspace/install/px4_ros_com:/home/em/QADT2025/NavWorkspace/install/px4_msgs:/opt/ros/humble'), ('ORIGINAL_XDG_CURRENT_DESKTOP', 'ubuntu:GNOME'), ('SHELL', '/bin/bash'), ('QT_ACCESSIBILITY', '1'), ('NO_AT_BRIDGE', '1'), ('GDMSESSION', 'ubuntu'), ('LESSCLOSE', '/usr/bin/lesspipe %s %s'), ('GTK_PATH_VSCODE_SNAP_ORIG', ''), ('FONTCONFIG_FILE', '/etc/fonts/fonts.conf'), ('GTK_IM_MODULE_FILE_VSCODE_SNAP_ORIG', ''), ('VSCODE_GIT_ASKPASS_EXTRA_ARGS', ''), ('QT_IM_MODULE', 'ibus'), ('SIM_GZ_HOME_LAT', '44.2872947'), ('PWD', '/home/em/ros_workspace_2025/nav_ws/build/px4_msgs'), ('SIM_GZ_HOME_ALT', '0'), ('LC_ALL', 'en_US.UTF-8'), ('XDG_CONFIG_DIRS', '/etc/xdg/xdg-ubuntu:/etc/xdg'), ('XDG_DATA_DIRS', '/home/em/snap/code/186/.local/share:/home/em/snap/code/186:/snap/code/186/usr/share:/usr/share/ubuntu:/usr/local/share/:/usr/share/:/var/lib/snapd/desktop'), ('PYTHONPATH', '/home/em/ros_workspace_2025/nav_ws/install/multi_drone/lib/python3.10/site-packages:/home/em/ros_workspace_2025/nav_ws/install/px4_msgs/local/lib/python3.10/dist-packages:/home/em/ros_workspace_2025/nav_ws/install/main/lib/python3.10/site-packages:/home/em/QADT2025/Nav2Workspace/install/px4_msgs/local/lib/python3.10/dist-packages:/home/em/QADT2025/Nav2Workspace/install/TestWorkspace/lib/python3.10/site-packages:/home/em/QADT2025/NavWorkspace/install/px4_ros_com/local/lib/python3.10/dist-packages:/home/em/QADT2025/NavWorkspace/install/px4_msgs/local/lib/python3.10/dist-packages:/opt/ros/humble/lib/python3.10/site-packages:/opt/ros/humble/local/lib/python3.10/dist-packages'), ('COLCON', '1'), ('VTE_VERSION', '6800'), ('CMAKE_PREFIX_PATH', '/home/em/ros_workspace_2025/nav_ws/install/px4_msgs:/home/em/QADT2025/Nav2Workspace/install/px4_msgs:/home/em/QADT2025/NavWorkspace/install/px4_ros_com:/home/em/QADT2025/NavWorkspace/install/px4_msgs:/home/em/ros_workspace_2025/nav_ws/install/multi_drone:/home/em/ros_workspace_2025/nav_ws/install/main:/home/em/QADT2025/Nav2Workspace/install/TestWorkspace:/opt/ros/humble')]), 'shell': False}
[0.500658] (-) TimerEvent: {}
[0.600861] (-) TimerEvent: {}
[0.701121] (-) TimerEvent: {}
[0.712138] (main) Command: {'cmd': ['/usr/bin/python3', '-W', 'ignore:setup.py install is deprecated', 'setup.py', 'egg_info', '--egg-base', '../../build/main', 'build', '--build-base', '/home/em/ros_workspace_2025/nav_ws/build/main/build', 'install', '--record', '/home/em/ros_workspace_2025/nav_ws/build/main/install.log', '--single-version-externally-managed', 'install_data'], 'cwd': '/home/em/ros_workspace_2025/nav_ws/src/main', 'env': {'LESSOPEN': '| /usr/bin/lesspipe %s', 'LANGUAGE': 'en_CA:en', 'SIM_GZ_HOME_LON': '-76.4278688', 'USER': 'em', 'FONTCONFIG_PATH': '/etc/fonts', 'GIO_MODULE_DIR': '/home/em/snap/code/common/.cache/gio-modules', 'XDG_SESSION_TYPE': 'wayland', 'GIT_ASKPASS': '/snap/code/181/usr/share/code/resources/app/extensions/git/dist/askpass.sh', 'GTK_EXE_PREFIX_VSCODE_SNAP_ORIG': '', 'GDK_BACKEND_VSCODE_SNAP_ORIG': '', 'SHLVL': '2', 'LD_LIBRARY_PATH': '/home/em/ros_workspace_2025/nav_ws/install/px4_msgs/lib:/home/em/QADT2025/Nav2Workspace/install/px4_msgs/lib:/home/em/QADT2025/NavWorkspace/install/px4_ros_com/lib:/home/em/QADT2025/NavWorkspace/install/px4_msgs/lib:/opt/ros/humble/opt/rviz_ogre_vendor/lib:/opt/ros/humble/lib/x86_64-linux-gnu:/opt/ros/humble/lib', 'HOME': '/home/em', 'CHROME_DESKTOP': 'code.desktop', 'LOCPATH_VSCODE_SNAP_ORIG': '', 'OLDPWD': '/home/em/ros_workspace_2025/nav_ws/src/multi_drone/launch', 'TERM_PROGRAM_VERSION': '1.98.1', 'DESKTOP_SESSION': 'ubuntu', 'GTK_PATH': '/snap/code/186/usr/lib/x86_64-linux-gnu/gtk-3.0', 'XDG_DATA_HOME_VSCODE_SNAP_ORIG': '', 'GTK_IM_MODULE_FILE': '/home/em/snap/code/common/.cache/immodules/immodules.cache', 'ROS_PYTHON_VERSION': '3', 'GNOME_SHELL_SESSION_MODE': 'ubuntu', 'GTK_MODULES': 'gail:atk-bridge', 'GSETTINGS_SCHEMA_DIR_VSCODE_SNAP_ORIG': '', 'VSCODE_GIT_ASKPASS_MAIN': '/snap/code/181/usr/share/code/resources/app/extensions/git/dist/askpass-main.js', 'VSCODE_GIT_ASKPASS_NODE': '/snap/code/181/usr/share/code/code', 'PYDEVD_DISABLE_FILE_VALIDATION': '1', 'SYSTEMD_EXEC_PID': '1903', 'BUNDLED_DEBUGPY_PATH': '/home/em/.vscode/extensions/ms-python.debugpy-2025.4.1-linux-x64/bundled/libs/debugpy', 'DBUS_SESSION_BUS_ADDRESS': 'unix:path=/run/user/1000/bus', 'COLORTERM': 'truecolor', 'IM_CONFIG_PHASE': '1', 'WAYLAND_DISPLAY': 'wayland-0', 'COLCON_PREFIX_PATH': '/home/em/ros_workspace_2025/nav_ws/install:/home/em/QADT2025/Nav2Workspace/install:/home/em/QADT2025/NavWorkspace/install', 'ROS_DISTRO': 'humble', 'LOGNAME': 'em', '_': '/usr/bin/colcon', 'ROS_VERSION': '2', 'XDG_CONFIG_DIRS_VSCODE_SNAP_ORIG': '/etc/xdg/xdg-ubuntu:/etc/xdg', 'XDG_SESSION_CLASS': 'user', 'XDG_DATA_DIRS_VSCODE_SNAP_ORIG': '/usr/share/ubuntu:/usr/local/share/:/usr/share/:/var/lib/snapd/desktop', 'USERNAME': 'em', 'TERM': 'xterm-256color', 'GNOME_DESKTOP_SESSION_ID': 'this-is-deprecated', 'ROS_LOCALHOST_ONLY': '0', 'PATH': '/opt/ros/humble/bin:/opt/gcc-arm-none-eabi-9-2020-q2-update/bin:/home/em/.local/bin:/usr/local/sbin:/usr/local/bin:/usr/sbin:/usr/bin:/sbin:/bin:/usr/games:/usr/local/games:/snap/bin:/snap/bin:/home/em/.vscode/extensions/ms-python.debugpy-2025.4.1-linux-x64/bundled/scripts/noConfigScripts', 'SESSION_MANAGER': 'local/qadt-dev:@/tmp/.ICE-unix/1879,unix/qadt-dev:/tmp/.ICE-unix/1879', 'GTK_EXE_PREFIX': '/snap/code/186/usr', 'XDG_MENU_PREFIX': 'gnome-', 'GNOME_TERMINAL_SCREEN': '/org/gnome/Terminal/screen/56d4e64b_8b4b_4d06_a243_94240800618f', 'GNOME_SETUP_DISPLAY': ':1', 'XDG_RUNTIME_DIR': '/run/user/1000', 'GDK_BACKEND': 'x11', 'DISPLAY': ':0', 'LOCPATH': '/snap/code/186/usr/lib/locale', 'VSCODE_DEBUGPY_ADAPTER_ENDPOINTS': '/home/em/.vscode/extensions/ms-python.debugpy-2025.4.1-linux-x64/.noConfigDebugAdapterEndpoints/endpoint-8f556fec78916f3a.txt', 'LANG': 'en_US.UTF-8', 'XDG_CURRENT_DESKTOP': 'Unity', 'GIO_MODULE_DIR_VSCODE_SNAP_ORIG': '', 'XDG_DATA_HOME': '/home/em/snap/code/186/.local/share', 'XMODIFIERS': '@im=ibus', 'XDG_SESSION_DESKTOP': 'ubuntu', 'XAUTHORITY': '/run/user/1000/.mutter-Xwaylandauth.LJAQ32', 'LS_COLORS': 'rs=0:di=01;34:ln=01;36:mh=00:pi=40;33:so=01;35:do=01;35:bd=40;33;01:cd=40;33;01:or=40;31;01:mi=00:su=37;41:sg=30;43:ca=30;41:tw=30;42:ow=34;42:st=37;44:ex=01;32:*.tar=01;31:*.tgz=01;31:*.arc=01;31:*.arj=01;31:*.taz=01;31:*.lha=01;31:*.lz4=01;31:*.lzh=01;31:*.lzma=01;31:*.tlz=01;31:*.txz=01;31:*.tzo=01;31:*.t7z=01;31:*.zip=01;31:*.z=01;31:*.dz=01;31:*.gz=01;31:*.lrz=01;31:*.lz=01;31:*.lzo=01;31:*.xz=01;31:*.zst=01;31:*.tzst=01;31:*.bz2=01;31:*.bz=01;31:*.tbz=01;31:*.tbz2=01;31:*.tz=01;31:*.deb=01;31:*.rpm=01;31:*.jar=01;31:*.war=01;31:*.ear=01;31:*.sar=01;31:*.rar=01;31:*.alz=01;31:*.ace=01;31:*.zoo=01;31:*.cpio=01;31:*.7z=01;31:*.rz=01;31:*.cab=01;31:*.wim=01;31:*.swm=01;31:*.dwm=01;31:*.esd=01;31:*.jpg=01;35:*.jpeg=01;35:*.mjpg=01;35:*.mjpeg=01;35:*.gif=01;35:*.bmp=01;35:*.pbm=01;35:*.pgm=01;35:*.ppm=01;35:*.tga=01;35:*.xbm=01;35:*.xpm=01;35:*.tif=01;35:*.tiff=01;35:*.png=01;35:*.svg=01;35:*.svgz=01;35:*.mng=01;35:*.pcx=01;35:*.mov=01;35:*.mpg=01;35:*.mpeg=01;35:*.m2v=01;35:*.mkv=01;35:*.webm=01;35:*.webp=01;35:*.ogm=01;35:*.mp4=01;35:*.m4v=01;35:*.mp4v=01;35:*.vob=01;35:*.qt=01;35:*.nuv=01;35:*.wmv=01;35:*.asf=01;35:*.rm=01;35:*.rmvb=01;35:*.flc=01;35:*.avi=01;35:*.fli=01;35:*.flv=01;35:*.gl=01;35:*.dl=01;35:*.xcf=01;35:*.xwd=01;35:*.yuv=01;35:*.cgm=01;35:*.emf=01;35:*.ogv=01;35:*.ogx=01;35:*.aac=00;36:*.au=00;36:*.flac=00;36:*.m4a=00;36:*.mid=00;36:*.midi=00;36:*.mka=00;36:*.mp3=00;36:*.mpc=00;36:*.ogg=00;36:*.ra=00;36:*.wav=00;36:*.oga=00;36:*.opus=00;36:*.spx=00;36:*.xspf=00;36:', 'VSCODE_GIT_IPC_HANDLE': '/run/user/1000/vscode-git-809af1fc1d.sock', 'GNOME_TERMINAL_SERVICE': ':1.101', 'TERM_PROGRAM': 'vscode', 'SSH_AGENT_LAUNCHER': 'gnome-keyring', 'SSH_AUTH_SOCK': '/run/user/1000/keyring/ssh', 'GSETTINGS_SCHEMA_DIR': '/home/em/snap/code/186/.local/share/glib-2.0/schemas', 'AMENT_PREFIX_PATH': '/home/em/ros_workspace_2025/nav_ws/install/multi_drone:/home/em/ros_workspace_2025/nav_ws/install/px4_msgs:/home/em/ros_workspace_2025/nav_ws/install/main:/home/em/QADT2025/Nav2Workspace/install/px4_msgs:/home/em/QADT2025/Nav2Workspace/install/TestWorkspace:/home/em/QADT2025/NavWorkspace/install/px4_ros_com:/home/em/QADT2025/NavWorkspace/install/px4_msgs:/opt/ros/humble', 'ORIGINAL_XDG_CURRENT_DESKTOP': 'ubuntu:GNOME', 'SHELL': '/bin/bash', 'QT_ACCESSIBILITY': '1', 'NO_AT_BRIDGE': '1', 'GDMSESSION': 'ubuntu', 'LESSCLOSE': '/usr/bin/lesspipe %s %s', 'GTK_PATH_VSCODE_SNAP_ORIG': '', 'FONTCONFIG_FILE': '/etc/fonts/fonts.conf', 'GTK_IM_MODULE_FILE_VSCODE_SNAP_ORIG': '', 'VSCODE_GIT_ASKPASS_EXTRA_ARGS': '', 'QT_IM_MODULE': 'ibus', 'SIM_GZ_HOME_LAT': '44.2872947', 'PWD': '/home/em/ros_workspace_2025/nav_ws/build/main', 'SIM_GZ_HOME_ALT': '0', 'LC_ALL': 'en_US.UTF-8', 'XDG_CONFIG_DIRS': '/etc/xdg/xdg-ubuntu:/etc/xdg', 'XDG_DATA_DIRS': '/home/em/snap/code/186/.local/share:/home/em/snap/code/186:/snap/code/186/usr/share:/usr/share/ubuntu:/usr/local/share/:/usr/share/:/var/lib/snapd/desktop', 'PYTHONPATH': '/home/em/ros_workspace_2025/nav_ws/build/main/prefix_override:/usr/lib/python3/dist-packages/colcon_core/task/python/colcon_distutils_commands:/home/em/ros_workspace_2025/nav_ws/install/main/lib/python3.10/site-packages:/home/em/ros_workspace_2025/nav_ws/install/multi_drone/lib/python3.10/site-packages:/home/em/ros_workspace_2025/nav_ws/install/px4_msgs/local/lib/python3.10/dist-packages:/home/em/ros_workspace_2025/nav_ws/install/main/lib/python3.10/site-packages:/home/em/QADT2025/Nav2Workspace/install/px4_msgs/local/lib/python3.10/dist-packages:/home/em/QADT2025/Nav2Workspace/install/TestWorkspace/lib/python3.10/site-packages:/home/em/QADT2025/NavWorkspace/install/px4_ros_com/local/lib/python3.10/dist-packages:/home/em/QADT2025/NavWorkspace/install/px4_msgs/local/lib/python3.10/dist-packages:/opt/ros/humble/lib/python3.10/site-packages:/opt/ros/humble/local/lib/python3.10/dist-packages', 'COLCON': '1', 'VTE_VERSION': '6800', 'CMAKE_PREFIX_PATH': '/home/em/ros_workspace_2025/nav_ws/install/px4_msgs:/home/em/QADT2025/Nav2Workspace/install/px4_msgs:/home/em/QADT2025/NavWorkspace/install/px4_ros_com:/home/em/QADT2025/NavWorkspace/install/px4_msgs'}, 'shell': False}
[0.764618] (multi_drone) Command: {'cmd': ['/usr/bin/python3', '-W', 'ignore:setup.py install is deprecated', 'setup.py', 'egg_info', '--egg-base', '../../build/multi_drone', 'build', '--build-base', '/home/em/ros_workspace_2025/nav_ws/build/multi_drone/build', 'install', '--record', '/home/em/ros_workspace_2025/nav_ws/build/multi_drone/install.log', '--single-version-externally-managed', 'install_data'], 'cwd': '/home/em/ros_workspace_2025/nav_ws/src/multi_drone', 'env': {'LESSOPEN': '| /usr/bin/lesspipe %s', 'LANGUAGE': 'en_CA:en', 'SIM_GZ_HOME_LON': '-76.4278688', 'USER': 'em', 'FONTCONFIG_PATH': '/etc/fonts', 'GIO_MODULE_DIR': '/home/em/snap/code/common/.cache/gio-modules', 'XDG_SESSION_TYPE': 'wayland', 'GIT_ASKPASS': '/snap/code/181/usr/share/code/resources/app/extensions/git/dist/askpass.sh', 'GTK_EXE_PREFIX_VSCODE_SNAP_ORIG': '', 'GDK_BACKEND_VSCODE_SNAP_ORIG': '', 'SHLVL': '2', 'LD_LIBRARY_PATH': '/home/em/ros_workspace_2025/nav_ws/install/px4_msgs/lib:/home/em/QADT2025/Nav2Workspace/install/px4_msgs/lib:/home/em/QADT2025/NavWorkspace/install/px4_ros_com/lib:/home/em/QADT2025/NavWorkspace/install/px4_msgs/lib:/opt/ros/humble/opt/rviz_ogre_vendor/lib:/opt/ros/humble/lib/x86_64-linux-gnu:/opt/ros/humble/lib', 'HOME': '/home/em', 'CHROME_DESKTOP': 'code.desktop', 'LOCPATH_VSCODE_SNAP_ORIG': '', 'OLDPWD': '/home/em/ros_workspace_2025/nav_ws/src/multi_drone/launch', 'TERM_PROGRAM_VERSION': '1.98.1', 'DESKTOP_SESSION': 'ubuntu', 'GTK_PATH': '/snap/code/186/usr/lib/x86_64-linux-gnu/gtk-3.0', 'XDG_DATA_HOME_VSCODE_SNAP_ORIG': '', 'GTK_IM_MODULE_FILE': '/home/em/snap/code/common/.cache/immodules/immodules.cache', 'ROS_PYTHON_VERSION': '3', 'GNOME_SHELL_SESSION_MODE': 'ubuntu', 'GTK_MODULES': 'gail:atk-bridge', 'GSETTINGS_SCHEMA_DIR_VSCODE_SNAP_ORIG': '', 'VSCODE_GIT_ASKPASS_MAIN': '/snap/code/181/usr/share/code/resources/app/extensions/git/dist/askpass-main.js', 'VSCODE_GIT_ASKPASS_NODE': '/snap/code/181/usr/share/code/code', 'PYDEVD_DISABLE_FILE_VALIDATION': '1', 'SYSTEMD_EXEC_PID': '1903', 'BUNDLED_DEBUGPY_PATH': '/home/em/.vscode/extensions/ms-python.debugpy-2025.4.1-linux-x64/bundled/libs/debugpy', 'DBUS_SESSION_BUS_ADDRESS': 'unix:path=/run/user/1000/bus', 'COLORTERM': 'truecolor', 'IM_CONFIG_PHASE': '1', 'WAYLAND_DISPLAY': 'wayland-0', 'COLCON_PREFIX_PATH': '/home/em/ros_workspace_2025/nav_ws/install:/home/em/QADT2025/Nav2Workspace/install:/home/em/QADT2025/NavWorkspace/install', 'ROS_DISTRO': 'humble', 'LOGNAME': 'em', '_': '/usr/bin/colcon', 'ROS_VERSION': '2', 'XDG_CONFIG_DIRS_VSCODE_SNAP_ORIG': '/etc/xdg/xdg-ubuntu:/etc/xdg', 'XDG_SESSION_CLASS': 'user', 'XDG_DATA_DIRS_VSCODE_SNAP_ORIG': '/usr/share/ubuntu:/usr/local/share/:/usr/share/:/var/lib/snapd/desktop', 'USERNAME': 'em', 'TERM': 'xterm-256color', 'GNOME_DESKTOP_SESSION_ID': 'this-is-deprecated', 'ROS_LOCALHOST_ONLY': '0', 'PATH': '/opt/ros/humble/bin:/opt/gcc-arm-none-eabi-9-2020-q2-update/bin:/home/em/.local/bin:/usr/local/sbin:/usr/local/bin:/usr/sbin:/usr/bin:/sbin:/bin:/usr/games:/usr/local/games:/snap/bin:/snap/bin:/home/em/.vscode/extensions/ms-python.debugpy-2025.4.1-linux-x64/bundled/scripts/noConfigScripts', 'SESSION_MANAGER': 'local/qadt-dev:@/tmp/.ICE-unix/1879,unix/qadt-dev:/tmp/.ICE-unix/1879', 'GTK_EXE_PREFIX': '/snap/code/186/usr', 'XDG_MENU_PREFIX': 'gnome-', 'GNOME_TERMINAL_SCREEN': '/org/gnome/Terminal/screen/56d4e64b_8b4b_4d06_a243_94240800618f', 'GNOME_SETUP_DISPLAY': ':1', 'XDG_RUNTIME_DIR': '/run/user/1000', 'GDK_BACKEND': 'x11', 'DISPLAY': ':0', 'LOCPATH': '/snap/code/186/usr/lib/locale', 'VSCODE_DEBUGPY_ADAPTER_ENDPOINTS': '/home/em/.vscode/extensions/ms-python.debugpy-2025.4.1-linux-x64/.noConfigDebugAdapterEndpoints/endpoint-8f556fec78916f3a.txt', 'LANG': 'en_US.UTF-8', 'XDG_CURRENT_DESKTOP': 'Unity', 'GIO_MODULE_DIR_VSCODE_SNAP_ORIG': '', 'XDG_DATA_HOME': '/home/em/snap/code/186/.local/share', 'XMODIFIERS': '@im=ibus', 'XDG_SESSION_DESKTOP': 'ubuntu', 'XAUTHORITY': '/run/user/1000/.mutter-Xwaylandauth.LJAQ32', 'LS_COLORS': 'rs=0:di=01;34:ln=01;36:mh=00:pi=40;33:so=01;35:do=01;35:bd=40;33;01:cd=40;33;01:or=40;31;01:mi=00:su=37;41:sg=30;43:ca=30;41:tw=30;42:ow=34;42:st=37;44:ex=01;32:*.tar=01;31:*.tgz=01;31:*.arc=01;31:*.arj=01;31:*.taz=01;31:*.lha=01;31:*.lz4=01;31:*.lzh=01;31:*.lzma=01;31:*.tlz=01;31:*.txz=01;31:*.tzo=01;31:*.t7z=01;31:*.zip=01;31:*.z=01;31:*.dz=01;31:*.gz=01;31:*.lrz=01;31:*.lz=01;31:*.lzo=01;31:*.xz=01;31:*.zst=01;31:*.tzst=01;31:*.bz2=01;31:*.bz=01;31:*.tbz=01;31:*.tbz2=01;31:*.tz=01;31:*.deb=01;31:*.rpm=01;31:*.jar=01;31:*.war=01;31:*.ear=01;31:*.sar=01;31:*.rar=01;31:*.alz=01;31:*.ace=01;31:*.zoo=01;31:*.cpio=01;31:*.7z=01;31:*.rz=01;31:*.cab=01;31:*.wim=01;31:*.swm=01;31:*.dwm=01;31:*.esd=01;31:*.jpg=01;35:*.jpeg=01;35:*.mjpg=01;35:*.mjpeg=01;35:*.gif=01;35:*.bmp=01;35:*.pbm=01;35:*.pgm=01;35:*.ppm=01;35:*.tga=01;35:*.xbm=01;35:*.xpm=01;35:*.tif=01;35:*.tiff=01;35:*.png=01;35:*.svg=01;35:*.svgz=01;35:*.mng=01;35:*.pcx=01;35:*.mov=01;35:*.mpg=01;35:*.mpeg=01;35:*.m2v=01;35:*.mkv=01;35:*.webm=01;35:*.webp=01;35:*.ogm=01;35:*.mp4=01;35:*.m4v=01;35:*.mp4v=01;35:*.vob=01;35:*.qt=01;35:*.nuv=01;35:*.wmv=01;35:*.asf=01;35:*.rm=01;35:*.rmvb=01;35:*.flc=01;35:*.avi=01;35:*.fli=01;35:*.flv=01;35:*.gl=01;35:*.dl=01;35:*.xcf=01;35:*.xwd=01;35:*.yuv=01;35:*.cgm=01;35:*.emf=01;35:*.ogv=01;35:*.ogx=01;35:*.aac=00;36:*.au=00;36:*.flac=00;36:*.m4a=00;36:*.mid=00;36:*.midi=00;36:*.mka=00;36:*.mp3=00;36:*.mpc=00;36:*.ogg=00;36:*.ra=00;36:*.wav=00;36:*.oga=00;36:*.opus=00;36:*.spx=00;36:*.xspf=00;36:', 'VSCODE_GIT_IPC_HANDLE': '/run/user/1000/vscode-git-809af1fc1d.sock', 'GNOME_TERMINAL_SERVICE': ':1.101', 'TERM_PROGRAM': 'vscode', 'SSH_AGENT_LAUNCHER': 'gnome-keyring', 'SSH_AUTH_SOCK': '/run/user/1000/keyring/ssh', 'GSETTINGS_SCHEMA_DIR': '/home/em/snap/code/186/.local/share/glib-2.0/schemas', 'AMENT_PREFIX_PATH': '/home/em/ros_workspace_2025/nav_ws/install/multi_drone:/home/em/ros_workspace_2025/nav_ws/install/px4_msgs:/home/em/ros_workspace_2025/nav_ws/install/main:/home/em/QADT2025/Nav2Workspace/install/px4_msgs:/home/em/QADT2025/Nav2Workspace/install/TestWorkspace:/home/em/QADT2025/NavWorkspace/install/px4_ros_com:/home/em/QADT2025/NavWorkspace/install/px4_msgs:/opt/ros/humble', 'ORIGINAL_XDG_CURRENT_DESKTOP': 'ubuntu:GNOME', 'SHELL': '/bin/bash', 'QT_ACCESSIBILITY': '1', 'NO_AT_BRIDGE': '1', 'GDMSESSION': 'ubuntu', 'LESSCLOSE': '/usr/bin/lesspipe %s %s', 'GTK_PATH_VSCODE_SNAP_ORIG': '', 'FONTCONFIG_FILE': '/etc/fonts/fonts.conf', 'GTK_IM_MODULE_FILE_VSCODE_SNAP_ORIG': '', 'VSCODE_GIT_ASKPASS_EXTRA_ARGS': '', 'QT_IM_MODULE': 'ibus', 'SIM_GZ_HOME_LAT': '44.2872947', 'PWD': '/home/em/ros_workspace_2025/nav_ws/build/multi_drone', 'SIM_GZ_HOME_ALT': '0', 'LC_ALL': 'en_US.UTF-8', 'XDG_CONFIG_DIRS': '/etc/xdg/xdg-ubuntu:/etc/xdg', 'XDG_DATA_DIRS': '/home/em/snap/code/186/.local/share:/home/em/snap/code/186:/snap/code/186/usr/share:/usr/share/ubuntu:/usr/local/share/:/usr/share/:/var/lib/snapd/desktop', 'PYTHONPATH': '/home/em/ros_workspace_2025/nav_ws/build/multi_drone/prefix_override:/usr/lib/python3/dist-packages/colcon_core/task/python/colcon_distutils_commands:/home/em/ros_workspace_2025/nav_ws/install/multi_drone/lib/python3.10/site-packages:/home/em/ros_workspace_2025/nav_ws/install/multi_drone/lib/python3.10/site-packages:/home/em/ros_workspace_2025/nav_ws/install/px4_msgs/local/lib/python3.10/dist-packages:/home/em/ros_workspace_2025/nav_ws/install/main/lib/python3.10/site-packages:/home/em/QADT2025/Nav2Workspace/install/px4_msgs/local/lib/python3.10/dist-packages:/home/em/QADT2025/Nav2Workspace/install/TestWorkspace/lib/python3.10/site-packages:/home/em/QADT2025/NavWorkspace/install/px4_ros_com/local/lib/python3.10/dist-packages:/home/em/QADT2025/NavWorkspace/install/px4_msgs/local/lib/python3.10/dist-packages:/opt/ros/humble/lib/python3.10/site-packages:/opt/ros/humble/local/lib/python3.10/dist-packages', 'COLCON': '1', 'VTE_VERSION': '6800', 'CMAKE_PREFIX_PATH': '/home/em/ros_workspace_2025/nav_ws/install/px4_msgs:/home/em/QADT2025/Nav2Workspace/install/px4_msgs:/home/em/QADT2025/NavWorkspace/install/px4_ros_com:/home/em/QADT2025/NavWorkspace/install/px4_msgs'}, 'shell': False}
[0.797854] (px4_msgs) StdoutLine: {'line': b'[  0%] Built target px4_msgs__cpp\n'}
[0.801215] (-) TimerEvent: {}
[0.827150] (px4_msgs) StdoutLine: {'line': b'[  0%] Built target ament_cmake_python_copy_px4_msgs\n'}
[0.843520] (px4_msgs) StdoutLine: {'line': b'[ 12%] Built target px4_msgs__rosidl_generator_c\n'}
[0.882502] (px4_msgs) StdoutLine: {'line': b'[ 24%] Built target px4_msgs__rosidl_typesupport_cpp\n'}
[0.888216] (multi_drone) StderrLine: {'line': b"/home/em/.local/lib/python3.10/site-packages/setuptools/_distutils/dist.py:261: UserWarning: Unknown distribution option: 'tests_require'\n"}
[0.888416] (multi_drone) StderrLine: {'line': b'  warnings.warn(msg)\n'}
[0.890898] (px4_msgs) StdoutLine: {'line': b'[ 37%] Built target px4_msgs__rosidl_typesupport_c\n'}
[0.898373] (px4_msgs) StdoutLine: {'line': b'[ 50%] Built target px4_msgs__rosidl_typesupport_introspection_cpp\n'}
[0.898852] (px4_msgs) StdoutLine: {'line': b'[ 63%] Built target px4_msgs__rosidl_typesupport_introspection_c\n'}
[0.901296] (-) TimerEvent: {}
[0.906548] (px4_msgs) StdoutLine: {'line': b'[ 75%] Built target px4_msgs__rosidl_typesupport_fastrtps_cpp\n'}
[0.930222] (px4_msgs) StdoutLine: {'line': b'[ 88%] Built target px4_msgs__rosidl_typesupport_fastrtps_c\n'}
[0.930990] (main) StdoutLine: {'line': b'running egg_info\n'}
[0.945993] (px4_msgs) StdoutLine: {'line': b'[ 88%] Built target px4_msgs\n'}
[0.947294] (main) StdoutLine: {'line': b'writing ../../build/main/main.egg-info/PKG-INFO\n'}
[0.947749] (main) StdoutLine: {'line': b'writing dependency_links to ../../build/main/main.egg-info/dependency_links.txt\n'}
[0.948004] (main) StdoutLine: {'line': b'writing requirements to ../../build/main/main.egg-info/requires.txt\n'}
[0.948125] (main) StdoutLine: {'line': b'writing top-level names to ../../build/main/main.egg-info/top_level.txt\n'}
[0.950484] (multi_drone) StdoutLine: {'line': b'running egg_info\n'}
[0.958741] (multi_drone) StdoutLine: {'line': b'writing ../../build/multi_drone/multi_drone.egg-info/PKG-INFO\n'}
[0.958990] (multi_drone) StdoutLine: {'line': b'writing dependency_links to ../../build/multi_drone/multi_drone.egg-info/dependency_links.txt\n'}
[0.959138] (multi_drone) StdoutLine: {'line': b'writing entry points to ../../build/multi_drone/multi_drone.egg-info/entry_points.txt\n'}
[0.959224] (multi_drone) StdoutLine: {'line': b'writing requirements to ../../build/multi_drone/multi_drone.egg-info/requires.txt\n'}
[0.959280] (multi_drone) StdoutLine: {'line': b'writing top-level names to ../../build/multi_drone/multi_drone.egg-info/top_level.txt\n'}
[0.968823] (px4_msgs) StdoutLine: {'line': b'[ 88%] Built target px4_msgs__py\n'}
[0.976819] (multi_drone) StdoutLine: {'line': b"reading manifest file '../../build/multi_drone/multi_drone.egg-info/SOURCES.txt'\n"}
[0.977736] (multi_drone) StdoutLine: {'line': b"writing manifest file '../../build/multi_drone/multi_drone.egg-info/SOURCES.txt'\n"}
[0.977859] (multi_drone) StdoutLine: {'line': b'running build\n'}
[0.977911] (multi_drone) StdoutLine: {'line': b'running build_py\n'}
[0.978173] (multi_drone) StdoutLine: {'line': b'copying multi_drone/__init__.py -> /home/em/ros_workspace_2025/nav_ws/build/multi_drone/build/lib/multi_drone\n'}
[0.978334] (multi_drone) StdoutLine: {'line': b'copying multi_drone/multi_takeoff_7.py -> /home/em/ros_workspace_2025/nav_ws/build/multi_drone/build/lib/multi_drone\n'}
[0.978481] (multi_drone) StdoutLine: {'line': b'copying multi_drone/multi_takeoff_1.py -> /home/em/ros_workspace_2025/nav_ws/build/multi_drone/build/lib/multi_drone\n'}
[0.978617] (multi_drone) StdoutLine: {'line': b'copying multi_drone/multi_takeoff_5.py -> /home/em/ros_workspace_2025/nav_ws/build/multi_drone/build/lib/multi_drone\n'}
[0.978735] (multi_drone) StdoutLine: {'line': b'copying multi_drone/multi_takeoff_8.py -> /home/em/ros_workspace_2025/nav_ws/build/multi_drone/build/lib/multi_drone\n'}
[0.978850] (multi_drone) StdoutLine: {'line': b'copying multi_drone/multi_takeoff_6.py -> /home/em/ros_workspace_2025/nav_ws/build/multi_drone/build/lib/multi_drone\n'}
[0.978967] (multi_drone) StdoutLine: {'line': b'copying multi_drone/multi_takeoff_2.py -> /home/em/ros_workspace_2025/nav_ws/build/multi_drone/build/lib/multi_drone\n'}
[0.979069] (multi_drone) StdoutLine: {'line': b'copying multi_drone/multi_takeoff_4.py -> /home/em/ros_workspace_2025/nav_ws/build/multi_drone/build/lib/multi_drone\n'}
[0.979167] (multi_drone) StdoutLine: {'line': b'copying multi_drone/multi_takeoff_3.py -> /home/em/ros_workspace_2025/nav_ws/build/multi_drone/build/lib/multi_drone\n'}
[0.979465] (multi_drone) StdoutLine: {'line': b'running install\n'}
[0.981590] (px4_msgs) StdoutLine: {'line': b'running egg_info\n'}
[0.982485] (multi_drone) StdoutLine: {'line': b'running install_lib\n'}
[0.982740] (main) StdoutLine: {'line': b"reading manifest file '../../build/main/main.egg-info/SOURCES.txt'\n"}
[0.984079] (main) StdoutLine: {'line': b"writing manifest file '../../build/main/main.egg-info/SOURCES.txt'\n"}
[0.984227] (main) StdoutLine: {'line': b'running build\n'}
[0.984270] (main) StdoutLine: {'line': b'running build_py\n'}
[0.984647] (main) StdoutLine: {'line': b'copying main/__init__.py -> /home/em/ros_workspace_2025/nav_ws/build/main/build/lib/main\n'}
[0.984775] (main) StdoutLine: {'line': b'copying main/takeoff_land_offboard.py -> /home/em/ros_workspace_2025/nav_ws/build/main/build/lib/main\n'}
[0.985077] (main) StdoutLine: {'line': b'running install\n'}
[0.989283] (main) StdoutLine: {'line': b'running install_lib\n'}
[0.991132] (multi_drone) StdoutLine: {'line': b'running install_data\n'}
[0.991333] (multi_drone) StdoutLine: {'line': b'copying resource/multi_drone -> /home/em/ros_workspace_2025/nav_ws/install/multi_drone/share/ament_index/resource_index/packages\n'}
[0.991497] (multi_drone) StdoutLine: {'line': b'copying package.xml -> /home/em/ros_workspace_2025/nav_ws/install/multi_drone/share/multi_drone\n'}
[0.991581] (multi_drone) StdoutLine: {'line': b'running install_egg_info\n'}
[0.993824] (px4_msgs) StdoutLine: {'line': b'writing px4_msgs.egg-info/PKG-INFO\n'}
[0.994069] (px4_msgs) StdoutLine: {'line': b'writing dependency_links to px4_msgs.egg-info/dependency_links.txt\n'}
[0.994217] (px4_msgs) StdoutLine: {'line': b'writing top-level names to px4_msgs.egg-info/top_level.txt\n'}
[1.000225] (multi_drone) StdoutLine: {'line': b"removing '/home/em/ros_workspace_2025/nav_ws/install/multi_drone/lib/python3.10/site-packages/multi_drone-0.0.0-py3.10.egg-info' (and everything under it)\n"}
[1.000393] (multi_drone) StdoutLine: {'line': b'Copying ../../build/multi_drone/multi_drone.egg-info to /home/em/ros_workspace_2025/nav_ws/install/multi_drone/lib/python3.10/site-packages/multi_drone-0.0.0-py3.10.egg-info\n'}
[1.000786] (multi_drone) StdoutLine: {'line': b'running install_scripts\n'}
[1.001351] (-) TimerEvent: {}
[1.006652] (main) StdoutLine: {'line': b'running install_data\n'}
[1.006832] (main) StdoutLine: {'line': b'copying resource/main -> /home/em/ros_workspace_2025/nav_ws/install/main/share/ament_index/resource_index/packages\n'}
[1.006970] (main) StdoutLine: {'line': b'copying package.xml -> /home/em/ros_workspace_2025/nav_ws/install/main/share/main\n'}
[1.007058] (main) StdoutLine: {'line': b'running install_egg_info\n'}
[1.023690] (px4_msgs) StdoutLine: {'line': b"reading manifest file 'px4_msgs.egg-info/SOURCES.txt'\n"}
[1.025354] (main) StdoutLine: {'line': b"removing '/home/em/ros_workspace_2025/nav_ws/install/main/lib/python3.10/site-packages/main-0.0.0-py3.10.egg-info' (and everything under it)\n"}
[1.025557] (main) StdoutLine: {'line': b'Copying ../../build/main/main.egg-info to /home/em/ros_workspace_2025/nav_ws/install/main/lib/python3.10/site-packages/main-0.0.0-py3.10.egg-info\n'}
[1.025948] (main) StdoutLine: {'line': b'running install_scripts\n'}
[1.028722] (px4_msgs) StdoutLine: {'line': b"writing manifest file 'px4_msgs.egg-info/SOURCES.txt'\n"}
[1.046313] (px4_msgs) StdoutLine: {'line': b'[100%] Built target px4_msgs__rosidl_generator_py\n'}
[1.048229] (px4_msgs) StdoutLine: {'line': b'[100%] Built target ament_cmake_python_build_px4_msgs_egg\n'}
[1.067130] (px4_msgs) StdoutLine: {'line': b'[100%] Built target px4_msgs__rosidl_typesupport_c__pyext\n'}
[1.067865] (px4_msgs) StdoutLine: {'line': b'[100%] Built target px4_msgs__rosidl_typesupport_introspection_c__pyext\n'}
[1.067938] (px4_msgs) StdoutLine: {'line': b'[100%] Built target px4_msgs__rosidl_typesupport_fastrtps_c__pyext\n'}
[1.075197] (multi_drone) StdoutLine: {'line': b'Installing multi_takeoff_1 script to /home/em/ros_workspace_2025/nav_ws/install/multi_drone/lib/multi_drone\n'}
[1.075328] (multi_drone) StdoutLine: {'line': b'Installing multi_takeoff_2 script to /home/em/ros_workspace_2025/nav_ws/install/multi_drone/lib/multi_drone\n'}
[1.075384] (multi_drone) StdoutLine: {'line': b'Installing multi_takeoff_3 script to /home/em/ros_workspace_2025/nav_ws/install/multi_drone/lib/multi_drone\n'}
[1.075436] (multi_drone) StdoutLine: {'line': b'Installing multi_takeoff_4 script to /home/em/ros_workspace_2025/nav_ws/install/multi_drone/lib/multi_drone\n'}
[1.075465] (multi_drone) StdoutLine: {'line': b'Installing multi_takeoff_5 script to /home/em/ros_workspace_2025/nav_ws/install/multi_drone/lib/multi_drone\n'}
[1.075505] (multi_drone) StdoutLine: {'line': b'Installing multi_takeoff_6 script to /home/em/ros_workspace_2025/nav_ws/install/multi_drone/lib/multi_drone\n'}
[1.075545] (multi_drone) StdoutLine: {'line': b'Installing multi_takeoff_7 script to /home/em/ros_workspace_2025/nav_ws/install/multi_drone/lib/multi_drone\n'}
[1.075590] (multi_drone) StdoutLine: {'line': b'Installing multi_takeoff_8 script to /home/em/ros_workspace_2025/nav_ws/install/multi_drone/lib/multi_drone\n'}
[1.075773] (multi_drone) StdoutLine: {'line': b"writing list of installed files to '/home/em/ros_workspace_2025/nav_ws/build/multi_drone/install.log'\n"}
[1.077810] (px4_msgs) CommandEnded: {'returncode': 0}
[1.092320] (multi_drone) CommandEnded: {'returncode': 0}
[1.098356] (multi_drone) JobEnded: {'identifier': 'multi_drone', 'rc': 0}
[1.101420] (-) TimerEvent: {}
[1.114850] (main) StdoutLine: {'line': b"writing list of installed files to '/home/em/ros_workspace_2025/nav_ws/build/main/install.log'\n"}
[1.137437] (main) CommandEnded: {'returncode': 0}
[1.140821] (main) JobEnded: {'identifier': 'main', 'rc': 0}
[1.201538] (-) TimerEvent: {}
[1.301890] (-) TimerEvent: {}
[1.402215] (-) TimerEvent: {}
[1.502524] (-) TimerEvent: {}
[1.603168] (-) TimerEvent: {}
[1.703661] (-) TimerEvent: {}
[1.804029] (-) TimerEvent: {}
[1.904529] (-) TimerEvent: {}
[2.005048] (-) TimerEvent: {}
[2.105338] (-) TimerEvent: {}
[2.205805] (-) TimerEvent: {}
[2.306069] (-) TimerEvent: {}
[2.406797] (-) TimerEvent: {}
[2.507540] (-) TimerEvent: {}
[2.607971] (-) TimerEvent: {}
[2.708336] (-) TimerEvent: {}
[2.808576] (-) TimerEvent: {}
[2.908856] (-) TimerEvent: {}
[3.009253] (-) TimerEvent: {}
[3.109679] (-) TimerEvent: {}
[3.210228] (-) TimerEvent: {}
[3.310573] (-) TimerEvent: {}
[3.410926] (-) TimerEvent: {}
[3.511187] (-) TimerEvent: {}
[3.611501] (-) TimerEvent: {}
[3.711865] (-) TimerEvent: {}
[3.812299] (-) TimerEvent: {}
[3.912791] (-) TimerEvent: {}
[4.013175] (-) TimerEvent: {}
[4.113468] (-) TimerEvent: {}
[4.213757] (-) TimerEvent: {}
[4.314167] (-) TimerEvent: {}
[4.414565] (-) TimerEvent: {}
[4.515202] (-) TimerEvent: {}
[4.615639] (-) TimerEvent: {}
[4.716014] (-) TimerEvent: {}
[4.816385] (-) TimerEvent: {}
[4.916946] (-) TimerEvent: {}
[5.017455] (-) TimerEvent: {}
[5.118013] (-) TimerEvent: {}
[5.218593] (-) TimerEvent: {}
[5.319139] (-) TimerEvent: {}
[5.419561] (-) TimerEvent: {}
[5.519931] (-) TimerEvent: {}
[5.620259] (-) TimerEvent: {}
[5.720531] (-) TimerEvent: {}
[5.820824] (-) TimerEvent: {}
[5.921231] (-) TimerEvent: {}
[6.021597] (-) TimerEvent: {}
[6.121927] (-) TimerEvent: {}
[6.222338] (-) TimerEvent: {}
[6.322664] (-) TimerEvent: {}
[6.422991] (-) TimerEvent: {}
[6.523321] (-) TimerEvent: {}
[6.623694] (-) TimerEvent: {}
[6.724069] (-) TimerEvent: {}
[6.824519] (-) TimerEvent: {}
[6.924914] (-) TimerEvent: {}
[7.025534] (-) TimerEvent: {}
[7.125943] (-) TimerEvent: {}
[7.226380] (-) TimerEvent: {}
[7.326890] (-) TimerEvent: {}
[7.427391] (-) TimerEvent: {}
[7.527763] (-) TimerEvent: {}
[7.628142] (-) TimerEvent: {}
[7.728490] (-) TimerEvent: {}
[7.828818] (-) TimerEvent: {}
[7.929157] (-) TimerEvent: {}
[8.029615] (-) TimerEvent: {}
[8.129967] (-) TimerEvent: {}
[8.230754] (-) TimerEvent: {}
[8.331344] (-) TimerEvent: {}
[8.431817] (-) TimerEvent: {}
[8.532408] (-) TimerEvent: {}
[8.633059] (-) TimerEvent: {}
[8.733369] (-) TimerEvent: {}
[8.833738] (-) TimerEvent: {}
[8.934067] (-) TimerEvent: {}
[9.034380] (-) TimerEvent: {}
[9.134871] (-) TimerEvent: {}
[9.235230] (-) TimerEvent: {}
[9.335512] (-) TimerEvent: {}
[9.435878] (-) TimerEvent: {}
[9.515046] (px4_msgs) JobProgress: {'identifier': 'px4_msgs', 'progress': 'install'}
[9.533115] (px4_msgs) Command: {'cmd': ['/usr/bin/cmake', '--install', '/home/em/ros_workspace_2025/nav_ws/build/px4_msgs'], 'cwd': '/home/em/ros_workspace_2025/nav_ws/build/px4_msgs', 'env': OrderedDict([('LESSOPEN', '| /usr/bin/lesspipe %s'), ('LANGUAGE', 'en_CA:en'), ('SIM_GZ_HOME_LON', '-76.4278688'), ('USER', 'em'), ('FONTCONFIG_PATH', '/etc/fonts'), ('GIO_MODULE_DIR', '/home/em/snap/code/common/.cache/gio-modules'), ('XDG_SESSION_TYPE', 'wayland'), ('GIT_ASKPASS', '/snap/code/181/usr/share/code/resources/app/extensions/git/dist/askpass.sh'), ('GTK_EXE_PREFIX_VSCODE_SNAP_ORIG', ''), ('GDK_BACKEND_VSCODE_SNAP_ORIG', ''), ('SHLVL', '2'), ('LD_LIBRARY_PATH', '/home/em/ros_workspace_2025/nav_ws/install/px4_msgs/lib:/home/em/QADT2025/Nav2Workspace/install/px4_msgs/lib:/home/em/QADT2025/NavWorkspace/install/px4_ros_com/lib:/home/em/QADT2025/NavWorkspace/install/px4_msgs/lib:/opt/ros/humble/opt/rviz_ogre_vendor/lib:/opt/ros/humble/lib/x86_64-linux-gnu:/opt/ros/humble/lib'), ('HOME', '/home/em'), ('CHROME_DESKTOP', 'code.desktop'), ('LOCPATH_VSCODE_SNAP_ORIG', ''), ('OLDPWD', '/home/em/ros_workspace_2025/nav_ws/src/multi_drone/launch'), ('TERM_PROGRAM_VERSION', '1.98.1'), ('DESKTOP_SESSION', 'ubuntu'), ('GTK_PATH', '/snap/code/186/usr/lib/x86_64-linux-gnu/gtk-3.0'), ('XDG_DATA_HOME_VSCODE_SNAP_ORIG', ''), ('GTK_IM_MODULE_FILE', '/home/em/snap/code/common/.cache/immodules/immodules.cache'), ('ROS_PYTHON_VERSION', '3'), ('GNOME_SHELL_SESSION_MODE', 'ubuntu'), ('GTK_MODULES', 'gail:atk-bridge'), ('GSETTINGS_SCHEMA_DIR_VSCODE_SNAP_ORIG', ''), ('VSCODE_GIT_ASKPASS_MAIN', '/snap/code/181/usr/share/code/resources/app/extensions/git/dist/askpass-main.js'), ('VSCODE_GIT_ASKPASS_NODE', '/snap/code/181/usr/share/code/code'), ('PYDEVD_DISABLE_FILE_VALIDATION', '1'), ('SYSTEMD_EXEC_PID', '1903'), ('BUNDLED_DEBUGPY_PATH', '/home/em/.vscode/extensions/ms-python.debugpy-2025.4.1-linux-x64/bundled/libs/debugpy'), ('DBUS_SESSION_BUS_ADDRESS', 'unix:path=/run/user/1000/bus'), ('COLORTERM', 'truecolor'), ('IM_CONFIG_PHASE', '1'), ('WAYLAND_DISPLAY', 'wayland-0'), ('COLCON_PREFIX_PATH', '/home/em/ros_workspace_2025/nav_ws/install:/home/em/QADT2025/Nav2Workspace/install:/home/em/QADT2025/NavWorkspace/install'), ('ROS_DISTRO', 'humble'), ('LOGNAME', 'em'), ('_', '/usr/bin/colcon'), ('ROS_VERSION', '2'), ('XDG_CONFIG_DIRS_VSCODE_SNAP_ORIG', '/etc/xdg/xdg-ubuntu:/etc/xdg'), ('XDG_SESSION_CLASS', 'user'), ('XDG_DATA_DIRS_VSCODE_SNAP_ORIG', '/usr/share/ubuntu:/usr/local/share/:/usr/share/:/var/lib/snapd/desktop'), ('USERNAME', 'em'), ('TERM', 'xterm-256color'), ('GNOME_DESKTOP_SESSION_ID', 'this-is-deprecated'), ('ROS_LOCALHOST_ONLY', '0'), ('PATH', '/opt/ros/humble/bin:/opt/gcc-arm-none-eabi-9-2020-q2-update/bin:/home/em/.local/bin:/usr/local/sbin:/usr/local/bin:/usr/sbin:/usr/bin:/sbin:/bin:/usr/games:/usr/local/games:/snap/bin:/snap/bin:/home/em/.vscode/extensions/ms-python.debugpy-2025.4.1-linux-x64/bundled/scripts/noConfigScripts'), ('SESSION_MANAGER', 'local/qadt-dev:@/tmp/.ICE-unix/1879,unix/qadt-dev:/tmp/.ICE-unix/1879'), ('GTK_EXE_PREFIX', '/snap/code/186/usr'), ('XDG_MENU_PREFIX', 'gnome-'), ('GNOME_TERMINAL_SCREEN', '/org/gnome/Terminal/screen/56d4e64b_8b4b_4d06_a243_94240800618f'), ('GNOME_SETUP_DISPLAY', ':1'), ('XDG_RUNTIME_DIR', '/run/user/1000'), ('GDK_BACKEND', 'x11'), ('DISPLAY', ':0'), ('LOCPATH', '/snap/code/186/usr/lib/locale'), ('VSCODE_DEBUGPY_ADAPTER_ENDPOINTS', '/home/em/.vscode/extensions/ms-python.debugpy-2025.4.1-linux-x64/.noConfigDebugAdapterEndpoints/endpoint-8f556fec78916f3a.txt'), ('LANG', 'en_US.UTF-8'), ('XDG_CURRENT_DESKTOP', 'Unity'), ('GIO_MODULE_DIR_VSCODE_SNAP_ORIG', ''), ('XDG_DATA_HOME', '/home/em/snap/code/186/.local/share'), ('XMODIFIERS', '@im=ibus'), ('XDG_SESSION_DESKTOP', 'ubuntu'), ('XAUTHORITY', '/run/user/1000/.mutter-Xwaylandauth.LJAQ32'), ('LS_COLORS', 'rs=0:di=01;34:ln=01;36:mh=00:pi=40;33:so=01;35:do=01;35:bd=40;33;01:cd=40;33;01:or=40;31;01:mi=00:su=37;41:sg=30;43:ca=30;41:tw=30;42:ow=34;42:st=37;44:ex=01;32:*.tar=01;31:*.tgz=01;31:*.arc=01;31:*.arj=01;31:*.taz=01;31:*.lha=01;31:*.lz4=01;31:*.lzh=01;31:*.lzma=01;31:*.tlz=01;31:*.txz=01;31:*.tzo=01;31:*.t7z=01;31:*.zip=01;31:*.z=01;31:*.dz=01;31:*.gz=01;31:*.lrz=01;31:*.lz=01;31:*.lzo=01;31:*.xz=01;31:*.zst=01;31:*.tzst=01;31:*.bz2=01;31:*.bz=01;31:*.tbz=01;31:*.tbz2=01;31:*.tz=01;31:*.deb=01;31:*.rpm=01;31:*.jar=01;31:*.war=01;31:*.ear=01;31:*.sar=01;31:*.rar=01;31:*.alz=01;31:*.ace=01;31:*.zoo=01;31:*.cpio=01;31:*.7z=01;31:*.rz=01;31:*.cab=01;31:*.wim=01;31:*.swm=01;31:*.dwm=01;31:*.esd=01;31:*.jpg=01;35:*.jpeg=01;35:*.mjpg=01;35:*.mjpeg=01;35:*.gif=01;35:*.bmp=01;35:*.pbm=01;35:*.pgm=01;35:*.ppm=01;35:*.tga=01;35:*.xbm=01;35:*.xpm=01;35:*.tif=01;35:*.tiff=01;35:*.png=01;35:*.svg=01;35:*.svgz=01;35:*.mng=01;35:*.pcx=01;35:*.mov=01;35:*.mpg=01;35:*.mpeg=01;35:*.m2v=01;35:*.mkv=01;35:*.webm=01;35:*.webp=01;35:*.ogm=01;35:*.mp4=01;35:*.m4v=01;35:*.mp4v=01;35:*.vob=01;35:*.qt=01;35:*.nuv=01;35:*.wmv=01;35:*.asf=01;35:*.rm=01;35:*.rmvb=01;35:*.flc=01;35:*.avi=01;35:*.fli=01;35:*.flv=01;35:*.gl=01;35:*.dl=01;35:*.xcf=01;35:*.xwd=01;35:*.yuv=01;35:*.cgm=01;35:*.emf=01;35:*.ogv=01;35:*.ogx=01;35:*.aac=00;36:*.au=00;36:*.flac=00;36:*.m4a=00;36:*.mid=00;36:*.midi=00;36:*.mka=00;36:*.mp3=00;36:*.mpc=00;36:*.ogg=00;36:*.ra=00;36:*.wav=00;36:*.oga=00;36:*.opus=00;36:*.spx=00;36:*.xspf=00;36:'), ('VSCODE_GIT_IPC_HANDLE', '/run/user/1000/vscode-git-809af1fc1d.sock'), ('GNOME_TERMINAL_SERVICE', ':1.101'), ('TERM_PROGRAM', 'vscode'), ('SSH_AGENT_LAUNCHER', 'gnome-keyring'), ('SSH_AUTH_SOCK', '/run/user/1000/keyring/ssh'), ('GSETTINGS_SCHEMA_DIR', '/home/em/snap/code/186/.local/share/glib-2.0/schemas'), ('AMENT_PREFIX_PATH', '/home/em/ros_workspace_2025/nav_ws/install/multi_drone:/home/em/ros_workspace_2025/nav_ws/install/px4_msgs:/home/em/ros_workspace_2025/nav_ws/install/main:/home/em/QADT2025/Nav2Workspace/install/px4_msgs:/home/em/QADT2025/Nav2Workspace/install/TestWorkspace:/home/em/QADT2025/NavWorkspace/install/px4_ros_com:/home/em/QADT2025/NavWorkspace/install/px4_msgs:/opt/ros/humble'), ('ORIGINAL_XDG_CURRENT_DESKTOP', 'ubuntu:GNOME'), ('SHELL', '/bin/bash'), ('QT_ACCESSIBILITY', '1'), ('NO_AT_BRIDGE', '1'), ('GDMSESSION', 'ubuntu'), ('LESSCLOSE', '/usr/bin/lesspipe %s %s'), ('GTK_PATH_VSCODE_SNAP_ORIG', ''), ('FONTCONFIG_FILE', '/etc/fonts/fonts.conf'), ('GTK_IM_MODULE_FILE_VSCODE_SNAP_ORIG', ''), ('VSCODE_GIT_ASKPASS_EXTRA_ARGS', ''), ('QT_IM_MODULE', 'ibus'), ('SIM_GZ_HOME_LAT', '44.2872947'), ('PWD', '/home/em/ros_workspace_2025/nav_ws/build/px4_msgs'), ('SIM_GZ_HOME_ALT', '0'), ('LC_ALL', 'en_US.UTF-8'), ('XDG_CONFIG_DIRS', '/etc/xdg/xdg-ubuntu:/etc/xdg'), ('XDG_DATA_DIRS', '/home/em/snap/code/186/.local/share:/home/em/snap/code/186:/snap/code/186/usr/share:/usr/share/ubuntu:/usr/local/share/:/usr/share/:/var/lib/snapd/desktop'), ('PYTHONPATH', '/home/em/ros_workspace_2025/nav_ws/install/multi_drone/lib/python3.10/site-packages:/home/em/ros_workspace_2025/nav_ws/install/px4_msgs/local/lib/python3.10/dist-packages:/home/em/ros_workspace_2025/nav_ws/install/main/lib/python3.10/site-packages:/home/em/QADT2025/Nav2Workspace/install/px4_msgs/local/lib/python3.10/dist-packages:/home/em/QADT2025/Nav2Workspace/install/TestWorkspace/lib/python3.10/site-packages:/home/em/QADT2025/NavWorkspace/install/px4_ros_com/local/lib/python3.10/dist-packages:/home/em/QADT2025/NavWorkspace/install/px4_msgs/local/lib/python3.10/dist-packages:/opt/ros/humble/lib/python3.10/site-packages:/opt/ros/humble/local/lib/python3.10/dist-packages'), ('COLCON', '1'), ('VTE_VERSION', '6800'), ('CMAKE_PREFIX_PATH', '/home/em/ros_workspace_2025/nav_ws/install/px4_msgs:/home/em/QADT2025/Nav2Workspace/install/px4_msgs:/home/em/QADT2025/NavWorkspace/install/px4_ros_com:/home/em/QADT2025/NavWorkspace/install/px4_msgs:/home/em/ros_workspace_2025/nav_ws/install/multi_drone:/home/em/ros_workspace_2025/nav_ws/install/main:/home/em/QADT2025/Nav2Workspace/install/TestWorkspace:/opt/ros/humble')]), 'shell': False}
[9.535952] (-) TimerEvent: {}
[9.553996] (px4_msgs) StdoutLine: {'line': b'-- Install configuration: ""\n'}
[9.554653] (px4_msgs) StdoutLine: {'line': b'-- Up-to-date: /home/em/ros_workspace_2025/nav_ws/install/px4_msgs/share/ament_index/resource_index/rosidl_interfaces/px4_msgs\n'}
[9.555012] (px4_msgs) StdoutLine: {'line': b'-- Up-to-date: /home/em/ros_workspace_2025/nav_ws/install/px4_msgs/include/px4_msgs/px4_msgs\n'}
[9.555580] (px4_msgs) StdoutLine: {'line': b'-- Up-to-date: /home/em/ros_workspace_2025/nav_ws/install/px4_msgs/include/px4_msgs/px4_msgs/srv\n'}
[9.555829] (px4_msgs) StdoutLine: {'line': b'-- Up-to-date: /home/em/ros_workspace_2025/nav_ws/install/px4_msgs/include/px4_msgs/px4_msgs/srv/vehicle_command.h\n'}
[9.555999] (px4_msgs) StdoutLine: {'line': b'-- Up-to-date: /home/em/ros_workspace_2025/nav_ws/install/px4_msgs/include/px4_msgs/px4_msgs/srv/detail\n'}
[9.556157] (px4_msgs) StdoutLine: {'line': b'-- Up-to-date: /home/em/ros_workspace_2025/nav_ws/install/px4_msgs/include/px4_msgs/px4_msgs/srv/detail/vehicle_command__type_support.h\n'}
[9.556334] (px4_msgs) StdoutLine: {'line': b'-- Up-to-date: /home/em/ros_workspace_2025/nav_ws/install/px4_msgs/include/px4_msgs/px4_msgs/srv/detail/vehicle_command__functions.h\n'}
[9.556846] (px4_msgs) StdoutLine: {'line': b'-- Up-to-date: /home/em/ros_workspace_2025/nav_ws/install/px4_msgs/include/px4_msgs/px4_msgs/srv/detail/vehicle_command__functions.c\n'}
[9.557154] (px4_msgs) StdoutLine: {'line': b'-- Up-to-date: /home/em/ros_workspace_2025/nav_ws/install/px4_msgs/include/px4_msgs/px4_msgs/srv/detail/vehicle_command__struct.h\n'}
[9.557362] (px4_msgs) StdoutLine: {'line': b'-- Up-to-date: /home/em/ros_workspace_2025/nav_ws/install/px4_msgs/include/px4_msgs/px4_msgs/msg\n'}
[9.557813] (px4_msgs) StdoutLine: {'line': b'-- Up-to-date: /home/em/ros_workspace_2025/nav_ws/install/px4_msgs/include/px4_msgs/px4_msgs/msg/position_controller_status.h\n'}
[9.558078] (px4_msgs) StdoutLine: {'line': b'-- Up-to-date: /home/em/ros_workspace_2025/nav_ws/install/px4_msgs/include/px4_msgs/px4_msgs/msg/estimator_aid_source1d.h\n'}
[9.559026] (px4_msgs) StdoutLine: {'line': b'-- Up-to-date: /home/em/ros_workspace_2025/nav_ws/install/px4_msgs/include/px4_msgs/px4_msgs/msg/trajectory_setpoint.h\n'}
[9.559444] (px4_msgs) StdoutLine: {'line': b'-- Up-to-date: /home/em/ros_workspace_2025/nav_ws/install/px4_msgs/include/px4_msgs/px4_msgs/msg/vehicle_angular_acceleration_setpoint.h\n'}
[9.559930] (px4_msgs) StdoutLine: {'line': b'-- Up-to-date: /home/em/ros_workspace_2025/nav_ws/install/px4_msgs/include/px4_msgs/px4_msgs/msg/debug_value.h\n'}
[9.560574] (px4_msgs) StdoutLine: {'line': b'-- Up-to-date: /home/em/ros_workspace_2025/nav_ws/install/px4_msgs/include/px4_msgs/px4_msgs/msg/estimator_aid_source3d.h\n'}
[9.561367] (px4_msgs) StdoutLine: {'line': b'-- Up-to-date: /home/em/ros_workspace_2025/nav_ws/install/px4_msgs/include/px4_msgs/px4_msgs/msg/ulog_stream.h\n'}
[9.561793] (px4_msgs) StdoutLine: {'line': b'-- Up-to-date: /home/em/ros_workspace_2025/nav_ws/install/px4_msgs/include/px4_msgs/px4_msgs/msg/vehicle_local_position_setpoint.h\n'}
[9.562083] (px4_msgs) StdoutLine: {'line': b'-- Up-to-date: /home/em/ros_workspace_2025/nav_ws/install/px4_msgs/include/px4_msgs/px4_msgs/msg/vehicle_command.h\n'}
[9.562337] (px4_msgs) StdoutLine: {'line': b'-- Up-to-date: /home/em/ros_workspace_2025/nav_ws/install/px4_msgs/include/px4_msgs/px4_msgs/msg/offboard_control_mode.h\n'}
[9.562571] (px4_msgs) StdoutLine: {'line': b'-- Up-to-date: /home/em/ros_workspace_2025/nav_ws/install/px4_msgs/include/px4_msgs/px4_msgs/msg/collision_report.h\n'}
[9.562787] (px4_msgs) StdoutLine: {'line': b'-- Up-to-date: /home/em/ros_workspace_2025/nav_ws/install/px4_msgs/include/px4_msgs/px4_msgs/msg/estimator_aid_source2d.h\n'}
[9.563031] (px4_msgs) StdoutLine: {'line': b'-- Up-to-date: /home/em/ros_workspace_2025/nav_ws/install/px4_msgs/include/px4_msgs/px4_msgs/msg/autotune_attitude_control_status.h\n'}
[9.563255] (px4_msgs) StdoutLine: {'line': b'-- Up-to-date: /home/em/ros_workspace_2025/nav_ws/install/px4_msgs/include/px4_msgs/px4_msgs/msg/config_overrides.h\n'}
[9.564880] (px4_msgs) StdoutLine: {'line': b'-- Up-to-date: /home/em/ros_workspace_2025/nav_ws/install/px4_msgs/include/px4_msgs/px4_msgs/msg/hover_thrust_estimate.h\n'}
[9.565492] (px4_msgs) StdoutLine: {'line': b'-- Up-to-date: /home/em/ros_workspace_2025/nav_ws/install/px4_msgs/include/px4_msgs/px4_msgs/msg/mavlink_tunnel.h\n'}
[9.565971] (px4_msgs) StdoutLine: {'line': b'-- Up-to-date: /home/em/ros_workspace_2025/nav_ws/install/px4_msgs/include/px4_msgs/px4_msgs/msg/landing_gear_wheel.h\n'}
[9.566201] (px4_msgs) StdoutLine: {'line': b'-- Up-to-date: /home/em/ros_workspace_2025/nav_ws/install/px4_msgs/include/px4_msgs/px4_msgs/msg/uavcan_parameter_value.h\n'}
[9.566432] (px4_msgs) StdoutLine: {'line': b'-- Up-to-date: /home/em/ros_workspace_2025/nav_ws/install/px4_msgs/include/px4_msgs/px4_msgs/msg/satellite_info.h\n'}
[9.566646] (px4_msgs) StdoutLine: {'line': b'-- Up-to-date: /home/em/ros_workspace_2025/nav_ws/install/px4_msgs/include/px4_msgs/px4_msgs/msg/vehicle_control_mode.h\n'}
[9.567265] (px4_msgs) StdoutLine: {'line': b'-- Up-to-date: /home/em/ros_workspace_2025/nav_ws/install/px4_msgs/include/px4_msgs/px4_msgs/msg/vehicle_attitude_setpoint.h\n'}
[9.567721] (px4_msgs) StdoutLine: {'line': b'-- Up-to-date: /home/em/ros_workspace_2025/nav_ws/install/px4_msgs/include/px4_msgs/px4_msgs/msg/estimator_bias.h\n'}
[9.567897] (px4_msgs) StdoutLine: {'line': b'-- Up-to-date: /home/em/ros_workspace_2025/nav_ws/install/px4_msgs/include/px4_msgs/px4_msgs/msg/debug_array.h\n'}
[9.568025] (px4_msgs) StdoutLine: {'line': b'-- Up-to-date: /home/em/ros_workspace_2025/nav_ws/install/px4_msgs/include/px4_msgs/px4_msgs/msg/position_controller_landing_status.h\n'}
[9.568179] (px4_msgs) StdoutLine: {'line': b'-- Up-to-date: /home/em/ros_workspace_2025/nav_ws/install/px4_msgs/include/px4_msgs/px4_msgs/msg/velocity_limits.h\n'}
[9.569112] (px4_msgs) StdoutLine: {'line': b'-- Up-to-date: /home/em/ros_workspace_2025/nav_ws/install/px4_msgs/include/px4_msgs/px4_msgs/msg/event.h\n'}
[9.569756] (px4_msgs) StdoutLine: {'line': b'-- Up-to-date: /home/em/ros_workspace_2025/nav_ws/install/px4_msgs/include/px4_msgs/px4_msgs/msg/px4io_status.h\n'}
[9.570288] (px4_msgs) StdoutLine: {'line': b'-- Up-to-date: /home/em/ros_workspace_2025/nav_ws/install/px4_msgs/include/px4_msgs/px4_msgs/msg/failsafe_flags.h\n'}
[9.570697] (px4_msgs) StdoutLine: {'line': b'-- Up-to-date: /home/em/ros_workspace_2025/nav_ws/install/px4_msgs/include/px4_msgs/px4_msgs/msg/actuator_motors.h\n'}
[9.570869] (px4_msgs) StdoutLine: {'line': b'-- Up-to-date: /home/em/ros_workspace_2025/nav_ws/install/px4_msgs/include/px4_msgs/px4_msgs/msg/cpuload.h\n'}
[9.571002] (px4_msgs) StdoutLine: {'line': b'-- Up-to-date: /home/em/ros_workspace_2025/nav_ws/install/px4_msgs/include/px4_msgs/px4_msgs/msg/rover_differential_setpoint.h\n'}
[9.571126] (px4_msgs) StdoutLine: {'line': b'-- Up-to-date: /home/em/ros_workspace_2025/nav_ws/install/px4_msgs/include/px4_msgs/px4_msgs/msg/rosidl_generator_c__visibility_control.h\n'}
[9.571331] (px4_msgs) StdoutLine: {'line': b'-- Up-to-date: /home/em/ros_workspace_2025/nav_ws/install/px4_msgs/include/px4_msgs/px4_msgs/msg/ulog_stream_ack.h\n'}
[9.571543] (px4_msgs) StdoutLine: {'line': b'-- Up-to-date: /home/em/ros_workspace_2025/nav_ws/install/px4_msgs/include/px4_msgs/px4_msgs/msg/vehicle_odometry.h\n'}
[9.571649] (px4_msgs) StdoutLine: {'line': b'-- Up-to-date: /home/em/ros_workspace_2025/nav_ws/install/px4_msgs/include/px4_msgs/px4_msgs/msg/mission_result.h\n'}
[9.571760] (px4_msgs) StdoutLine: {'line': b'-- Up-to-date: /home/em/ros_workspace_2025/nav_ws/install/px4_msgs/include/px4_msgs/px4_msgs/msg/rover_ackermann_status.h\n'}
[9.571860] (px4_msgs) StdoutLine: {'line': b'-- Up-to-date: /home/em/ros_workspace_2025/nav_ws/install/px4_msgs/include/px4_msgs/px4_msgs/msg/landing_gear.h\n'}
[9.572038] (px4_msgs) StdoutLine: {'line': b'-- Up-to-date: /home/em/ros_workspace_2025/nav_ws/install/px4_msgs/include/px4_msgs/px4_msgs/msg/vehicle_angular_velocity.h\n'}
[9.572149] (px4_msgs) StdoutLine: {'line': b'-- Up-to-date: /home/em/ros_workspace_2025/nav_ws/install/px4_msgs/include/px4_msgs/px4_msgs/msg/open_drone_id_arm_status.h\n'}
[9.572255] (px4_msgs) StdoutLine: {'line': b'-- Up-to-date: /home/em/ros_workspace_2025/nav_ws/install/px4_msgs/include/px4_msgs/px4_msgs/msg/wind.h\n'}
[9.572383] (px4_msgs) StdoutLine: {'line': b'-- Up-to-date: /home/em/ros_workspace_2025/nav_ws/install/px4_msgs/include/px4_msgs/px4_msgs/msg/camera_capture.h\n'}
[9.572493] (px4_msgs) StdoutLine: {'line': b'-- Up-to-date: /home/em/ros_workspace_2025/nav_ws/install/px4_msgs/include/px4_msgs/px4_msgs/msg/sensor_hygrometer.h\n'}
[9.572622] (px4_msgs) StdoutLine: {'line': b'-- Up-to-date: /home/em/ros_workspace_2025/nav_ws/install/px4_msgs/include/px4_msgs/px4_msgs/msg/landing_target_pose.h\n'}
[9.572729] (px4_msgs) StdoutLine: {'line': b'-- Up-to-date: /home/em/ros_workspace_2025/nav_ws/install/px4_msgs/include/px4_msgs/px4_msgs/msg/logger_status.h\n'}
[9.572845] (px4_msgs) StdoutLine: {'line': b'-- Up-to-date: /home/em/ros_workspace_2025/nav_ws/install/px4_msgs/include/px4_msgs/px4_msgs/msg/sensor_accel_fifo.h\n'}
[9.572990] (px4_msgs) StdoutLine: {'line': b'-- Up-to-date: /home/em/ros_workspace_2025/nav_ws/install/px4_msgs/include/px4_msgs/px4_msgs/msg/mode_completed.h\n'}
[9.573101] (px4_msgs) StdoutLine: {'line': b'-- Up-to-date: /home/em/ros_workspace_2025/nav_ws/install/px4_msgs/include/px4_msgs/px4_msgs/msg/trajectory_waypoint.h\n'}
[9.573269] (px4_msgs) StdoutLine: {'line': b'-- Up-to-date: /home/em/ros_workspace_2025/nav_ws/install/px4_msgs/include/px4_msgs/px4_msgs/msg/vehicle_constraints.h\n'}
[9.573479] (px4_msgs) StdoutLine: {'line': b'-- Up-to-date: /home/em/ros_workspace_2025/nav_ws/install/px4_msgs/include/px4_msgs/px4_msgs/msg/sensor_gyro.h\n'}
[9.573764] (px4_msgs) StdoutLine: {'line': b'-- Up-to-date: /home/em/ros_workspace_2025/nav_ws/install/px4_msgs/include/px4_msgs/px4_msgs/msg/rover_mecanum_status.h\n'}
[9.574194] (px4_msgs) StdoutLine: {'line': b'-- Up-to-date: /home/em/ros_workspace_2025/nav_ws/install/px4_msgs/include/px4_msgs/px4_msgs/msg/vehicle_global_position.h\n'}
[9.574832] (px4_msgs) StdoutLine: {'line': b'-- Up-to-date: /home/em/ros_workspace_2025/nav_ws/install/px4_msgs/include/px4_msgs/px4_msgs/msg/rtl_time_estimate.h\n'}
[9.575168] (px4_msgs) StdoutLine: {'line': b'-- Up-to-date: /home/em/ros_workspace_2025/nav_ws/install/px4_msgs/include/px4_msgs/px4_msgs/msg/vehicle_local_position.h\n'}
[9.575594] (px4_msgs) StdoutLine: {'line': b'-- Up-to-date: /home/em/ros_workspace_2025/nav_ws/install/px4_msgs/include/px4_msgs/px4_msgs/msg/figure_eight_status.h\n'}
[9.575925] (px4_msgs) StdoutLine: {'line': b'-- Up-to-date: /home/em/ros_workspace_2025/nav_ws/install/px4_msgs/include/px4_msgs/px4_msgs/msg/mag_worker_data.h\n'}
[9.576278] (px4_msgs) StdoutLine: {'line': b'-- Up-to-date: /home/em/ros_workspace_2025/nav_ws/install/px4_msgs/include/px4_msgs/px4_msgs/msg/camera_status.h\n'}
[9.576504] (px4_msgs) StdoutLine: {'line': b'-- Up-to-date: /home/em/ros_workspace_2025/nav_ws/install/px4_msgs/include/px4_msgs/px4_msgs/msg/differential_pressure.h\n'}
[9.576670] (px4_msgs) StdoutLine: {'line': b'-- Up-to-date: /home/em/ros_workspace_2025/nav_ws/install/px4_msgs/include/px4_msgs/px4_msgs/msg/power_monitor.h\n'}
[9.576930] (px4_msgs) StdoutLine: {'line': b'-- Up-to-date: /home/em/ros_workspace_2025/nav_ws/install/px4_msgs/include/px4_msgs/px4_msgs/msg/vehicle_torque_setpoint.h\n'}
[9.577002] (px4_msgs) StdoutLine: {'line': b'-- Up-to-date: /home/em/ros_workspace_2025/nav_ws/install/px4_msgs/include/px4_msgs/px4_msgs/msg/gimbal_manager_set_attitude.h\n'}
[9.577222] (px4_msgs) StdoutLine: {'line': b'-- Up-to-date: /home/em/ros_workspace_2025/nav_ws/install/px4_msgs/include/px4_msgs/px4_msgs/msg/estimator_event_flags.h\n'}
[9.577746] (px4_msgs) StdoutLine: {'line': b'-- Up-to-date: /home/em/ros_workspace_2025/nav_ws/install/px4_msgs/include/px4_msgs/px4_msgs/msg/sensor_combined.h\n'}
[9.577844] (px4_msgs) StdoutLine: {'line': b'-- Up-to-date: /home/em/ros_workspace_2025/nav_ws/install/px4_msgs/include/px4_msgs/px4_msgs/msg/vehicle_imu_status.h\n'}
[9.577901] (px4_msgs) StdoutLine: {'line': b'-- Up-to-date: /home/em/ros_workspace_2025/nav_ws/install/px4_msgs/include/px4_msgs/px4_msgs/msg/battery_status.h\n'}
[9.577943] (px4_msgs) StdoutLine: {'line': b'-- Up-to-date: /home/em/ros_workspace_2025/nav_ws/install/px4_msgs/include/px4_msgs/px4_msgs/msg/unregister_ext_component.h\n'}
[9.577981] (px4_msgs) StdoutLine: {'line': b'-- Up-to-date: /home/em/ros_workspace_2025/nav_ws/install/px4_msgs/include/px4_msgs/px4_msgs/msg/can_interface_status.h\n'}
[9.578020] (px4_msgs) StdoutLine: {'line': b'-- Up-to-date: /home/em/ros_workspace_2025/nav_ws/install/px4_msgs/include/px4_msgs/px4_msgs/msg/vehicle_imu.h\n'}
[9.578112] (px4_msgs) StdoutLine: {'line': b'-- Up-to-date: /home/em/ros_workspace_2025/nav_ws/install/px4_msgs/include/px4_msgs/px4_msgs/msg/register_ext_component_reply.h\n'}
[9.578154] (px4_msgs) StdoutLine: {'line': b'-- Up-to-date: /home/em/ros_workspace_2025/nav_ws/install/px4_msgs/include/px4_msgs/px4_msgs/msg/sensor_selection.h\n'}
[9.578195] (px4_msgs) StdoutLine: {'line': b'-- Up-to-date: /home/em/ros_workspace_2025/nav_ws/install/px4_msgs/include/px4_msgs/px4_msgs/msg/vehicle_thrust_setpoint.h\n'}
[9.578234] (px4_msgs) StdoutLine: {'line': b'-- Up-to-date: /home/em/ros_workspace_2025/nav_ws/install/px4_msgs/include/px4_msgs/px4_msgs/msg/wheel_encoders.h\n'}
[9.578272] (px4_msgs) StdoutLine: {'line': b'-- Up-to-date: /home/em/ros_workspace_2025/nav_ws/install/px4_msgs/include/px4_msgs/px4_msgs/msg/geofence_status.h\n'}
[9.578405] (px4_msgs) StdoutLine: {'line': b'-- Up-to-date: /home/em/ros_workspace_2025/nav_ws/install/px4_msgs/include/px4_msgs/px4_msgs/msg/vehicle_status.h\n'}
[9.578452] (px4_msgs) StdoutLine: {'line': b'-- Up-to-date: /home/em/ros_workspace_2025/nav_ws/install/px4_msgs/include/px4_msgs/px4_msgs/msg/launch_detection_status.h\n'}
[9.578494] (px4_msgs) StdoutLine: {'line': b'-- Up-to-date: /home/em/ros_workspace_2025/nav_ws/install/px4_msgs/include/px4_msgs/px4_msgs/msg/rc_channels.h\n'}
[9.578547] (px4_msgs) StdoutLine: {'line': b'-- Up-to-date: /home/em/ros_workspace_2025/nav_ws/install/px4_msgs/include/px4_msgs/px4_msgs/msg/position_setpoint_triplet.h\n'}
[9.578589] (px4_msgs) StdoutLine: {'line': b'-- Up-to-date: /home/em/ros_workspace_2025/nav_ws/install/px4_msgs/include/px4_msgs/px4_msgs/msg/irlock_report.h\n'}
[9.578631] (px4_msgs) StdoutLine: {'line': b'-- Up-to-date: /home/em/ros_workspace_2025/nav_ws/install/px4_msgs/include/px4_msgs/px4_msgs/msg/open_drone_id_self_id.h\n'}
[9.578672] (px4_msgs) StdoutLine: {'line': b'-- Up-to-date: /home/em/ros_workspace_2025/nav_ws/install/px4_msgs/include/px4_msgs/px4_msgs/msg/mount_orientation.h\n'}
[9.578714] (px4_msgs) StdoutLine: {'line': b'-- Up-to-date: /home/em/ros_workspace_2025/nav_ws/install/px4_msgs/include/px4_msgs/px4_msgs/msg/npfg_status.h\n'}
[9.578756] (px4_msgs) StdoutLine: {'line': b'-- Up-to-date: /home/em/ros_workspace_2025/nav_ws/install/px4_msgs/include/px4_msgs/px4_msgs/msg/obstacle_distance.h\n'}
[9.578797] (px4_msgs) StdoutLine: {'line': b'-- Up-to-date: /home/em/ros_workspace_2025/nav_ws/install/px4_msgs/include/px4_msgs/px4_msgs/msg/cellular_status.h\n'}
[9.578903] (px4_msgs) StdoutLine: {'line': b'-- Up-to-date: /home/em/ros_workspace_2025/nav_ws/install/px4_msgs/include/px4_msgs/px4_msgs/msg/airspeed_wind.h\n'}
[9.578948] (px4_msgs) StdoutLine: {'line': b'-- Up-to-date: /home/em/ros_workspace_2025/nav_ws/install/px4_msgs/include/px4_msgs/px4_msgs/msg/fuel_tank_status.h\n'}
[9.578993] (px4_msgs) StdoutLine: {'line': b'-- Up-to-date: /home/em/ros_workspace_2025/nav_ws/install/px4_msgs/include/px4_msgs/px4_msgs/msg/rover_ackermann_guidance_status.h\n'}
[9.579074] (px4_msgs) StdoutLine: {'line': b'-- Up-to-date: /home/em/ros_workspace_2025/nav_ws/install/px4_msgs/include/px4_msgs/px4_msgs/msg/actuator_outputs.h\n'}
[9.579117] (px4_msgs) StdoutLine: {'line': b'-- Up-to-date: /home/em/ros_workspace_2025/nav_ws/install/px4_msgs/include/px4_msgs/px4_msgs/msg/health_report.h\n'}
[9.579161] (px4_msgs) StdoutLine: {'line': b'-- Up-to-date: /home/em/ros_workspace_2025/nav_ws/install/px4_msgs/include/px4_msgs/px4_msgs/msg/estimator_selector_status.h\n'}
[9.579204] (px4_msgs) StdoutLine: {'line': b'-- Up-to-date: /home/em/ros_workspace_2025/nav_ws/install/px4_msgs/include/px4_msgs/px4_msgs/msg/arming_check_reply.h\n'}
[9.579246] (px4_msgs) StdoutLine: {'line': b'-- Up-to-date: /home/em/ros_workspace_2025/nav_ws/install/px4_msgs/include/px4_msgs/px4_msgs/msg/sensor_preflight_mag.h\n'}
[9.579583] (px4_msgs) StdoutLine: {'line': b'-- Up-to-date: /home/em/ros_workspace_2025/nav_ws/install/px4_msgs/include/px4_msgs/px4_msgs/msg/follow_target_estimator.h\n'}
[9.579783] (px4_msgs) StdoutLine: {'line': b'-- Up-to-date: /home/em/ros_workspace_2025/nav_ws/install/px4_msgs/include/px4_msgs/px4_msgs/msg/actuator_servos.h\n'}
[9.579871] (px4_msgs) StdoutLine: {'line': b'-- Up-to-date: /home/em/ros_workspace_2025/nav_ws/install/px4_msgs/include/px4_msgs/px4_msgs/msg/actuator_test.h\n'}
[9.579941] (px4_msgs) StdoutLine: {'line': b'-- Up-to-date: /home/em/ros_workspace_2025/nav_ws/install/px4_msgs/include/px4_msgs/px4_msgs/msg/mission.h\n'}
[9.580010] (px4_msgs) StdoutLine: {'line': b'-- Up-to-date: /home/em/ros_workspace_2025/nav_ws/install/px4_msgs/include/px4_msgs/px4_msgs/msg/position_setpoint.h\n'}
[9.580074] (px4_msgs) StdoutLine: {'line': b'-- Up-to-date: /home/em/ros_workspace_2025/nav_ws/install/px4_msgs/include/px4_msgs/px4_msgs/msg/parameter_reset_request.h\n'}
[9.580137] (px4_msgs) StdoutLine: {'line': b'-- Up-to-date: /home/em/ros_workspace_2025/nav_ws/install/px4_msgs/include/px4_msgs/px4_msgs/msg/magnetometer_bias_estimate.h\n'}
[9.580206] (px4_msgs) StdoutLine: {'line': b'-- Up-to-date: /home/em/ros_workspace_2025/nav_ws/install/px4_msgs/include/px4_msgs/px4_msgs/msg/rover_differential_status.h\n'}
[9.580276] (px4_msgs) StdoutLine: {'line': b'-- Up-to-date: /home/em/ros_workspace_2025/nav_ws/install/px4_msgs/include/px4_msgs/px4_msgs/msg/gps_dump.h\n'}
[9.580516] (px4_msgs) StdoutLine: {'line': b'-- Up-to-date: /home/em/ros_workspace_2025/nav_ws/install/px4_msgs/include/px4_msgs/px4_msgs/msg/distance_sensor.h\n'}
[9.580623] (px4_msgs) StdoutLine: {'line': b'-- Up-to-date: /home/em/ros_workspace_2025/nav_ws/install/px4_msgs/include/px4_msgs/px4_msgs/msg/vehicle_trajectory_bezier.h\n'}
[9.580694] (px4_msgs) StdoutLine: {'line': b'-- Up-to-date: /home/em/ros_workspace_2025/nav_ws/install/px4_msgs/include/px4_msgs/px4_msgs/msg/gimbal_device_set_attitude.h\n'}
[9.580762] (px4_msgs) StdoutLine: {'line': b'-- Up-to-date: /home/em/ros_workspace_2025/nav_ws/install/px4_msgs/include/px4_msgs/px4_msgs/msg/vehicle_command_ack.h\n'}
[9.580830] (px4_msgs) StdoutLine: {'line': b'-- Up-to-date: /home/em/ros_workspace_2025/nav_ws/install/px4_msgs/include/px4_msgs/px4_msgs/msg/sensor_baro.h\n'}
[9.580902] (px4_msgs) StdoutLine: {'line': b'-- Up-to-date: /home/em/ros_workspace_2025/nav_ws/install/px4_msgs/include/px4_msgs/px4_msgs/msg/rc_parameter_map.h\n'}
[9.580963] (px4_msgs) StdoutLine: {'line': b'-- Up-to-date: /home/em/ros_workspace_2025/nav_ws/install/px4_msgs/include/px4_msgs/px4_msgs/msg/vehicle_rates_setpoint.h\n'}
[9.581041] (px4_msgs) StdoutLine: {'line': b'-- Up-to-date: /home/em/ros_workspace_2025/nav_ws/install/px4_msgs/include/px4_msgs/px4_msgs/msg/parameter_set_value_response.h\n'}
[9.581098] (px4_msgs) StdoutLine: {'line': b'-- Up-to-date: /home/em/ros_workspace_2025/nav_ws/install/px4_msgs/include/px4_msgs/px4_msgs/msg/parameter_set_used_request.h\n'}
[9.581146] (px4_msgs) StdoutLine: {'line': b'-- Up-to-date: /home/em/ros_workspace_2025/nav_ws/install/px4_msgs/include/px4_msgs/px4_msgs/msg/orb_test_large.h\n'}
[9.581193] (px4_msgs) StdoutLine: {'line': b'-- Up-to-date: /home/em/ros_workspace_2025/nav_ws/install/px4_msgs/include/px4_msgs/px4_msgs/msg/debug_vect.h\n'}
[9.581240] (px4_msgs) StdoutLine: {'line': b'-- Up-to-date: /home/em/ros_workspace_2025/nav_ws/install/px4_msgs/include/px4_msgs/px4_msgs/msg/led_control.h\n'}
[9.581296] (px4_msgs) StdoutLine: {'line': b'-- Up-to-date: /home/em/ros_workspace_2025/nav_ws/install/px4_msgs/include/px4_msgs/px4_msgs/msg/ekf2_timestamps.h\n'}
[9.581506] (px4_msgs) StdoutLine: {'line': b'-- Up-to-date: /home/em/ros_workspace_2025/nav_ws/install/px4_msgs/include/px4_msgs/px4_msgs/msg/generator_status.h\n'}
[9.581577] (px4_msgs) StdoutLine: {'line': b'-- Up-to-date: /home/em/ros_workspace_2025/nav_ws/install/px4_msgs/include/px4_msgs/px4_msgs/msg/estimator_innovations.h\n'}
[9.581634] (px4_msgs) StdoutLine: {'line': b'-- Up-to-date: /home/em/ros_workspace_2025/nav_ws/install/px4_msgs/include/px4_msgs/px4_msgs/msg/gimbal_manager_information.h\n'}
[9.581687] (px4_msgs) StdoutLine: {'line': b'-- Up-to-date: /home/em/ros_workspace_2025/nav_ws/install/px4_msgs/include/px4_msgs/px4_msgs/msg/sensor_accel.h\n'}
[9.581766] (px4_msgs) StdoutLine: {'line': b'-- Up-to-date: /home/em/ros_workspace_2025/nav_ws/install/px4_msgs/include/px4_msgs/px4_msgs/msg/onboard_computer_status.h\n'}
[9.581826] (px4_msgs) StdoutLine: {'line': b'-- Up-to-date: /home/em/ros_workspace_2025/nav_ws/install/px4_msgs/include/px4_msgs/px4_msgs/msg/yaw_estimator_status.h\n'}
[9.581901] (px4_msgs) StdoutLine: {'line': b'-- Up-to-date: /home/em/ros_workspace_2025/nav_ws/install/px4_msgs/include/px4_msgs/px4_msgs/msg/heater_status.h\n'}
[9.582322] (px4_msgs) StdoutLine: {'line': b'-- Up-to-date: /home/em/ros_workspace_2025/nav_ws/install/px4_msgs/include/px4_msgs/px4_msgs/msg/ping.h\n'}
[9.582548] (px4_msgs) StdoutLine: {'line': b'-- Up-to-date: /home/em/ros_workspace_2025/nav_ws/install/px4_msgs/include/px4_msgs/px4_msgs/msg/gpio_config.h\n'}
[9.582634] (px4_msgs) StdoutLine: {'line': b'-- Up-to-date: /home/em/ros_workspace_2025/nav_ws/install/px4_msgs/include/px4_msgs/px4_msgs/msg/rpm.h\n'}
[9.582693] (px4_msgs) StdoutLine: {'line': b'-- Up-to-date: /home/em/ros_workspace_2025/nav_ws/install/px4_msgs/include/px4_msgs/px4_msgs/msg/pwm_input.h\n'}
[9.582747] (px4_msgs) StdoutLine: {'line': b'-- Up-to-date: /home/em/ros_workspace_2025/nav_ws/install/px4_msgs/include/px4_msgs/px4_msgs/msg/sensors_status.h\n'}
[9.582799] (px4_msgs) StdoutLine: {'line': b'-- Up-to-date: /home/em/ros_workspace_2025/nav_ws/install/px4_msgs/include/px4_msgs/px4_msgs/msg/goto_setpoint.h\n'}
[9.582848] (px4_msgs) StdoutLine: {'line': b'-- Up-to-date: /home/em/ros_workspace_2025/nav_ws/install/px4_msgs/include/px4_msgs/px4_msgs/msg/sensor_airflow.h\n'}
[9.582896] (px4_msgs) StdoutLine: {'line': b'-- Up-to-date: /home/em/ros_workspace_2025/nav_ws/install/px4_msgs/include/px4_msgs/px4_msgs/msg/actuator_controls_status.h\n'}
[9.582943] (px4_msgs) StdoutLine: {'line': b'-- Up-to-date: /home/em/ros_workspace_2025/nav_ws/install/px4_msgs/include/px4_msgs/px4_msgs/msg/internal_combustion_engine_status.h\n'}
[9.582991] (px4_msgs) StdoutLine: {'line': b'-- Up-to-date: /home/em/ros_workspace_2025/nav_ws/install/px4_msgs/include/px4_msgs/px4_msgs/msg/gps_inject_data.h\n'}
[9.583038] (px4_msgs) StdoutLine: {'line': b'-- Up-to-date: /home/em/ros_workspace_2025/nav_ws/install/px4_msgs/include/px4_msgs/px4_msgs/msg/sensor_optical_flow.h\n'}
[9.583087] (px4_msgs) StdoutLine: {'line': b'-- Up-to-date: /home/em/ros_workspace_2025/nav_ws/install/px4_msgs/include/px4_msgs/px4_msgs/msg/open_drone_id_system.h\n'}
[9.583156] (px4_msgs) StdoutLine: {'line': b'-- Up-to-date: /home/em/ros_workspace_2025/nav_ws/install/px4_msgs/include/px4_msgs/px4_msgs/msg/mavlink_log.h\n'}
[9.583240] (px4_msgs) StdoutLine: {'line': b'-- Up-to-date: /home/em/ros_workspace_2025/nav_ws/install/px4_msgs/include/px4_msgs/px4_msgs/msg/estimator_sensor_bias.h\n'}
[9.583270] (px4_msgs) StdoutLine: {'line': b'-- Up-to-date: /home/em/ros_workspace_2025/nav_ws/install/px4_msgs/include/px4_msgs/px4_msgs/msg/button_event.h\n'}
[9.583320] (px4_msgs) StdoutLine: {'line': b'-- Up-to-date: /home/em/ros_workspace_2025/nav_ws/install/px4_msgs/include/px4_msgs/px4_msgs/msg/camera_trigger.h\n'}
[9.583349] (px4_msgs) StdoutLine: {'line': b'-- Up-to-date: /home/em/ros_workspace_2025/nav_ws/install/px4_msgs/include/px4_msgs/px4_msgs/msg/vehicle_acceleration.h\n'}
[9.583375] (px4_msgs) StdoutLine: {'line': b'-- Up-to-date: /home/em/ros_workspace_2025/nav_ws/install/px4_msgs/include/px4_msgs/px4_msgs/msg/log_message.h\n'}
[9.583402] (px4_msgs) StdoutLine: {'line': b'-- Up-to-date: /home/em/ros_workspace_2025/nav_ws/install/px4_msgs/include/px4_msgs/px4_msgs/msg/home_position.h\n'}
[9.583428] (px4_msgs) StdoutLine: {'line': b'-- Up-to-date: /home/em/ros_workspace_2025/nav_ws/install/px4_msgs/include/px4_msgs/px4_msgs/msg/gripper.h\n'}
[9.583455] (px4_msgs) StdoutLine: {'line': b'-- Up-to-date: /home/em/ros_workspace_2025/nav_ws/install/px4_msgs/include/px4_msgs/px4_msgs/msg/trajectory_bezier.h\n'}
[9.583495] (px4_msgs) StdoutLine: {'line': b'-- Up-to-date: /home/em/ros_workspace_2025/nav_ws/install/px4_msgs/include/px4_msgs/px4_msgs/msg/sensors_status_imu.h\n'}
[9.583539] (px4_msgs) StdoutLine: {'line': b'-- Up-to-date: /home/em/ros_workspace_2025/nav_ws/install/px4_msgs/include/px4_msgs/px4_msgs/msg/gpio_request.h\n'}
[9.583581] (px4_msgs) StdoutLine: {'line': b'-- Up-to-date: /home/em/ros_workspace_2025/nav_ws/install/px4_msgs/include/px4_msgs/px4_msgs/msg/action_request.h\n'}
[9.583622] (px4_msgs) StdoutLine: {'line': b'-- Up-to-date: /home/em/ros_workspace_2025/nav_ws/install/px4_msgs/include/px4_msgs/px4_msgs/msg/estimator_gps_status.h\n'}
[9.583847] (px4_msgs) StdoutLine: {'line': b'-- Up-to-date: /home/em/ros_workspace_2025/nav_ws/install/px4_msgs/include/px4_msgs/px4_msgs/msg/navigator_status.h\n'}
[9.583991] (px4_msgs) StdoutLine: {'line': b'-- Up-to-date: /home/em/ros_workspace_2025/nav_ws/install/px4_msgs/include/px4_msgs/px4_msgs/msg/rover_mecanum_guidance_status.h\n'}
[9.584073] (px4_msgs) StdoutLine: {'line': b'-- Up-to-date: /home/em/ros_workspace_2025/nav_ws/install/px4_msgs/include/px4_msgs/px4_msgs/msg/vehicle_air_data.h\n'}
[9.584148] (px4_msgs) StdoutLine: {'line': b'-- Up-to-date: /home/em/ros_workspace_2025/nav_ws/install/px4_msgs/include/px4_msgs/px4_msgs/msg/navigator_mission_item.h\n'}
[9.584221] (px4_msgs) StdoutLine: {'line': b'-- Up-to-date: /home/em/ros_workspace_2025/nav_ws/install/px4_msgs/include/px4_msgs/px4_msgs/msg/takeoff_status.h\n'}
[9.584297] (px4_msgs) StdoutLine: {'line': b'-- Up-to-date: /home/em/ros_workspace_2025/nav_ws/install/px4_msgs/include/px4_msgs/px4_msgs/msg/vehicle_attitude.h\n'}
[9.584526] (px4_msgs) StdoutLine: {'line': b'-- Up-to-date: /home/em/ros_workspace_2025/nav_ws/install/px4_msgs/include/px4_msgs/px4_msgs/msg/tecs_status.h\n'}
[9.584619] (px4_msgs) StdoutLine: {'line': b'-- Up-to-date: /home/em/ros_workspace_2025/nav_ws/install/px4_msgs/include/px4_msgs/px4_msgs/msg/telemetry_status.h\n'}
[9.584688] (px4_msgs) StdoutLine: {'line': b'-- Up-to-date: /home/em/ros_workspace_2025/nav_ws/install/px4_msgs/include/px4_msgs/px4_msgs/msg/estimator_status_flags.h\n'}
[9.584756] (px4_msgs) StdoutLine: {'line': b'-- Up-to-date: /home/em/ros_workspace_2025/nav_ws/install/px4_msgs/include/px4_msgs/px4_msgs/msg/pps_capture.h\n'}
[9.584823] (px4_msgs) StdoutLine: {'line': b'-- Up-to-date: /home/em/ros_workspace_2025/nav_ws/install/px4_msgs/include/px4_msgs/px4_msgs/msg/iridiumsbd_status.h\n'}
[9.584996] (px4_msgs) StdoutLine: {'line': b'-- Up-to-date: /home/em/ros_workspace_2025/nav_ws/install/px4_msgs/include/px4_msgs/px4_msgs/msg/message_format_response.h\n'}
[9.585095] (px4_msgs) StdoutLine: {'line': b'-- Up-to-date: /home/em/ros_workspace_2025/nav_ws/install/px4_msgs/include/px4_msgs/px4_msgs/msg/register_ext_component_request.h\n'}
[9.585165] (px4_msgs) StdoutLine: {'line': b'-- Up-to-date: /home/em/ros_workspace_2025/nav_ws/install/px4_msgs/include/px4_msgs/px4_msgs/msg/airspeed_validated.h\n'}
[9.585234] (px4_msgs) StdoutLine: {'line': b'-- Up-to-date: /home/em/ros_workspace_2025/nav_ws/install/px4_msgs/include/px4_msgs/px4_msgs/msg/parameter_update.h\n'}
[9.585323] (px4_msgs) StdoutLine: {'line': b'-- Up-to-date: /home/em/ros_workspace_2025/nav_ws/install/px4_msgs/include/px4_msgs/px4_msgs/msg/dataman_request.h\n'}
[9.585511] (px4_msgs) StdoutLine: {'line': b'-- Up-to-date: /home/em/ros_workspace_2025/nav_ws/install/px4_msgs/include/px4_msgs/px4_msgs/msg/rover_mecanum_setpoint.h\n'}
[9.585579] (px4_msgs) StdoutLine: {'line': b'-- Up-to-date: /home/em/ros_workspace_2025/nav_ws/install/px4_msgs/include/px4_msgs/px4_msgs/msg/follow_target.h\n'}
[9.585647] (px4_msgs) StdoutLine: {'line': b'-- Up-to-date: /home/em/ros_workspace_2025/nav_ws/install/px4_msgs/include/px4_msgs/px4_msgs/msg/timesync_status.h\n'}
[9.585715] (px4_msgs) StdoutLine: {'line': b'-- Up-to-date: /home/em/ros_workspace_2025/nav_ws/install/px4_msgs/include/px4_msgs/px4_msgs/msg/gpio_out.h\n'}
[9.585796] (px4_msgs) StdoutLine: {'line': b'-- Up-to-date: /home/em/ros_workspace_2025/nav_ws/install/px4_msgs/include/px4_msgs/px4_msgs/msg/esc_report.h\n'}
[9.586003] (px4_msgs) StdoutLine: {'line': b'-- Up-to-date: /home/em/ros_workspace_2025/nav_ws/install/px4_msgs/include/px4_msgs/px4_msgs/msg/estimator_status.h\n'}
[9.586162] (px4_msgs) StdoutLine: {'line': b'-- Up-to-date: /home/em/ros_workspace_2025/nav_ws/install/px4_msgs/include/px4_msgs/px4_msgs/msg/dataman_response.h\n'}
[9.586255] (px4_msgs) StdoutLine: {'line': b'-- Up-to-date: /home/em/ros_workspace_2025/nav_ws/install/px4_msgs/include/px4_msgs/px4_msgs/msg/sensor_uwb.h\n'}
[9.586358] (px4_msgs) StdoutLine: {'line': b'-- Up-to-date: /home/em/ros_workspace_2025/nav_ws/install/px4_msgs/include/px4_msgs/px4_msgs/msg/message_format_request.h\n'}
[9.586450] (px4_msgs) StdoutLine: {'line': b'-- Up-to-date: /home/em/ros_workspace_2025/nav_ws/install/px4_msgs/include/px4_msgs/px4_msgs/msg/vtol_vehicle_status.h\n'}
[9.586537] (px4_msgs) StdoutLine: {'line': b'-- Up-to-date: /home/em/ros_workspace_2025/nav_ws/install/px4_msgs/include/px4_msgs/px4_msgs/msg/vehicle_trajectory_waypoint.h\n'}
[9.586625] (px4_msgs) StdoutLine: {'line': b'-- Up-to-date: /home/em/ros_workspace_2025/nav_ws/install/px4_msgs/include/px4_msgs/px4_msgs/msg/tune_control.h\n'}
[9.586712] (px4_msgs) StdoutLine: {'line': b'-- Up-to-date: /home/em/ros_workspace_2025/nav_ws/install/px4_msgs/include/px4_msgs/px4_msgs/msg/vehicle_magnetometer.h\n'}
[9.586979] (px4_msgs) StdoutLine: {'line': b'-- Up-to-date: /home/em/ros_workspace_2025/nav_ws/install/px4_msgs/include/px4_msgs/px4_msgs/msg/rate_ctrl_status.h\n'}
[9.587067] (px4_msgs) StdoutLine: {'line': b'-- Up-to-date: /home/em/ros_workspace_2025/nav_ws/install/px4_msgs/include/px4_msgs/px4_msgs/msg/debug_key_value.h\n'}
[9.587101] (px4_msgs) StdoutLine: {'line': b'-- Up-to-date: /home/em/ros_workspace_2025/nav_ws/install/px4_msgs/include/px4_msgs/px4_msgs/msg/estimator_bias3d.h\n'}
[9.587130] (px4_msgs) StdoutLine: {'line': b'-- Up-to-date: /home/em/ros_workspace_2025/nav_ws/install/px4_msgs/include/px4_msgs/px4_msgs/msg/system_power.h\n'}
[9.587156] (px4_msgs) StdoutLine: {'line': b'-- Up-to-date: /home/em/ros_workspace_2025/nav_ws/install/px4_msgs/include/px4_msgs/px4_msgs/msg/sensor_gps.h\n'}
[9.587182] (px4_msgs) StdoutLine: {'line': b'-- Up-to-date: /home/em/ros_workspace_2025/nav_ws/install/px4_msgs/include/px4_msgs/px4_msgs/msg/distance_sensor_mode_change_request.h\n'}
[9.587207] (px4_msgs) StdoutLine: {'line': b'-- Up-to-date: /home/em/ros_workspace_2025/nav_ws/install/px4_msgs/include/px4_msgs/px4_msgs/msg/airspeed.h\n'}
[9.587232] (px4_msgs) StdoutLine: {'line': b'-- Up-to-date: /home/em/ros_workspace_2025/nav_ws/install/px4_msgs/include/px4_msgs/px4_msgs/msg/estimator_states.h\n'}
[9.587273] (px4_msgs) StdoutLine: {'line': b'-- Up-to-date: /home/em/ros_workspace_2025/nav_ws/install/px4_msgs/include/px4_msgs/px4_msgs/msg/manual_control_setpoint.h\n'}
[9.587355] (px4_msgs) StdoutLine: {'line': b'-- Up-to-date: /home/em/ros_workspace_2025/nav_ws/install/px4_msgs/include/px4_msgs/px4_msgs/msg/vehicle_optical_flow_vel.h\n'}
[9.587381] (px4_msgs) StdoutLine: {'line': b'-- Up-to-date: /home/em/ros_workspace_2025/nav_ws/install/px4_msgs/include/px4_msgs/px4_msgs/msg/sensor_correction.h\n'}
[9.587405] (px4_msgs) StdoutLine: {'line': b'-- Up-to-date: /home/em/ros_workspace_2025/nav_ws/install/px4_msgs/include/px4_msgs/px4_msgs/msg/buffer128.h\n'}
[9.587428] (px4_msgs) StdoutLine: {'line': b'-- Up-to-date: /home/em/ros_workspace_2025/nav_ws/install/px4_msgs/include/px4_msgs/px4_msgs/msg/esc_status.h\n'}
[9.587452] (px4_msgs) StdoutLine: {'line': b'-- Up-to-date: /home/em/ros_workspace_2025/nav_ws/install/px4_msgs/include/px4_msgs/px4_msgs/msg/flight_phase_estimation.h\n'}
[9.587478] (px4_msgs) StdoutLine: {'line': b'-- Up-to-date: /home/em/ros_workspace_2025/nav_ws/install/px4_msgs/include/px4_msgs/px4_msgs/msg/input_rc.h\n'}
[9.587503] (px4_msgs) StdoutLine: {'line': b'-- Up-to-date: /home/em/ros_workspace_2025/nav_ws/install/px4_msgs/include/px4_msgs/px4_msgs/msg/normalized_unsigned_setpoint.h\n'}
[9.587530] (px4_msgs) StdoutLine: {'line': b'-- Up-to-date: /home/em/ros_workspace_2025/nav_ws/install/px4_msgs/include/px4_msgs/px4_msgs/msg/gimbal_manager_set_manual_control.h\n'}
[9.587580] (px4_msgs) StdoutLine: {'line': b'-- Up-to-date: /home/em/ros_workspace_2025/nav_ws/install/px4_msgs/include/px4_msgs/px4_msgs/msg/uavcan_parameter_request.h\n'}
[9.587606] (px4_msgs) StdoutLine: {'line': b'-- Up-to-date: /home/em/ros_workspace_2025/nav_ws/install/px4_msgs/include/px4_msgs/px4_msgs/msg/gimbal_controls.h\n'}
[9.587630] (px4_msgs) StdoutLine: {'line': b'-- Up-to-date: /home/em/ros_workspace_2025/nav_ws/install/px4_msgs/include/px4_msgs/px4_msgs/msg/open_drone_id_operator_id.h\n'}
[9.587654] (px4_msgs) StdoutLine: {'line': b'-- Up-to-date: /home/em/ros_workspace_2025/nav_ws/install/px4_msgs/include/px4_msgs/px4_msgs/msg/collision_constraints.h\n'}
[9.587678] (px4_msgs) StdoutLine: {'line': b'-- Up-to-date: /home/em/ros_workspace_2025/nav_ws/install/px4_msgs/include/px4_msgs/px4_msgs/msg/rtl_status.h\n'}
[9.587701] (px4_msgs) StdoutLine: {'line': b'-- Up-to-date: /home/em/ros_workspace_2025/nav_ws/install/px4_msgs/include/px4_msgs/px4_msgs/msg/radio_status.h\n'}
[9.587725] (px4_msgs) StdoutLine: {'line': b'-- Up-to-date: /home/em/ros_workspace_2025/nav_ws/install/px4_msgs/include/px4_msgs/px4_msgs/msg/actuator_armed.h\n'}
[9.587749] (px4_msgs) StdoutLine: {'line': b'-- Up-to-date: /home/em/ros_workspace_2025/nav_ws/install/px4_msgs/include/px4_msgs/px4_msgs/msg/qshell_retval.h\n'}
[9.587772] (px4_msgs) StdoutLine: {'line': b'-- Up-to-date: /home/em/ros_workspace_2025/nav_ws/install/px4_msgs/include/px4_msgs/px4_msgs/msg/sensor_gnss_relative.h\n'}
[9.587795] (px4_msgs) StdoutLine: {'line': b'-- Up-to-date: /home/em/ros_workspace_2025/nav_ws/install/px4_msgs/include/px4_msgs/px4_msgs/msg/transponder_report.h\n'}
[9.587819] (px4_msgs) StdoutLine: {'line': b'-- Up-to-date: /home/em/ros_workspace_2025/nav_ws/install/px4_msgs/include/px4_msgs/px4_msgs/msg/rover_ackermann_setpoint.h\n'}
[9.587842] (px4_msgs) StdoutLine: {'line': b'-- Up-to-date: /home/em/ros_workspace_2025/nav_ws/install/px4_msgs/include/px4_msgs/px4_msgs/msg/orb_test_medium.h\n'}
[9.587866] (px4_msgs) StdoutLine: {'line': b'-- Up-to-date: /home/em/ros_workspace_2025/nav_ws/install/px4_msgs/include/px4_msgs/px4_msgs/msg/parameter_set_value_request.h\n'}
[9.587889] (px4_msgs) StdoutLine: {'line': b'-- Up-to-date: /home/em/ros_workspace_2025/nav_ws/install/px4_msgs/include/px4_msgs/px4_msgs/msg/adc_report.h\n'}
[9.587912] (px4_msgs) StdoutLine: {'line': b'-- Up-to-date: /home/em/ros_workspace_2025/nav_ws/install/px4_msgs/include/px4_msgs/px4_msgs/msg/control_allocator_status.h\n'}
[9.587977] (px4_msgs) StdoutLine: {'line': b'-- Up-to-date: /home/em/ros_workspace_2025/nav_ws/install/px4_msgs/include/px4_msgs/px4_msgs/msg/geofence_result.h\n'}
[9.588001] (px4_msgs) StdoutLine: {'line': b'-- Up-to-date: /home/em/ros_workspace_2025/nav_ws/install/px4_msgs/include/px4_msgs/px4_msgs/msg/gpio_in.h\n'}
[9.588026] (px4_msgs) StdoutLine: {'line': b'-- Up-to-date: /home/em/ros_workspace_2025/nav_ws/install/px4_msgs/include/px4_msgs/px4_msgs/msg/gimbal_manager_status.h\n'}
[9.588051] (px4_msgs) StdoutLine: {'line': b'-- Up-to-date: /home/em/ros_workspace_2025/nav_ws/install/px4_msgs/include/px4_msgs/px4_msgs/msg/vehicle_optical_flow.h\n'}
[9.588075] (px4_msgs) StdoutLine: {'line': b'-- Up-to-date: /home/em/ros_workspace_2025/nav_ws/install/px4_msgs/include/px4_msgs/px4_msgs/msg/orb_test.h\n'}
[9.588098] (px4_msgs) StdoutLine: {'line': b'-- Up-to-date: /home/em/ros_workspace_2025/nav_ws/install/px4_msgs/include/px4_msgs/px4_msgs/msg/actuator_servos_trim.h\n'}
[9.588123] (px4_msgs) StdoutLine: {'line': b'-- Up-to-date: /home/em/ros_workspace_2025/nav_ws/install/px4_msgs/include/px4_msgs/px4_msgs/msg/gimbal_device_attitude_status.h\n'}
[9.588147] (px4_msgs) StdoutLine: {'line': b'-- Up-to-date: /home/em/ros_workspace_2025/nav_ws/install/px4_msgs/include/px4_msgs/px4_msgs/msg/detail\n'}
[9.588171] (px4_msgs) StdoutLine: {'line': b'-- Up-to-date: /home/em/ros_workspace_2025/nav_ws/install/px4_msgs/include/px4_msgs/px4_msgs/msg/detail/flight_phase_estimation__functions.c\n'}
[9.588194] (px4_msgs) StdoutLine: {'line': b'-- Up-to-date: /home/em/ros_workspace_2025/nav_ws/install/px4_msgs/include/px4_msgs/px4_msgs/msg/detail/rover_mecanum_setpoint__type_support.h\n'}
[9.588216] (px4_msgs) StdoutLine: {'line': b'-- Up-to-date: /home/em/ros_workspace_2025/nav_ws/install/px4_msgs/include/px4_msgs/px4_msgs/msg/detail/actuator_motors__functions.h\n'}
[9.588239] (px4_msgs) StdoutLine: {'line': b'-- Up-to-date: /home/em/ros_workspace_2025/nav_ws/install/px4_msgs/include/px4_msgs/px4_msgs/msg/detail/sensor_gps__struct.h\n'}
[9.588262] (px4_msgs) StdoutLine: {'line': b'-- Up-to-date: /home/em/ros_workspace_2025/nav_ws/install/px4_msgs/include/px4_msgs/px4_msgs/msg/detail/tune_control__struct.h\n'}
[9.588287] (px4_msgs) StdoutLine: {'line': b'-- Up-to-date: /home/em/ros_workspace_2025/nav_ws/install/px4_msgs/include/px4_msgs/px4_msgs/msg/detail/manual_control_switches__functions.h\n'}
[9.588311] (px4_msgs) StdoutLine: {'line': b'-- Up-to-date: /home/em/ros_workspace_2025/nav_ws/install/px4_msgs/include/px4_msgs/px4_msgs/msg/detail/trajectory_bezier__struct.h\n'}
[9.588333] (px4_msgs) StdoutLine: {'line': b'-- Up-to-date: /home/em/ros_workspace_2025/nav_ws/install/px4_msgs/include/px4_msgs/px4_msgs/msg/detail/heater_status__functions.h\n'}
[9.588357] (px4_msgs) StdoutLine: {'line': b'-- Up-to-date: /home/em/ros_workspace_2025/nav_ws/install/px4_msgs/include/px4_msgs/px4_msgs/msg/detail/estimator_status__struct.h\n'}
[9.588381] (px4_msgs) StdoutLine: {'line': b'-- Up-to-date: /home/em/ros_workspace_2025/nav_ws/install/px4_msgs/include/px4_msgs/px4_msgs/msg/detail/estimator_states__functions.h\n'}
[9.588468] (px4_msgs) StdoutLine: {'line': b'-- Up-to-date: /home/em/ros_workspace_2025/nav_ws/install/px4_msgs/include/px4_msgs/px4_msgs/msg/detail/trajectory_waypoint__functions.c\n'}
[9.588493] (px4_msgs) StdoutLine: {'line': b'-- Up-to-date: /home/em/ros_workspace_2025/nav_ws/install/px4_msgs/include/px4_msgs/px4_msgs/msg/detail/parameter_set_used_request__type_support.h\n'}
[9.588518] (px4_msgs) StdoutLine: {'line': b'-- Up-to-date: /home/em/ros_workspace_2025/nav_ws/install/px4_msgs/include/px4_msgs/px4_msgs/msg/detail/mission_result__functions.h\n'}
[9.588542] (px4_msgs) StdoutLine: {'line': b'-- Up-to-date: /home/em/ros_workspace_2025/nav_ws/install/px4_msgs/include/px4_msgs/px4_msgs/msg/detail/debug_array__struct.h\n'}
[9.588566] (px4_msgs) StdoutLine: {'line': b'-- Up-to-date: /home/em/ros_workspace_2025/nav_ws/install/px4_msgs/include/px4_msgs/px4_msgs/msg/detail/vehicle_angular_acceleration_setpoint__struct.h\n'}
[9.588601] (px4_msgs) StdoutLine: {'line': b'-- Up-to-date: /home/em/ros_workspace_2025/nav_ws/install/px4_msgs/include/px4_msgs/px4_msgs/msg/detail/timesync_status__type_support.h\n'}
[9.588711] (px4_msgs) StdoutLine: {'line': b'-- Up-to-date: /home/em/ros_workspace_2025/nav_ws/install/px4_msgs/include/px4_msgs/px4_msgs/msg/detail/sensor_mag__functions.h\n'}
[9.588736] (px4_msgs) StdoutLine: {'line': b'-- Up-to-date: /home/em/ros_workspace_2025/nav_ws/install/px4_msgs/include/px4_msgs/px4_msgs/msg/detail/sensor_airflow__struct.h\n'}
[9.588761] (px4_msgs) StdoutLine: {'line': b'-- Up-to-date: /home/em/ros_workspace_2025/nav_ws/install/px4_msgs/include/px4_msgs/px4_msgs/msg/detail/gimbal_manager_status__functions.c\n'}
[9.588786] (px4_msgs) StdoutLine: {'line': b'-- Up-to-date: /home/em/ros_workspace_2025/nav_ws/install/px4_msgs/include/px4_msgs/px4_msgs/msg/detail/magnetometer_bias_estimate__type_support.h\n'}
[9.588809] (px4_msgs) StdoutLine: {'line': b'-- Up-to-date: /home/em/ros_workspace_2025/nav_ws/install/px4_msgs/include/px4_msgs/px4_msgs/msg/detail/sensor_combined__type_support.h\n'}
[9.588833] (px4_msgs) StdoutLine: {'line': b'-- Up-to-date: /home/em/ros_workspace_2025/nav_ws/install/px4_msgs/include/px4_msgs/px4_msgs/msg/detail/vehicle_imu_status__type_support.h\n'}
[9.588857] (px4_msgs) StdoutLine: {'line': b'-- Up-to-date: /home/em/ros_workspace_2025/nav_ws/install/px4_msgs/include/px4_msgs/px4_msgs/msg/detail/open_drone_id_arm_status__struct.h\n'}
[9.588881] (px4_msgs) StdoutLine: {'line': b'-- Up-to-date: /home/em/ros_workspace_2025/nav_ws/install/px4_msgs/include/px4_msgs/px4_msgs/msg/detail/rover_differential_status__type_support.h\n'}
[9.588905] (px4_msgs) StdoutLine: {'line': b'-- Up-to-date: /home/em/ros_workspace_2025/nav_ws/install/px4_msgs/include/px4_msgs/px4_msgs/msg/detail/vehicle_trajectory_bezier__functions.c\n'}
[9.588929] (px4_msgs) StdoutLine: {'line': b'-- Up-to-date: /home/em/ros_workspace_2025/nav_ws/install/px4_msgs/include/px4_msgs/px4_msgs/msg/detail/launch_detection_status__struct.h\n'}
[9.588952] (px4_msgs) StdoutLine: {'line': b'-- Up-to-date: /home/em/ros_workspace_2025/nav_ws/install/px4_msgs/include/px4_msgs/px4_msgs/msg/detail/event__functions.h\n'}
[9.588975] (px4_msgs) StdoutLine: {'line': b'-- Up-to-date: /home/em/ros_workspace_2025/nav_ws/install/px4_msgs/include/px4_msgs/px4_msgs/msg/detail/vehicle_constraints__type_support.h\n'}
[9.588998] (px4_msgs) StdoutLine: {'line': b'-- Up-to-date: /home/em/ros_workspace_2025/nav_ws/install/px4_msgs/include/px4_msgs/px4_msgs/msg/detail/pps_capture__struct.h\n'}
[9.589022] (px4_msgs) StdoutLine: {'line': b'-- Up-to-date: /home/em/ros_workspace_2025/nav_ws/install/px4_msgs/include/px4_msgs/px4_msgs/msg/detail/estimator_states__struct.h\n'}
[9.589045] (px4_msgs) StdoutLine: {'line': b'-- Up-to-date: /home/em/ros_workspace_2025/nav_ws/install/px4_msgs/include/px4_msgs/px4_msgs/msg/detail/open_drone_id_arm_status__type_support.h\n'}
[9.589068] (px4_msgs) StdoutLine: {'line': b'-- Up-to-date: /home/em/ros_workspace_2025/nav_ws/install/px4_msgs/include/px4_msgs/px4_msgs/msg/detail/failsafe_flags__functions.c\n'}
[9.589091] (px4_msgs) StdoutLine: {'line': b'-- Up-to-date: /home/em/ros_workspace_2025/nav_ws/install/px4_msgs/include/px4_msgs/px4_msgs/msg/detail/orb_test_medium__functions.c\n'}
[9.589114] (px4_msgs) StdoutLine: {'line': b'-- Up-to-date: /home/em/ros_workspace_2025/nav_ws/install/px4_msgs/include/px4_msgs/px4_msgs/msg/detail/adc_report__functions.h\n'}
[9.589137] (px4_msgs) StdoutLine: {'line': b'-- Up-to-date: /home/em/ros_workspace_2025/nav_ws/install/px4_msgs/include/px4_msgs/px4_msgs/msg/detail/parameter_set_value_response__struct.h\n'}
[9.589160] (px4_msgs) StdoutLine: {'line': b'-- Up-to-date: /home/em/ros_workspace_2025/nav_ws/install/px4_msgs/include/px4_msgs/px4_msgs/msg/detail/gpio_config__type_support.h\n'}
[9.589183] (px4_msgs) StdoutLine: {'line': b'-- Up-to-date: /home/em/ros_workspace_2025/nav_ws/install/px4_msgs/include/px4_msgs/px4_msgs/msg/detail/arming_check_reply__functions.h\n'}
[9.589227] (px4_msgs) StdoutLine: {'line': b'-- Up-to-date: /home/em/ros_workspace_2025/nav_ws/install/px4_msgs/include/px4_msgs/px4_msgs/msg/detail/trajectory_bezier__functions.h\n'}
[9.589252] (px4_msgs) StdoutLine: {'line': b'-- Up-to-date: /home/em/ros_workspace_2025/nav_ws/install/px4_msgs/include/px4_msgs/px4_msgs/msg/detail/vehicle_thrust_setpoint__functions.c\n'}
[9.589276] (px4_msgs) StdoutLine: {'line': b'-- Up-to-date: /home/em/ros_workspace_2025/nav_ws/install/px4_msgs/include/px4_msgs/px4_msgs/msg/detail/position_setpoint_triplet__functions.h\n'}
[9.589374] (px4_msgs) StdoutLine: {'line': b'-- Up-to-date: /home/em/ros_workspace_2025/nav_ws/install/px4_msgs/include/px4_msgs/px4_msgs/msg/detail/sensors_status__functions.h\n'}
[9.589402] (px4_msgs) StdoutLine: {'line': b'-- Up-to-date: /home/em/ros_workspace_2025/nav_ws/install/px4_msgs/include/px4_msgs/px4_msgs/msg/detail/action_request__struct.h\n'}
[9.589427] (px4_msgs) StdoutLine: {'line': b'-- Up-to-date: /home/em/ros_workspace_2025/nav_ws/install/px4_msgs/include/px4_msgs/px4_msgs/msg/detail/estimator_aid_source2d__functions.c\n'}
[9.589471] (px4_msgs) StdoutLine: {'line': b'-- Up-to-date: /home/em/ros_workspace_2025/nav_ws/install/px4_msgs/include/px4_msgs/px4_msgs/msg/detail/differential_pressure__functions.h\n'}
[9.589497] (px4_msgs) StdoutLine: {'line': b'-- Up-to-date: /home/em/ros_workspace_2025/nav_ws/install/px4_msgs/include/px4_msgs/px4_msgs/msg/detail/pps_capture__type_support.h\n'}
[9.589521] (px4_msgs) StdoutLine: {'line': b'-- Up-to-date: /home/em/ros_workspace_2025/nav_ws/install/px4_msgs/include/px4_msgs/px4_msgs/msg/detail/heater_status__functions.c\n'}
[9.589544] (px4_msgs) StdoutLine: {'line': b'-- Up-to-date: /home/em/ros_workspace_2025/nav_ws/install/px4_msgs/include/px4_msgs/px4_msgs/msg/detail/camera_capture__functions.h\n'}
[9.589568] (px4_msgs) StdoutLine: {'line': b'-- Up-to-date: /home/em/ros_workspace_2025/nav_ws/install/px4_msgs/include/px4_msgs/px4_msgs/msg/detail/event__functions.c\n'}
[9.589591] (px4_msgs) StdoutLine: {'line': b'-- Up-to-date: /home/em/ros_workspace_2025/nav_ws/install/px4_msgs/include/px4_msgs/px4_msgs/msg/detail/generator_status__type_support.h\n'}
[9.589616] (px4_msgs) StdoutLine: {'line': b'-- Up-to-date: /home/em/ros_workspace_2025/nav_ws/install/px4_msgs/include/px4_msgs/px4_msgs/msg/detail/vehicle_attitude__functions.c\n'}
[9.589639] (px4_msgs) StdoutLine: {'line': b'-- Up-to-date: /home/em/ros_workspace_2025/nav_ws/install/px4_msgs/include/px4_msgs/px4_msgs/msg/detail/gimbal_device_set_attitude__struct.h\n'}
[9.589662] (px4_msgs) StdoutLine: {'line': b'-- Up-to-date: /home/em/ros_workspace_2025/nav_ws/install/px4_msgs/include/px4_msgs/px4_msgs/msg/detail/actuator_outputs__struct.h\n'}
[9.589685] (px4_msgs) StdoutLine: {'line': b'-- Up-to-date: /home/em/ros_workspace_2025/nav_ws/install/px4_msgs/include/px4_msgs/px4_msgs/msg/detail/vehicle_trajectory_waypoint__struct.h\n'}
[9.589709] (px4_msgs) StdoutLine: {'line': b'-- Up-to-date: /home/em/ros_workspace_2025/nav_ws/install/px4_msgs/include/px4_msgs/px4_msgs/msg/detail/gimbal_manager_information__type_support.h\n'}
[9.589732] (px4_msgs) StdoutLine: {'line': b'-- Up-to-date: /home/em/ros_workspace_2025/nav_ws/install/px4_msgs/include/px4_msgs/px4_msgs/msg/detail/rover_differential_status__functions.h\n'}
[9.589757] (px4_msgs) StdoutLine: {'line': b'-- Up-to-date: /home/em/ros_workspace_2025/nav_ws/install/px4_msgs/include/px4_msgs/px4_msgs/msg/detail/vehicle_global_position__type_support.h\n'}
[9.589781] (px4_msgs) StdoutLine: {'line': b'-- Up-to-date: /home/em/ros_workspace_2025/nav_ws/install/px4_msgs/include/px4_msgs/px4_msgs/msg/detail/irlock_report__type_support.h\n'}
[9.589805] (px4_msgs) StdoutLine: {'line': b'-- Up-to-date: /home/em/ros_workspace_2025/nav_ws/install/px4_msgs/include/px4_msgs/px4_msgs/msg/detail/onboard_computer_status__functions.h\n'}
[9.589829] (px4_msgs) StdoutLine: {'line': b'-- Up-to-date: /home/em/ros_workspace_2025/nav_ws/install/px4_msgs/include/px4_msgs/px4_msgs/msg/detail/distance_sensor_mode_change_request__struct.h\n'}
[9.589873] (px4_msgs) StdoutLine: {'line': b'-- Up-to-date: /home/em/ros_workspace_2025/nav_ws/install/px4_msgs/include/px4_msgs/px4_msgs/msg/detail/velocity_limits__functions.h\n'}
[9.589922] (px4_msgs) StdoutLine: {'line': b'-- Up-to-date: /home/em/ros_workspace_2025/nav_ws/install/px4_msgs/include/px4_msgs/px4_msgs/msg/detail/yaw_estimator_status__functions.h\n'}
[9.589961] (px4_msgs) StdoutLine: {'line': b'-- Up-to-date: /home/em/ros_workspace_2025/nav_ws/install/px4_msgs/include/px4_msgs/px4_msgs/msg/detail/vehicle_constraints__struct.h\n'}
[9.589988] (px4_msgs) StdoutLine: {'line': b'-- Up-to-date: /home/em/ros_workspace_2025/nav_ws/install/px4_msgs/include/px4_msgs/px4_msgs/msg/detail/airspeed__functions.c\n'}
[9.590014] (px4_msgs) StdoutLine: {'line': b'-- Up-to-date: /home/em/ros_workspace_2025/nav_ws/install/px4_msgs/include/px4_msgs/px4_msgs/msg/detail/event__struct.h\n'}
[9.590039] (px4_msgs) StdoutLine: {'line': b'-- Up-to-date: /home/em/ros_workspace_2025/nav_ws/install/px4_msgs/include/px4_msgs/px4_msgs/msg/detail/telemetry_status__type_support.h\n'}
[9.590063] (px4_msgs) StdoutLine: {'line': b'-- Up-to-date: /home/em/ros_workspace_2025/nav_ws/install/px4_msgs/include/px4_msgs/px4_msgs/msg/detail/rate_ctrl_status__functions.h\n'}
[9.590087] (px4_msgs) StdoutLine: {'line': b'-- Up-to-date: /home/em/ros_workspace_2025/nav_ws/install/px4_msgs/include/px4_msgs/px4_msgs/msg/detail/debug_vect__functions.h\n'}
[9.590111] (px4_msgs) StdoutLine: {'line': b'-- Up-to-date: /home/em/ros_workspace_2025/nav_ws/install/px4_msgs/include/px4_msgs/px4_msgs/msg/detail/sensor_combined__functions.h\n'}
[9.590134] (px4_msgs) StdoutLine: {'line': b'-- Up-to-date: /home/em/ros_workspace_2025/nav_ws/install/px4_msgs/include/px4_msgs/px4_msgs/msg/detail/vehicle_thrust_setpoint__struct.h\n'}
[9.590158] (px4_msgs) StdoutLine: {'line': b'-- Up-to-date: /home/em/ros_workspace_2025/nav_ws/install/px4_msgs/include/px4_msgs/px4_msgs/msg/detail/open_drone_id_system__functions.c\n'}
[9.590268] (px4_msgs) StdoutLine: {'line': b'-- Up-to-date: /home/em/ros_workspace_2025/nav_ws/install/px4_msgs/include/px4_msgs/px4_msgs/msg/detail/control_allocator_status__functions.c\n'}
[9.590318] (px4_msgs) StdoutLine: {'line': b'-- Up-to-date: /home/em/ros_workspace_2025/nav_ws/install/px4_msgs/include/px4_msgs/px4_msgs/msg/detail/rover_mecanum_status__struct.h\n'}
[9.590345] (px4_msgs) StdoutLine: {'line': b'-- Up-to-date: /home/em/ros_workspace_2025/nav_ws/install/px4_msgs/include/px4_msgs/px4_msgs/msg/detail/power_button_state__struct.h\n'}
[9.590370] (px4_msgs) StdoutLine: {'line': b'-- Up-to-date: /home/em/ros_workspace_2025/nav_ws/install/px4_msgs/include/px4_msgs/px4_msgs/msg/detail/landing_gear_wheel__functions.c\n'}
[9.590395] (px4_msgs) StdoutLine: {'line': b'-- Up-to-date: /home/em/ros_workspace_2025/nav_ws/install/px4_msgs/include/px4_msgs/px4_msgs/msg/detail/geofence_result__struct.h\n'}
[9.590420] (px4_msgs) StdoutLine: {'line': b'-- Up-to-date: /home/em/ros_workspace_2025/nav_ws/install/px4_msgs/include/px4_msgs/px4_msgs/msg/detail/airspeed_validated__functions.h\n'}
[9.590444] (px4_msgs) StdoutLine: {'line': b'-- Up-to-date: /home/em/ros_workspace_2025/nav_ws/install/px4_msgs/include/px4_msgs/px4_msgs/msg/detail/vehicle_command__type_support.h\n'}
[9.590467] (px4_msgs) StdoutLine: {'line': b'-- Up-to-date: /home/em/ros_workspace_2025/nav_ws/install/px4_msgs/include/px4_msgs/px4_msgs/msg/detail/differential_pressure__struct.h\n'}
[9.590490] (px4_msgs) StdoutLine: {'line': b'-- Up-to-date: /home/em/ros_workspace_2025/nav_ws/install/px4_msgs/include/px4_msgs/px4_msgs/msg/detail/launch_detection_status__type_support.h\n'}
[9.590537] (px4_msgs) StdoutLine: {'line': b'-- Up-to-date: /home/em/ros_workspace_2025/nav_ws/install/px4_msgs/include/px4_msgs/px4_msgs/msg/detail/arming_check_request__functions.c\n'}
[9.590564] (px4_msgs) StdoutLine: {'line': b'-- Up-to-date: /home/em/ros_workspace_2025/nav_ws/install/px4_msgs/include/px4_msgs/px4_msgs/msg/detail/estimator_bias3d__functions.c\n'}
[9.590588] (px4_msgs) StdoutLine: {'line': b'-- Up-to-date: /home/em/ros_workspace_2025/nav_ws/install/px4_msgs/include/px4_msgs/px4_msgs/msg/detail/gpio_out__functions.c\n'}
[9.590621] (px4_msgs) StdoutLine: {'line': b'-- Up-to-date: /home/em/ros_workspace_2025/nav_ws/install/px4_msgs/include/px4_msgs/px4_msgs/msg/detail/led_control__functions.c\n'}
[9.590644] (px4_msgs) StdoutLine: {'line': b'-- Up-to-date: /home/em/ros_workspace_2025/nav_ws/install/px4_msgs/include/px4_msgs/px4_msgs/msg/detail/control_allocator_status__type_support.h\n'}
[9.590667] (px4_msgs) StdoutLine: {'line': b'-- Up-to-date: /home/em/ros_workspace_2025/nav_ws/install/px4_msgs/include/px4_msgs/px4_msgs/msg/detail/gripper__functions.h\n'}
[9.590690] (px4_msgs) StdoutLine: {'line': b'-- Up-to-date: /home/em/ros_workspace_2025/nav_ws/install/px4_msgs/include/px4_msgs/px4_msgs/msg/detail/parameter_set_value_request__functions.h\n'}
[9.590714] (px4_msgs) StdoutLine: {'line': b'-- Up-to-date: /home/em/ros_workspace_2025/nav_ws/install/px4_msgs/include/px4_msgs/px4_msgs/msg/detail/landing_gear_wheel__functions.h\n'}
[9.590737] (px4_msgs) StdoutLine: {'line': b'-- Up-to-date: /home/em/ros_workspace_2025/nav_ws/install/px4_msgs/include/px4_msgs/px4_msgs/msg/detail/follow_target_status__type_support.h\n'}
[9.590760] (px4_msgs) StdoutLine: {'line': b'-- Up-to-date: /home/em/ros_workspace_2025/nav_ws/install/px4_msgs/include/px4_msgs/px4_msgs/msg/detail/follow_target_status__struct.h\n'}
[9.590783] (px4_msgs) StdoutLine: {'line': b'-- Up-to-date: /home/em/ros_workspace_2025/nav_ws/install/px4_msgs/include/px4_msgs/px4_msgs/msg/detail/camera_trigger__functions.h\n'}
[9.590806] (px4_msgs) StdoutLine: {'line': b'-- Up-to-date: /home/em/ros_workspace_2025/nav_ws/install/px4_msgs/include/px4_msgs/px4_msgs/msg/detail/position_controller_status__functions.h\n'}
[9.590828] (px4_msgs) StdoutLine: {'line': b'-- Up-to-date: /home/em/ros_workspace_2025/nav_ws/install/px4_msgs/include/px4_msgs/px4_msgs/msg/detail/orb_test__functions.c\n'}
[9.590852] (px4_msgs) StdoutLine: {'line': b'-- Up-to-date: /home/em/ros_workspace_2025/nav_ws/install/px4_msgs/include/px4_msgs/px4_msgs/msg/detail/vehicle_imu__struct.h\n'}
[9.590875] (px4_msgs) StdoutLine: {'line': b'-- Up-to-date: /home/em/ros_workspace_2025/nav_ws/install/px4_msgs/include/px4_msgs/px4_msgs/msg/detail/position_controller_landing_status__functions.c\n'}
[9.590898] (px4_msgs) StdoutLine: {'line': b'-- Up-to-date: /home/em/ros_workspace_2025/nav_ws/install/px4_msgs/include/px4_msgs/px4_msgs/msg/detail/estimator_aid_source2d__type_support.h\n'}
[9.590920] (px4_msgs) StdoutLine: {'line': b'-- Up-to-date: /home/em/ros_workspace_2025/nav_ws/install/px4_msgs/include/px4_msgs/px4_msgs/msg/detail/parameter_set_value_response__functions.h\n'}
[9.590943] (px4_msgs) StdoutLine: {'line': b'-- Up-to-date: /home/em/ros_workspace_2025/nav_ws/install/px4_msgs/include/px4_msgs/px4_msgs/msg/detail/ping__struct.h\n'}
[9.590967] (px4_msgs) StdoutLine: {'line': b'-- Up-to-date: /home/em/ros_workspace_2025/nav_ws/install/px4_msgs/include/px4_msgs/px4_msgs/msg/detail/wind__type_support.h\n'}
[9.591019] (px4_msgs) StdoutLine: {'line': b'-- Up-to-date: /home/em/ros_workspace_2025/nav_ws/install/px4_msgs/include/px4_msgs/px4_msgs/msg/detail/debug_key_value__functions.h\n'}
[9.591083] (px4_msgs) StdoutLine: {'line': b'-- Up-to-date: /home/em/ros_workspace_2025/nav_ws/install/px4_msgs/include/px4_msgs/px4_msgs/msg/detail/sensor_mag__struct.h\n'}
[9.591107] (px4_msgs) StdoutLine: {'line': b'-- Up-to-date: /home/em/ros_workspace_2025/nav_ws/install/px4_msgs/include/px4_msgs/px4_msgs/msg/detail/pwm_input__functions.h\n'}
[9.591131] (px4_msgs) StdoutLine: {'line': b'-- Up-to-date: /home/em/ros_workspace_2025/nav_ws/install/px4_msgs/include/px4_msgs/px4_msgs/msg/detail/gps_inject_data__struct.h\n'}
[9.591152] (px4_msgs) StdoutLine: {'line': b'-- Up-to-date: /home/em/ros_workspace_2025/nav_ws/install/px4_msgs/include/px4_msgs/px4_msgs/msg/detail/ulog_stream_ack__type_support.h\n'}
[9.591175] (px4_msgs) StdoutLine: {'line': b'-- Up-to-date: /home/em/ros_workspace_2025/nav_ws/install/px4_msgs/include/px4_msgs/px4_msgs/msg/detail/landing_gear__functions.h\n'}
[9.591200] (px4_msgs) StdoutLine: {'line': b'-- Up-to-date: /home/em/ros_workspace_2025/nav_ws/install/px4_msgs/include/px4_msgs/px4_msgs/msg/detail/mavlink_tunnel__type_support.h\n'}
[9.591223] (px4_msgs) StdoutLine: {'line': b'-- Up-to-date: /home/em/ros_workspace_2025/nav_ws/install/px4_msgs/include/px4_msgs/px4_msgs/msg/detail/airspeed__functions.h\n'}
[9.591260] (px4_msgs) StdoutLine: {'line': b'-- Up-to-date: /home/em/ros_workspace_2025/nav_ws/install/px4_msgs/include/px4_msgs/px4_msgs/msg/detail/health_report__functions.h\n'}
[9.591298] (px4_msgs) StdoutLine: {'line': b'-- Up-to-date: /home/em/ros_workspace_2025/nav_ws/install/px4_msgs/include/px4_msgs/px4_msgs/msg/detail/estimator_aid_source3d__type_support.h\n'}
[9.591342] (px4_msgs) StdoutLine: {'line': b'-- Up-to-date: /home/em/ros_workspace_2025/nav_ws/install/px4_msgs/include/px4_msgs/px4_msgs/msg/detail/position_setpoint__type_support.h\n'}
[9.591505] (px4_msgs) StdoutLine: {'line': b'-- Up-to-date: /home/em/ros_workspace_2025/nav_ws/install/px4_msgs/include/px4_msgs/px4_msgs/msg/detail/px4io_status__type_support.h\n'}
[9.591611] (px4_msgs) StdoutLine: {'line': b'-- Up-to-date: /home/em/ros_workspace_2025/nav_ws/install/px4_msgs/include/px4_msgs/px4_msgs/msg/detail/vehicle_trajectory_waypoint__type_support.h\n'}
[9.591676] (px4_msgs) StdoutLine: {'line': b'-- Up-to-date: /home/em/ros_workspace_2025/nav_ws/install/px4_msgs/include/px4_msgs/px4_msgs/msg/detail/debug_vect__type_support.h\n'}
[9.591768] (px4_msgs) StdoutLine: {'line': b'-- Up-to-date: /home/em/ros_workspace_2025/nav_ws/install/px4_msgs/include/px4_msgs/px4_msgs/msg/detail/vehicle_imu_status__functions.c\n'}
[9.591834] (px4_msgs) StdoutLine: {'line': b'-- Up-to-date: /home/em/ros_workspace_2025/nav_ws/install/px4_msgs/include/px4_msgs/px4_msgs/msg/detail/rc_parameter_map__functions.h\n'}
[9.591916] (px4_msgs) StdoutLine: {'line': b'-- Up-to-date: /home/em/ros_workspace_2025/nav_ws/install/px4_msgs/include/px4_msgs/px4_msgs/msg/detail/follow_target__functions.h\n'}
[9.591976] (px4_msgs) StdoutLine: {'line': b'-- Up-to-date: /home/em/ros_workspace_2025/nav_ws/install/px4_msgs/include/px4_msgs/px4_msgs/msg/detail/sensor_hygrometer__struct.h\n'}
[9.592038] (px4_msgs) StdoutLine: {'line': b'-- Up-to-date: /home/em/ros_workspace_2025/nav_ws/install/px4_msgs/include/px4_msgs/px4_msgs/msg/detail/buffer128__functions.h\n'}
[9.592097] (px4_msgs) StdoutLine: {'line': b'-- Up-to-date: /home/em/ros_workspace_2025/nav_ws/install/px4_msgs/include/px4_msgs/px4_msgs/msg/detail/mavlink_log__functions.h\n'}
[9.592158] (px4_msgs) StdoutLine: {'line': b'-- Up-to-date: /home/em/ros_workspace_2025/nav_ws/install/px4_msgs/include/px4_msgs/px4_msgs/msg/detail/vehicle_constraints__functions.h\n'}
[9.592217] (px4_msgs) StdoutLine: {'line': b'-- Up-to-date: /home/em/ros_workspace_2025/nav_ws/install/px4_msgs/include/px4_msgs/px4_msgs/msg/detail/mag_worker_data__type_support.h\n'}
[9.592276] (px4_msgs) StdoutLine: {'line': b'-- Up-to-date: /home/em/ros_workspace_2025/nav_ws/install/px4_msgs/include/px4_msgs/px4_msgs/msg/detail/vehicle_control_mode__functions.h\n'}
[9.592471] (px4_msgs) StdoutLine: {'line': b'-- Up-to-date: /home/em/ros_workspace_2025/nav_ws/install/px4_msgs/include/px4_msgs/px4_msgs/msg/detail/dataman_request__type_support.h\n'}
[9.592531] (px4_msgs) StdoutLine: {'line': b'-- Up-to-date: /home/em/ros_workspace_2025/nav_ws/install/px4_msgs/include/px4_msgs/px4_msgs/msg/detail/vehicle_global_position__struct.h\n'}
[9.592590] (px4_msgs) StdoutLine: {'line': b'-- Up-to-date: /home/em/ros_workspace_2025/nav_ws/install/px4_msgs/include/px4_msgs/px4_msgs/msg/detail/landing_gear__struct.h\n'}
[9.592648] (px4_msgs) StdoutLine: {'line': b'-- Up-to-date: /home/em/ros_workspace_2025/nav_ws/install/px4_msgs/include/px4_msgs/px4_msgs/msg/detail/rover_differential_guidance_status__type_support.h\n'}
[9.592708] (px4_msgs) StdoutLine: {'line': b'-- Up-to-date: /home/em/ros_workspace_2025/nav_ws/install/px4_msgs/include/px4_msgs/px4_msgs/msg/detail/iridiumsbd_status__functions.h\n'}
[9.592780] (px4_msgs) StdoutLine: {'line': b'-- Up-to-date: /home/em/ros_workspace_2025/nav_ws/install/px4_msgs/include/px4_msgs/px4_msgs/msg/detail/estimator_sensor_bias__type_support.h\n'}
[9.592837] (px4_msgs) StdoutLine: {'line': b'-- Up-to-date: /home/em/ros_workspace_2025/nav_ws/install/px4_msgs/include/px4_msgs/px4_msgs/msg/detail/cellular_status__functions.h\n'}
[9.592992] (px4_msgs) StdoutLine: {'line': b'-- Up-to-date: /home/em/ros_workspace_2025/nav_ws/install/px4_msgs/include/px4_msgs/px4_msgs/msg/detail/actuator_servos_trim__functions.c\n'}
[9.593051] (px4_msgs) StdoutLine: {'line': b'-- Up-to-date: /home/em/ros_workspace_2025/nav_ws/install/px4_msgs/include/px4_msgs/px4_msgs/msg/detail/position_setpoint_triplet__type_support.h\n'}
[9.593110] (px4_msgs) StdoutLine: {'line': b'-- Up-to-date: /home/em/ros_workspace_2025/nav_ws/install/px4_msgs/include/px4_msgs/px4_msgs/msg/detail/sensor_gyro_fft__functions.h\n'}
[9.593216] (px4_msgs) StdoutLine: {'line': b'-- Up-to-date: /home/em/ros_workspace_2025/nav_ws/install/px4_msgs/include/px4_msgs/px4_msgs/msg/detail/vehicle_odometry__struct.h\n'}
[9.593274] (px4_msgs) StdoutLine: {'line': b'-- Up-to-date: /home/em/ros_workspace_2025/nav_ws/install/px4_msgs/include/px4_msgs/px4_msgs/msg/detail/sensors_status_imu__struct.h\n'}
[9.593406] (px4_msgs) StdoutLine: {'line': b'-- Up-to-date: /home/em/ros_workspace_2025/nav_ws/install/px4_msgs/include/px4_msgs/px4_msgs/msg/detail/gimbal_controls__struct.h\n'}
[9.593482] (px4_msgs) StdoutLine: {'line': b'-- Up-to-date: /home/em/ros_workspace_2025/nav_ws/install/px4_msgs/include/px4_msgs/px4_msgs/msg/detail/battery_status__struct.h\n'}
[9.593540] (px4_msgs) StdoutLine: {'line': b'-- Up-to-date: /home/em/ros_workspace_2025/nav_ws/install/px4_msgs/include/px4_msgs/px4_msgs/msg/detail/vehicle_local_position_setpoint__functions.c\n'}
[9.593598] (px4_msgs) StdoutLine: {'line': b'-- Up-to-date: /home/em/ros_workspace_2025/nav_ws/install/px4_msgs/include/px4_msgs/px4_msgs/msg/detail/vtol_vehicle_status__struct.h\n'}
[9.593656] (px4_msgs) StdoutLine: {'line': b'-- Up-to-date: /home/em/ros_workspace_2025/nav_ws/install/px4_msgs/include/px4_msgs/px4_msgs/msg/detail/open_drone_id_system__struct.h\n'}
[9.593714] (px4_msgs) StdoutLine: {'line': b'-- Up-to-date: /home/em/ros_workspace_2025/nav_ws/install/px4_msgs/include/px4_msgs/px4_msgs/msg/detail/estimator_aid_source3d__struct.h\n'}
[9.593770] (px4_msgs) StdoutLine: {'line': b'-- Up-to-date: /home/em/ros_workspace_2025/nav_ws/install/px4_msgs/include/px4_msgs/px4_msgs/msg/detail/mavlink_tunnel__struct.h\n'}
[9.593839] (px4_msgs) StdoutLine: {'line': b'-- Up-to-date: /home/em/ros_workspace_2025/nav_ws/install/px4_msgs/include/px4_msgs/px4_msgs/msg/detail/actuator_servos__type_support.h\n'}
[9.594090] (px4_msgs) StdoutLine: {'line': b'-- Up-to-date: /home/em/ros_workspace_2025/nav_ws/install/px4_msgs/include/px4_msgs/px4_msgs/msg/detail/internal_combustion_engine_status__type_support.h\n'}
[9.594133] (px4_msgs) StdoutLine: {'line': b'-- Up-to-date: /home/em/ros_workspace_2025/nav_ws/install/px4_msgs/include/px4_msgs/px4_msgs/msg/detail/register_ext_component_request__struct.h\n'}
[9.594165] (px4_msgs) StdoutLine: {'line': b'-- Up-to-date: /home/em/ros_workspace_2025/nav_ws/install/px4_msgs/include/px4_msgs/px4_msgs/msg/detail/system_power__type_support.h\n'}
[9.594192] (px4_msgs) StdoutLine: {'line': b'-- Up-to-date: /home/em/ros_workspace_2025/nav_ws/install/px4_msgs/include/px4_msgs/px4_msgs/msg/detail/sensor_airflow__type_support.h\n'}
[9.594219] (px4_msgs) StdoutLine: {'line': b'-- Up-to-date: /home/em/ros_workspace_2025/nav_ws/install/px4_msgs/include/px4_msgs/px4_msgs/msg/detail/uavcan_parameter_request__functions.h\n'}
[9.594243] (px4_msgs) StdoutLine: {'line': b'-- Up-to-date: /home/em/ros_workspace_2025/nav_ws/install/px4_msgs/include/px4_msgs/px4_msgs/msg/detail/sensor_gps__functions.c\n'}
[9.594267] (px4_msgs) StdoutLine: {'line': b'-- Up-to-date: /home/em/ros_workspace_2025/nav_ws/install/px4_msgs/include/px4_msgs/px4_msgs/msg/detail/unregister_ext_component__functions.h\n'}
[9.594362] (px4_msgs) StdoutLine: {'line': b'-- Up-to-date: /home/em/ros_workspace_2025/nav_ws/install/px4_msgs/include/px4_msgs/px4_msgs/msg/detail/hover_thrust_estimate__functions.c\n'}
[9.594390] (px4_msgs) StdoutLine: {'line': b'-- Up-to-date: /home/em/ros_workspace_2025/nav_ws/install/px4_msgs/include/px4_msgs/px4_msgs/msg/detail/generator_status__struct.h\n'}
[9.594415] (px4_msgs) StdoutLine: {'line': b'-- Up-to-date: /home/em/ros_workspace_2025/nav_ws/install/px4_msgs/include/px4_msgs/px4_msgs/msg/detail/actuator_servos__functions.c\n'}
[9.594440] (px4_msgs) StdoutLine: {'line': b'-- Up-to-date: /home/em/ros_workspace_2025/nav_ws/install/px4_msgs/include/px4_msgs/px4_msgs/msg/detail/ulog_stream_ack__functions.h\n'}
[9.594464] (px4_msgs) StdoutLine: {'line': b'-- Up-to-date: /home/em/ros_workspace_2025/nav_ws/install/px4_msgs/include/px4_msgs/px4_msgs/msg/detail/sensor_baro__functions.h\n'}
[9.594488] (px4_msgs) StdoutLine: {'line': b'-- Up-to-date: /home/em/ros_workspace_2025/nav_ws/install/px4_msgs/include/px4_msgs/px4_msgs/msg/detail/arming_check_request__type_support.h\n'}
[9.594511] (px4_msgs) StdoutLine: {'line': b'-- Up-to-date: /home/em/ros_workspace_2025/nav_ws/install/px4_msgs/include/px4_msgs/px4_msgs/msg/detail/task_stack_info__functions.c\n'}
[9.594535] (px4_msgs) StdoutLine: {'line': b'-- Up-to-date: /home/em/ros_workspace_2025/nav_ws/install/px4_msgs/include/px4_msgs/px4_msgs/msg/detail/trajectory_waypoint__struct.h\n'}
[9.594574] (px4_msgs) StdoutLine: {'line': b'-- Up-to-date: /home/em/ros_workspace_2025/nav_ws/install/px4_msgs/include/px4_msgs/px4_msgs/msg/detail/autotune_attitude_control_status__functions.c\n'}
[9.594600] (px4_msgs) StdoutLine: {'line': b'-- Up-to-date: /home/em/ros_workspace_2025/nav_ws/install/px4_msgs/include/px4_msgs/px4_msgs/msg/detail/geofence_result__type_support.h\n'}
[9.594623] (px4_msgs) StdoutLine: {'line': b'-- Up-to-date: /home/em/ros_workspace_2025/nav_ws/install/px4_msgs/include/px4_msgs/px4_msgs/msg/detail/gpio_config__functions.h\n'}
[9.594647] (px4_msgs) StdoutLine: {'line': b'-- Up-to-date: /home/em/ros_workspace_2025/nav_ws/install/px4_msgs/include/px4_msgs/px4_msgs/msg/detail/camera_trigger__type_support.h\n'}
[9.594671] (px4_msgs) StdoutLine: {'line': b'-- Up-to-date: /home/em/ros_workspace_2025/nav_ws/install/px4_msgs/include/px4_msgs/px4_msgs/msg/detail/sensor_accel_fifo__type_support.h\n'}
[9.594697] (px4_msgs) StdoutLine: {'line': b'-- Up-to-date: /home/em/ros_workspace_2025/nav_ws/install/px4_msgs/include/px4_msgs/px4_msgs/msg/detail/sensor_optical_flow__functions.c\n'}
[9.594720] (px4_msgs) StdoutLine: {'line': b'-- Up-to-date: /home/em/ros_workspace_2025/nav_ws/install/px4_msgs/include/px4_msgs/px4_msgs/msg/detail/offboard_control_mode__type_support.h\n'}
[9.594743] (px4_msgs) StdoutLine: {'line': b'-- Up-to-date: /home/em/ros_workspace_2025/nav_ws/install/px4_msgs/include/px4_msgs/px4_msgs/msg/detail/open_drone_id_arm_status__functions.c\n'}
[9.594767] (px4_msgs) StdoutLine: {'line': b'-- Up-to-date: /home/em/ros_workspace_2025/nav_ws/install/px4_msgs/include/px4_msgs/px4_msgs/msg/detail/vehicle_command_ack__functions.c\n'}
[9.594791] (px4_msgs) StdoutLine: {'line': b'-- Up-to-date: /home/em/ros_workspace_2025/nav_ws/install/px4_msgs/include/px4_msgs/px4_msgs/msg/detail/figure_eight_status__functions.h\n'}
[9.594820] (px4_msgs) StdoutLine: {'line': b'-- Up-to-date: /home/em/ros_workspace_2025/nav_ws/install/px4_msgs/include/px4_msgs/px4_msgs/msg/detail/estimator_event_flags__type_support.h\n'}
[9.594846] (px4_msgs) StdoutLine: {'line': b'-- Up-to-date: /home/em/ros_workspace_2025/nav_ws/install/px4_msgs/include/px4_msgs/px4_msgs/msg/detail/button_event__struct.h\n'}
[9.594871] (px4_msgs) StdoutLine: {'line': b'-- Up-to-date: /home/em/ros_workspace_2025/nav_ws/install/px4_msgs/include/px4_msgs/px4_msgs/msg/detail/collision_report__functions.c\n'}
[9.594895] (px4_msgs) StdoutLine: {'line': b'-- Up-to-date: /home/em/ros_workspace_2025/nav_ws/install/px4_msgs/include/px4_msgs/px4_msgs/msg/detail/ping__functions.c\n'}
[9.594935] (px4_msgs) StdoutLine: {'line': b'-- Up-to-date: /home/em/ros_workspace_2025/nav_ws/install/px4_msgs/include/px4_msgs/px4_msgs/msg/detail/vehicle_magnetometer__functions.h\n'}
[9.594980] (px4_msgs) StdoutLine: {'line': b'-- Up-to-date: /home/em/ros_workspace_2025/nav_ws/install/px4_msgs/include/px4_msgs/px4_msgs/msg/detail/actuator_controls_status__functions.h\n'}
[9.595199] (px4_msgs) StdoutLine: {'line': b'-- Up-to-date: /home/em/ros_workspace_2025/nav_ws/install/px4_msgs/include/px4_msgs/px4_msgs/msg/detail/sensors_status__type_support.h\n'}
[9.595267] (px4_msgs) StdoutLine: {'line': b'-- Up-to-date: /home/em/ros_workspace_2025/nav_ws/install/px4_msgs/include/px4_msgs/px4_msgs/msg/detail/vehicle_air_data__type_support.h\n'}
[9.595338] (px4_msgs) StdoutLine: {'line': b'-- Up-to-date: /home/em/ros_workspace_2025/nav_ws/install/px4_msgs/include/px4_msgs/px4_msgs/msg/detail/gimbal_device_attitude_status__type_support.h\n'}
[9.595396] (px4_msgs) StdoutLine: {'line': b'-- Up-to-date: /home/em/ros_workspace_2025/nav_ws/install/px4_msgs/include/px4_msgs/px4_msgs/msg/detail/landing_gear__functions.c\n'}
[9.595472] (px4_msgs) StdoutLine: {'line': b'-- Up-to-date: /home/em/ros_workspace_2025/nav_ws/install/px4_msgs/include/px4_msgs/px4_msgs/msg/detail/airspeed_wind__functions.h\n'}
[9.595554] (px4_msgs) StdoutLine: {'line': b'-- Up-to-date: /home/em/ros_workspace_2025/nav_ws/install/px4_msgs/include/px4_msgs/px4_msgs/msg/detail/open_drone_id_self_id__type_support.h\n'}
[9.595622] (px4_msgs) StdoutLine: {'line': b'-- Up-to-date: /home/em/ros_workspace_2025/nav_ws/install/px4_msgs/include/px4_msgs/px4_msgs/msg/detail/debug_key_value__functions.c\n'}
[9.595708] (px4_msgs) StdoutLine: {'line': b'-- Up-to-date: /home/em/ros_workspace_2025/nav_ws/install/px4_msgs/include/px4_msgs/px4_msgs/msg/detail/vehicle_attitude_setpoint__functions.h\n'}
[9.595805] (px4_msgs) StdoutLine: {'line': b'-- Up-to-date: /home/em/ros_workspace_2025/nav_ws/install/px4_msgs/include/px4_msgs/px4_msgs/msg/detail/battery_status__functions.h\n'}
[9.595899] (px4_msgs) StdoutLine: {'line': b'-- Up-to-date: /home/em/ros_workspace_2025/nav_ws/install/px4_msgs/include/px4_msgs/px4_msgs/msg/detail/wheel_encoders__functions.c\n'}
[9.596000] (px4_msgs) StdoutLine: {'line': b'-- Up-to-date: /home/em/ros_workspace_2025/nav_ws/install/px4_msgs/include/px4_msgs/px4_msgs/msg/detail/open_drone_id_self_id__functions.c\n'}
[9.596092] (px4_msgs) StdoutLine: {'line': b'-- Up-to-date: /home/em/ros_workspace_2025/nav_ws/install/px4_msgs/include/px4_msgs/px4_msgs/msg/detail/trajectory_setpoint__struct.h\n'}
[9.596181] (px4_msgs) StdoutLine: {'line': b'-- Up-to-date: /home/em/ros_workspace_2025/nav_ws/install/px4_msgs/include/px4_msgs/px4_msgs/msg/detail/gimbal_manager_set_attitude__functions.h\n'}
[9.596274] (px4_msgs) StdoutLine: {'line': b'-- Up-to-date: /home/em/ros_workspace_2025/nav_ws/install/px4_msgs/include/px4_msgs/px4_msgs/msg/detail/cellular_status__functions.c\n'}
[9.596372] (px4_msgs) StdoutLine: {'line': b'-- Up-to-date: /home/em/ros_workspace_2025/nav_ws/install/px4_msgs/include/px4_msgs/px4_msgs/msg/detail/navigator_status__type_support.h\n'}
[9.596461] (px4_msgs) StdoutLine: {'line': b'-- Up-to-date: /home/em/ros_workspace_2025/nav_ws/install/px4_msgs/include/px4_msgs/px4_msgs/msg/detail/sensor_combined__functions.c\n'}
[9.596551] (px4_msgs) StdoutLine: {'line': b'-- Up-to-date: /home/em/ros_workspace_2025/nav_ws/install/px4_msgs/include/px4_msgs/px4_msgs/msg/detail/rpm__type_support.h\n'}
[9.596643] (px4_msgs) StdoutLine: {'line': b'-- Up-to-date: /home/em/ros_workspace_2025/nav_ws/install/px4_msgs/include/px4_msgs/px4_msgs/msg/detail/sensor_accel__functions.h\n'}
[9.596733] (px4_msgs) StdoutLine: {'line': b'-- Up-to-date: /home/em/ros_workspace_2025/nav_ws/install/px4_msgs/include/px4_msgs/px4_msgs/msg/detail/sensor_preflight_mag__functions.c\n'}
[9.596820] (px4_msgs) StdoutLine: {'line': b'-- Up-to-date: /home/em/ros_workspace_2025/nav_ws/install/px4_msgs/include/px4_msgs/px4_msgs/msg/detail/timesync_status__struct.h\n'}
[9.596908] (px4_msgs) StdoutLine: {'line': b'-- Up-to-date: /home/em/ros_workspace_2025/nav_ws/install/px4_msgs/include/px4_msgs/px4_msgs/msg/detail/vehicle_command__functions.h\n'}
[9.596999] (px4_msgs) StdoutLine: {'line': b'-- Up-to-date: /home/em/ros_workspace_2025/nav_ws/install/px4_msgs/include/px4_msgs/px4_msgs/msg/detail/actuator_armed__functions.c\n'}
[9.597091] (px4_msgs) StdoutLine: {'line': b'-- Up-to-date: /home/em/ros_workspace_2025/nav_ws/install/px4_msgs/include/px4_msgs/px4_msgs/msg/detail/sensor_gyro_fft__struct.h\n'}
[9.597179] (px4_msgs) StdoutLine: {'line': b'-- Up-to-date: /home/em/ros_workspace_2025/nav_ws/install/px4_msgs/include/px4_msgs/px4_msgs/msg/detail/gps_inject_data__type_support.h\n'}
[9.597271] (px4_msgs) StdoutLine: {'line': b'-- Up-to-date: /home/em/ros_workspace_2025/nav_ws/install/px4_msgs/include/px4_msgs/px4_msgs/msg/detail/logger_status__functions.h\n'}
[9.597363] (px4_msgs) StdoutLine: {'line': b'-- Up-to-date: /home/em/ros_workspace_2025/nav_ws/install/px4_msgs/include/px4_msgs/px4_msgs/msg/detail/rover_ackermann_guidance_status__functions.c\n'}
[9.597454] (px4_msgs) StdoutLine: {'line': b'-- Up-to-date: /home/em/ros_workspace_2025/nav_ws/install/px4_msgs/include/px4_msgs/px4_msgs/msg/detail/gpio_out__functions.h\n'}
[9.597543] (px4_msgs) StdoutLine: {'line': b'-- Up-to-date: /home/em/ros_workspace_2025/nav_ws/install/px4_msgs/include/px4_msgs/px4_msgs/msg/detail/velocity_limits__type_support.h\n'}
[9.597628] (px4_msgs) StdoutLine: {'line': b'-- Up-to-date: /home/em/ros_workspace_2025/nav_ws/install/px4_msgs/include/px4_msgs/px4_msgs/msg/detail/gimbal_manager_set_attitude__type_support.h\n'}
[9.597720] (px4_msgs) StdoutLine: {'line': b'-- Up-to-date: /home/em/ros_workspace_2025/nav_ws/install/px4_msgs/include/px4_msgs/px4_msgs/msg/detail/rover_ackermann_setpoint__functions.c\n'}
[9.597804] (px4_msgs) StdoutLine: {'line': b'-- Up-to-date: /home/em/ros_workspace_2025/nav_ws/install/px4_msgs/include/px4_msgs/px4_msgs/msg/detail/vehicle_local_position_setpoint__type_support.h\n'}
[9.597889] (px4_msgs) StdoutLine: {'line': b'-- Up-to-date: /home/em/ros_workspace_2025/nav_ws/install/px4_msgs/include/px4_msgs/px4_msgs/msg/detail/trajectory_bezier__type_support.h\n'}
[9.598006] (px4_msgs) StdoutLine: {'line': b'-- Up-to-date: /home/em/ros_workspace_2025/nav_ws/install/px4_msgs/include/px4_msgs/px4_msgs/msg/detail/landing_gear_wheel__type_support.h\n'}
[9.598127] (px4_msgs) StdoutLine: {'line': b'-- Up-to-date: /home/em/ros_workspace_2025/nav_ws/install/px4_msgs/include/px4_msgs/px4_msgs/msg/detail/debug_array__functions.c\n'}
[9.598235] (px4_msgs) StdoutLine: {'line': b'-- Up-to-date: /home/em/ros_workspace_2025/nav_ws/install/px4_msgs/include/px4_msgs/px4_msgs/msg/detail/qshell_retval__functions.h\n'}
[9.598344] (px4_msgs) StdoutLine: {'line': b'-- Up-to-date: /home/em/ros_workspace_2025/nav_ws/install/px4_msgs/include/px4_msgs/px4_msgs/msg/detail/tiltrotor_extra_controls__type_support.h\n'}
[9.598443] (px4_msgs) StdoutLine: {'line': b'-- Up-to-date: /home/em/ros_workspace_2025/nav_ws/install/px4_msgs/include/px4_msgs/px4_msgs/msg/detail/mavlink_log__struct.h\n'}
[9.598538] (px4_msgs) StdoutLine: {'line': b'-- Up-to-date: /home/em/ros_workspace_2025/nav_ws/install/px4_msgs/include/px4_msgs/px4_msgs/msg/detail/orb_test_medium__struct.h\n'}
[9.598633] (px4_msgs) StdoutLine: {'line': b'-- Up-to-date: /home/em/ros_workspace_2025/nav_ws/install/px4_msgs/include/px4_msgs/px4_msgs/msg/detail/vehicle_land_detected__type_support.h\n'}
[9.598726] (px4_msgs) StdoutLine: {'line': b'-- Up-to-date: /home/em/ros_workspace_2025/nav_ws/install/px4_msgs/include/px4_msgs/px4_msgs/msg/detail/parameter_set_value_response__functions.c\n'}
[9.598817] (px4_msgs) StdoutLine: {'line': b'-- Up-to-date: /home/em/ros_workspace_2025/nav_ws/install/px4_msgs/include/px4_msgs/px4_msgs/msg/detail/offboard_control_mode__functions.h\n'}
[9.598912] (px4_msgs) StdoutLine: {'line': b'-- Up-to-date: /home/em/ros_workspace_2025/nav_ws/install/px4_msgs/include/px4_msgs/px4_msgs/msg/detail/rover_mecanum_guidance_status__type_support.h\n'}
[9.599000] (px4_msgs) StdoutLine: {'line': b'-- Up-to-date: /home/em/ros_workspace_2025/nav_ws/install/px4_msgs/include/px4_msgs/px4_msgs/msg/detail/gps_dump__functions.c\n'}
[9.599082] (px4_msgs) StdoutLine: {'line': b'-- Up-to-date: /home/em/ros_workspace_2025/nav_ws/install/px4_msgs/include/px4_msgs/px4_msgs/msg/detail/follow_target_estimator__struct.h\n'}
[9.599174] (px4_msgs) StdoutLine: {'line': b'-- Up-to-date: /home/em/ros_workspace_2025/nav_ws/install/px4_msgs/include/px4_msgs/px4_msgs/msg/detail/rtl_time_estimate__functions.c\n'}
[9.599249] (px4_msgs) StdoutLine: {'line': b'-- Up-to-date: /home/em/ros_workspace_2025/nav_ws/install/px4_msgs/include/px4_msgs/px4_msgs/msg/detail/vehicle_acceleration__functions.h\n'}
[9.599431] (px4_msgs) StdoutLine: {'line': b'-- Up-to-date: /home/em/ros_workspace_2025/nav_ws/install/px4_msgs/include/px4_msgs/px4_msgs/msg/detail/landing_gear_wheel__struct.h\n'}
[9.599472] (px4_msgs) StdoutLine: {'line': b'-- Up-to-date: /home/em/ros_workspace_2025/nav_ws/install/px4_msgs/include/px4_msgs/px4_msgs/msg/detail/heater_status__type_support.h\n'}
[9.599501] (px4_msgs) StdoutLine: {'line': b'-- Up-to-date: /home/em/ros_workspace_2025/nav_ws/install/px4_msgs/include/px4_msgs/px4_msgs/msg/detail/vehicle_optical_flow__struct.h\n'}
[9.599553] (px4_msgs) StdoutLine: {'line': b'-- Up-to-date: /home/em/ros_workspace_2025/nav_ws/install/px4_msgs/include/px4_msgs/px4_msgs/msg/detail/airspeed_validated__type_support.h\n'}
[9.599580] (px4_msgs) StdoutLine: {'line': b'-- Up-to-date: /home/em/ros_workspace_2025/nav_ws/install/px4_msgs/include/px4_msgs/px4_msgs/msg/detail/rover_mecanum_setpoint__struct.h\n'}
[9.599606] (px4_msgs) StdoutLine: {'line': b'-- Up-to-date: /home/em/ros_workspace_2025/nav_ws/install/px4_msgs/include/px4_msgs/px4_msgs/msg/detail/normalized_unsigned_setpoint__type_support.h\n'}
[9.599632] (px4_msgs) StdoutLine: {'line': b'-- Up-to-date: /home/em/ros_workspace_2025/nav_ws/install/px4_msgs/include/px4_msgs/px4_msgs/msg/detail/cellular_status__struct.h\n'}
[9.599661] (px4_msgs) StdoutLine: {'line': b'-- Up-to-date: /home/em/ros_workspace_2025/nav_ws/install/px4_msgs/include/px4_msgs/px4_msgs/msg/detail/can_interface_status__type_support.h\n'}
[9.599685] (px4_msgs) StdoutLine: {'line': b'-- Up-to-date: /home/em/ros_workspace_2025/nav_ws/install/px4_msgs/include/px4_msgs/px4_msgs/msg/detail/actuator_test__struct.h\n'}
[9.599711] (px4_msgs) StdoutLine: {'line': b'-- Up-to-date: /home/em/ros_workspace_2025/nav_ws/install/px4_msgs/include/px4_msgs/px4_msgs/msg/detail/transponder_report__type_support.h\n'}
[9.599735] (px4_msgs) StdoutLine: {'line': b'-- Up-to-date: /home/em/ros_workspace_2025/nav_ws/install/px4_msgs/include/px4_msgs/px4_msgs/msg/detail/wind__functions.c\n'}
[9.599760] (px4_msgs) StdoutLine: {'line': b'-- Up-to-date: /home/em/ros_workspace_2025/nav_ws/install/px4_msgs/include/px4_msgs/px4_msgs/msg/detail/estimator_bias3d__struct.h\n'}
[9.599783] (px4_msgs) StdoutLine: {'line': b'-- Up-to-date: /home/em/ros_workspace_2025/nav_ws/install/px4_msgs/include/px4_msgs/px4_msgs/msg/detail/sensor_optical_flow__struct.h\n'}
[9.599807] (px4_msgs) StdoutLine: {'line': b'-- Up-to-date: /home/em/ros_workspace_2025/nav_ws/install/px4_msgs/include/px4_msgs/px4_msgs/msg/detail/parameter_set_used_request__struct.h\n'}
[9.599830] (px4_msgs) StdoutLine: {'line': b'-- Up-to-date: /home/em/ros_workspace_2025/nav_ws/install/px4_msgs/include/px4_msgs/px4_msgs/msg/detail/camera_status__type_support.h\n'}
[9.599853] (px4_msgs) StdoutLine: {'line': b'-- Up-to-date: /home/em/ros_workspace_2025/nav_ws/install/px4_msgs/include/px4_msgs/px4_msgs/msg/detail/estimator_aid_source3d__functions.c\n'}
[9.599876] (px4_msgs) StdoutLine: {'line': b'-- Up-to-date: /home/em/ros_workspace_2025/nav_ws/install/px4_msgs/include/px4_msgs/px4_msgs/msg/detail/estimator_selector_status__functions.c\n'}
[9.599899] (px4_msgs) StdoutLine: {'line': b'-- Up-to-date: /home/em/ros_workspace_2025/nav_ws/install/px4_msgs/include/px4_msgs/px4_msgs/msg/detail/parameter_set_value_request__struct.h\n'}
[9.599921] (px4_msgs) StdoutLine: {'line': b'-- Up-to-date: /home/em/ros_workspace_2025/nav_ws/install/px4_msgs/include/px4_msgs/px4_msgs/msg/detail/manual_control_setpoint__struct.h\n'}
[9.599945] (px4_msgs) StdoutLine: {'line': b'-- Up-to-date: /home/em/ros_workspace_2025/nav_ws/install/px4_msgs/include/px4_msgs/px4_msgs/msg/detail/task_stack_info__type_support.h\n'}
[9.599967] (px4_msgs) StdoutLine: {'line': b'-- Up-to-date: /home/em/ros_workspace_2025/nav_ws/install/px4_msgs/include/px4_msgs/px4_msgs/msg/detail/normalized_unsigned_setpoint__functions.h\n'}
[9.599989] (px4_msgs) StdoutLine: {'line': b'-- Up-to-date: /home/em/ros_workspace_2025/nav_ws/install/px4_msgs/include/px4_msgs/px4_msgs/msg/detail/input_rc__struct.h\n'}
[9.600011] (px4_msgs) StdoutLine: {'line': b'-- Up-to-date: /home/em/ros_workspace_2025/nav_ws/install/px4_msgs/include/px4_msgs/px4_msgs/msg/detail/arming_check_request__struct.h\n'}
[9.600036] (px4_msgs) StdoutLine: {'line': b'-- Up-to-date: /home/em/ros_workspace_2025/nav_ws/install/px4_msgs/include/px4_msgs/px4_msgs/msg/detail/gpio_config__functions.c\n'}
[9.600058] (px4_msgs) StdoutLine: {'line': b'-- Up-to-date: /home/em/ros_workspace_2025/nav_ws/install/px4_msgs/include/px4_msgs/px4_msgs/msg/detail/px4io_status__functions.c\n'}
[9.600082] (px4_msgs) StdoutLine: {'line': b'-- Up-to-date: /home/em/ros_workspace_2025/nav_ws/install/px4_msgs/include/px4_msgs/px4_msgs/msg/detail/esc_status__struct.h\n'}
[9.600104] (px4_msgs) StdoutLine: {'line': b'-- Up-to-date: /home/em/ros_workspace_2025/nav_ws/install/px4_msgs/include/px4_msgs/px4_msgs/msg/detail/uavcan_parameter_value__struct.h\n'}
[9.600126] (px4_msgs) StdoutLine: {'line': b'-- Up-to-date: /home/em/ros_workspace_2025/nav_ws/install/px4_msgs/include/px4_msgs/px4_msgs/msg/detail/gps_inject_data__functions.h\n'}
[9.600148] (px4_msgs) StdoutLine: {'line': b'-- Up-to-date: /home/em/ros_workspace_2025/nav_ws/install/px4_msgs/include/px4_msgs/px4_msgs/msg/detail/led_control__functions.h\n'}
[9.600171] (px4_msgs) StdoutLine: {'line': b'-- Up-to-date: /home/em/ros_workspace_2025/nav_ws/install/px4_msgs/include/px4_msgs/px4_msgs/msg/detail/gpio_out__type_support.h\n'}
[9.600193] (px4_msgs) StdoutLine: {'line': b'-- Up-to-date: /home/em/ros_workspace_2025/nav_ws/install/px4_msgs/include/px4_msgs/px4_msgs/msg/detail/sensor_gyro_fft__type_support.h\n'}
[9.600216] (px4_msgs) StdoutLine: {'line': b'-- Up-to-date: /home/em/ros_workspace_2025/nav_ws/install/px4_msgs/include/px4_msgs/px4_msgs/msg/detail/obstacle_distance__functions.h\n'}
[9.600238] (px4_msgs) StdoutLine: {'line': b'-- Up-to-date: /home/em/ros_workspace_2025/nav_ws/install/px4_msgs/include/px4_msgs/px4_msgs/msg/detail/autotune_attitude_control_status__type_support.h\n'}
[9.600263] (px4_msgs) StdoutLine: {'line': b'-- Up-to-date: /home/em/ros_workspace_2025/nav_ws/install/px4_msgs/include/px4_msgs/px4_msgs/msg/detail/rc_channels__struct.h\n'}
[9.600291] (px4_msgs) StdoutLine: {'line': b'-- Up-to-date: /home/em/ros_workspace_2025/nav_ws/install/px4_msgs/include/px4_msgs/px4_msgs/msg/detail/task_stack_info__struct.h\n'}
[9.600316] (px4_msgs) StdoutLine: {'line': b'-- Up-to-date: /home/em/ros_workspace_2025/nav_ws/install/px4_msgs/include/px4_msgs/px4_msgs/msg/detail/gimbal_device_set_attitude__type_support.h\n'}
[9.600341] (px4_msgs) StdoutLine: {'line': b'-- Up-to-date: /home/em/ros_workspace_2025/nav_ws/install/px4_msgs/include/px4_msgs/px4_msgs/msg/detail/failure_detector_status__struct.h\n'}
[9.600365] (px4_msgs) StdoutLine: {'line': b'-- Up-to-date: /home/em/ros_workspace_2025/nav_ws/install/px4_msgs/include/px4_msgs/px4_msgs/msg/detail/wheel_encoders__type_support.h\n'}
[9.600388] (px4_msgs) StdoutLine: {'line': b'-- Up-to-date: /home/em/ros_workspace_2025/nav_ws/install/px4_msgs/include/px4_msgs/px4_msgs/msg/detail/sensor_gyro__type_support.h\n'}
[9.600411] (px4_msgs) StdoutLine: {'line': b'-- Up-to-date: /home/em/ros_workspace_2025/nav_ws/install/px4_msgs/include/px4_msgs/px4_msgs/msg/detail/estimator_status__functions.c\n'}
[9.600434] (px4_msgs) StdoutLine: {'line': b'-- Up-to-date: /home/em/ros_workspace_2025/nav_ws/install/px4_msgs/include/px4_msgs/px4_msgs/msg/detail/mission__struct.h\n'}
[9.600460] (px4_msgs) StdoutLine: {'line': b'-- Up-to-date: /home/em/ros_workspace_2025/nav_ws/install/px4_msgs/include/px4_msgs/px4_msgs/msg/detail/sensor_baro__functions.c\n'}
[9.600510] (px4_msgs) StdoutLine: {'line': b'-- Up-to-date: /home/em/ros_workspace_2025/nav_ws/install/px4_msgs/include/px4_msgs/px4_msgs/msg/detail/figure_eight_status__functions.c\n'}
[9.600534] (px4_msgs) StdoutLine: {'line': b'-- Up-to-date: /home/em/ros_workspace_2025/nav_ws/install/px4_msgs/include/px4_msgs/px4_msgs/msg/detail/open_drone_id_operator_id__struct.h\n'}
[9.600558] (px4_msgs) StdoutLine: {'line': b'-- Up-to-date: /home/em/ros_workspace_2025/nav_ws/install/px4_msgs/include/px4_msgs/px4_msgs/msg/detail/position_controller_landing_status__functions.h\n'}
[9.600582] (px4_msgs) StdoutLine: {'line': b'-- Up-to-date: /home/em/ros_workspace_2025/nav_ws/install/px4_msgs/include/px4_msgs/px4_msgs/msg/detail/rate_ctrl_status__functions.c\n'}
[9.600605] (px4_msgs) StdoutLine: {'line': b'-- Up-to-date: /home/em/ros_workspace_2025/nav_ws/install/px4_msgs/include/px4_msgs/px4_msgs/msg/detail/sensor_correction__struct.h\n'}
[9.600630] (px4_msgs) StdoutLine: {'line': b'-- Up-to-date: /home/em/ros_workspace_2025/nav_ws/install/px4_msgs/include/px4_msgs/px4_msgs/msg/detail/qshell_retval__type_support.h\n'}
[9.600653] (px4_msgs) StdoutLine: {'line': b'-- Up-to-date: /home/em/ros_workspace_2025/nav_ws/install/px4_msgs/include/px4_msgs/px4_msgs/msg/detail/vehicle_torque_setpoint__struct.h\n'}
[9.600676] (px4_msgs) StdoutLine: {'line': b'-- Up-to-date: /home/em/ros_workspace_2025/nav_ws/install/px4_msgs/include/px4_msgs/px4_msgs/msg/detail/position_controller_status__functions.c\n'}
[9.600698] (px4_msgs) StdoutLine: {'line': b'-- Up-to-date: /home/em/ros_workspace_2025/nav_ws/install/px4_msgs/include/px4_msgs/px4_msgs/msg/detail/register_ext_component_request__functions.c\n'}
[9.600775] (px4_msgs) StdoutLine: {'line': b'-- Up-to-date: /home/em/ros_workspace_2025/nav_ws/install/px4_msgs/include/px4_msgs/px4_msgs/msg/detail/rtl_status__functions.c\n'}
[9.600800] (px4_msgs) StdoutLine: {'line': b'-- Up-to-date: /home/em/ros_workspace_2025/nav_ws/install/px4_msgs/include/px4_msgs/px4_msgs/msg/detail/rover_mecanum_guidance_status__functions.c\n'}
[9.600824] (px4_msgs) StdoutLine: {'line': b'-- Up-to-date: /home/em/ros_workspace_2025/nav_ws/install/px4_msgs/include/px4_msgs/px4_msgs/msg/detail/sensors_status_imu__functions.h\n'}
[9.600847] (px4_msgs) StdoutLine: {'line': b'-- Up-to-date: /home/em/ros_workspace_2025/nav_ws/install/px4_msgs/include/px4_msgs/px4_msgs/msg/detail/rover_differential_setpoint__functions.c\n'}
[9.600870] (px4_msgs) StdoutLine: {'line': b'-- Up-to-date: /home/em/ros_workspace_2025/nav_ws/install/px4_msgs/include/px4_msgs/px4_msgs/msg/detail/position_controller_landing_status__type_support.h\n'}
[9.600948] (px4_msgs) StdoutLine: {'line': b'-- Up-to-date: /home/em/ros_workspace_2025/nav_ws/install/px4_msgs/include/px4_msgs/px4_msgs/msg/detail/register_ext_component_reply__struct.h\n'}
[9.600973] (px4_msgs) StdoutLine: {'line': b'-- Up-to-date: /home/em/ros_workspace_2025/nav_ws/install/px4_msgs/include/px4_msgs/px4_msgs/msg/detail/gimbal_device_information__type_support.h\n'}
[9.600997] (px4_msgs) StdoutLine: {'line': b'-- Up-to-date: /home/em/ros_workspace_2025/nav_ws/install/px4_msgs/include/px4_msgs/px4_msgs/msg/detail/vehicle_control_mode__type_support.h\n'}
[9.601021] (px4_msgs) StdoutLine: {'line': b'-- Up-to-date: /home/em/ros_workspace_2025/nav_ws/install/px4_msgs/include/px4_msgs/px4_msgs/msg/detail/message_format_request__struct.h\n'}
[9.601044] (px4_msgs) StdoutLine: {'line': b'-- Up-to-date: /home/em/ros_workspace_2025/nav_ws/install/px4_msgs/include/px4_msgs/px4_msgs/msg/detail/ulog_stream_ack__struct.h\n'}
[9.601068] (px4_msgs) StdoutLine: {'line': b'-- Up-to-date: /home/em/ros_workspace_2025/nav_ws/install/px4_msgs/include/px4_msgs/px4_msgs/msg/detail/vehicle_command_ack__type_support.h\n'}
[9.601090] (px4_msgs) StdoutLine: {'line': b'-- Up-to-date: /home/em/ros_workspace_2025/nav_ws/install/px4_msgs/include/px4_msgs/px4_msgs/msg/detail/vehicle_status__struct.h\n'}
[9.601254] (px4_msgs) StdoutLine: {'line': b'-- Up-to-date: /home/em/ros_workspace_2025/nav_ws/install/px4_msgs/include/px4_msgs/px4_msgs/msg/detail/iridiumsbd_status__functions.c\n'}
[9.601359] (px4_msgs) StdoutLine: {'line': b'-- Up-to-date: /home/em/ros_workspace_2025/nav_ws/install/px4_msgs/include/px4_msgs/px4_msgs/msg/detail/vehicle_roi__functions.c\n'}
[9.601387] (px4_msgs) StdoutLine: {'line': b'-- Up-to-date: /home/em/ros_workspace_2025/nav_ws/install/px4_msgs/include/px4_msgs/px4_msgs/msg/detail/rtl_time_estimate__functions.h\n'}
[9.601411] (px4_msgs) StdoutLine: {'line': b'-- Up-to-date: /home/em/ros_workspace_2025/nav_ws/install/px4_msgs/include/px4_msgs/px4_msgs/msg/detail/rpm__functions.c\n'}
[9.601437] (px4_msgs) StdoutLine: {'line': b'-- Up-to-date: /home/em/ros_workspace_2025/nav_ws/install/px4_msgs/include/px4_msgs/px4_msgs/msg/detail/parameter_set_used_request__functions.h\n'}
[9.601461] (px4_msgs) StdoutLine: {'line': b'-- Up-to-date: /home/em/ros_workspace_2025/nav_ws/install/px4_msgs/include/px4_msgs/px4_msgs/msg/detail/parameter_reset_request__struct.h\n'}
[9.601486] (px4_msgs) StdoutLine: {'line': b'-- Up-to-date: /home/em/ros_workspace_2025/nav_ws/install/px4_msgs/include/px4_msgs/px4_msgs/msg/detail/rover_mecanum_setpoint__functions.h\n'}
[9.601510] (px4_msgs) StdoutLine: {'line': b'-- Up-to-date: /home/em/ros_workspace_2025/nav_ws/install/px4_msgs/include/px4_msgs/px4_msgs/msg/detail/ekf2_timestamps__type_support.h\n'}
[9.601533] (px4_msgs) StdoutLine: {'line': b'-- Up-to-date: /home/em/ros_workspace_2025/nav_ws/install/px4_msgs/include/px4_msgs/px4_msgs/msg/detail/camera_capture__struct.h\n'}
[9.601556] (px4_msgs) StdoutLine: {'line': b'-- Up-to-date: /home/em/ros_workspace_2025/nav_ws/install/px4_msgs/include/px4_msgs/px4_msgs/msg/detail/vehicle_torque_setpoint__type_support.h\n'}
[9.601579] (px4_msgs) StdoutLine: {'line': b'-- Up-to-date: /home/em/ros_workspace_2025/nav_ws/install/px4_msgs/include/px4_msgs/px4_msgs/msg/detail/vehicle_land_detected__functions.h\n'}
[9.601602] (px4_msgs) StdoutLine: {'line': b'-- Up-to-date: /home/em/ros_workspace_2025/nav_ws/install/px4_msgs/include/px4_msgs/px4_msgs/msg/detail/vehicle_angular_acceleration_setpoint__type_support.h\n'}
[9.601626] (px4_msgs) StdoutLine: {'line': b'-- Up-to-date: /home/em/ros_workspace_2025/nav_ws/install/px4_msgs/include/px4_msgs/px4_msgs/msg/detail/tiltrotor_extra_controls__struct.h\n'}
[9.601653] (px4_msgs) StdoutLine: {'line': b'-- Up-to-date: /home/em/ros_workspace_2025/nav_ws/install/px4_msgs/include/px4_msgs/px4_msgs/msg/detail/mavlink_tunnel__functions.c\n'}
[9.601675] (px4_msgs) StdoutLine: {'line': b'-- Up-to-date: /home/em/ros_workspace_2025/nav_ws/install/px4_msgs/include/px4_msgs/px4_msgs/msg/detail/vehicle_command__functions.c\n'}
[9.601697] (px4_msgs) StdoutLine: {'line': b'-- Up-to-date: /home/em/ros_workspace_2025/nav_ws/install/px4_msgs/include/px4_msgs/px4_msgs/msg/detail/rover_ackermann_status__functions.h\n'}
[9.601737] (px4_msgs) StdoutLine: {'line': b'-- Up-to-date: /home/em/ros_workspace_2025/nav_ws/install/px4_msgs/include/px4_msgs/px4_msgs/msg/detail/message_format_response__struct.h\n'}
[9.601761] (px4_msgs) StdoutLine: {'line': b'-- Up-to-date: /home/em/ros_workspace_2025/nav_ws/install/px4_msgs/include/px4_msgs/px4_msgs/msg/detail/gps_dump__functions.h\n'}
[9.601829] (px4_msgs) StdoutLine: {'line': b'-- Up-to-date: /home/em/ros_workspace_2025/nav_ws/install/px4_msgs/include/px4_msgs/px4_msgs/msg/detail/actuator_outputs__type_support.h\n'}
[9.601856] (px4_msgs) StdoutLine: {'line': b'-- Up-to-date: /home/em/ros_workspace_2025/nav_ws/install/px4_msgs/include/px4_msgs/px4_msgs/msg/detail/position_controller_status__type_support.h\n'}
[9.601882] (px4_msgs) StdoutLine: {'line': b'-- Up-to-date: /home/em/ros_workspace_2025/nav_ws/install/px4_msgs/include/px4_msgs/px4_msgs/msg/detail/orb_test_medium__type_support.h\n'}
[9.601921] (px4_msgs) StdoutLine: {'line': b'-- Up-to-date: /home/em/ros_workspace_2025/nav_ws/install/px4_msgs/include/px4_msgs/px4_msgs/msg/detail/estimator_status__type_support.h\n'}
[9.601970] (px4_msgs) StdoutLine: {'line': b'-- Up-to-date: /home/em/ros_workspace_2025/nav_ws/install/px4_msgs/include/px4_msgs/px4_msgs/msg/detail/collision_constraints__type_support.h\n'}
[9.602095] (px4_msgs) StdoutLine: {'line': b'-- Up-to-date: /home/em/ros_workspace_2025/nav_ws/install/px4_msgs/include/px4_msgs/px4_msgs/msg/detail/config_overrides__functions.h\n'}
[9.602129] (px4_msgs) StdoutLine: {'line': b'-- Up-to-date: /home/em/ros_workspace_2025/nav_ws/install/px4_msgs/include/px4_msgs/px4_msgs/msg/detail/vehicle_control_mode__functions.c\n'}
[9.602156] (px4_msgs) StdoutLine: {'line': b'-- Up-to-date: /home/em/ros_workspace_2025/nav_ws/install/px4_msgs/include/px4_msgs/px4_msgs/msg/detail/vehicle_thrust_setpoint__type_support.h\n'}
[9.602182] (px4_msgs) StdoutLine: {'line': b'-- Up-to-date: /home/em/ros_workspace_2025/nav_ws/install/px4_msgs/include/px4_msgs/px4_msgs/msg/detail/vehicle_optical_flow_vel__struct.h\n'}
[9.602206] (px4_msgs) StdoutLine: {'line': b'-- Up-to-date: /home/em/ros_workspace_2025/nav_ws/install/px4_msgs/include/px4_msgs/px4_msgs/msg/detail/actuator_test__functions.h\n'}
[9.602230] (px4_msgs) StdoutLine: {'line': b'-- Up-to-date: /home/em/ros_workspace_2025/nav_ws/install/px4_msgs/include/px4_msgs/px4_msgs/msg/detail/gimbal_device_information__struct.h\n'}
[9.602255] (px4_msgs) StdoutLine: {'line': b'-- Up-to-date: /home/em/ros_workspace_2025/nav_ws/install/px4_msgs/include/px4_msgs/px4_msgs/msg/detail/navigator_status__functions.h\n'}
[9.602330] (px4_msgs) StdoutLine: {'line': b'-- Up-to-date: /home/em/ros_workspace_2025/nav_ws/install/px4_msgs/include/px4_msgs/px4_msgs/msg/detail/vehicle_magnetometer__functions.c\n'}
[9.602370] (px4_msgs) StdoutLine: {'line': b'-- Up-to-date: /home/em/ros_workspace_2025/nav_ws/install/px4_msgs/include/px4_msgs/px4_msgs/msg/detail/normalized_unsigned_setpoint__struct.h\n'}
[9.602395] (px4_msgs) StdoutLine: {'line': b'-- Up-to-date: /home/em/ros_workspace_2025/nav_ws/install/px4_msgs/include/px4_msgs/px4_msgs/msg/detail/buffer128__type_support.h\n'}
[9.602421] (px4_msgs) StdoutLine: {'line': b'-- Up-to-date: /home/em/ros_workspace_2025/nav_ws/install/px4_msgs/include/px4_msgs/px4_msgs/msg/detail/esc_status__type_support.h\n'}
[9.602446] (px4_msgs) StdoutLine: {'line': b'-- Up-to-date: /home/em/ros_workspace_2025/nav_ws/install/px4_msgs/include/px4_msgs/px4_msgs/msg/detail/vehicle_roi__functions.h\n'}
[9.602469] (px4_msgs) StdoutLine: {'line': b'-- Up-to-date: /home/em/ros_workspace_2025/nav_ws/install/px4_msgs/include/px4_msgs/px4_msgs/msg/detail/orb_test_large__functions.h\n'}
[9.602496] (px4_msgs) StdoutLine: {'line': b'-- Up-to-date: /home/em/ros_workspace_2025/nav_ws/install/px4_msgs/include/px4_msgs/px4_msgs/msg/detail/mavlink_log__functions.c\n'}
[9.602520] (px4_msgs) StdoutLine: {'line': b'-- Up-to-date: /home/em/ros_workspace_2025/nav_ws/install/px4_msgs/include/px4_msgs/px4_msgs/msg/detail/tiltrotor_extra_controls__functions.c\n'}
[9.602543] (px4_msgs) StdoutLine: {'line': b'-- Up-to-date: /home/em/ros_workspace_2025/nav_ws/install/px4_msgs/include/px4_msgs/px4_msgs/msg/detail/mode_completed__functions.h\n'}
[9.602566] (px4_msgs) StdoutLine: {'line': b'-- Up-to-date: /home/em/ros_workspace_2025/nav_ws/install/px4_msgs/include/px4_msgs/px4_msgs/msg/detail/airspeed__type_support.h\n'}
[9.602589] (px4_msgs) StdoutLine: {'line': b'-- Up-to-date: /home/em/ros_workspace_2025/nav_ws/install/px4_msgs/include/px4_msgs/px4_msgs/msg/detail/vehicle_local_position_setpoint__functions.h\n'}
[9.602613] (px4_msgs) StdoutLine: {'line': b'-- Up-to-date: /home/em/ros_workspace_2025/nav_ws/install/px4_msgs/include/px4_msgs/px4_msgs/msg/detail/camera_capture__type_support.h\n'}
[9.602637] (px4_msgs) StdoutLine: {'line': b'-- Up-to-date: /home/em/ros_workspace_2025/nav_ws/install/px4_msgs/include/px4_msgs/px4_msgs/msg/detail/debug_vect__functions.c\n'}
[9.602660] (px4_msgs) StdoutLine: {'line': b'-- Up-to-date: /home/em/ros_workspace_2025/nav_ws/install/px4_msgs/include/px4_msgs/px4_msgs/msg/detail/vehicle_imu_status__functions.h\n'}
[9.602723] (px4_msgs) StdoutLine: {'line': b'-- Up-to-date: /home/em/ros_workspace_2025/nav_ws/install/px4_msgs/include/px4_msgs/px4_msgs/msg/detail/px4io_status__struct.h\n'}
[9.602748] (px4_msgs) StdoutLine: {'line': b'-- Up-to-date: /home/em/ros_workspace_2025/nav_ws/install/px4_msgs/include/px4_msgs/px4_msgs/msg/detail/collision_report__type_support.h\n'}
[9.602775] (px4_msgs) StdoutLine: {'line': b'-- Up-to-date: /home/em/ros_workspace_2025/nav_ws/install/px4_msgs/include/px4_msgs/px4_msgs/msg/detail/wind__functions.h\n'}
[9.602810] (px4_msgs) StdoutLine: {'line': b'-- Up-to-date: /home/em/ros_workspace_2025/nav_ws/install/px4_msgs/include/px4_msgs/px4_msgs/msg/detail/mode_completed__type_support.h\n'}
[9.602847] (px4_msgs) StdoutLine: {'line': b'-- Up-to-date: /home/em/ros_workspace_2025/nav_ws/install/px4_msgs/include/px4_msgs/px4_msgs/msg/detail/button_event__functions.h\n'}
[9.602890] (px4_msgs) StdoutLine: {'line': b'-- Up-to-date: /home/em/ros_workspace_2025/nav_ws/install/px4_msgs/include/px4_msgs/px4_msgs/msg/detail/control_allocator_status__struct.h\n'}
[9.602969] (px4_msgs) StdoutLine: {'line': b'-- Up-to-date: /home/em/ros_workspace_2025/nav_ws/install/px4_msgs/include/px4_msgs/px4_msgs/msg/detail/sensor_uwb__type_support.h\n'}
[9.603083] (px4_msgs) StdoutLine: {'line': b'-- Up-to-date: /home/em/ros_workspace_2025/nav_ws/install/px4_msgs/include/px4_msgs/px4_msgs/msg/detail/sensor_correction__type_support.h\n'}
[9.603113] (px4_msgs) StdoutLine: {'line': b'-- Up-to-date: /home/em/ros_workspace_2025/nav_ws/install/px4_msgs/include/px4_msgs/px4_msgs/msg/detail/autotune_attitude_control_status__functions.h\n'}
[9.603137] (px4_msgs) StdoutLine: {'line': b'-- Up-to-date: /home/em/ros_workspace_2025/nav_ws/install/px4_msgs/include/px4_msgs/px4_msgs/msg/detail/actuator_servos_trim__type_support.h\n'}
[9.603162] (px4_msgs) StdoutLine: {'line': b'-- Up-to-date: /home/em/ros_workspace_2025/nav_ws/install/px4_msgs/include/px4_msgs/px4_msgs/msg/detail/actuator_test__functions.c\n'}
[9.603187] (px4_msgs) StdoutLine: {'line': b'-- Up-to-date: /home/em/ros_workspace_2025/nav_ws/install/px4_msgs/include/px4_msgs/px4_msgs/msg/detail/debug_value__type_support.h\n'}
[9.603214] (px4_msgs) StdoutLine: {'line': b'-- Up-to-date: /home/em/ros_workspace_2025/nav_ws/install/px4_msgs/include/px4_msgs/px4_msgs/msg/detail/esc_status__functions.c\n'}
[9.603242] (px4_msgs) StdoutLine: {'line': b'-- Up-to-date: /home/em/ros_workspace_2025/nav_ws/install/px4_msgs/include/px4_msgs/px4_msgs/msg/detail/vehicle_command_ack__functions.h\n'}
[9.603271] (px4_msgs) StdoutLine: {'line': b'-- Up-to-date: /home/em/ros_workspace_2025/nav_ws/install/px4_msgs/include/px4_msgs/px4_msgs/msg/detail/follow_target__struct.h\n'}
[9.603390] (px4_msgs) StdoutLine: {'line': b'-- Up-to-date: /home/em/ros_workspace_2025/nav_ws/install/px4_msgs/include/px4_msgs/px4_msgs/msg/detail/ulog_stream__functions.h\n'}
[9.603586] (px4_msgs) StdoutLine: {'line': b'-- Up-to-date: /home/em/ros_workspace_2025/nav_ws/install/px4_msgs/include/px4_msgs/px4_msgs/msg/detail/qshell_req__functions.h\n'}
[9.603738] (px4_msgs) StdoutLine: {'line': b'-- Up-to-date: /home/em/ros_workspace_2025/nav_ws/install/px4_msgs/include/px4_msgs/px4_msgs/msg/detail/estimator_gps_status__struct.h\n'}
[9.603888] (px4_msgs) StdoutLine: {'line': b'-- Up-to-date: /home/em/ros_workspace_2025/nav_ws/install/px4_msgs/include/px4_msgs/px4_msgs/msg/detail/manual_control_setpoint__functions.c\n'}
[9.603934] (px4_msgs) StdoutLine: {'line': b'-- Up-to-date: /home/em/ros_workspace_2025/nav_ws/install/px4_msgs/include/px4_msgs/px4_msgs/msg/detail/onboard_computer_status__type_support.h\n'}
[9.603973] (px4_msgs) StdoutLine: {'line': b'-- Up-to-date: /home/em/ros_workspace_2025/nav_ws/install/px4_msgs/include/px4_msgs/px4_msgs/msg/detail/autotune_attitude_control_status__struct.h\n'}
[9.604004] (px4_msgs) StdoutLine: {'line': b'-- Up-to-date: /home/em/ros_workspace_2025/nav_ws/install/px4_msgs/include/px4_msgs/px4_msgs/msg/detail/sensor_accel__struct.h\n'}
[9.604072] (px4_msgs) StdoutLine: {'line': b'-- Up-to-date: /home/em/ros_workspace_2025/nav_ws/install/px4_msgs/include/px4_msgs/px4_msgs/msg/detail/esc_report__functions.h\n'}
[9.604137] (px4_msgs) StdoutLine: {'line': b'-- Up-to-date: /home/em/ros_workspace_2025/nav_ws/install/px4_msgs/include/px4_msgs/px4_msgs/msg/detail/sensor_selection__type_support.h\n'}
[9.604166] (px4_msgs) StdoutLine: {'line': b'-- Up-to-date: /home/em/ros_workspace_2025/nav_ws/install/px4_msgs/include/px4_msgs/px4_msgs/msg/detail/actuator_controls_status__functions.c\n'}
[9.604195] (px4_msgs) StdoutLine: {'line': b'-- Up-to-date: /home/em/ros_workspace_2025/nav_ws/install/px4_msgs/include/px4_msgs/px4_msgs/msg/detail/rc_channels__functions.c\n'}
[9.604233] (px4_msgs) StdoutLine: {'line': b'-- Up-to-date: /home/em/ros_workspace_2025/nav_ws/install/px4_msgs/include/px4_msgs/px4_msgs/msg/detail/rc_channels__type_support.h\n'}
[9.604266] (px4_msgs) StdoutLine: {'line': b'-- Up-to-date: /home/em/ros_workspace_2025/nav_ws/install/px4_msgs/include/px4_msgs/px4_msgs/msg/detail/sensor_optical_flow__functions.h\n'}
[9.604320] (px4_msgs) StdoutLine: {'line': b'-- Up-to-date: /home/em/ros_workspace_2025/nav_ws/install/px4_msgs/include/px4_msgs/px4_msgs/msg/detail/parameter_reset_request__functions.h\n'}
[9.604384] (px4_msgs) StdoutLine: {'line': b'-- Up-to-date: /home/em/ros_workspace_2025/nav_ws/install/px4_msgs/include/px4_msgs/px4_msgs/msg/detail/sensor_gyro__functions.c\n'}
[9.604413] (px4_msgs) StdoutLine: {'line': b'-- Up-to-date: /home/em/ros_workspace_2025/nav_ws/install/px4_msgs/include/px4_msgs/px4_msgs/msg/detail/battery_status__type_support.h\n'}
[9.604483] (px4_msgs) StdoutLine: {'line': b'-- Up-to-date: /home/em/ros_workspace_2025/nav_ws/install/px4_msgs/include/px4_msgs/px4_msgs/msg/detail/npfg_status__struct.h\n'}
[9.604574] (px4_msgs) StdoutLine: {'line': b'-- Up-to-date: /home/em/ros_workspace_2025/nav_ws/install/px4_msgs/include/px4_msgs/px4_msgs/msg/detail/actuator_outputs__functions.h\n'}
[9.604613] (px4_msgs) StdoutLine: {'line': b'-- Up-to-date: /home/em/ros_workspace_2025/nav_ws/install/px4_msgs/include/px4_msgs/px4_msgs/msg/detail/fuel_tank_status__functions.h\n'}
[9.604642] (px4_msgs) StdoutLine: {'line': b'-- Up-to-date: /home/em/ros_workspace_2025/nav_ws/install/px4_msgs/include/px4_msgs/px4_msgs/msg/detail/vehicle_odometry__type_support.h\n'}
[9.604669] (px4_msgs) StdoutLine: {'line': b'-- Up-to-date: /home/em/ros_workspace_2025/nav_ws/install/px4_msgs/include/px4_msgs/px4_msgs/msg/detail/heater_status__struct.h\n'}
[9.604705] (px4_msgs) StdoutLine: {'line': b'-- Up-to-date: /home/em/ros_workspace_2025/nav_ws/install/px4_msgs/include/px4_msgs/px4_msgs/msg/detail/landing_target_pose__functions.h\n'}
[9.604741] (px4_msgs) StdoutLine: {'line': b'-- Up-to-date: /home/em/ros_workspace_2025/nav_ws/install/px4_msgs/include/px4_msgs/px4_msgs/msg/detail/sensor_gnss_relative__type_support.h\n'}
[9.604776] (px4_msgs) StdoutLine: {'line': b'-- Up-to-date: /home/em/ros_workspace_2025/nav_ws/install/px4_msgs/include/px4_msgs/px4_msgs/msg/detail/airspeed_wind__functions.c\n'}
[9.604810] (px4_msgs) StdoutLine: {'line': b'-- Up-to-date: /home/em/ros_workspace_2025/nav_ws/install/px4_msgs/include/px4_msgs/px4_msgs/msg/detail/gimbal_controls__functions.h\n'}
[9.604844] (px4_msgs) StdoutLine: {'line': b'-- Up-to-date: /home/em/ros_workspace_2025/nav_ws/install/px4_msgs/include/px4_msgs/px4_msgs/msg/detail/radio_status__functions.h\n'}
[9.604918] (px4_msgs) StdoutLine: {'line': b'-- Up-to-date: /home/em/ros_workspace_2025/nav_ws/install/px4_msgs/include/px4_msgs/px4_msgs/msg/detail/yaw_estimator_status__type_support.h\n'}
[9.604946] (px4_msgs) StdoutLine: {'line': b'-- Up-to-date: /home/em/ros_workspace_2025/nav_ws/install/px4_msgs/include/px4_msgs/px4_msgs/msg/detail/logger_status__functions.c\n'}
[9.604980] (px4_msgs) StdoutLine: {'line': b'-- Up-to-date: /home/em/ros_workspace_2025/nav_ws/install/px4_msgs/include/px4_msgs/px4_msgs/msg/detail/rover_differential_setpoint__type_support.h\n'}
[9.605076] (px4_msgs) StdoutLine: {'line': b'-- Up-to-date: /home/em/ros_workspace_2025/nav_ws/install/px4_msgs/include/px4_msgs/px4_msgs/msg/detail/rover_ackermann_setpoint__type_support.h\n'}
[9.605117] (px4_msgs) StdoutLine: {'line': b'-- Up-to-date: /home/em/ros_workspace_2025/nav_ws/install/px4_msgs/include/px4_msgs/px4_msgs/msg/detail/magnetometer_bias_estimate__struct.h\n'}
[9.605143] (px4_msgs) StdoutLine: {'line': b'-- Up-to-date: /home/em/ros_workspace_2025/nav_ws/install/px4_msgs/include/px4_msgs/px4_msgs/msg/detail/airspeed__struct.h\n'}
[9.605171] (px4_msgs) StdoutLine: {'line': b'-- Up-to-date: /home/em/ros_workspace_2025/nav_ws/install/px4_msgs/include/px4_msgs/px4_msgs/msg/detail/satellite_info__functions.c\n'}
[9.605195] (px4_msgs) StdoutLine: {'line': b'-- Up-to-date: /home/em/ros_workspace_2025/nav_ws/install/px4_msgs/include/px4_msgs/px4_msgs/msg/detail/vehicle_roi__type_support.h\n'}
[9.605223] (px4_msgs) StdoutLine: {'line': b'-- Up-to-date: /home/em/ros_workspace_2025/nav_ws/install/px4_msgs/include/px4_msgs/px4_msgs/msg/detail/follow_target__functions.c\n'}
[9.605250] (px4_msgs) StdoutLine: {'line': b'-- Up-to-date: /home/em/ros_workspace_2025/nav_ws/install/px4_msgs/include/px4_msgs/px4_msgs/msg/detail/rpm__functions.h\n'}
[9.605275] (px4_msgs) StdoutLine: {'line': b'-- Up-to-date: /home/em/ros_workspace_2025/nav_ws/install/px4_msgs/include/px4_msgs/px4_msgs/msg/detail/sensor_baro__struct.h\n'}
[9.605338] (px4_msgs) StdoutLine: {'line': b'-- Up-to-date: /home/em/ros_workspace_2025/nav_ws/install/px4_msgs/include/px4_msgs/px4_msgs/msg/detail/estimator_bias3d__functions.h\n'}
[9.605370] (px4_msgs) StdoutLine: {'line': b'-- Up-to-date: /home/em/ros_workspace_2025/nav_ws/install/px4_msgs/include/px4_msgs/px4_msgs/msg/detail/health_report__functions.c\n'}
[9.605689] (px4_msgs) StdoutLine: {'line': b'-- Up-to-date: /home/em/ros_workspace_2025/nav_ws/install/px4_msgs/include/px4_msgs/px4_msgs/msg/detail/home_position__functions.h\n'}
[9.605721] (px4_msgs) StdoutLine: {'line': b'-- Up-to-date: /home/em/ros_workspace_2025/nav_ws/install/px4_msgs/include/px4_msgs/px4_msgs/msg/detail/vehicle_air_data__functions.h\n'}
[9.605747] (px4_msgs) StdoutLine: {'line': b'-- Up-to-date: /home/em/ros_workspace_2025/nav_ws/install/px4_msgs/include/px4_msgs/px4_msgs/msg/detail/action_request__functions.h\n'}
[9.605773] (px4_msgs) StdoutLine: {'line': b'-- Up-to-date: /home/em/ros_workspace_2025/nav_ws/install/px4_msgs/include/px4_msgs/px4_msgs/msg/detail/vehicle_trajectory_bezier__type_support.h\n'}
[9.605815] (px4_msgs) StdoutLine: {'line': b'-- Up-to-date: /home/em/ros_workspace_2025/nav_ws/install/px4_msgs/include/px4_msgs/px4_msgs/msg/detail/manual_control_setpoint__type_support.h\n'}
[9.605841] (px4_msgs) StdoutLine: {'line': b'-- Up-to-date: /home/em/ros_workspace_2025/nav_ws/install/px4_msgs/include/px4_msgs/px4_msgs/msg/detail/flight_phase_estimation__type_support.h\n'}
[9.605893] (px4_msgs) StdoutLine: {'line': b'-- Up-to-date: /home/em/ros_workspace_2025/nav_ws/install/px4_msgs/include/px4_msgs/px4_msgs/msg/detail/figure_eight_status__type_support.h\n'}
[9.605922] (px4_msgs) StdoutLine: {'line': b'-- Up-to-date: /home/em/ros_workspace_2025/nav_ws/install/px4_msgs/include/px4_msgs/px4_msgs/msg/detail/sensor_combined__struct.h\n'}
[9.605948] (px4_msgs) StdoutLine: {'line': b'-- Up-to-date: /home/em/ros_workspace_2025/nav_ws/install/px4_msgs/include/px4_msgs/px4_msgs/msg/detail/position_setpoint__functions.h\n'}
[9.605973] (px4_msgs) StdoutLine: {'line': b'-- Up-to-date: /home/em/ros_workspace_2025/nav_ws/install/px4_msgs/include/px4_msgs/px4_msgs/msg/detail/geofence_status__type_support.h\n'}
[9.606008] (px4_msgs) StdoutLine: {'line': b'-- Up-to-date: /home/em/ros_workspace_2025/nav_ws/install/px4_msgs/include/px4_msgs/px4_msgs/msg/detail/debug_key_value__struct.h\n'}
[9.606169] (px4_msgs) StdoutLine: {'line': b'-- Up-to-date: /home/em/ros_workspace_2025/nav_ws/install/px4_msgs/include/px4_msgs/px4_msgs/msg/detail/can_interface_status__functions.c\n'}
[9.606202] (px4_msgs) StdoutLine: {'line': b'-- Up-to-date: /home/em/ros_workspace_2025/nav_ws/install/px4_msgs/include/px4_msgs/px4_msgs/msg/detail/register_ext_component_reply__functions.c\n'}
[9.606269] (px4_msgs) StdoutLine: {'line': b'-- Up-to-date: /home/em/ros_workspace_2025/nav_ws/install/px4_msgs/include/px4_msgs/px4_msgs/msg/detail/follow_target_status__functions.c\n'}
[9.606318] (px4_msgs) StdoutLine: {'line': b'-- Up-to-date: /home/em/ros_workspace_2025/nav_ws/install/px4_msgs/include/px4_msgs/px4_msgs/msg/detail/uavcan_parameter_value__functions.c\n'}
[9.606348] (px4_msgs) StdoutLine: {'line': b'-- Up-to-date: /home/em/ros_workspace_2025/nav_ws/install/px4_msgs/include/px4_msgs/px4_msgs/msg/detail/gpio_request__functions.h\n'}
[9.606374] (px4_msgs) StdoutLine: {'line': b'-- Up-to-date: /home/em/ros_workspace_2025/nav_ws/install/px4_msgs/include/px4_msgs/px4_msgs/msg/detail/gps_dump__struct.h\n'}
[9.606399] (px4_msgs) StdoutLine: {'line': b'-- Up-to-date: /home/em/ros_workspace_2025/nav_ws/install/px4_msgs/include/px4_msgs/px4_msgs/msg/detail/parameter_set_value_request__functions.c\n'}
[9.606424] (px4_msgs) StdoutLine: {'line': b'-- Up-to-date: /home/em/ros_workspace_2025/nav_ws/install/px4_msgs/include/px4_msgs/px4_msgs/msg/detail/estimator_status_flags__struct.h\n'}
[9.606450] (px4_msgs) StdoutLine: {'line': b'-- Up-to-date: /home/em/ros_workspace_2025/nav_ws/install/px4_msgs/include/px4_msgs/px4_msgs/msg/detail/sensor_correction__functions.c\n'}
[9.606475] (px4_msgs) StdoutLine: {'line': b'-- Up-to-date: /home/em/ros_workspace_2025/nav_ws/install/px4_msgs/include/px4_msgs/px4_msgs/msg/detail/rtl_time_estimate__type_support.h\n'}
[9.606499] (px4_msgs) StdoutLine: {'line': b'-- Up-to-date: /home/em/ros_workspace_2025/nav_ws/install/px4_msgs/include/px4_msgs/px4_msgs/msg/detail/button_event__type_support.h\n'}
[9.606523] (px4_msgs) StdoutLine: {'line': b'-- Up-to-date: /home/em/ros_workspace_2025/nav_ws/install/px4_msgs/include/px4_msgs/px4_msgs/msg/detail/distance_sensor__type_support.h\n'}
[9.606583] (px4_msgs) StdoutLine: {'line': b'-- Up-to-date: /home/em/ros_workspace_2025/nav_ws/install/px4_msgs/include/px4_msgs/px4_msgs/msg/detail/vehicle_constraints__functions.c\n'}
[9.606610] (px4_msgs) StdoutLine: {'line': b'-- Up-to-date: /home/em/ros_workspace_2025/nav_ws/install/px4_msgs/include/px4_msgs/px4_msgs/msg/detail/gimbal_manager_set_manual_control__functions.c\n'}
[9.606637] (px4_msgs) StdoutLine: {'line': b'-- Up-to-date: /home/em/ros_workspace_2025/nav_ws/install/px4_msgs/include/px4_msgs/px4_msgs/msg/detail/tecs_status__functions.c\n'}
[9.606662] (px4_msgs) StdoutLine: {'line': b'-- Up-to-date: /home/em/ros_workspace_2025/nav_ws/install/px4_msgs/include/px4_msgs/px4_msgs/msg/detail/estimator_event_flags__struct.h\n'}
[9.606689] (px4_msgs) StdoutLine: {'line': b'-- Up-to-date: /home/em/ros_workspace_2025/nav_ws/install/px4_msgs/include/px4_msgs/px4_msgs/msg/detail/radio_status__struct.h\n'}
[9.606714] (px4_msgs) StdoutLine: {'line': b'-- Up-to-date: /home/em/ros_workspace_2025/nav_ws/install/px4_msgs/include/px4_msgs/px4_msgs/msg/detail/npfg_status__functions.c\n'}
[9.606738] (px4_msgs) StdoutLine: {'line': b'-- Up-to-date: /home/em/ros_workspace_2025/nav_ws/install/px4_msgs/include/px4_msgs/px4_msgs/msg/detail/uavcan_parameter_request__struct.h\n'}
[9.606762] (px4_msgs) StdoutLine: {'line': b'-- Up-to-date: /home/em/ros_workspace_2025/nav_ws/install/px4_msgs/include/px4_msgs/px4_msgs/msg/detail/ulog_stream__type_support.h\n'}
[9.606786] (px4_msgs) StdoutLine: {'line': b'-- Up-to-date: /home/em/ros_workspace_2025/nav_ws/install/px4_msgs/include/px4_msgs/px4_msgs/msg/detail/rover_mecanum_status__type_support.h\n'}
[9.606818] (px4_msgs) StdoutLine: {'line': b'-- Up-to-date: /home/em/ros_workspace_2025/nav_ws/install/px4_msgs/include/px4_msgs/px4_msgs/msg/detail/magnetometer_bias_estimate__functions.h\n'}
[9.606843] (px4_msgs) StdoutLine: {'line': b'-- Up-to-date: /home/em/ros_workspace_2025/nav_ws/install/px4_msgs/include/px4_msgs/px4_msgs/msg/detail/arming_check_reply__struct.h\n'}
[9.606867] (px4_msgs) StdoutLine: {'line': b'-- Up-to-date: /home/em/ros_workspace_2025/nav_ws/install/px4_msgs/include/px4_msgs/px4_msgs/msg/detail/hover_thrust_estimate__type_support.h\n'}
[9.606933] (px4_msgs) StdoutLine: {'line': b'-- Up-to-date: /home/em/ros_workspace_2025/nav_ws/install/px4_msgs/include/px4_msgs/px4_msgs/msg/detail/generator_status__functions.h\n'}
[9.606959] (px4_msgs) StdoutLine: {'line': b'-- Up-to-date: /home/em/ros_workspace_2025/nav_ws/install/px4_msgs/include/px4_msgs/px4_msgs/msg/detail/gpio_out__struct.h\n'}
[9.606985] (px4_msgs) StdoutLine: {'line': b'-- Up-to-date: /home/em/ros_workspace_2025/nav_ws/install/px4_msgs/include/px4_msgs/px4_msgs/msg/detail/actuator_armed__type_support.h\n'}
[9.607009] (px4_msgs) StdoutLine: {'line': b'-- Up-to-date: /home/em/ros_workspace_2025/nav_ws/install/px4_msgs/include/px4_msgs/px4_msgs/msg/detail/message_format_request__functions.c\n'}
[9.607034] (px4_msgs) StdoutLine: {'line': b'-- Up-to-date: /home/em/ros_workspace_2025/nav_ws/install/px4_msgs/include/px4_msgs/px4_msgs/msg/detail/arming_check_reply__functions.c\n'}
[9.607059] (px4_msgs) StdoutLine: {'line': b'-- Up-to-date: /home/em/ros_workspace_2025/nav_ws/install/px4_msgs/include/px4_msgs/px4_msgs/msg/detail/vehicle_local_position__functions.c\n'}
[9.607083] (px4_msgs) StdoutLine: {'line': b'-- Up-to-date: /home/em/ros_workspace_2025/nav_ws/install/px4_msgs/include/px4_msgs/px4_msgs/msg/detail/qshell_retval__functions.c\n'}
[9.607108] (px4_msgs) StdoutLine: {'line': b'-- Up-to-date: /home/em/ros_workspace_2025/nav_ws/install/px4_msgs/include/px4_msgs/px4_msgs/msg/detail/sensor_selection__functions.h\n'}
[9.607132] (px4_msgs) StdoutLine: {'line': b'-- Up-to-date: /home/em/ros_workspace_2025/nav_ws/install/px4_msgs/include/px4_msgs/px4_msgs/msg/detail/hover_thrust_estimate__struct.h\n'}
[9.607155] (px4_msgs) StdoutLine: {'line': b'-- Up-to-date: /home/em/ros_workspace_2025/nav_ws/install/px4_msgs/include/px4_msgs/px4_msgs/msg/detail/pps_capture__functions.c\n'}
[9.607179] (px4_msgs) StdoutLine: {'line': b'-- Up-to-date: /home/em/ros_workspace_2025/nav_ws/install/px4_msgs/include/px4_msgs/px4_msgs/msg/detail/rover_ackermann_status__functions.c\n'}
[9.607203] (px4_msgs) StdoutLine: {'line': b'-- Up-to-date: /home/em/ros_workspace_2025/nav_ws/install/px4_msgs/include/px4_msgs/px4_msgs/msg/detail/parameter_set_value_response__type_support.h\n'}
[9.607227] (px4_msgs) StdoutLine: {'line': b'-- Up-to-date: /home/em/ros_workspace_2025/nav_ws/install/px4_msgs/include/px4_msgs/px4_msgs/msg/detail/open_drone_id_operator_id__functions.h\n'}
[9.607251] (px4_msgs) StdoutLine: {'line': b'-- Up-to-date: /home/em/ros_workspace_2025/nav_ws/install/px4_msgs/include/px4_msgs/px4_msgs/msg/detail/goto_setpoint__type_support.h\n'}
[9.607276] (px4_msgs) StdoutLine: {'line': b'-- Up-to-date: /home/em/ros_workspace_2025/nav_ws/install/px4_msgs/include/px4_msgs/px4_msgs/msg/detail/landing_target_pose__functions.c\n'}
[9.607344] (px4_msgs) StdoutLine: {'line': b'-- Up-to-date: /home/em/ros_workspace_2025/nav_ws/install/px4_msgs/include/px4_msgs/px4_msgs/msg/detail/dataman_response__struct.h\n'}
[9.607478] (px4_msgs) StdoutLine: {'line': b'-- Up-to-date: /home/em/ros_workspace_2025/nav_ws/install/px4_msgs/include/px4_msgs/px4_msgs/msg/detail/rc_parameter_map__type_support.h\n'}
[9.607511] (px4_msgs) StdoutLine: {'line': b'-- Up-to-date: /home/em/ros_workspace_2025/nav_ws/install/px4_msgs/include/px4_msgs/px4_msgs/msg/detail/dataman_request__struct.h\n'}
[9.607579] (px4_msgs) StdoutLine: {'line': b'-- Up-to-date: /home/em/ros_workspace_2025/nav_ws/install/px4_msgs/include/px4_msgs/px4_msgs/msg/detail/estimator_status_flags__functions.h\n'}
[9.607604] (px4_msgs) StdoutLine: {'line': b'-- Up-to-date: /home/em/ros_workspace_2025/nav_ws/install/px4_msgs/include/px4_msgs/px4_msgs/msg/detail/unregister_ext_component__type_support.h\n'}
[9.607629] (px4_msgs) StdoutLine: {'line': b'-- Up-to-date: /home/em/ros_workspace_2025/nav_ws/install/px4_msgs/include/px4_msgs/px4_msgs/msg/detail/health_report__type_support.h\n'}
[9.607653] (px4_msgs) StdoutLine: {'line': b'-- Up-to-date: /home/em/ros_workspace_2025/nav_ws/install/px4_msgs/include/px4_msgs/px4_msgs/msg/detail/radio_status__functions.c\n'}
[9.607687] (px4_msgs) StdoutLine: {'line': b'-- Up-to-date: /home/em/ros_workspace_2025/nav_ws/install/px4_msgs/include/px4_msgs/px4_msgs/msg/detail/vehicle_optical_flow_vel__functions.c\n'}
[9.607711] (px4_msgs) StdoutLine: {'line': b'-- Up-to-date: /home/em/ros_workspace_2025/nav_ws/install/px4_msgs/include/px4_msgs/px4_msgs/msg/detail/power_monitor__type_support.h\n'}
[9.607734] (px4_msgs) StdoutLine: {'line': b'-- Up-to-date: /home/em/ros_workspace_2025/nav_ws/install/px4_msgs/include/px4_msgs/px4_msgs/msg/detail/gimbal_device_attitude_status__functions.h\n'}
[9.607773] (px4_msgs) StdoutLine: {'line': b'-- Up-to-date: /home/em/ros_workspace_2025/nav_ws/install/px4_msgs/include/px4_msgs/px4_msgs/msg/detail/ekf2_timestamps__struct.h\n'}
[9.607796] (px4_msgs) StdoutLine: {'line': b'-- Up-to-date: /home/em/ros_workspace_2025/nav_ws/install/px4_msgs/include/px4_msgs/px4_msgs/msg/detail/parameter_update__struct.h\n'}
[9.607819] (px4_msgs) StdoutLine: {'line': b'-- Up-to-date: /home/em/ros_workspace_2025/nav_ws/install/px4_msgs/include/px4_msgs/px4_msgs/msg/detail/vehicle_angular_velocity__struct.h\n'}
[9.607841] (px4_msgs) StdoutLine: {'line': b'-- Up-to-date: /home/em/ros_workspace_2025/nav_ws/install/px4_msgs/include/px4_msgs/px4_msgs/msg/detail/estimator_states__type_support.h\n'}
[9.607864] (px4_msgs) StdoutLine: {'line': b'-- Up-to-date: /home/em/ros_workspace_2025/nav_ws/install/px4_msgs/include/px4_msgs/px4_msgs/msg/detail/camera_trigger__struct.h\n'}
[9.607886] (px4_msgs) StdoutLine: {'line': b'-- Up-to-date: /home/em/ros_workspace_2025/nav_ws/install/px4_msgs/include/px4_msgs/px4_msgs/msg/detail/system_power__functions.c\n'}
[9.607907] (px4_msgs) StdoutLine: {'line': b'-- Up-to-date: /home/em/ros_workspace_2025/nav_ws/install/px4_msgs/include/px4_msgs/px4_msgs/msg/detail/dataman_response__type_support.h\n'}
[9.607928] (px4_msgs) StdoutLine: {'line': b'-- Up-to-date: /home/em/ros_workspace_2025/nav_ws/install/px4_msgs/include/px4_msgs/px4_msgs/msg/detail/parameter_set_value_request__type_support.h\n'}
[9.607950] (px4_msgs) StdoutLine: {'line': b'-- Up-to-date: /home/em/ros_workspace_2025/nav_ws/install/px4_msgs/include/px4_msgs/px4_msgs/msg/detail/gimbal_manager_status__type_support.h\n'}
[9.607971] (px4_msgs) StdoutLine: {'line': b'-- Up-to-date: /home/em/ros_workspace_2025/nav_ws/install/px4_msgs/include/px4_msgs/px4_msgs/msg/detail/onboard_computer_status__functions.c\n'}
[9.607992] (px4_msgs) StdoutLine: {'line': b'-- Up-to-date: /home/em/ros_workspace_2025/nav_ws/install/px4_msgs/include/px4_msgs/px4_msgs/msg/detail/takeoff_status__functions.c\n'}
[9.608013] (px4_msgs) StdoutLine: {'line': b'-- Up-to-date: /home/em/ros_workspace_2025/nav_ws/install/px4_msgs/include/px4_msgs/px4_msgs/msg/detail/input_rc__type_support.h\n'}
[9.608036] (px4_msgs) StdoutLine: {'line': b'-- Up-to-date: /home/em/ros_workspace_2025/nav_ws/install/px4_msgs/include/px4_msgs/px4_msgs/msg/detail/open_drone_id_self_id__struct.h\n'}
[9.608060] (px4_msgs) StdoutLine: {'line': b'-- Up-to-date: /home/em/ros_workspace_2025/nav_ws/install/px4_msgs/include/px4_msgs/px4_msgs/msg/detail/power_monitor__struct.h\n'}
[9.608092] (px4_msgs) StdoutLine: {'line': b'-- Up-to-date: /home/em/ros_workspace_2025/nav_ws/install/px4_msgs/include/px4_msgs/px4_msgs/msg/detail/orb_test_medium__functions.h\n'}
[9.608118] (px4_msgs) StdoutLine: {'line': b'-- Up-to-date: /home/em/ros_workspace_2025/nav_ws/install/px4_msgs/include/px4_msgs/px4_msgs/msg/detail/radio_status__type_support.h\n'}
[9.608143] (px4_msgs) StdoutLine: {'line': b'-- Up-to-date: /home/em/ros_workspace_2025/nav_ws/install/px4_msgs/include/px4_msgs/px4_msgs/msg/detail/transponder_report__struct.h\n'}
[9.608169] (px4_msgs) StdoutLine: {'line': b'-- Up-to-date: /home/em/ros_workspace_2025/nav_ws/install/px4_msgs/include/px4_msgs/px4_msgs/msg/detail/gimbal_manager_status__functions.h\n'}
[9.608194] (px4_msgs) StdoutLine: {'line': b'-- Up-to-date: /home/em/ros_workspace_2025/nav_ws/install/px4_msgs/include/px4_msgs/px4_msgs/msg/detail/estimator_sensor_bias__functions.c\n'}
[9.608219] (px4_msgs) StdoutLine: {'line': b'-- Up-to-date: /home/em/ros_workspace_2025/nav_ws/install/px4_msgs/include/px4_msgs/px4_msgs/msg/detail/follow_target_status__functions.h\n'}
[9.608260] (px4_msgs) StdoutLine: {'line': b'-- Up-to-date: /home/em/ros_workspace_2025/nav_ws/install/px4_msgs/include/px4_msgs/px4_msgs/msg/detail/collision_constraints__functions.h\n'}
[9.608288] (px4_msgs) StdoutLine: {'line': b'-- Up-to-date: /home/em/ros_workspace_2025/nav_ws/install/px4_msgs/include/px4_msgs/px4_msgs/msg/detail/estimator_status_flags__functions.c\n'}
[9.608314] (px4_msgs) StdoutLine: {'line': b'-- Up-to-date: /home/em/ros_workspace_2025/nav_ws/install/px4_msgs/include/px4_msgs/px4_msgs/msg/detail/airspeed_wind__type_support.h\n'}
[9.608352] (px4_msgs) StdoutLine: {'line': b'-- Up-to-date: /home/em/ros_workspace_2025/nav_ws/install/px4_msgs/include/px4_msgs/px4_msgs/msg/detail/parameter_update__functions.c\n'}
[9.608376] (px4_msgs) StdoutLine: {'line': b'-- Up-to-date: /home/em/ros_workspace_2025/nav_ws/install/px4_msgs/include/px4_msgs/px4_msgs/msg/detail/sensor_selection__functions.c\n'}
[9.608399] (px4_msgs) StdoutLine: {'line': b'-- Up-to-date: /home/em/ros_workspace_2025/nav_ws/install/px4_msgs/include/px4_msgs/px4_msgs/msg/detail/esc_report__functions.c\n'}
[9.608422] (px4_msgs) StdoutLine: {'line': b'-- Up-to-date: /home/em/ros_workspace_2025/nav_ws/install/px4_msgs/include/px4_msgs/px4_msgs/msg/detail/cpuload__type_support.h\n'}
[9.608446] (px4_msgs) StdoutLine: {'line': b'-- Up-to-date: /home/em/ros_workspace_2025/nav_ws/install/px4_msgs/include/px4_msgs/px4_msgs/msg/detail/sensor_hygrometer__functions.c\n'}
[9.608478] (px4_msgs) StdoutLine: {'line': b'-- Up-to-date: /home/em/ros_workspace_2025/nav_ws/install/px4_msgs/include/px4_msgs/px4_msgs/msg/detail/manual_control_setpoint__functions.h\n'}
[9.608502] (px4_msgs) StdoutLine: {'line': b'-- Up-to-date: /home/em/ros_workspace_2025/nav_ws/install/px4_msgs/include/px4_msgs/px4_msgs/msg/detail/adc_report__type_support.h\n'}
[9.608527] (px4_msgs) StdoutLine: {'line': b'-- Up-to-date: /home/em/ros_workspace_2025/nav_ws/install/px4_msgs/include/px4_msgs/px4_msgs/msg/detail/message_format_response__functions.c\n'}
[9.608552] (px4_msgs) StdoutLine: {'line': b'-- Up-to-date: /home/em/ros_workspace_2025/nav_ws/install/px4_msgs/include/px4_msgs/px4_msgs/msg/detail/sensor_gyro__functions.h\n'}
[9.608577] (px4_msgs) StdoutLine: {'line': b'-- Up-to-date: /home/em/ros_workspace_2025/nav_ws/install/px4_msgs/include/px4_msgs/px4_msgs/msg/detail/velocity_limits__functions.c\n'}
[9.608602] (px4_msgs) StdoutLine: {'line': b'-- Up-to-date: /home/em/ros_workspace_2025/nav_ws/install/px4_msgs/include/px4_msgs/px4_msgs/msg/detail/vtol_vehicle_status__functions.h\n'}
[9.608626] (px4_msgs) StdoutLine: {'line': b'-- Up-to-date: /home/em/ros_workspace_2025/nav_ws/install/px4_msgs/include/px4_msgs/px4_msgs/msg/detail/rover_ackermann_guidance_status__functions.h\n'}
[9.608649] (px4_msgs) StdoutLine: {'line': b'-- Up-to-date: /home/em/ros_workspace_2025/nav_ws/install/px4_msgs/include/px4_msgs/px4_msgs/msg/detail/rover_ackermann_guidance_status__type_support.h\n'}
[9.608674] (px4_msgs) StdoutLine: {'line': b'-- Up-to-date: /home/em/ros_workspace_2025/nav_ws/install/px4_msgs/include/px4_msgs/px4_msgs/msg/detail/vehicle_imu__functions.c\n'}
[9.608697] (px4_msgs) StdoutLine: {'line': b'-- Up-to-date: /home/em/ros_workspace_2025/nav_ws/install/px4_msgs/include/px4_msgs/px4_msgs/msg/detail/uavcan_parameter_request__functions.c\n'}
[9.608721] (px4_msgs) StdoutLine: {'line': b'-- Up-to-date: /home/em/ros_workspace_2025/nav_ws/install/px4_msgs/include/px4_msgs/px4_msgs/msg/detail/actuator_motors__struct.h\n'}
[9.608745] (px4_msgs) StdoutLine: {'line': b'-- Up-to-date: /home/em/ros_workspace_2025/nav_ws/install/px4_msgs/include/px4_msgs/px4_msgs/msg/detail/collision_report__functions.h\n'}
[9.608768] (px4_msgs) StdoutLine: {'line': b'-- Up-to-date: /home/em/ros_workspace_2025/nav_ws/install/px4_msgs/include/px4_msgs/px4_msgs/msg/detail/sensors_status_imu__type_support.h\n'}
[9.608791] (px4_msgs) StdoutLine: {'line': b'-- Up-to-date: /home/em/ros_workspace_2025/nav_ws/install/px4_msgs/include/px4_msgs/px4_msgs/msg/detail/estimator_innovations__functions.c\n'}
[9.608834] (px4_msgs) StdoutLine: {'line': b'-- Up-to-date: /home/em/ros_workspace_2025/nav_ws/install/px4_msgs/include/px4_msgs/px4_msgs/msg/detail/vehicle_attitude__type_support.h\n'}
[9.608857] (px4_msgs) StdoutLine: {'line': b'-- Up-to-date: /home/em/ros_workspace_2025/nav_ws/install/px4_msgs/include/px4_msgs/px4_msgs/msg/detail/vehicle_magnetometer__type_support.h\n'}
[9.608881] (px4_msgs) StdoutLine: {'line': b'-- Up-to-date: /home/em/ros_workspace_2025/nav_ws/install/px4_msgs/include/px4_msgs/px4_msgs/msg/detail/gripper__functions.c\n'}
[9.608905] (px4_msgs) StdoutLine: {'line': b'-- Up-to-date: /home/em/ros_workspace_2025/nav_ws/install/px4_msgs/include/px4_msgs/px4_msgs/msg/detail/dataman_response__functions.c\n'}
[9.608929] (px4_msgs) StdoutLine: {'line': b'-- Up-to-date: /home/em/ros_workspace_2025/nav_ws/install/px4_msgs/include/px4_msgs/px4_msgs/msg/detail/sensor_gyro_fifo__functions.h\n'}
[9.608952] (px4_msgs) StdoutLine: {'line': b'-- Up-to-date: /home/em/ros_workspace_2025/nav_ws/install/px4_msgs/include/px4_msgs/px4_msgs/msg/detail/navigator_status__functions.c\n'}
[9.608975] (px4_msgs) StdoutLine: {'line': b'-- Up-to-date: /home/em/ros_workspace_2025/nav_ws/install/px4_msgs/include/px4_msgs/px4_msgs/msg/detail/dataman_request__functions.h\n'}
[9.608999] (px4_msgs) StdoutLine: {'line': b'-- Up-to-date: /home/em/ros_workspace_2025/nav_ws/install/px4_msgs/include/px4_msgs/px4_msgs/msg/detail/estimator_bias__type_support.h\n'}
[9.609023] (px4_msgs) StdoutLine: {'line': b'-- Up-to-date: /home/em/ros_workspace_2025/nav_ws/install/px4_msgs/include/px4_msgs/px4_msgs/msg/detail/register_ext_component_reply__functions.h\n'}
[9.609046] (px4_msgs) StdoutLine: {'line': b'-- Up-to-date: /home/em/ros_workspace_2025/nav_ws/install/px4_msgs/include/px4_msgs/px4_msgs/msg/detail/parameter_update__functions.h\n'}
[9.609071] (px4_msgs) StdoutLine: {'line': b'-- Up-to-date: /home/em/ros_workspace_2025/nav_ws/install/px4_msgs/include/px4_msgs/px4_msgs/msg/detail/differential_pressure__functions.c\n'}
[9.609095] (px4_msgs) StdoutLine: {'line': b'-- Up-to-date: /home/em/ros_workspace_2025/nav_ws/install/px4_msgs/include/px4_msgs/px4_msgs/msg/detail/vehicle_local_position__struct.h\n'}
[9.609289] (px4_msgs) StdoutLine: {'line': b'-- Up-to-date: /home/em/ros_workspace_2025/nav_ws/install/px4_msgs/include/px4_msgs/px4_msgs/msg/detail/position_controller_landing_status__struct.h\n'}
[9.609370] (px4_msgs) StdoutLine: {'line': b'-- Up-to-date: /home/em/ros_workspace_2025/nav_ws/install/px4_msgs/include/px4_msgs/px4_msgs/msg/detail/battery_status__functions.c\n'}
[9.609415] (px4_msgs) StdoutLine: {'line': b'-- Up-to-date: /home/em/ros_workspace_2025/nav_ws/install/px4_msgs/include/px4_msgs/px4_msgs/msg/detail/trajectory_setpoint__functions.c\n'}
[9.609444] (px4_msgs) StdoutLine: {'line': b'-- Up-to-date: /home/em/ros_workspace_2025/nav_ws/install/px4_msgs/include/px4_msgs/px4_msgs/msg/detail/position_setpoint_triplet__functions.c\n'}
[9.609471] (px4_msgs) StdoutLine: {'line': b'-- Up-to-date: /home/em/ros_workspace_2025/nav_ws/install/px4_msgs/include/px4_msgs/px4_msgs/msg/detail/ulog_stream_ack__functions.c\n'}
[9.609496] (px4_msgs) StdoutLine: {'line': b'-- Up-to-date: /home/em/ros_workspace_2025/nav_ws/install/px4_msgs/include/px4_msgs/px4_msgs/msg/detail/actuator_controls_status__struct.h\n'}
[9.609522] (px4_msgs) StdoutLine: {'line': b'-- Up-to-date: /home/em/ros_workspace_2025/nav_ws/install/px4_msgs/include/px4_msgs/px4_msgs/msg/detail/gimbal_manager_set_attitude__functions.c\n'}
[9.609548] (px4_msgs) StdoutLine: {'line': b'-- Up-to-date: /home/em/ros_workspace_2025/nav_ws/install/px4_msgs/include/px4_msgs/px4_msgs/msg/detail/tecs_status__type_support.h\n'}
[9.609574] (px4_msgs) StdoutLine: {'line': b'-- Up-to-date: /home/em/ros_workspace_2025/nav_ws/install/px4_msgs/include/px4_msgs/px4_msgs/msg/detail/sensor_gps__type_support.h\n'}
[9.609601] (px4_msgs) StdoutLine: {'line': b'-- Up-to-date: /home/em/ros_workspace_2025/nav_ws/install/px4_msgs/include/px4_msgs/px4_msgs/msg/detail/cpuload__functions.c\n'}
[9.609633] (px4_msgs) StdoutLine: {'line': b'-- Up-to-date: /home/em/ros_workspace_2025/nav_ws/install/px4_msgs/include/px4_msgs/px4_msgs/msg/detail/telemetry_status__functions.c\n'}
[9.609657] (px4_msgs) StdoutLine: {'line': b'-- Up-to-date: /home/em/ros_workspace_2025/nav_ws/install/px4_msgs/include/px4_msgs/px4_msgs/msg/detail/estimator_innovations__type_support.h\n'}
[9.609680] (px4_msgs) StdoutLine: {'line': b'-- Up-to-date: /home/em/ros_workspace_2025/nav_ws/install/px4_msgs/include/px4_msgs/px4_msgs/msg/detail/sensor_selection__struct.h\n'}
[9.609703] (px4_msgs) StdoutLine: {'line': b'-- Up-to-date: /home/em/ros_workspace_2025/nav_ws/install/px4_msgs/include/px4_msgs/px4_msgs/msg/detail/rover_mecanum_status__functions.h\n'}
[9.609725] (px4_msgs) StdoutLine: {'line': b'-- Up-to-date: /home/em/ros_workspace_2025/nav_ws/install/px4_msgs/include/px4_msgs/px4_msgs/msg/detail/register_ext_component_request__type_support.h\n'}
[9.609749] (px4_msgs) StdoutLine: {'line': b'-- Up-to-date: /home/em/ros_workspace_2025/nav_ws/install/px4_msgs/include/px4_msgs/px4_msgs/msg/detail/input_rc__functions.h\n'}
[9.609772] (px4_msgs) StdoutLine: {'line': b'-- Up-to-date: /home/em/ros_workspace_2025/nav_ws/install/px4_msgs/include/px4_msgs/px4_msgs/msg/detail/vehicle_magnetometer__struct.h\n'}
[9.609795] (px4_msgs) StdoutLine: {'line': b'-- Up-to-date: /home/em/ros_workspace_2025/nav_ws/install/px4_msgs/include/px4_msgs/px4_msgs/msg/detail/debug_array__functions.h\n'}
[9.609839] (px4_msgs) StdoutLine: {'line': b'-- Up-to-date: /home/em/ros_workspace_2025/nav_ws/install/px4_msgs/include/px4_msgs/px4_msgs/msg/detail/vehicle_trajectory_bezier__functions.h\n'}
[9.609863] (px4_msgs) StdoutLine: {'line': b'-- Up-to-date: /home/em/ros_workspace_2025/nav_ws/install/px4_msgs/include/px4_msgs/px4_msgs/msg/detail/fuel_tank_status__functions.c\n'}
[9.609887] (px4_msgs) StdoutLine: {'line': b'-- Up-to-date: /home/em/ros_workspace_2025/nav_ws/install/px4_msgs/include/px4_msgs/px4_msgs/msg/detail/parameter_reset_request__functions.c\n'}
[9.609910] (px4_msgs) StdoutLine: {'line': b'-- Up-to-date: /home/em/ros_workspace_2025/nav_ws/install/px4_msgs/include/px4_msgs/px4_msgs/msg/detail/figure_eight_status__struct.h\n'}
[9.609933] (px4_msgs) StdoutLine: {'line': b'-- Up-to-date: /home/em/ros_workspace_2025/nav_ws/install/px4_msgs/include/px4_msgs/px4_msgs/msg/detail/takeoff_status__functions.h\n'}
[9.609957] (px4_msgs) StdoutLine: {'line': b'-- Up-to-date: /home/em/ros_workspace_2025/nav_ws/install/px4_msgs/include/px4_msgs/px4_msgs/msg/detail/rover_ackermann_setpoint__struct.h\n'}
[9.609982] (px4_msgs) StdoutLine: {'line': b'-- Up-to-date: /home/em/ros_workspace_2025/nav_ws/install/px4_msgs/include/px4_msgs/px4_msgs/msg/detail/estimator_bias__struct.h\n'}
[9.610006] (px4_msgs) StdoutLine: {'line': b'-- Up-to-date: /home/em/ros_workspace_2025/nav_ws/install/px4_msgs/include/px4_msgs/px4_msgs/msg/detail/config_overrides__struct.h\n'}
[9.610029] (px4_msgs) StdoutLine: {'line': b'-- Up-to-date: /home/em/ros_workspace_2025/nav_ws/install/px4_msgs/include/px4_msgs/px4_msgs/msg/detail/goto_setpoint__functions.h\n'}
[9.610054] (px4_msgs) StdoutLine: {'line': b'-- Up-to-date: /home/em/ros_workspace_2025/nav_ws/install/px4_msgs/include/px4_msgs/px4_msgs/msg/detail/sensor_mag__type_support.h\n'}
[9.610090] (px4_msgs) StdoutLine: {'line': b'-- Up-to-date: /home/em/ros_workspace_2025/nav_ws/install/px4_msgs/include/px4_msgs/px4_msgs/msg/detail/open_drone_id_system__functions.h\n'}
[9.610205] (px4_msgs) StdoutLine: {'line': b'-- Up-to-date: /home/em/ros_workspace_2025/nav_ws/install/px4_msgs/include/px4_msgs/px4_msgs/msg/detail/collision_report__struct.h\n'}
[9.610277] (px4_msgs) StdoutLine: {'line': b'-- Up-to-date: /home/em/ros_workspace_2025/nav_ws/install/px4_msgs/include/px4_msgs/px4_msgs/msg/detail/cellular_status__type_support.h\n'}
[9.610336] (px4_msgs) StdoutLine: {'line': b'-- Up-to-date: /home/em/ros_workspace_2025/nav_ws/install/px4_msgs/include/px4_msgs/px4_msgs/msg/detail/trajectory_setpoint__type_support.h\n'}
[9.610371] (px4_msgs) StdoutLine: {'line': b'-- Up-to-date: /home/em/ros_workspace_2025/nav_ws/install/px4_msgs/include/px4_msgs/px4_msgs/msg/detail/camera_trigger__functions.c\n'}
[9.610398] (px4_msgs) StdoutLine: {'line': b'-- Up-to-date: /home/em/ros_workspace_2025/nav_ws/install/px4_msgs/include/px4_msgs/px4_msgs/msg/detail/mission__type_support.h\n'}
[9.610425] (px4_msgs) StdoutLine: {'line': b'-- Up-to-date: /home/em/ros_workspace_2025/nav_ws/install/px4_msgs/include/px4_msgs/px4_msgs/msg/detail/vehicle_angular_velocity__functions.h\n'}
[9.610450] (px4_msgs) StdoutLine: {'line': b'-- Up-to-date: /home/em/ros_workspace_2025/nav_ws/install/px4_msgs/include/px4_msgs/px4_msgs/msg/detail/landing_gear__type_support.h\n'}
[9.610473] (px4_msgs) StdoutLine: {'line': b'-- Up-to-date: /home/em/ros_workspace_2025/nav_ws/install/px4_msgs/include/px4_msgs/px4_msgs/msg/detail/geofence_result__functions.c\n'}
[9.610497] (px4_msgs) StdoutLine: {'line': b'-- Up-to-date: /home/em/ros_workspace_2025/nav_ws/install/px4_msgs/include/px4_msgs/px4_msgs/msg/detail/goto_setpoint__struct.h\n'}
[9.610520] (px4_msgs) StdoutLine: {'line': b'-- Up-to-date: /home/em/ros_workspace_2025/nav_ws/install/px4_msgs/include/px4_msgs/px4_msgs/msg/detail/debug_value__functions.h\n'}
[9.610545] (px4_msgs) StdoutLine: {'line': b'-- Up-to-date: /home/em/ros_workspace_2025/nav_ws/install/px4_msgs/include/px4_msgs/px4_msgs/msg/detail/power_button_state__type_support.h\n'}
[9.610569] (px4_msgs) StdoutLine: {'line': b'-- Up-to-date: /home/em/ros_workspace_2025/nav_ws/install/px4_msgs/include/px4_msgs/px4_msgs/msg/detail/buffer128__struct.h\n'}
[9.610594] (px4_msgs) StdoutLine: {'line': b'-- Up-to-date: /home/em/ros_workspace_2025/nav_ws/install/px4_msgs/include/px4_msgs/px4_msgs/msg/detail/navigator_mission_item__functions.c\n'}
[9.610618] (px4_msgs) StdoutLine: {'line': b'-- Up-to-date: /home/em/ros_workspace_2025/nav_ws/install/px4_msgs/include/px4_msgs/px4_msgs/msg/detail/estimator_gps_status__functions.h\n'}
[9.610642] (px4_msgs) StdoutLine: {'line': b'-- Up-to-date: /home/em/ros_workspace_2025/nav_ws/install/px4_msgs/include/px4_msgs/px4_msgs/msg/detail/vehicle_command_ack__struct.h\n'}
[9.610670] (px4_msgs) StdoutLine: {'line': b'-- Up-to-date: /home/em/ros_workspace_2025/nav_ws/install/px4_msgs/include/px4_msgs/px4_msgs/msg/detail/satellite_info__struct.h\n'}
[9.610695] (px4_msgs) StdoutLine: {'line': b'-- Up-to-date: /home/em/ros_workspace_2025/nav_ws/install/px4_msgs/include/px4_msgs/px4_msgs/msg/detail/unregister_ext_component__struct.h\n'}
[9.610719] (px4_msgs) StdoutLine: {'line': b'-- Up-to-date: /home/em/ros_workspace_2025/nav_ws/install/px4_msgs/include/px4_msgs/px4_msgs/msg/detail/vehicle_torque_setpoint__functions.c\n'}
[9.610744] (px4_msgs) StdoutLine: {'line': b'-- Up-to-date: /home/em/ros_workspace_2025/nav_ws/install/px4_msgs/include/px4_msgs/px4_msgs/msg/detail/orb_test_large__type_support.h\n'}
[9.610766] (px4_msgs) StdoutLine: {'line': b'-- Up-to-date: /home/em/ros_workspace_2025/nav_ws/install/px4_msgs/include/px4_msgs/px4_msgs/msg/detail/rover_differential_setpoint__functions.h\n'}
[9.610790] (px4_msgs) StdoutLine: {'line': b'-- Up-to-date: /home/em/ros_workspace_2025/nav_ws/install/px4_msgs/include/px4_msgs/px4_msgs/msg/detail/navigator_mission_item__functions.h\n'}
[9.610814] (px4_msgs) StdoutLine: {'line': b'-- Up-to-date: /home/em/ros_workspace_2025/nav_ws/install/px4_msgs/include/px4_msgs/px4_msgs/msg/detail/gimbal_device_information__functions.c\n'}
[9.610838] (px4_msgs) StdoutLine: {'line': b'-- Up-to-date: /home/em/ros_workspace_2025/nav_ws/install/px4_msgs/include/px4_msgs/px4_msgs/msg/detail/gpio_in__type_support.h\n'}
[9.610862] (px4_msgs) StdoutLine: {'line': b'-- Up-to-date: /home/em/ros_workspace_2025/nav_ws/install/px4_msgs/include/px4_msgs/px4_msgs/msg/detail/telemetry_status__struct.h\n'}
[9.610885] (px4_msgs) StdoutLine: {'line': b'-- Up-to-date: /home/em/ros_workspace_2025/nav_ws/install/px4_msgs/include/px4_msgs/px4_msgs/msg/detail/estimator_aid_source3d__functions.h\n'}
[9.610917] (px4_msgs) StdoutLine: {'line': b'-- Up-to-date: /home/em/ros_workspace_2025/nav_ws/install/px4_msgs/include/px4_msgs/px4_msgs/msg/detail/actuator_servos_trim__functions.h\n'}
[9.610941] (px4_msgs) StdoutLine: {'line': b'-- Up-to-date: /home/em/ros_workspace_2025/nav_ws/install/px4_msgs/include/px4_msgs/px4_msgs/msg/detail/sensor_gyro_fft__functions.c\n'}
[9.610964] (px4_msgs) StdoutLine: {'line': b'-- Up-to-date: /home/em/ros_workspace_2025/nav_ws/install/px4_msgs/include/px4_msgs/px4_msgs/msg/detail/gpio_in__functions.c\n'}
[9.610988] (px4_msgs) StdoutLine: {'line': b'-- Up-to-date: /home/em/ros_workspace_2025/nav_ws/install/px4_msgs/include/px4_msgs/px4_msgs/msg/detail/unregister_ext_component__functions.c\n'}
[9.611013] (px4_msgs) StdoutLine: {'line': b'-- Up-to-date: /home/em/ros_workspace_2025/nav_ws/install/px4_msgs/include/px4_msgs/px4_msgs/msg/detail/sensor_gnss_relative__struct.h\n'}
[9.611072] (px4_msgs) StdoutLine: {'line': b'-- Up-to-date: /home/em/ros_workspace_2025/nav_ws/install/px4_msgs/include/px4_msgs/px4_msgs/msg/detail/logger_status__type_support.h\n'}
[9.611145] (px4_msgs) StdoutLine: {'line': b'-- Up-to-date: /home/em/ros_workspace_2025/nav_ws/install/px4_msgs/include/px4_msgs/px4_msgs/msg/detail/vehicle_local_position__functions.h\n'}
[9.611170] (px4_msgs) StdoutLine: {'line': b'-- Up-to-date: /home/em/ros_workspace_2025/nav_ws/install/px4_msgs/include/px4_msgs/px4_msgs/msg/detail/rover_ackermann_status__type_support.h\n'}
[9.611194] (px4_msgs) StdoutLine: {'line': b'-- Up-to-date: /home/em/ros_workspace_2025/nav_ws/install/px4_msgs/include/px4_msgs/px4_msgs/msg/detail/rc_channels__functions.h\n'}
[9.611218] (px4_msgs) StdoutLine: {'line': b'-- Up-to-date: /home/em/ros_workspace_2025/nav_ws/install/px4_msgs/include/px4_msgs/px4_msgs/msg/detail/estimator_aid_source1d__type_support.h\n'}
[9.611293] (px4_msgs) StdoutLine: {'line': b'-- Up-to-date: /home/em/ros_workspace_2025/nav_ws/install/px4_msgs/include/px4_msgs/px4_msgs/msg/detail/parameter_update__type_support.h\n'}
[9.611509] (px4_msgs) StdoutLine: {'line': b'-- Up-to-date: /home/em/ros_workspace_2025/nav_ws/install/px4_msgs/include/px4_msgs/px4_msgs/msg/detail/rtl_status__functions.h\n'}
[9.611586] (px4_msgs) StdoutLine: {'line': b'-- Up-to-date: /home/em/ros_workspace_2025/nav_ws/install/px4_msgs/include/px4_msgs/px4_msgs/msg/detail/home_position__struct.h\n'}
[9.611619] (px4_msgs) StdoutLine: {'line': b'-- Up-to-date: /home/em/ros_workspace_2025/nav_ws/install/px4_msgs/include/px4_msgs/px4_msgs/msg/detail/timesync_status__functions.h\n'}
[9.611671] (px4_msgs) StdoutLine: {'line': b'-- Up-to-date: /home/em/ros_workspace_2025/nav_ws/install/px4_msgs/include/px4_msgs/px4_msgs/msg/detail/flight_phase_estimation__struct.h\n'}
[9.611701] (px4_msgs) StdoutLine: {'line': b'-- Up-to-date: /home/em/ros_workspace_2025/nav_ws/install/px4_msgs/include/px4_msgs/px4_msgs/msg/detail/gripper__struct.h\n'}
[9.611728] (px4_msgs) StdoutLine: {'line': b'-- Up-to-date: /home/em/ros_workspace_2025/nav_ws/install/px4_msgs/include/px4_msgs/px4_msgs/msg/detail/ekf2_timestamps__functions.c\n'}
[9.611754] (px4_msgs) StdoutLine: {'line': b'-- Up-to-date: /home/em/ros_workspace_2025/nav_ws/install/px4_msgs/include/px4_msgs/px4_msgs/msg/detail/sensor_gyro__struct.h\n'}
[9.611778] (px4_msgs) StdoutLine: {'line': b'-- Up-to-date: /home/em/ros_workspace_2025/nav_ws/install/px4_msgs/include/px4_msgs/px4_msgs/msg/detail/collision_constraints__functions.c\n'}
[9.611803] (px4_msgs) StdoutLine: {'line': b'-- Up-to-date: /home/em/ros_workspace_2025/nav_ws/install/px4_msgs/include/px4_msgs/px4_msgs/msg/detail/esc_report__type_support.h\n'}
[9.611828] (px4_msgs) StdoutLine: {'line': b'-- Up-to-date: /home/em/ros_workspace_2025/nav_ws/install/px4_msgs/include/px4_msgs/px4_msgs/msg/detail/npfg_status__functions.h\n'}
[9.611854] (px4_msgs) StdoutLine: {'line': b'-- Up-to-date: /home/em/ros_workspace_2025/nav_ws/install/px4_msgs/include/px4_msgs/px4_msgs/msg/detail/cpuload__functions.h\n'}
[9.611880] (px4_msgs) StdoutLine: {'line': b'-- Up-to-date: /home/em/ros_workspace_2025/nav_ws/install/px4_msgs/include/px4_msgs/px4_msgs/msg/detail/wind__struct.h\n'}
[9.611944] (px4_msgs) StdoutLine: {'line': b'-- Up-to-date: /home/em/ros_workspace_2025/nav_ws/install/px4_msgs/include/px4_msgs/px4_msgs/msg/detail/rover_differential_setpoint__struct.h\n'}
[9.611966] (px4_msgs) StdoutLine: {'line': b'-- Up-to-date: /home/em/ros_workspace_2025/nav_ws/install/px4_msgs/include/px4_msgs/px4_msgs/msg/detail/mount_orientation__type_support.h\n'}
[9.611987] (px4_msgs) StdoutLine: {'line': b'-- Up-to-date: /home/em/ros_workspace_2025/nav_ws/install/px4_msgs/include/px4_msgs/px4_msgs/msg/detail/log_message__struct.h\n'}
[9.612008] (px4_msgs) StdoutLine: {'line': b'-- Up-to-date: /home/em/ros_workspace_2025/nav_ws/install/px4_msgs/include/px4_msgs/px4_msgs/msg/detail/esc_status__functions.h\n'}
[9.612032] (px4_msgs) StdoutLine: {'line': b'-- Up-to-date: /home/em/ros_workspace_2025/nav_ws/install/px4_msgs/include/px4_msgs/px4_msgs/msg/detail/estimator_gps_status__type_support.h\n'}
[9.612066] (px4_msgs) StdoutLine: {'line': b'-- Up-to-date: /home/em/ros_workspace_2025/nav_ws/install/px4_msgs/include/px4_msgs/px4_msgs/msg/detail/sensor_uwb__struct.h\n'}
[9.612089] (px4_msgs) StdoutLine: {'line': b'-- Up-to-date: /home/em/ros_workspace_2025/nav_ws/install/px4_msgs/include/px4_msgs/px4_msgs/msg/detail/vehicle_air_data__functions.c\n'}
[9.612109] (px4_msgs) StdoutLine: {'line': b'-- Up-to-date: /home/em/ros_workspace_2025/nav_ws/install/px4_msgs/include/px4_msgs/px4_msgs/msg/detail/sensor_airflow__functions.h\n'}
[9.612130] (px4_msgs) StdoutLine: {'line': b'-- Up-to-date: /home/em/ros_workspace_2025/nav_ws/install/px4_msgs/include/px4_msgs/px4_msgs/msg/detail/adc_report__functions.c\n'}
[9.612151] (px4_msgs) StdoutLine: {'line': b'-- Up-to-date: /home/em/ros_workspace_2025/nav_ws/install/px4_msgs/include/px4_msgs/px4_msgs/msg/detail/px4io_status__functions.h\n'}
[9.612173] (px4_msgs) StdoutLine: {'line': b'-- Up-to-date: /home/em/ros_workspace_2025/nav_ws/install/px4_msgs/include/px4_msgs/px4_msgs/msg/detail/offboard_control_mode__struct.h\n'}
[9.612196] (px4_msgs) StdoutLine: {'line': b'-- Up-to-date: /home/em/ros_workspace_2025/nav_ws/install/px4_msgs/include/px4_msgs/px4_msgs/msg/detail/distance_sensor__struct.h\n'}
[9.612220] (px4_msgs) StdoutLine: {'line': b'-- Up-to-date: /home/em/ros_workspace_2025/nav_ws/install/px4_msgs/include/px4_msgs/px4_msgs/msg/detail/vehicle_angular_velocity__functions.c\n'}
[9.612247] (px4_msgs) StdoutLine: {'line': b'-- Up-to-date: /home/em/ros_workspace_2025/nav_ws/install/px4_msgs/include/px4_msgs/px4_msgs/msg/detail/health_report__struct.h\n'}
[9.612274] (px4_msgs) StdoutLine: {'line': b'-- Up-to-date: /home/em/ros_workspace_2025/nav_ws/install/px4_msgs/include/px4_msgs/px4_msgs/msg/detail/system_power__struct.h\n'}
[9.612306] (px4_msgs) StdoutLine: {'line': b'-- Up-to-date: /home/em/ros_workspace_2025/nav_ws/install/px4_msgs/include/px4_msgs/px4_msgs/msg/detail/sensor_gyro_fifo__struct.h\n'}
[9.612354] (px4_msgs) StdoutLine: {'line': b'-- Up-to-date: /home/em/ros_workspace_2025/nav_ws/install/px4_msgs/include/px4_msgs/px4_msgs/msg/detail/orb_test_large__struct.h\n'}
[9.612401] (px4_msgs) StdoutLine: {'line': b'-- Up-to-date: /home/em/ros_workspace_2025/nav_ws/install/px4_msgs/include/px4_msgs/px4_msgs/msg/detail/sensor_correction__functions.h\n'}
[9.612426] (px4_msgs) StdoutLine: {'line': b'-- Up-to-date: /home/em/ros_workspace_2025/nav_ws/install/px4_msgs/include/px4_msgs/px4_msgs/msg/detail/orb_test_large__functions.c\n'}
[9.612450] (px4_msgs) StdoutLine: {'line': b'-- Up-to-date: /home/em/ros_workspace_2025/nav_ws/install/px4_msgs/include/px4_msgs/px4_msgs/msg/detail/launch_detection_status__functions.h\n'}
[9.612475] (px4_msgs) StdoutLine: {'line': b'-- Up-to-date: /home/em/ros_workspace_2025/nav_ws/install/px4_msgs/include/px4_msgs/px4_msgs/msg/detail/estimator_selector_status__type_support.h\n'}
[9.612499] (px4_msgs) StdoutLine: {'line': b'-- Up-to-date: /home/em/ros_workspace_2025/nav_ws/install/px4_msgs/include/px4_msgs/px4_msgs/msg/detail/position_controller_status__struct.h\n'}
[9.612527] (px4_msgs) StdoutLine: {'line': b'-- Up-to-date: /home/em/ros_workspace_2025/nav_ws/install/px4_msgs/include/px4_msgs/px4_msgs/msg/detail/internal_combustion_engine_status__functions.h\n'}
[9.612554] (px4_msgs) StdoutLine: {'line': b'-- Up-to-date: /home/em/ros_workspace_2025/nav_ws/install/px4_msgs/include/px4_msgs/px4_msgs/msg/detail/airspeed_validated__functions.c\n'}
[9.612581] (px4_msgs) StdoutLine: {'line': b'-- Up-to-date: /home/em/ros_workspace_2025/nav_ws/install/px4_msgs/include/px4_msgs/px4_msgs/msg/detail/sensor_gnss_relative__functions.c\n'}
[9.612609] (px4_msgs) StdoutLine: {'line': b'-- Up-to-date: /home/em/ros_workspace_2025/nav_ws/install/px4_msgs/include/px4_msgs/px4_msgs/msg/detail/event__type_support.h\n'}
[9.612649] (px4_msgs) StdoutLine: {'line': b'-- Up-to-date: /home/em/ros_workspace_2025/nav_ws/install/px4_msgs/include/px4_msgs/px4_msgs/msg/detail/vehicle_rates_setpoint__struct.h\n'}
[9.612677] (px4_msgs) StdoutLine: {'line': b'-- Up-to-date: /home/em/ros_workspace_2025/nav_ws/install/px4_msgs/include/px4_msgs/px4_msgs/msg/detail/mission_result__struct.h\n'}
[9.612704] (px4_msgs) StdoutLine: {'line': b'-- Up-to-date: /home/em/ros_workspace_2025/nav_ws/install/px4_msgs/include/px4_msgs/px4_msgs/msg/detail/vehicle_attitude_setpoint__type_support.h\n'}
[9.612731] (px4_msgs) StdoutLine: {'line': b'-- Up-to-date: /home/em/ros_workspace_2025/nav_ws/install/px4_msgs/include/px4_msgs/px4_msgs/msg/detail/uavcan_parameter_value__type_support.h\n'}
[9.612758] (px4_msgs) StdoutLine: {'line': b'-- Up-to-date: /home/em/ros_workspace_2025/nav_ws/install/px4_msgs/include/px4_msgs/px4_msgs/msg/detail/vehicle_local_position__type_support.h\n'}
[9.612785] (px4_msgs) StdoutLine: {'line': b'-- Up-to-date: /home/em/ros_workspace_2025/nav_ws/install/px4_msgs/include/px4_msgs/px4_msgs/msg/detail/log_message__functions.h\n'}
[9.612810] (px4_msgs) StdoutLine: {'line': b'-- Up-to-date: /home/em/ros_workspace_2025/nav_ws/install/px4_msgs/include/px4_msgs/px4_msgs/msg/detail/power_button_state__functions.h\n'}
[9.612839] (px4_msgs) StdoutLine: {'line': b'-- Up-to-date: /home/em/ros_workspace_2025/nav_ws/install/px4_msgs/include/px4_msgs/px4_msgs/msg/detail/vehicle_global_position__functions.c\n'}
[9.612877] (px4_msgs) StdoutLine: {'line': b'-- Up-to-date: /home/em/ros_workspace_2025/nav_ws/install/px4_msgs/include/px4_msgs/px4_msgs/msg/detail/sensor_hygrometer__functions.h\n'}
[9.612908] (px4_msgs) StdoutLine: {'line': b'-- Up-to-date: /home/em/ros_workspace_2025/nav_ws/install/px4_msgs/include/px4_msgs/px4_msgs/msg/detail/mount_orientation__struct.h\n'}
[9.612935] (px4_msgs) StdoutLine: {'line': b'-- Up-to-date: /home/em/ros_workspace_2025/nav_ws/install/px4_msgs/include/px4_msgs/px4_msgs/msg/detail/vehicle_attitude_setpoint__struct.h\n'}
[9.612962] (px4_msgs) StdoutLine: {'line': b'-- Up-to-date: /home/em/ros_workspace_2025/nav_ws/install/px4_msgs/include/px4_msgs/px4_msgs/msg/detail/rover_ackermann_setpoint__functions.h\n'}
[9.612989] (px4_msgs) StdoutLine: {'line': b'-- Up-to-date: /home/em/ros_workspace_2025/nav_ws/install/px4_msgs/include/px4_msgs/px4_msgs/msg/detail/sensor_baro__type_support.h\n'}
[9.613015] (px4_msgs) StdoutLine: {'line': b'-- Up-to-date: /home/em/ros_workspace_2025/nav_ws/install/px4_msgs/include/px4_msgs/px4_msgs/msg/detail/rc_parameter_map__struct.h\n'}
[9.613043] (px4_msgs) StdoutLine: {'line': b'-- Up-to-date: /home/em/ros_workspace_2025/nav_ws/install/px4_msgs/include/px4_msgs/px4_msgs/msg/detail/normalized_unsigned_setpoint__functions.c\n'}
[9.613070] (px4_msgs) StdoutLine: {'line': b'-- Up-to-date: /home/em/ros_workspace_2025/nav_ws/install/px4_msgs/include/px4_msgs/px4_msgs/msg/detail/sensor_accel__functions.c\n'}
[9.613098] (px4_msgs) StdoutLine: {'line': b'-- Up-to-date: /home/em/ros_workspace_2025/nav_ws/install/px4_msgs/include/px4_msgs/px4_msgs/msg/detail/sensor_gps__functions.h\n'}
[9.613125] (px4_msgs) StdoutLine: {'line': b'-- Up-to-date: /home/em/ros_workspace_2025/nav_ws/install/px4_msgs/include/px4_msgs/px4_msgs/msg/detail/vehicle_imu__functions.h\n'}
[9.613243] (px4_msgs) StdoutLine: {'line': b'-- Up-to-date: /home/em/ros_workspace_2025/nav_ws/install/px4_msgs/include/px4_msgs/px4_msgs/msg/detail/open_drone_id_arm_status__functions.h\n'}
[9.613271] (px4_msgs) StdoutLine: {'line': b'-- Up-to-date: /home/em/ros_workspace_2025/nav_ws/install/px4_msgs/include/px4_msgs/px4_msgs/msg/detail/message_format_request__type_support.h\n'}
[9.613303] (px4_msgs) StdoutLine: {'line': b'-- Up-to-date: /home/em/ros_workspace_2025/nav_ws/install/px4_msgs/include/px4_msgs/px4_msgs/msg/detail/vehicle_status__functions.h\n'}
[9.613330] (px4_msgs) StdoutLine: {'line': b'-- Up-to-date: /home/em/ros_workspace_2025/nav_ws/install/px4_msgs/include/px4_msgs/px4_msgs/msg/detail/power_monitor__functions.c\n'}
[9.613365] (px4_msgs) StdoutLine: {'line': b'-- Up-to-date: /home/em/ros_workspace_2025/nav_ws/install/px4_msgs/include/px4_msgs/px4_msgs/msg/detail/rover_mecanum_setpoint__functions.c\n'}
[9.613390] (px4_msgs) StdoutLine: {'line': b'-- Up-to-date: /home/em/ros_workspace_2025/nav_ws/install/px4_msgs/include/px4_msgs/px4_msgs/msg/detail/landing_target_pose__type_support.h\n'}
[9.613415] (px4_msgs) StdoutLine: {'line': b'-- Up-to-date: /home/em/ros_workspace_2025/nav_ws/install/px4_msgs/include/px4_msgs/px4_msgs/msg/detail/rover_mecanum_guidance_status__functions.h\n'}
[9.613441] (px4_msgs) StdoutLine: {'line': b'-- Up-to-date: /home/em/ros_workspace_2025/nav_ws/install/px4_msgs/include/px4_msgs/px4_msgs/msg/detail/rover_ackermann_guidance_status__struct.h\n'}
[9.613467] (px4_msgs) StdoutLine: {'line': b'-- Up-to-date: /home/em/ros_workspace_2025/nav_ws/install/px4_msgs/include/px4_msgs/px4_msgs/msg/detail/satellite_info__functions.h\n'}
[9.613493] (px4_msgs) StdoutLine: {'line': b'-- Up-to-date: /home/em/ros_workspace_2025/nav_ws/install/px4_msgs/include/px4_msgs/px4_msgs/msg/detail/mission__functions.h\n'}
[9.613561] (px4_msgs) StdoutLine: {'line': b'-- Up-to-date: /home/em/ros_workspace_2025/nav_ws/install/px4_msgs/include/px4_msgs/px4_msgs/msg/detail/camera_status__struct.h\n'}
[9.613590] (px4_msgs) StdoutLine: {'line': b'-- Up-to-date: /home/em/ros_workspace_2025/nav_ws/install/px4_msgs/include/px4_msgs/px4_msgs/msg/detail/transponder_report__functions.h\n'}
[9.613619] (px4_msgs) StdoutLine: {'line': b'-- Up-to-date: /home/em/ros_workspace_2025/nav_ws/install/px4_msgs/include/px4_msgs/px4_msgs/msg/detail/velocity_limits__struct.h\n'}
[9.613644] (px4_msgs) StdoutLine: {'line': b'-- Up-to-date: /home/em/ros_workspace_2025/nav_ws/install/px4_msgs/include/px4_msgs/px4_msgs/msg/detail/ping__type_support.h\n'}
[9.613669] (px4_msgs) StdoutLine: {'line': b'-- Up-to-date: /home/em/ros_workspace_2025/nav_ws/install/px4_msgs/include/px4_msgs/px4_msgs/msg/detail/actuator_test__type_support.h\n'}
[9.613694] (px4_msgs) StdoutLine: {'line': b'-- Up-to-date: /home/em/ros_workspace_2025/nav_ws/install/px4_msgs/include/px4_msgs/px4_msgs/msg/detail/geofence_result__functions.h\n'}
[9.613718] (px4_msgs) StdoutLine: {'line': b'-- Up-to-date: /home/em/ros_workspace_2025/nav_ws/install/px4_msgs/include/px4_msgs/px4_msgs/msg/detail/system_power__functions.h\n'}
[9.613743] (px4_msgs) StdoutLine: {'line': b'-- Up-to-date: /home/em/ros_workspace_2025/nav_ws/install/px4_msgs/include/px4_msgs/px4_msgs/msg/detail/estimator_bias__functions.c\n'}
[9.613768] (px4_msgs) StdoutLine: {'line': b'-- Up-to-date: /home/em/ros_workspace_2025/nav_ws/install/px4_msgs/include/px4_msgs/px4_msgs/msg/detail/actuator_servos__functions.h\n'}
[9.613791] (px4_msgs) StdoutLine: {'line': b'-- Up-to-date: /home/em/ros_workspace_2025/nav_ws/install/px4_msgs/include/px4_msgs/px4_msgs/msg/detail/gpio_request__struct.h\n'}
[9.613862] (px4_msgs) StdoutLine: {'line': b'-- Up-to-date: /home/em/ros_workspace_2025/nav_ws/install/px4_msgs/include/px4_msgs/px4_msgs/msg/detail/camera_status__functions.c\n'}
[9.613888] (px4_msgs) StdoutLine: {'line': b'-- Up-to-date: /home/em/ros_workspace_2025/nav_ws/install/px4_msgs/include/px4_msgs/px4_msgs/msg/detail/task_stack_info__functions.h\n'}
[9.613914] (px4_msgs) StdoutLine: {'line': b'-- Up-to-date: /home/em/ros_workspace_2025/nav_ws/install/px4_msgs/include/px4_msgs/px4_msgs/msg/detail/rover_ackermann_status__struct.h\n'}
[9.613940] (px4_msgs) StdoutLine: {'line': b'-- Up-to-date: /home/em/ros_workspace_2025/nav_ws/install/px4_msgs/include/px4_msgs/px4_msgs/msg/detail/follow_target__type_support.h\n'}
[9.613968] (px4_msgs) StdoutLine: {'line': b'-- Up-to-date: /home/em/ros_workspace_2025/nav_ws/install/px4_msgs/include/px4_msgs/px4_msgs/msg/detail/gimbal_device_attitude_status__functions.c\n'}
[9.613995] (px4_msgs) StdoutLine: {'line': b'-- Up-to-date: /home/em/ros_workspace_2025/nav_ws/install/px4_msgs/include/px4_msgs/px4_msgs/msg/detail/gpio_config__struct.h\n'}
[9.614020] (px4_msgs) StdoutLine: {'line': b'-- Up-to-date: /home/em/ros_workspace_2025/nav_ws/install/px4_msgs/include/px4_msgs/px4_msgs/msg/detail/gpio_request__functions.c\n'}
[9.614045] (px4_msgs) StdoutLine: {'line': b'-- Up-to-date: /home/em/ros_workspace_2025/nav_ws/install/px4_msgs/include/px4_msgs/px4_msgs/msg/detail/action_request__type_support.h\n'}
[9.614070] (px4_msgs) StdoutLine: {'line': b'-- Up-to-date: /home/em/ros_workspace_2025/nav_ws/install/px4_msgs/include/px4_msgs/px4_msgs/msg/detail/vehicle_status__type_support.h\n'}
[9.614276] (px4_msgs) StdoutLine: {'line': b'-- Up-to-date: /home/em/ros_workspace_2025/nav_ws/install/px4_msgs/include/px4_msgs/px4_msgs/msg/detail/failsafe_flags__type_support.h\n'}
[9.614321] (px4_msgs) StdoutLine: {'line': b'-- Up-to-date: /home/em/ros_workspace_2025/nav_ws/install/px4_msgs/include/px4_msgs/px4_msgs/msg/detail/estimator_sensor_bias__functions.h\n'}
[9.614378] (px4_msgs) StdoutLine: {'line': b'-- Up-to-date: /home/em/ros_workspace_2025/nav_ws/install/px4_msgs/include/px4_msgs/px4_msgs/msg/detail/trajectory_setpoint__functions.h\n'}
[9.614405] (px4_msgs) StdoutLine: {'line': b'-- Up-to-date: /home/em/ros_workspace_2025/nav_ws/install/px4_msgs/include/px4_msgs/px4_msgs/msg/detail/distance_sensor__functions.h\n'}
[9.614456] (px4_msgs) StdoutLine: {'line': b'-- Up-to-date: /home/em/ros_workspace_2025/nav_ws/install/px4_msgs/include/px4_msgs/px4_msgs/msg/detail/gimbal_device_information__functions.h\n'}
[9.614482] (px4_msgs) StdoutLine: {'line': b'-- Up-to-date: /home/em/ros_workspace_2025/nav_ws/install/px4_msgs/include/px4_msgs/px4_msgs/msg/detail/follow_target_estimator__functions.c\n'}
[9.614507] (px4_msgs) StdoutLine: {'line': b'-- Up-to-date: /home/em/ros_workspace_2025/nav_ws/install/px4_msgs/include/px4_msgs/px4_msgs/msg/detail/uavcan_parameter_value__functions.h\n'}
[9.614532] (px4_msgs) StdoutLine: {'line': b'-- Up-to-date: /home/em/ros_workspace_2025/nav_ws/install/px4_msgs/include/px4_msgs/px4_msgs/msg/detail/ekf2_timestamps__functions.h\n'}
[9.614555] (px4_msgs) StdoutLine: {'line': b'-- Up-to-date: /home/em/ros_workspace_2025/nav_ws/install/px4_msgs/include/px4_msgs/px4_msgs/msg/detail/rc_parameter_map__functions.c\n'}
[9.614604] (px4_msgs) StdoutLine: {'line': b'-- Up-to-date: /home/em/ros_workspace_2025/nav_ws/install/px4_msgs/include/px4_msgs/px4_msgs/msg/detail/position_setpoint_triplet__struct.h\n'}
[9.614627] (px4_msgs) StdoutLine: {'line': b'-- Up-to-date: /home/em/ros_workspace_2025/nav_ws/install/px4_msgs/include/px4_msgs/px4_msgs/msg/detail/estimator_bias__functions.h\n'}
[9.614649] (px4_msgs) StdoutLine: {'line': b'-- Up-to-date: /home/em/ros_workspace_2025/nav_ws/install/px4_msgs/include/px4_msgs/px4_msgs/msg/detail/gimbal_manager_information__functions.c\n'}
[9.614766] (px4_msgs) StdoutLine: {'line': b'-- Up-to-date: /home/em/ros_workspace_2025/nav_ws/install/px4_msgs/include/px4_msgs/px4_msgs/msg/detail/tune_control__functions.h\n'}
[9.614836] (px4_msgs) StdoutLine: {'line': b'-- Up-to-date: /home/em/ros_workspace_2025/nav_ws/install/px4_msgs/include/px4_msgs/px4_msgs/msg/detail/rover_mecanum_status__functions.c\n'}
[9.614881] (px4_msgs) StdoutLine: {'line': b'-- Up-to-date: /home/em/ros_workspace_2025/nav_ws/install/px4_msgs/include/px4_msgs/px4_msgs/msg/detail/landing_target_innovations__functions.c\n'}
[9.614923] (px4_msgs) StdoutLine: {'line': b'-- Up-to-date: /home/em/ros_workspace_2025/nav_ws/install/px4_msgs/include/px4_msgs/px4_msgs/msg/detail/airspeed_wind__struct.h\n'}
[9.614969] (px4_msgs) StdoutLine: {'line': b'-- Up-to-date: /home/em/ros_workspace_2025/nav_ws/install/px4_msgs/include/px4_msgs/px4_msgs/msg/detail/fuel_tank_status__struct.h\n'}
[9.615011] (px4_msgs) StdoutLine: {'line': b'-- Up-to-date: /home/em/ros_workspace_2025/nav_ws/install/px4_msgs/include/px4_msgs/px4_msgs/msg/detail/register_ext_component_request__functions.h\n'}
[9.615051] (px4_msgs) StdoutLine: {'line': b'-- Up-to-date: /home/em/ros_workspace_2025/nav_ws/install/px4_msgs/include/px4_msgs/px4_msgs/msg/detail/gps_dump__type_support.h\n'}
[9.615089] (px4_msgs) StdoutLine: {'line': b'-- Up-to-date: /home/em/ros_workspace_2025/nav_ws/install/px4_msgs/include/px4_msgs/px4_msgs/msg/detail/rover_differential_guidance_status__functions.c\n'}
[9.615128] (px4_msgs) StdoutLine: {'line': b'-- Up-to-date: /home/em/ros_workspace_2025/nav_ws/install/px4_msgs/include/px4_msgs/px4_msgs/msg/detail/vehicle_attitude__struct.h\n'}
[9.615167] (px4_msgs) StdoutLine: {'line': b'-- Up-to-date: /home/em/ros_workspace_2025/nav_ws/install/px4_msgs/include/px4_msgs/px4_msgs/msg/detail/vehicle_status__functions.c\n'}
[9.615206] (px4_msgs) StdoutLine: {'line': b'-- Up-to-date: /home/em/ros_workspace_2025/nav_ws/install/px4_msgs/include/px4_msgs/px4_msgs/msg/detail/cpuload__struct.h\n'}
[9.615258] (px4_msgs) StdoutLine: {'line': b'-- Up-to-date: /home/em/ros_workspace_2025/nav_ws/install/px4_msgs/include/px4_msgs/px4_msgs/msg/detail/mission_result__type_support.h\n'}
[9.615339] (px4_msgs) StdoutLine: {'line': b'-- Up-to-date: /home/em/ros_workspace_2025/nav_ws/install/px4_msgs/include/px4_msgs/px4_msgs/msg/detail/arming_check_reply__type_support.h\n'}
[9.615396] (px4_msgs) StdoutLine: {'line': b'-- Up-to-date: /home/em/ros_workspace_2025/nav_ws/install/px4_msgs/include/px4_msgs/px4_msgs/msg/detail/tecs_status__struct.h\n'}
[9.615442] (px4_msgs) StdoutLine: {'line': b'-- Up-to-date: /home/em/ros_workspace_2025/nav_ws/install/px4_msgs/include/px4_msgs/px4_msgs/msg/detail/uavcan_parameter_request__type_support.h\n'}
[9.615487] (px4_msgs) StdoutLine: {'line': b'-- Up-to-date: /home/em/ros_workspace_2025/nav_ws/install/px4_msgs/include/px4_msgs/px4_msgs/msg/detail/trajectory_waypoint__type_support.h\n'}
[9.615562] (px4_msgs) StdoutLine: {'line': b'-- Up-to-date: /home/em/ros_workspace_2025/nav_ws/install/px4_msgs/include/px4_msgs/px4_msgs/msg/detail/estimator_aid_source1d__functions.c\n'}
[9.615664] (px4_msgs) StdoutLine: {'line': b'-- Up-to-date: /home/em/ros_workspace_2025/nav_ws/install/px4_msgs/include/px4_msgs/px4_msgs/msg/detail/launch_detection_status__functions.c\n'}
[9.615701] (px4_msgs) StdoutLine: {'line': b'-- Up-to-date: /home/em/ros_workspace_2025/nav_ws/install/px4_msgs/include/px4_msgs/px4_msgs/msg/detail/debug_value__functions.c\n'}
[9.615732] (px4_msgs) StdoutLine: {'line': b'-- Up-to-date: /home/em/ros_workspace_2025/nav_ws/install/px4_msgs/include/px4_msgs/px4_msgs/msg/detail/sensor_preflight_mag__functions.h\n'}
[9.615796] (px4_msgs) StdoutLine: {'line': b'-- Up-to-date: /home/em/ros_workspace_2025/nav_ws/install/px4_msgs/include/px4_msgs/px4_msgs/msg/detail/camera_capture__functions.c\n'}
[9.615829] (px4_msgs) StdoutLine: {'line': b'-- Up-to-date: /home/em/ros_workspace_2025/nav_ws/install/px4_msgs/include/px4_msgs/px4_msgs/msg/detail/gimbal_manager_set_manual_control__functions.h\n'}
[9.615861] (px4_msgs) StdoutLine: {'line': b'-- Up-to-date: /home/em/ros_workspace_2025/nav_ws/install/px4_msgs/include/px4_msgs/px4_msgs/msg/detail/rate_ctrl_status__type_support.h\n'}
[9.615892] (px4_msgs) StdoutLine: {'line': b'-- Up-to-date: /home/em/ros_workspace_2025/nav_ws/install/px4_msgs/include/px4_msgs/px4_msgs/msg/detail/gimbal_manager_information__functions.h\n'}
[9.615936] (px4_msgs) StdoutLine: {'line': b'-- Up-to-date: /home/em/ros_workspace_2025/nav_ws/install/px4_msgs/include/px4_msgs/px4_msgs/msg/detail/arming_check_request__functions.h\n'}
[9.615965] (px4_msgs) StdoutLine: {'line': b'-- Up-to-date: /home/em/ros_workspace_2025/nav_ws/install/px4_msgs/include/px4_msgs/px4_msgs/msg/detail/internal_combustion_engine_status__functions.c\n'}
[9.616015] (px4_msgs) StdoutLine: {'line': b'-- Up-to-date: /home/em/ros_workspace_2025/nav_ws/install/px4_msgs/include/px4_msgs/px4_msgs/msg/detail/goto_setpoint__functions.c\n'}
[9.616047] (px4_msgs) StdoutLine: {'line': b'-- Up-to-date: /home/em/ros_workspace_2025/nav_ws/install/px4_msgs/include/px4_msgs/px4_msgs/msg/detail/mount_orientation__functions.c\n'}
[9.616076] (px4_msgs) StdoutLine: {'line': b'-- Up-to-date: /home/em/ros_workspace_2025/nav_ws/install/px4_msgs/include/px4_msgs/px4_msgs/msg/detail/parameter_reset_request__type_support.h\n'}
[9.616106] (px4_msgs) StdoutLine: {'line': b'-- Up-to-date: /home/em/ros_workspace_2025/nav_ws/install/px4_msgs/include/px4_msgs/px4_msgs/msg/detail/debug_value__struct.h\n'}
[9.616151] (px4_msgs) StdoutLine: {'line': b'-- Up-to-date: /home/em/ros_workspace_2025/nav_ws/install/px4_msgs/include/px4_msgs/px4_msgs/msg/detail/gimbal_manager_set_manual_control__struct.h\n'}
[9.616183] (px4_msgs) StdoutLine: {'line': b'-- Up-to-date: /home/em/ros_workspace_2025/nav_ws/install/px4_msgs/include/px4_msgs/px4_msgs/msg/detail/vehicle_imu_status__struct.h\n'}
[9.616213] (px4_msgs) StdoutLine: {'line': b'-- Up-to-date: /home/em/ros_workspace_2025/nav_ws/install/px4_msgs/include/px4_msgs/px4_msgs/msg/detail/failure_detector_status__functions.c\n'}
[9.616242] (px4_msgs) StdoutLine: {'line': b'-- Up-to-date: /home/em/ros_workspace_2025/nav_ws/install/px4_msgs/include/px4_msgs/px4_msgs/msg/detail/magnetometer_bias_estimate__functions.c\n'}
[9.616273] (px4_msgs) StdoutLine: {'line': b'-- Up-to-date: /home/em/ros_workspace_2025/nav_ws/install/px4_msgs/include/px4_msgs/px4_msgs/msg/detail/estimator_event_flags__functions.h\n'}
[9.616354] (px4_msgs) StdoutLine: {'line': b'-- Up-to-date: /home/em/ros_workspace_2025/nav_ws/install/px4_msgs/include/px4_msgs/px4_msgs/msg/detail/sensor_accel_fifo__struct.h\n'}
[9.616388] (px4_msgs) StdoutLine: {'line': b'-- Up-to-date: /home/em/ros_workspace_2025/nav_ws/install/px4_msgs/include/px4_msgs/px4_msgs/msg/detail/message_format_response__functions.h\n'}
[9.616418] (px4_msgs) StdoutLine: {'line': b'-- Up-to-date: /home/em/ros_workspace_2025/nav_ws/install/px4_msgs/include/px4_msgs/px4_msgs/msg/detail/vehicle_local_position_setpoint__struct.h\n'}
[9.616447] (px4_msgs) StdoutLine: {'line': b'-- Up-to-date: /home/em/ros_workspace_2025/nav_ws/install/px4_msgs/include/px4_msgs/px4_msgs/msg/detail/landing_target_pose__struct.h\n'}
[9.616485] (px4_msgs) StdoutLine: {'line': b'-- Up-to-date: /home/em/ros_workspace_2025/nav_ws/install/px4_msgs/include/px4_msgs/px4_msgs/msg/detail/failure_detector_status__functions.h\n'}
[9.616515] (px4_msgs) StdoutLine: {'line': b'-- Up-to-date: /home/em/ros_workspace_2025/nav_ws/install/px4_msgs/include/px4_msgs/px4_msgs/msg/detail/generator_status__functions.c\n'}
[9.616544] (px4_msgs) StdoutLine: {'line': b'-- Up-to-date: /home/em/ros_workspace_2025/nav_ws/install/px4_msgs/include/px4_msgs/px4_msgs/msg/detail/gimbal_controls__functions.c\n'}
[9.616573] (px4_msgs) StdoutLine: {'line': b'-- Up-to-date: /home/em/ros_workspace_2025/nav_ws/install/px4_msgs/include/px4_msgs/px4_msgs/msg/detail/log_message__type_support.h\n'}
[9.616606] (px4_msgs) StdoutLine: {'line': b'-- Up-to-date: /home/em/ros_workspace_2025/nav_ws/install/px4_msgs/include/px4_msgs/px4_msgs/msg/detail/internal_combustion_engine_status__struct.h\n'}
[9.616636] (px4_msgs) StdoutLine: {'line': b'-- Up-to-date: /home/em/ros_workspace_2025/nav_ws/install/px4_msgs/include/px4_msgs/px4_msgs/msg/detail/logger_status__struct.h\n'}
[9.616666] (px4_msgs) StdoutLine: {'line': b'-- Up-to-date: /home/em/ros_workspace_2025/nav_ws/install/px4_msgs/include/px4_msgs/px4_msgs/msg/detail/sensor_airflow__functions.c\n'}
[9.616712] (px4_msgs) StdoutLine: {'line': b'-- Up-to-date: /home/em/ros_workspace_2025/nav_ws/install/px4_msgs/include/px4_msgs/px4_msgs/msg/detail/gpio_request__type_support.h\n'}
[9.616742] (px4_msgs) StdoutLine: {'line': b'-- Up-to-date: /home/em/ros_workspace_2025/nav_ws/install/px4_msgs/include/px4_msgs/px4_msgs/msg/detail/sensor_accel__type_support.h\n'}
[9.616798] (px4_msgs) StdoutLine: {'line': b'-- Up-to-date: /home/em/ros_workspace_2025/nav_ws/install/px4_msgs/include/px4_msgs/px4_msgs/msg/detail/flight_phase_estimation__functions.h\n'}
[9.616861] (px4_msgs) StdoutLine: {'line': b'-- Up-to-date: /home/em/ros_workspace_2025/nav_ws/install/px4_msgs/include/px4_msgs/px4_msgs/msg/detail/vehicle_acceleration__struct.h\n'}
[9.616894] (px4_msgs) StdoutLine: {'line': b'-- Up-to-date: /home/em/ros_workspace_2025/nav_ws/install/px4_msgs/include/px4_msgs/px4_msgs/msg/detail/actuator_servos_trim__struct.h\n'}
[9.616924] (px4_msgs) StdoutLine: {'line': b'-- Up-to-date: /home/em/ros_workspace_2025/nav_ws/install/px4_msgs/include/px4_msgs/px4_msgs/msg/detail/vehicle_air_data__struct.h\n'}
[9.616952] (px4_msgs) StdoutLine: {'line': b'-- Up-to-date: /home/em/ros_workspace_2025/nav_ws/install/px4_msgs/include/px4_msgs/px4_msgs/msg/detail/vehicle_attitude__functions.h\n'}
[9.616979] (px4_msgs) StdoutLine: {'line': b'-- Up-to-date: /home/em/ros_workspace_2025/nav_ws/install/px4_msgs/include/px4_msgs/px4_msgs/msg/detail/button_event__functions.c\n'}
[9.617006] (px4_msgs) StdoutLine: {'line': b'-- Up-to-date: /home/em/ros_workspace_2025/nav_ws/install/px4_msgs/include/px4_msgs/px4_msgs/msg/detail/obstacle_distance__functions.c\n'}
[9.617034] (px4_msgs) StdoutLine: {'line': b'-- Up-to-date: /home/em/ros_workspace_2025/nav_ws/install/px4_msgs/include/px4_msgs/px4_msgs/msg/detail/power_button_state__functions.c\n'}
[9.617062] (px4_msgs) StdoutLine: {'line': b'-- Up-to-date: /home/em/ros_workspace_2025/nav_ws/install/px4_msgs/include/px4_msgs/px4_msgs/msg/detail/gpio_in__functions.h\n'}
[9.617089] (px4_msgs) StdoutLine: {'line': b'-- Up-to-date: /home/em/ros_workspace_2025/nav_ws/install/px4_msgs/include/px4_msgs/px4_msgs/msg/detail/takeoff_status__struct.h\n'}
[9.617117] (px4_msgs) StdoutLine: {'line': b'-- Up-to-date: /home/em/ros_workspace_2025/nav_ws/install/px4_msgs/include/px4_msgs/px4_msgs/msg/detail/vehicle_trajectory_bezier__struct.h\n'}
[9.617146] (px4_msgs) StdoutLine: {'line': b'-- Up-to-date: /home/em/ros_workspace_2025/nav_ws/install/px4_msgs/include/px4_msgs/px4_msgs/msg/detail/sensor_uwb__functions.h\n'}
[9.617174] (px4_msgs) StdoutLine: {'line': b'-- Up-to-date: /home/em/ros_workspace_2025/nav_ws/install/px4_msgs/include/px4_msgs/px4_msgs/msg/detail/estimator_status_flags__type_support.h\n'}
[9.617202] (px4_msgs) StdoutLine: {'line': b'-- Up-to-date: /home/em/ros_workspace_2025/nav_ws/install/px4_msgs/include/px4_msgs/px4_msgs/msg/detail/orbit_status__functions.h\n'}
[9.617298] (px4_msgs) StdoutLine: {'line': b'-- Up-to-date: /home/em/ros_workspace_2025/nav_ws/install/px4_msgs/include/px4_msgs/px4_msgs/msg/detail/qshell_retval__struct.h\n'}
[9.617353] (px4_msgs) StdoutLine: {'line': b'-- Up-to-date: /home/em/ros_workspace_2025/nav_ws/install/px4_msgs/include/px4_msgs/px4_msgs/msg/detail/npfg_status__type_support.h\n'}
[9.617385] (px4_msgs) StdoutLine: {'line': b'-- Up-to-date: /home/em/ros_workspace_2025/nav_ws/install/px4_msgs/include/px4_msgs/px4_msgs/msg/detail/qshell_req__type_support.h\n'}
[9.617416] (px4_msgs) StdoutLine: {'line': b'-- Up-to-date: /home/em/ros_workspace_2025/nav_ws/install/px4_msgs/include/px4_msgs/px4_msgs/msg/detail/open_drone_id_system__type_support.h\n'}
[9.617445] (px4_msgs) StdoutLine: {'line': b'-- Up-to-date: /home/em/ros_workspace_2025/nav_ws/install/px4_msgs/include/px4_msgs/px4_msgs/msg/detail/rover_differential_status__struct.h\n'}
[9.617474] (px4_msgs) StdoutLine: {'line': b'-- Up-to-date: /home/em/ros_workspace_2025/nav_ws/install/px4_msgs/include/px4_msgs/px4_msgs/msg/detail/manual_control_switches__type_support.h\n'}
[9.617512] (px4_msgs) StdoutLine: {'line': b'-- Up-to-date: /home/em/ros_workspace_2025/nav_ws/install/px4_msgs/include/px4_msgs/px4_msgs/msg/detail/estimator_aid_source1d__struct.h\n'}
[9.617543] (px4_msgs) StdoutLine: {'line': b'-- Up-to-date: /home/em/ros_workspace_2025/nav_ws/install/px4_msgs/include/px4_msgs/px4_msgs/msg/detail/led_control__struct.h\n'}
[9.617594] (px4_msgs) StdoutLine: {'line': b'-- Up-to-date: /home/em/ros_workspace_2025/nav_ws/install/px4_msgs/include/px4_msgs/px4_msgs/msg/detail/open_drone_id_operator_id__type_support.h\n'}
[9.617626] (px4_msgs) StdoutLine: {'line': b'-- Up-to-date: /home/em/ros_workspace_2025/nav_ws/install/px4_msgs/include/px4_msgs/px4_msgs/msg/detail/actuator_armed__functions.h\n'}
[9.617657] (px4_msgs) StdoutLine: {'line': b'-- Up-to-date: /home/em/ros_workspace_2025/nav_ws/install/px4_msgs/include/px4_msgs/px4_msgs/msg/detail/sensor_mag__functions.c\n'}
[9.617687] (px4_msgs) StdoutLine: {'line': b'-- Up-to-date: /home/em/ros_workspace_2025/nav_ws/install/px4_msgs/include/px4_msgs/px4_msgs/msg/detail/dataman_request__functions.c\n'}
[9.617718] (px4_msgs) StdoutLine: {'line': b'-- Up-to-date: /home/em/ros_workspace_2025/nav_ws/install/px4_msgs/include/px4_msgs/px4_msgs/msg/detail/vehicle_angular_acceleration_setpoint__functions.h\n'}
[9.617750] (px4_msgs) StdoutLine: {'line': b'-- Up-to-date: /home/em/ros_workspace_2025/nav_ws/install/px4_msgs/include/px4_msgs/px4_msgs/msg/detail/config_overrides__functions.c\n'}
[9.617779] (px4_msgs) StdoutLine: {'line': b'-- Up-to-date: /home/em/ros_workspace_2025/nav_ws/install/px4_msgs/include/px4_msgs/px4_msgs/msg/detail/rover_differential_status__functions.c\n'}
[9.617808] (px4_msgs) StdoutLine: {'line': b'-- Up-to-date: /home/em/ros_workspace_2025/nav_ws/install/px4_msgs/include/px4_msgs/px4_msgs/msg/detail/control_allocator_status__functions.h\n'}
[9.617852] (px4_msgs) StdoutLine: {'line': b'-- Up-to-date: /home/em/ros_workspace_2025/nav_ws/install/px4_msgs/include/px4_msgs/px4_msgs/msg/detail/wheel_encoders__struct.h\n'}
[9.617884] (px4_msgs) StdoutLine: {'line': b'-- Up-to-date: /home/em/ros_workspace_2025/nav_ws/install/px4_msgs/include/px4_msgs/px4_msgs/msg/detail/vehicle_global_position__functions.h\n'}
[9.617964] (px4_msgs) StdoutLine: {'line': b'-- Up-to-date: /home/em/ros_workspace_2025/nav_ws/install/px4_msgs/include/px4_msgs/px4_msgs/msg/detail/mission_result__functions.c\n'}
[9.618000] (px4_msgs) StdoutLine: {'line': b'-- Up-to-date: /home/em/ros_workspace_2025/nav_ws/install/px4_msgs/include/px4_msgs/px4_msgs/msg/detail/geofence_status__struct.h\n'}
[9.618031] (px4_msgs) StdoutLine: {'line': b'-- Up-to-date: /home/em/ros_workspace_2025/nav_ws/install/px4_msgs/include/px4_msgs/px4_msgs/msg/detail/esc_report__struct.h\n'}
[9.618061] (px4_msgs) StdoutLine: {'line': b'-- Up-to-date: /home/em/ros_workspace_2025/nav_ws/install/px4_msgs/include/px4_msgs/px4_msgs/msg/detail/iridiumsbd_status__struct.h\n'}
[9.618091] (px4_msgs) StdoutLine: {'line': b'-- Up-to-date: /home/em/ros_workspace_2025/nav_ws/install/px4_msgs/include/px4_msgs/px4_msgs/msg/detail/landing_target_innovations__functions.h\n'}
[9.618144] (px4_msgs) StdoutLine: {'line': b'-- Up-to-date: /home/em/ros_workspace_2025/nav_ws/install/px4_msgs/include/px4_msgs/px4_msgs/msg/detail/mount_orientation__functions.h\n'}
[9.618184] (px4_msgs) StdoutLine: {'line': b'-- Up-to-date: /home/em/ros_workspace_2025/nav_ws/install/px4_msgs/include/px4_msgs/px4_msgs/msg/detail/navigator_mission_item__struct.h\n'}
[9.618224] (px4_msgs) StdoutLine: {'line': b'-- Up-to-date: /home/em/ros_workspace_2025/nav_ws/install/px4_msgs/include/px4_msgs/px4_msgs/msg/detail/vehicle_trajectory_waypoint__functions.h\n'}
[9.618253] (px4_msgs) StdoutLine: {'line': b'-- Up-to-date: /home/em/ros_workspace_2025/nav_ws/install/px4_msgs/include/px4_msgs/px4_msgs/msg/detail/sensors_status_imu__functions.c\n'}
[9.618285] (px4_msgs) StdoutLine: {'line': b'-- Up-to-date: /home/em/ros_workspace_2025/nav_ws/install/px4_msgs/include/px4_msgs/px4_msgs/msg/detail/pps_capture__functions.h\n'}
[9.618313] (px4_msgs) StdoutLine: {'line': b'-- Up-to-date: /home/em/ros_workspace_2025/nav_ws/install/px4_msgs/include/px4_msgs/px4_msgs/msg/detail/debug_vect__struct.h\n'}
[9.618338] (px4_msgs) StdoutLine: {'line': b'-- Up-to-date: /home/em/ros_workspace_2025/nav_ws/install/px4_msgs/include/px4_msgs/px4_msgs/msg/detail/sensor_accel_fifo__functions.h\n'}
[9.618441] (px4_msgs) StdoutLine: {'line': b'-- Up-to-date: /home/em/ros_workspace_2025/nav_ws/install/px4_msgs/include/px4_msgs/px4_msgs/msg/detail/yaw_estimator_status__struct.h\n'}
[9.618467] (px4_msgs) StdoutLine: {'line': b'-- Up-to-date: /home/em/ros_workspace_2025/nav_ws/install/px4_msgs/include/px4_msgs/px4_msgs/msg/detail/debug_array__type_support.h\n'}
[9.618492] (px4_msgs) StdoutLine: {'line': b'-- Up-to-date: /home/em/ros_workspace_2025/nav_ws/install/px4_msgs/include/px4_msgs/px4_msgs/msg/detail/vehicle_odometry__functions.c\n'}
[9.618516] (px4_msgs) StdoutLine: {'line': b'-- Up-to-date: /home/em/ros_workspace_2025/nav_ws/install/px4_msgs/include/px4_msgs/px4_msgs/msg/detail/vehicle_optical_flow__functions.c\n'}
[9.618540] (px4_msgs) StdoutLine: {'line': b'-- Up-to-date: /home/em/ros_workspace_2025/nav_ws/install/px4_msgs/include/px4_msgs/px4_msgs/msg/detail/geofence_status__functions.h\n'}
[9.618564] (px4_msgs) StdoutLine: {'line': b'-- Up-to-date: /home/em/ros_workspace_2025/nav_ws/install/px4_msgs/include/px4_msgs/px4_msgs/msg/detail/vehicle_optical_flow_vel__type_support.h\n'}
[9.618594] (px4_msgs) StdoutLine: {'line': b'-- Up-to-date: /home/em/ros_workspace_2025/nav_ws/install/px4_msgs/include/px4_msgs/px4_msgs/msg/detail/vehicle_rates_setpoint__type_support.h\n'}
[9.618619] (px4_msgs) StdoutLine: {'line': b'-- Up-to-date: /home/em/ros_workspace_2025/nav_ws/install/px4_msgs/include/px4_msgs/px4_msgs/msg/detail/ping__functions.h\n'}
[9.618641] (px4_msgs) StdoutLine: {'line': b'-- Up-to-date: /home/em/ros_workspace_2025/nav_ws/install/px4_msgs/include/px4_msgs/px4_msgs/msg/detail/tune_control__type_support.h\n'}
[9.618680] (px4_msgs) StdoutLine: {'line': b'-- Up-to-date: /home/em/ros_workspace_2025/nav_ws/install/px4_msgs/include/px4_msgs/px4_msgs/msg/detail/sensor_gnss_relative__functions.h\n'}
[9.618703] (px4_msgs) StdoutLine: {'line': b'-- Up-to-date: /home/em/ros_workspace_2025/nav_ws/install/px4_msgs/include/px4_msgs/px4_msgs/msg/detail/failsafe_flags__functions.h\n'}
[9.618764] (px4_msgs) StdoutLine: {'line': b'-- Up-to-date: /home/em/ros_workspace_2025/nav_ws/install/px4_msgs/include/px4_msgs/px4_msgs/msg/detail/vehicle_angular_velocity__type_support.h\n'}
[9.618788] (px4_msgs) StdoutLine: {'line': b'-- Up-to-date: /home/em/ros_workspace_2025/nav_ws/install/px4_msgs/include/px4_msgs/px4_msgs/msg/detail/estimator_sensor_bias__struct.h\n'}
[9.618812] (px4_msgs) StdoutLine: {'line': b'-- Up-to-date: /home/em/ros_workspace_2025/nav_ws/install/px4_msgs/include/px4_msgs/px4_msgs/msg/detail/vtol_vehicle_status__type_support.h\n'}
[9.618834] (px4_msgs) StdoutLine: {'line': b'-- Up-to-date: /home/em/ros_workspace_2025/nav_ws/install/px4_msgs/include/px4_msgs/px4_msgs/msg/detail/navigator_mission_item__type_support.h\n'}
[9.618857] (px4_msgs) StdoutLine: {'line': b'-- Up-to-date: /home/em/ros_workspace_2025/nav_ws/install/px4_msgs/include/px4_msgs/px4_msgs/msg/detail/config_overrides__type_support.h\n'}
[9.618879] (px4_msgs) StdoutLine: {'line': b'-- Up-to-date: /home/em/ros_workspace_2025/nav_ws/install/px4_msgs/include/px4_msgs/px4_msgs/msg/detail/rate_ctrl_status__struct.h\n'}
[9.618903] (px4_msgs) StdoutLine: {'line': b'-- Up-to-date: /home/em/ros_workspace_2025/nav_ws/install/px4_msgs/include/px4_msgs/px4_msgs/msg/detail/telemetry_status__functions.h\n'}
[9.618991] (px4_msgs) StdoutLine: {'line': b'-- Up-to-date: /home/em/ros_workspace_2025/nav_ws/install/px4_msgs/include/px4_msgs/px4_msgs/msg/detail/vehicle_command__struct.h\n'}
[9.619017] (px4_msgs) StdoutLine: {'line': b'-- Up-to-date: /home/em/ros_workspace_2025/nav_ws/install/px4_msgs/include/px4_msgs/px4_msgs/msg/detail/navigator_status__struct.h\n'}
[9.619041] (px4_msgs) StdoutLine: {'line': b'-- Up-to-date: /home/em/ros_workspace_2025/nav_ws/install/px4_msgs/include/px4_msgs/px4_msgs/msg/detail/vehicle_acceleration__type_support.h\n'}
[9.619065] (px4_msgs) StdoutLine: {'line': b'-- Up-to-date: /home/em/ros_workspace_2025/nav_ws/install/px4_msgs/include/px4_msgs/px4_msgs/msg/detail/manual_control_switches__functions.c\n'}
[9.619088] (px4_msgs) StdoutLine: {'line': b'-- Up-to-date: /home/em/ros_workspace_2025/nav_ws/install/px4_msgs/include/px4_msgs/px4_msgs/msg/detail/mag_worker_data__functions.h\n'}
[9.619110] (px4_msgs) StdoutLine: {'line': b'-- Up-to-date: /home/em/ros_workspace_2025/nav_ws/install/px4_msgs/include/px4_msgs/px4_msgs/msg/detail/tecs_status__functions.h\n'}
[9.619132] (px4_msgs) StdoutLine: {'line': b'-- Up-to-date: /home/em/ros_workspace_2025/nav_ws/install/px4_msgs/include/px4_msgs/px4_msgs/msg/detail/gimbal_controls__type_support.h\n'}
[9.619153] (px4_msgs) StdoutLine: {'line': b'-- Up-to-date: /home/em/ros_workspace_2025/nav_ws/install/px4_msgs/include/px4_msgs/px4_msgs/msg/detail/irlock_report__functions.h\n'}
[9.619178] (px4_msgs) StdoutLine: {'line': b'-- Up-to-date: /home/em/ros_workspace_2025/nav_ws/install/px4_msgs/include/px4_msgs/px4_msgs/msg/detail/sensor_optical_flow__type_support.h\n'}
[9.619202] (px4_msgs) StdoutLine: {'line': b'-- Up-to-date: /home/em/ros_workspace_2025/nav_ws/install/px4_msgs/include/px4_msgs/px4_msgs/msg/detail/vehicle_imu__type_support.h\n'}
[9.619229] (px4_msgs) StdoutLine: {'line': b'-- Up-to-date: /home/em/ros_workspace_2025/nav_ws/install/px4_msgs/include/px4_msgs/px4_msgs/msg/detail/rover_differential_guidance_status__functions.h\n'}
[9.619254] (px4_msgs) StdoutLine: {'line': b'-- Up-to-date: /home/em/ros_workspace_2025/nav_ws/install/px4_msgs/include/px4_msgs/px4_msgs/msg/detail/can_interface_status__struct.h\n'}
[9.619286] (px4_msgs) StdoutLine: {'line': b'-- Up-to-date: /home/em/ros_workspace_2025/nav_ws/install/px4_msgs/include/px4_msgs/px4_msgs/msg/detail/obstacle_distance__type_support.h\n'}
[9.619316] (px4_msgs) StdoutLine: {'line': b'-- Up-to-date: /home/em/ros_workspace_2025/nav_ws/install/px4_msgs/include/px4_msgs/px4_msgs/msg/detail/offboard_control_mode__functions.c\n'}
[9.619380] (px4_msgs) StdoutLine: {'line': b'-- Up-to-date: /home/em/ros_workspace_2025/nav_ws/install/px4_msgs/include/px4_msgs/px4_msgs/msg/detail/manual_control_switches__struct.h\n'}
[9.619402] (px4_msgs) StdoutLine: {'line': b'-- Up-to-date: /home/em/ros_workspace_2025/nav_ws/install/px4_msgs/include/px4_msgs/px4_msgs/msg/detail/actuator_controls_status__type_support.h\n'}
[9.619424] (px4_msgs) StdoutLine: {'line': b'-- Up-to-date: /home/em/ros_workspace_2025/nav_ws/install/px4_msgs/include/px4_msgs/px4_msgs/msg/detail/debug_key_value__type_support.h\n'}
[9.619444] (px4_msgs) StdoutLine: {'line': b'-- Up-to-date: /home/em/ros_workspace_2025/nav_ws/install/px4_msgs/include/px4_msgs/px4_msgs/msg/detail/mag_worker_data__functions.c\n'}
[9.619466] (px4_msgs) StdoutLine: {'line': b'-- Up-to-date: /home/em/ros_workspace_2025/nav_ws/install/px4_msgs/include/px4_msgs/px4_msgs/msg/detail/vehicle_land_detected__functions.c\n'}
[9.619499] (px4_msgs) StdoutLine: {'line': b'-- Up-to-date: /home/em/ros_workspace_2025/nav_ws/install/px4_msgs/include/px4_msgs/px4_msgs/msg/detail/differential_pressure__type_support.h\n'}
[9.619520] (px4_msgs) StdoutLine: {'line': b'-- Up-to-date: /home/em/ros_workspace_2025/nav_ws/install/px4_msgs/include/px4_msgs/px4_msgs/msg/detail/transponder_report__functions.c\n'}
[9.619542] (px4_msgs) StdoutLine: {'line': b'-- Up-to-date: /home/em/ros_workspace_2025/nav_ws/install/px4_msgs/include/px4_msgs/px4_msgs/msg/detail/estimator_bias3d__type_support.h\n'}
[9.619563] (px4_msgs) StdoutLine: {'line': b'-- Up-to-date: /home/em/ros_workspace_2025/nav_ws/install/px4_msgs/include/px4_msgs/px4_msgs/msg/detail/mag_worker_data__struct.h\n'}
[9.619584] (px4_msgs) StdoutLine: {'line': b'-- Up-to-date: /home/em/ros_workspace_2025/nav_ws/install/px4_msgs/include/px4_msgs/px4_msgs/msg/detail/gps_inject_data__functions.c\n'}
[9.619606] (px4_msgs) StdoutLine: {'line': b'-- Up-to-date: /home/em/ros_workspace_2025/nav_ws/install/px4_msgs/include/px4_msgs/px4_msgs/msg/detail/mission__functions.c\n'}
[9.619676] (px4_msgs) StdoutLine: {'line': b'-- Up-to-date: /home/em/ros_workspace_2025/nav_ws/install/px4_msgs/include/px4_msgs/px4_msgs/msg/detail/estimator_gps_status__functions.c\n'}
[9.619711] (px4_msgs) StdoutLine: {'line': b'-- Up-to-date: /home/em/ros_workspace_2025/nav_ws/install/px4_msgs/include/px4_msgs/px4_msgs/msg/detail/timesync_status__functions.c\n'}
[9.619787] (px4_msgs) StdoutLine: {'line': b'-- Up-to-date: /home/em/ros_workspace_2025/nav_ws/install/px4_msgs/include/px4_msgs/px4_msgs/msg/detail/actuator_motors__functions.c\n'}
[9.619828] (px4_msgs) StdoutLine: {'line': b'-- Up-to-date: /home/em/ros_workspace_2025/nav_ws/install/px4_msgs/include/px4_msgs/px4_msgs/msg/detail/sensors_status__functions.c\n'}
[9.619865] (px4_msgs) StdoutLine: {'line': b'-- Up-to-date: /home/em/ros_workspace_2025/nav_ws/install/px4_msgs/include/px4_msgs/px4_msgs/msg/detail/rtl_status__type_support.h\n'}
[9.619913] (px4_msgs) StdoutLine: {'line': b'-- Up-to-date: /home/em/ros_workspace_2025/nav_ws/install/px4_msgs/include/px4_msgs/px4_msgs/msg/detail/vehicle_optical_flow__type_support.h\n'}
[9.619936] (px4_msgs) StdoutLine: {'line': b'-- Up-to-date: /home/em/ros_workspace_2025/nav_ws/install/px4_msgs/include/px4_msgs/px4_msgs/msg/detail/sensor_accel_fifo__functions.c\n'}
[9.619958] (px4_msgs) StdoutLine: {'line': b'-- Up-to-date: /home/em/ros_workspace_2025/nav_ws/install/px4_msgs/include/px4_msgs/px4_msgs/msg/detail/distance_sensor_mode_change_request__functions.c\n'}
[9.619979] (px4_msgs) StdoutLine: {'line': b'-- Up-to-date: /home/em/ros_workspace_2025/nav_ws/install/px4_msgs/include/px4_msgs/px4_msgs/msg/detail/vehicle_control_mode__struct.h\n'}
[9.620000] (px4_msgs) StdoutLine: {'line': b'-- Up-to-date: /home/em/ros_workspace_2025/nav_ws/install/px4_msgs/include/px4_msgs/px4_msgs/msg/detail/follow_target_estimator__functions.h\n'}
[9.620023] (px4_msgs) StdoutLine: {'line': b'-- Up-to-date: /home/em/ros_workspace_2025/nav_ws/install/px4_msgs/include/px4_msgs/px4_msgs/msg/detail/collision_constraints__struct.h\n'}
[9.620045] (px4_msgs) StdoutLine: {'line': b'-- Up-to-date: /home/em/ros_workspace_2025/nav_ws/install/px4_msgs/include/px4_msgs/px4_msgs/msg/detail/buffer128__functions.c\n'}
[9.620068] (px4_msgs) StdoutLine: {'line': b'-- Up-to-date: /home/em/ros_workspace_2025/nav_ws/install/px4_msgs/include/px4_msgs/px4_msgs/msg/detail/gimbal_device_set_attitude__functions.h\n'}
[9.620090] (px4_msgs) StdoutLine: {'line': b'-- Up-to-date: /home/em/ros_workspace_2025/nav_ws/install/px4_msgs/include/px4_msgs/px4_msgs/msg/detail/home_position__functions.c\n'}
[9.620120] (px4_msgs) StdoutLine: {'line': b'-- Up-to-date: /home/em/ros_workspace_2025/nav_ws/install/px4_msgs/include/px4_msgs/px4_msgs/msg/detail/rpm__struct.h\n'}
[9.620143] (px4_msgs) StdoutLine: {'line': b'-- Up-to-date: /home/em/ros_workspace_2025/nav_ws/install/px4_msgs/include/px4_msgs/px4_msgs/msg/detail/orb_test__functions.h\n'}
[9.620166] (px4_msgs) StdoutLine: {'line': b'-- Up-to-date: /home/em/ros_workspace_2025/nav_ws/install/px4_msgs/include/px4_msgs/px4_msgs/msg/detail/gimbal_device_set_attitude__functions.c\n'}
[9.620218] (px4_msgs) StdoutLine: {'line': b'-- Up-to-date: /home/em/ros_workspace_2025/nav_ws/install/px4_msgs/include/px4_msgs/px4_msgs/msg/detail/position_setpoint__struct.h\n'}
[9.620241] (px4_msgs) StdoutLine: {'line': b'-- Up-to-date: /home/em/ros_workspace_2025/nav_ws/install/px4_msgs/include/px4_msgs/px4_msgs/msg/detail/sensor_preflight_mag__struct.h\n'}
[9.620262] (px4_msgs) StdoutLine: {'line': b'-- Up-to-date: /home/em/ros_workspace_2025/nav_ws/install/px4_msgs/include/px4_msgs/px4_msgs/msg/detail/distance_sensor_mode_change_request__type_support.h\n'}
[9.620307] (px4_msgs) StdoutLine: {'line': b'-- Up-to-date: /home/em/ros_workspace_2025/nav_ws/install/px4_msgs/include/px4_msgs/px4_msgs/msg/detail/sensor_hygrometer__type_support.h\n'}
[9.620337] (px4_msgs) StdoutLine: {'line': b'-- Up-to-date: /home/em/ros_workspace_2025/nav_ws/install/px4_msgs/include/px4_msgs/px4_msgs/msg/detail/mavlink_log__type_support.h\n'}
[9.620360] (px4_msgs) StdoutLine: {'line': b'-- Up-to-date: /home/em/ros_workspace_2025/nav_ws/install/px4_msgs/include/px4_msgs/px4_msgs/msg/detail/mavlink_tunnel__functions.h\n'}
[9.620383] (px4_msgs) StdoutLine: {'line': b'-- Up-to-date: /home/em/ros_workspace_2025/nav_ws/install/px4_msgs/include/px4_msgs/px4_msgs/msg/detail/fuel_tank_status__type_support.h\n'}
[9.620424] (px4_msgs) StdoutLine: {'line': b'-- Up-to-date: /home/em/ros_workspace_2025/nav_ws/install/px4_msgs/include/px4_msgs/px4_msgs/msg/detail/vehicle_optical_flow__functions.h\n'}
[9.620449] (px4_msgs) StdoutLine: {'line': b'-- Up-to-date: /home/em/ros_workspace_2025/nav_ws/install/px4_msgs/include/px4_msgs/px4_msgs/msg/detail/hover_thrust_estimate__functions.h\n'}
[9.620472] (px4_msgs) StdoutLine: {'line': b'-- Up-to-date: /home/em/ros_workspace_2025/nav_ws/install/px4_msgs/include/px4_msgs/px4_msgs/msg/detail/vehicle_odometry__functions.h\n'}
[9.620495] (px4_msgs) StdoutLine: {'line': b'-- Up-to-date: /home/em/ros_workspace_2025/nav_ws/install/px4_msgs/include/px4_msgs/px4_msgs/msg/detail/orbit_status__type_support.h\n'}
[9.620518] (px4_msgs) StdoutLine: {'line': b'-- Up-to-date: /home/em/ros_workspace_2025/nav_ws/install/px4_msgs/include/px4_msgs/px4_msgs/msg/detail/estimator_states__functions.c\n'}
[9.620542] (px4_msgs) StdoutLine: {'line': b'-- Up-to-date: /home/em/ros_workspace_2025/nav_ws/install/px4_msgs/include/px4_msgs/px4_msgs/msg/detail/sensors_status__struct.h\n'}
[9.620565] (px4_msgs) StdoutLine: {'line': b'-- Up-to-date: /home/em/ros_workspace_2025/nav_ws/install/px4_msgs/include/px4_msgs/px4_msgs/msg/detail/estimator_innovations__functions.h\n'}
[9.620588] (px4_msgs) StdoutLine: {'line': b'-- Up-to-date: /home/em/ros_workspace_2025/nav_ws/install/px4_msgs/include/px4_msgs/px4_msgs/msg/detail/vehicle_acceleration__functions.c\n'}
[9.620613] (px4_msgs) StdoutLine: {'line': b'-- Up-to-date: /home/em/ros_workspace_2025/nav_ws/install/px4_msgs/include/px4_msgs/px4_msgs/msg/detail/action_request__functions.c\n'}
[9.620634] (px4_msgs) StdoutLine: {'line': b'-- Up-to-date: /home/em/ros_workspace_2025/nav_ws/install/px4_msgs/include/px4_msgs/px4_msgs/msg/detail/vehicle_angular_acceleration_setpoint__functions.c\n'}
[9.620656] (px4_msgs) StdoutLine: {'line': b'-- Up-to-date: /home/em/ros_workspace_2025/nav_ws/install/px4_msgs/include/px4_msgs/px4_msgs/msg/detail/irlock_report__functions.c\n'}
[9.620723] (px4_msgs) StdoutLine: {'line': b'-- Up-to-date: /home/em/ros_workspace_2025/nav_ws/install/px4_msgs/include/px4_msgs/px4_msgs/msg/detail/register_ext_component_reply__type_support.h\n'}
[9.620748] (px4_msgs) StdoutLine: {'line': b'-- Up-to-date: /home/em/ros_workspace_2025/nav_ws/install/px4_msgs/include/px4_msgs/px4_msgs/msg/detail/vehicle_attitude_setpoint__functions.c\n'}
[9.620771] (px4_msgs) StdoutLine: {'line': b'-- Up-to-date: /home/em/ros_workspace_2025/nav_ws/install/px4_msgs/include/px4_msgs/px4_msgs/msg/detail/takeoff_status__type_support.h\n'}
[9.620795] (px4_msgs) StdoutLine: {'line': b'-- Up-to-date: /home/em/ros_workspace_2025/nav_ws/install/px4_msgs/include/px4_msgs/px4_msgs/msg/detail/estimator_aid_source1d__functions.h\n'}
[9.620817] (px4_msgs) StdoutLine: {'line': b'-- Up-to-date: /home/em/ros_workspace_2025/nav_ws/install/px4_msgs/include/px4_msgs/px4_msgs/msg/detail/rtl_time_estimate__struct.h\n'}
[9.620839] (px4_msgs) StdoutLine: {'line': b'-- Up-to-date: /home/em/ros_workspace_2025/nav_ws/install/px4_msgs/include/px4_msgs/px4_msgs/msg/detail/actuator_motors__type_support.h\n'}
[9.620862] (px4_msgs) StdoutLine: {'line': b'-- Up-to-date: /home/em/ros_workspace_2025/nav_ws/install/px4_msgs/include/px4_msgs/px4_msgs/msg/detail/estimator_event_flags__functions.c\n'}
[9.620884] (px4_msgs) StdoutLine: {'line': b'-- Up-to-date: /home/em/ros_workspace_2025/nav_ws/install/px4_msgs/include/px4_msgs/px4_msgs/msg/detail/orb_test__struct.h\n'}
[9.620907] (px4_msgs) StdoutLine: {'line': b'-- Up-to-date: /home/em/ros_workspace_2025/nav_ws/install/px4_msgs/include/px4_msgs/px4_msgs/msg/detail/vehicle_optical_flow_vel__functions.h\n'}
[9.620930] (px4_msgs) StdoutLine: {'line': b'-- Up-to-date: /home/em/ros_workspace_2025/nav_ws/install/px4_msgs/include/px4_msgs/px4_msgs/msg/detail/power_monitor__functions.h\n'}
[9.620960] (px4_msgs) StdoutLine: {'line': b'-- Up-to-date: /home/em/ros_workspace_2025/nav_ws/install/px4_msgs/include/px4_msgs/px4_msgs/msg/detail/sensor_uwb__functions.c\n'}
[9.621022] (px4_msgs) StdoutLine: {'line': b'-- Up-to-date: /home/em/ros_workspace_2025/nav_ws/install/px4_msgs/include/px4_msgs/px4_msgs/msg/detail/distance_sensor__functions.c\n'}
[9.621047] (px4_msgs) StdoutLine: {'line': b'-- Up-to-date: /home/em/ros_workspace_2025/nav_ws/install/px4_msgs/include/px4_msgs/px4_msgs/msg/detail/pwm_input__type_support.h\n'}
[9.621070] (px4_msgs) StdoutLine: {'line': b'-- Up-to-date: /home/em/ros_workspace_2025/nav_ws/install/px4_msgs/include/px4_msgs/px4_msgs/msg/detail/ulog_stream__struct.h\n'}
[9.621092] (px4_msgs) StdoutLine: {'line': b'-- Up-to-date: /home/em/ros_workspace_2025/nav_ws/install/px4_msgs/include/px4_msgs/px4_msgs/msg/detail/sensor_gyro_fifo__functions.c\n'}
[9.621114] (px4_msgs) StdoutLine: {'line': b'-- Up-to-date: /home/em/ros_workspace_2025/nav_ws/install/px4_msgs/include/px4_msgs/px4_msgs/msg/detail/mode_completed__struct.h\n'}
[9.621135] (px4_msgs) StdoutLine: {'line': b'-- Up-to-date: /home/em/ros_workspace_2025/nav_ws/install/px4_msgs/include/px4_msgs/px4_msgs/msg/detail/tune_control__functions.c\n'}
[9.621160] (px4_msgs) StdoutLine: {'line': b'-- Up-to-date: /home/em/ros_workspace_2025/nav_ws/install/px4_msgs/include/px4_msgs/px4_msgs/msg/detail/irlock_report__struct.h\n'}
[9.621183] (px4_msgs) StdoutLine: {'line': b'-- Up-to-date: /home/em/ros_workspace_2025/nav_ws/install/px4_msgs/include/px4_msgs/px4_msgs/msg/detail/vehicle_thrust_setpoint__functions.h\n'}
[9.621207] (px4_msgs) StdoutLine: {'line': b'-- Up-to-date: /home/em/ros_workspace_2025/nav_ws/install/px4_msgs/include/px4_msgs/px4_msgs/msg/detail/wheel_encoders__functions.h\n'}
[9.621229] (px4_msgs) StdoutLine: {'line': b'-- Up-to-date: /home/em/ros_workspace_2025/nav_ws/install/px4_msgs/include/px4_msgs/px4_msgs/msg/detail/estimator_aid_source2d__functions.h\n'}
[9.621252] (px4_msgs) StdoutLine: {'line': b'-- Up-to-date: /home/em/ros_workspace_2025/nav_ws/install/px4_msgs/include/px4_msgs/px4_msgs/msg/detail/rover_differential_guidance_status__struct.h\n'}
[9.621275] (px4_msgs) StdoutLine: {'line': b'-- Up-to-date: /home/em/ros_workspace_2025/nav_ws/install/px4_msgs/include/px4_msgs/px4_msgs/msg/detail/follow_target_estimator__type_support.h\n'}
[9.621303] (px4_msgs) StdoutLine: {'line': b'-- Up-to-date: /home/em/ros_workspace_2025/nav_ws/install/px4_msgs/include/px4_msgs/px4_msgs/msg/detail/rtl_status__struct.h\n'}
[9.621326] (px4_msgs) StdoutLine: {'line': b'-- Up-to-date: /home/em/ros_workspace_2025/nav_ws/install/px4_msgs/include/px4_msgs/px4_msgs/msg/detail/landing_target_innovations__type_support.h\n'}
[9.621348] (px4_msgs) StdoutLine: {'line': b'-- Up-to-date: /home/em/ros_workspace_2025/nav_ws/install/px4_msgs/include/px4_msgs/px4_msgs/msg/detail/home_position__type_support.h\n'}
[9.621371] (px4_msgs) StdoutLine: {'line': b'-- Up-to-date: /home/em/ros_workspace_2025/nav_ws/install/px4_msgs/include/px4_msgs/px4_msgs/msg/detail/estimator_status__functions.h\n'}
[9.621401] (px4_msgs) StdoutLine: {'line': b'-- Up-to-date: /home/em/ros_workspace_2025/nav_ws/install/px4_msgs/include/px4_msgs/px4_msgs/msg/detail/message_format_request__functions.h\n'}
[9.621428] (px4_msgs) StdoutLine: {'line': b'-- Up-to-date: /home/em/ros_workspace_2025/nav_ws/install/px4_msgs/include/px4_msgs/px4_msgs/msg/detail/failsafe_flags__struct.h\n'}
[9.621451] (px4_msgs) StdoutLine: {'line': b'-- Up-to-date: /home/em/ros_workspace_2025/nav_ws/install/px4_msgs/include/px4_msgs/px4_msgs/msg/detail/open_drone_id_operator_id__functions.c\n'}
[9.621528] (px4_msgs) StdoutLine: {'line': b'-- Up-to-date: /home/em/ros_workspace_2025/nav_ws/install/px4_msgs/include/px4_msgs/px4_msgs/msg/detail/sensor_gyro_fifo__type_support.h\n'}
[9.621552] (px4_msgs) StdoutLine: {'line': b'-- Up-to-date: /home/em/ros_workspace_2025/nav_ws/install/px4_msgs/include/px4_msgs/px4_msgs/msg/detail/satellite_info__type_support.h\n'}
[9.621575] (px4_msgs) StdoutLine: {'line': b'-- Up-to-date: /home/em/ros_workspace_2025/nav_ws/install/px4_msgs/include/px4_msgs/px4_msgs/msg/detail/actuator_servos__struct.h\n'}
[9.621616] (px4_msgs) StdoutLine: {'line': b'-- Up-to-date: /home/em/ros_workspace_2025/nav_ws/install/px4_msgs/include/px4_msgs/px4_msgs/msg/detail/mode_completed__functions.c\n'}
[9.621641] (px4_msgs) StdoutLine: {'line': b'-- Up-to-date: /home/em/ros_workspace_2025/nav_ws/install/px4_msgs/include/px4_msgs/px4_msgs/msg/detail/sensor_preflight_mag__type_support.h\n'}
[9.621663] (px4_msgs) StdoutLine: {'line': b'-- Up-to-date: /home/em/ros_workspace_2025/nav_ws/install/px4_msgs/include/px4_msgs/px4_msgs/msg/detail/gimbal_device_attitude_status__struct.h\n'}
[9.621685] (px4_msgs) StdoutLine: {'line': b'-- Up-to-date: /home/em/ros_workspace_2025/nav_ws/install/px4_msgs/include/px4_msgs/px4_msgs/msg/detail/ulog_stream__functions.c\n'}
[9.621707] (px4_msgs) StdoutLine: {'line': b'-- Up-to-date: /home/em/ros_workspace_2025/nav_ws/install/px4_msgs/include/px4_msgs/px4_msgs/msg/detail/message_format_response__type_support.h\n'}
[9.621728] (px4_msgs) StdoutLine: {'line': b'-- Up-to-date: /home/em/ros_workspace_2025/nav_ws/install/px4_msgs/include/px4_msgs/px4_msgs/msg/detail/landing_target_innovations__struct.h\n'}
[9.621757] (px4_msgs) StdoutLine: {'line': b'-- Up-to-date: /home/em/ros_workspace_2025/nav_ws/install/px4_msgs/include/px4_msgs/px4_msgs/msg/detail/orbit_status__functions.c\n'}
[9.621779] (px4_msgs) StdoutLine: {'line': b'-- Up-to-date: /home/em/ros_workspace_2025/nav_ws/install/px4_msgs/include/px4_msgs/px4_msgs/msg/detail/vehicle_torque_setpoint__functions.h\n'}
[9.621800] (px4_msgs) StdoutLine: {'line': b'-- Up-to-date: /home/em/ros_workspace_2025/nav_ws/install/px4_msgs/include/px4_msgs/px4_msgs/msg/detail/tiltrotor_extra_controls__functions.h\n'}
[9.621822] (px4_msgs) StdoutLine: {'line': b'-- Up-to-date: /home/em/ros_workspace_2025/nav_ws/install/px4_msgs/include/px4_msgs/px4_msgs/msg/detail/input_rc__functions.c\n'}
[9.621861] (px4_msgs) StdoutLine: {'line': b'-- Up-to-date: /home/em/ros_workspace_2025/nav_ws/install/px4_msgs/include/px4_msgs/px4_msgs/msg/detail/open_drone_id_self_id__functions.h\n'}
[9.621883] (px4_msgs) StdoutLine: {'line': b'-- Up-to-date: /home/em/ros_workspace_2025/nav_ws/install/px4_msgs/include/px4_msgs/px4_msgs/msg/detail/can_interface_status__functions.h\n'}
[9.621904] (px4_msgs) StdoutLine: {'line': b'-- Up-to-date: /home/em/ros_workspace_2025/nav_ws/install/px4_msgs/include/px4_msgs/px4_msgs/msg/detail/parameter_set_used_request__functions.c\n'}
[9.621925] (px4_msgs) StdoutLine: {'line': b'-- Up-to-date: /home/em/ros_workspace_2025/nav_ws/install/px4_msgs/include/px4_msgs/px4_msgs/msg/detail/trajectory_bezier__functions.c\n'}
[9.621947] (px4_msgs) StdoutLine: {'line': b'-- Up-to-date: /home/em/ros_workspace_2025/nav_ws/install/px4_msgs/include/px4_msgs/px4_msgs/msg/detail/led_control__type_support.h\n'}
[9.621969] (px4_msgs) StdoutLine: {'line': b'-- Up-to-date: /home/em/ros_workspace_2025/nav_ws/install/px4_msgs/include/px4_msgs/px4_msgs/msg/detail/vehicle_roi__struct.h\n'}
[9.621990] (px4_msgs) StdoutLine: {'line': b'-- Up-to-date: /home/em/ros_workspace_2025/nav_ws/install/px4_msgs/include/px4_msgs/px4_msgs/msg/detail/log_message__functions.c\n'}
[9.622012] (px4_msgs) StdoutLine: {'line': b'-- Up-to-date: /home/em/ros_workspace_2025/nav_ws/install/px4_msgs/include/px4_msgs/px4_msgs/msg/detail/rover_mecanum_guidance_status__struct.h\n'}
[9.622033] (px4_msgs) StdoutLine: {'line': b'-- Up-to-date: /home/em/ros_workspace_2025/nav_ws/install/px4_msgs/include/px4_msgs/px4_msgs/msg/detail/gripper__type_support.h\n'}
[9.622055] (px4_msgs) StdoutLine: {'line': b'-- Up-to-date: /home/em/ros_workspace_2025/nav_ws/install/px4_msgs/include/px4_msgs/px4_msgs/msg/detail/failure_detector_status__type_support.h\n'}
[9.622078] (px4_msgs) StdoutLine: {'line': b'-- Up-to-date: /home/em/ros_workspace_2025/nav_ws/install/px4_msgs/include/px4_msgs/px4_msgs/msg/detail/actuator_outputs__functions.c\n'}
[9.622100] (px4_msgs) StdoutLine: {'line': b'-- Up-to-date: /home/em/ros_workspace_2025/nav_ws/install/px4_msgs/include/px4_msgs/px4_msgs/msg/detail/dataman_response__functions.h\n'}
[9.622138] (px4_msgs) StdoutLine: {'line': b'-- Up-to-date: /home/em/ros_workspace_2025/nav_ws/install/px4_msgs/include/px4_msgs/px4_msgs/msg/detail/vehicle_land_detected__struct.h\n'}
[9.622161] (px4_msgs) StdoutLine: {'line': b'-- Up-to-date: /home/em/ros_workspace_2025/nav_ws/install/px4_msgs/include/px4_msgs/px4_msgs/msg/detail/orbit_status__struct.h\n'}
[9.622188] (px4_msgs) StdoutLine: {'line': b'-- Up-to-date: /home/em/ros_workspace_2025/nav_ws/install/px4_msgs/include/px4_msgs/px4_msgs/msg/detail/pwm_input__functions.c\n'}
[9.622220] (px4_msgs) StdoutLine: {'line': b'-- Up-to-date: /home/em/ros_workspace_2025/nav_ws/install/px4_msgs/include/px4_msgs/px4_msgs/msg/detail/estimator_selector_status__functions.h\n'}
[9.622282] (px4_msgs) StdoutLine: {'line': b'-- Up-to-date: /home/em/ros_workspace_2025/nav_ws/install/px4_msgs/include/px4_msgs/px4_msgs/msg/detail/trajectory_waypoint__functions.h\n'}
[9.622409] (px4_msgs) StdoutLine: {'line': b'-- Up-to-date: /home/em/ros_workspace_2025/nav_ws/install/px4_msgs/include/px4_msgs/px4_msgs/msg/detail/gimbal_manager_set_manual_control__type_support.h\n'}
[9.622444] (px4_msgs) StdoutLine: {'line': b'-- Up-to-date: /home/em/ros_workspace_2025/nav_ws/install/px4_msgs/include/px4_msgs/px4_msgs/msg/detail/airspeed_validated__struct.h\n'}
[9.622475] (px4_msgs) StdoutLine: {'line': b'-- Up-to-date: /home/em/ros_workspace_2025/nav_ws/install/px4_msgs/include/px4_msgs/px4_msgs/msg/detail/geofence_status__functions.c\n'}
[9.622506] (px4_msgs) StdoutLine: {'line': b'-- Up-to-date: /home/em/ros_workspace_2025/nav_ws/install/px4_msgs/include/px4_msgs/px4_msgs/msg/detail/estimator_innovations__struct.h\n'}
[9.622535] (px4_msgs) StdoutLine: {'line': b'-- Up-to-date: /home/em/ros_workspace_2025/nav_ws/install/px4_msgs/include/px4_msgs/px4_msgs/msg/detail/iridiumsbd_status__type_support.h\n'}
[9.622564] (px4_msgs) StdoutLine: {'line': b'-- Up-to-date: /home/em/ros_workspace_2025/nav_ws/install/px4_msgs/include/px4_msgs/px4_msgs/msg/detail/estimator_selector_status__struct.h\n'}
[9.622593] (px4_msgs) StdoutLine: {'line': b'-- Up-to-date: /home/em/ros_workspace_2025/nav_ws/install/px4_msgs/include/px4_msgs/px4_msgs/msg/detail/estimator_aid_source2d__struct.h\n'}
[9.622630] (px4_msgs) StdoutLine: {'line': b'-- Up-to-date: /home/em/ros_workspace_2025/nav_ws/install/px4_msgs/include/px4_msgs/px4_msgs/msg/detail/gimbal_manager_set_attitude__struct.h\n'}
[9.622663] (px4_msgs) StdoutLine: {'line': b'-- Up-to-date: /home/em/ros_workspace_2025/nav_ws/install/px4_msgs/include/px4_msgs/px4_msgs/msg/detail/vehicle_rates_setpoint__functions.h\n'}
[9.622690] (px4_msgs) StdoutLine: {'line': b'-- Up-to-date: /home/em/ros_workspace_2025/nav_ws/install/px4_msgs/include/px4_msgs/px4_msgs/msg/detail/orb_test__type_support.h\n'}
[9.622718] (px4_msgs) StdoutLine: {'line': b'-- Up-to-date: /home/em/ros_workspace_2025/nav_ws/install/px4_msgs/include/px4_msgs/px4_msgs/msg/detail/adc_report__struct.h\n'}
[9.622747] (px4_msgs) StdoutLine: {'line': b'-- Up-to-date: /home/em/ros_workspace_2025/nav_ws/install/px4_msgs/include/px4_msgs/px4_msgs/msg/detail/gpio_in__struct.h\n'}
[9.622776] (px4_msgs) StdoutLine: {'line': b'-- Up-to-date: /home/em/ros_workspace_2025/nav_ws/install/px4_msgs/include/px4_msgs/px4_msgs/msg/detail/qshell_req__functions.c\n'}
[9.622805] (px4_msgs) StdoutLine: {'line': b'-- Up-to-date: /home/em/ros_workspace_2025/nav_ws/install/px4_msgs/include/px4_msgs/px4_msgs/msg/detail/obstacle_distance__struct.h\n'}
[9.622834] (px4_msgs) StdoutLine: {'line': b'-- Up-to-date: /home/em/ros_workspace_2025/nav_ws/install/px4_msgs/include/px4_msgs/px4_msgs/msg/detail/vtol_vehicle_status__functions.c\n'}
[9.622887] (px4_msgs) StdoutLine: {'line': b'-- Up-to-date: /home/em/ros_workspace_2025/nav_ws/install/px4_msgs/include/px4_msgs/px4_msgs/msg/detail/camera_status__functions.h\n'}
[9.622918] (px4_msgs) StdoutLine: {'line': b'-- Up-to-date: /home/em/ros_workspace_2025/nav_ws/install/px4_msgs/include/px4_msgs/px4_msgs/msg/detail/yaw_estimator_status__functions.c\n'}
[9.622947] (px4_msgs) StdoutLine: {'line': b'-- Up-to-date: /home/em/ros_workspace_2025/nav_ws/install/px4_msgs/include/px4_msgs/px4_msgs/msg/detail/position_setpoint__functions.c\n'}
[9.623006] (px4_msgs) StdoutLine: {'line': b'-- Up-to-date: /home/em/ros_workspace_2025/nav_ws/install/px4_msgs/include/px4_msgs/px4_msgs/msg/detail/distance_sensor_mode_change_request__functions.h\n'}
[9.623040] (px4_msgs) StdoutLine: {'line': b'-- Up-to-date: /home/em/ros_workspace_2025/nav_ws/install/px4_msgs/include/px4_msgs/px4_msgs/msg/detail/onboard_computer_status__struct.h\n'}
[9.623070] (px4_msgs) StdoutLine: {'line': b'-- Up-to-date: /home/em/ros_workspace_2025/nav_ws/install/px4_msgs/include/px4_msgs/px4_msgs/msg/detail/gimbal_manager_information__struct.h\n'}
[9.623099] (px4_msgs) StdoutLine: {'line': b'-- Up-to-date: /home/em/ros_workspace_2025/nav_ws/install/px4_msgs/include/px4_msgs/px4_msgs/msg/detail/vehicle_rates_setpoint__functions.c\n'}
[9.623128] (px4_msgs) StdoutLine: {'line': b'-- Up-to-date: /home/em/ros_workspace_2025/nav_ws/install/px4_msgs/include/px4_msgs/px4_msgs/msg/detail/actuator_armed__struct.h\n'}
[9.623155] (px4_msgs) StdoutLine: {'line': b'-- Up-to-date: /home/em/ros_workspace_2025/nav_ws/install/px4_msgs/include/px4_msgs/px4_msgs/msg/detail/vehicle_trajectory_waypoint__functions.c\n'}
[9.623182] (px4_msgs) StdoutLine: {'line': b'-- Up-to-date: /home/em/ros_workspace_2025/nav_ws/install/px4_msgs/include/px4_msgs/px4_msgs/msg/detail/qshell_req__struct.h\n'}
[9.623209] (px4_msgs) StdoutLine: {'line': b'-- Up-to-date: /home/em/ros_workspace_2025/nav_ws/install/px4_msgs/include/px4_msgs/px4_msgs/msg/detail/gimbal_manager_status__struct.h\n'}
[9.623237] (px4_msgs) StdoutLine: {'line': b'-- Up-to-date: /home/em/ros_workspace_2025/nav_ws/install/px4_msgs/include/px4_msgs/px4_msgs/msg/detail/pwm_input__struct.h\n'}
[9.623264] (px4_msgs) StdoutLine: {'line': b'-- Up-to-date: /home/em/ros_workspace_2025/nav_ws/install/px4_msgs/include/px4_msgs/px4_msgs/msg/vehicle_land_detected.h\n'}
[9.623296] (px4_msgs) StdoutLine: {'line': b'-- Up-to-date: /home/em/ros_workspace_2025/nav_ws/install/px4_msgs/include/px4_msgs/px4_msgs/msg/sensor_mag.h\n'}
[9.623325] (px4_msgs) StdoutLine: {'line': b'-- Up-to-date: /home/em/ros_workspace_2025/nav_ws/install/px4_msgs/include/px4_msgs/px4_msgs/msg/follow_target_status.h\n'}
[9.623363] (px4_msgs) StdoutLine: {'line': b'-- Up-to-date: /home/em/ros_workspace_2025/nav_ws/install/px4_msgs/include/px4_msgs/px4_msgs/msg/power_button_state.h\n'}
[9.623472] (px4_msgs) StdoutLine: {'line': b'-- Up-to-date: /home/em/ros_workspace_2025/nav_ws/install/px4_msgs/include/px4_msgs/px4_msgs/msg/orbit_status.h\n'}
[9.623509] (px4_msgs) StdoutLine: {'line': b'-- Up-to-date: /home/em/ros_workspace_2025/nav_ws/install/px4_msgs/include/px4_msgs/px4_msgs/msg/landing_target_innovations.h\n'}
[9.623540] (px4_msgs) StdoutLine: {'line': b'-- Up-to-date: /home/em/ros_workspace_2025/nav_ws/install/px4_msgs/include/px4_msgs/px4_msgs/msg/tiltrotor_extra_controls.h\n'}
[9.623572] (px4_msgs) StdoutLine: {'line': b'-- Up-to-date: /home/em/ros_workspace_2025/nav_ws/install/px4_msgs/include/px4_msgs/px4_msgs/msg/vehicle_roi.h\n'}
[9.623602] (px4_msgs) StdoutLine: {'line': b'-- Up-to-date: /home/em/ros_workspace_2025/nav_ws/install/px4_msgs/include/px4_msgs/px4_msgs/msg/sensor_gyro_fifo.h\n'}
[9.623637] (px4_msgs) StdoutLine: {'line': b'-- Up-to-date: /home/em/ros_workspace_2025/nav_ws/install/px4_msgs/include/px4_msgs/px4_msgs/msg/task_stack_info.h\n'}
[9.623671] (px4_msgs) StdoutLine: {'line': b'-- Up-to-date: /home/em/ros_workspace_2025/nav_ws/install/px4_msgs/include/px4_msgs/px4_msgs/msg/arming_check_request.h\n'}
[9.623717] (px4_msgs) StdoutLine: {'line': b'-- Up-to-date: /home/em/ros_workspace_2025/nav_ws/install/px4_msgs/include/px4_msgs/px4_msgs/msg/manual_control_switches.h\n'}
[9.623752] (px4_msgs) StdoutLine: {'line': b'-- Up-to-date: /home/em/ros_workspace_2025/nav_ws/install/px4_msgs/include/px4_msgs/px4_msgs/msg/failure_detector_status.h\n'}
[9.623785] (px4_msgs) StdoutLine: {'line': b'-- Up-to-date: /home/em/ros_workspace_2025/nav_ws/install/px4_msgs/include/px4_msgs/px4_msgs/msg/qshell_req.h\n'}
[9.623831] (px4_msgs) StdoutLine: {'line': b'-- Up-to-date: /home/em/ros_workspace_2025/nav_ws/install/px4_msgs/include/px4_msgs/px4_msgs/msg/sensor_gyro_fft.h\n'}
[9.623862] (px4_msgs) StdoutLine: {'line': b'-- Up-to-date: /home/em/ros_workspace_2025/nav_ws/install/px4_msgs/include/px4_msgs/px4_msgs/msg/gimbal_device_information.h\n'}
[9.623887] (px4_msgs) StdoutLine: {'line': b'-- Up-to-date: /home/em/ros_workspace_2025/nav_ws/install/px4_msgs/include/px4_msgs/px4_msgs/msg/rover_differential_guidance_status.h\n'}
[9.623910] (px4_msgs) StdoutLine: {'line': b'-- Up-to-date: /home/em/ros_workspace_2025/nav_ws/install/px4_msgs/share/px4_msgs/environment/library_path.sh\n'}
[9.623934] (px4_msgs) StdoutLine: {'line': b'-- Up-to-date: /home/em/ros_workspace_2025/nav_ws/install/px4_msgs/share/px4_msgs/environment/library_path.dsv\n'}
[9.623958] (px4_msgs) StdoutLine: {'line': b'-- Up-to-date: /home/em/ros_workspace_2025/nav_ws/install/px4_msgs/lib/libpx4_msgs__rosidl_generator_c.so\n'}
[9.624012] (px4_msgs) StdoutLine: {'line': b'-- Up-to-date: /home/em/ros_workspace_2025/nav_ws/install/px4_msgs/include/px4_msgs/px4_msgs\n'}
[9.624039] (px4_msgs) StdoutLine: {'line': b'-- Up-to-date: /home/em/ros_workspace_2025/nav_ws/install/px4_msgs/include/px4_msgs/px4_msgs/srv\n'}
[9.624063] (px4_msgs) StdoutLine: {'line': b'-- Up-to-date: /home/em/ros_workspace_2025/nav_ws/install/px4_msgs/include/px4_msgs/px4_msgs/srv/detail\n'}
[9.624086] (px4_msgs) StdoutLine: {'line': b'-- Up-to-date: /home/em/ros_workspace_2025/nav_ws/install/px4_msgs/include/px4_msgs/px4_msgs/srv/detail/vehicle_command__rosidl_typesupport_fastrtps_c.h\n'}
[9.624110] (px4_msgs) StdoutLine: {'line': b'-- Up-to-date: /home/em/ros_workspace_2025/nav_ws/install/px4_msgs/include/px4_msgs/px4_msgs/msg\n'}
[9.624133] (px4_msgs) StdoutLine: {'line': b'-- Up-to-date: /home/em/ros_workspace_2025/nav_ws/install/px4_msgs/include/px4_msgs/px4_msgs/msg/rosidl_typesupport_fastrtps_c__visibility_control.h\n'}
[9.624156] (px4_msgs) StdoutLine: {'line': b'-- Up-to-date: /home/em/ros_workspace_2025/nav_ws/install/px4_msgs/include/px4_msgs/px4_msgs/msg/detail\n'}
[9.624179] (px4_msgs) StdoutLine: {'line': b'-- Up-to-date: /home/em/ros_workspace_2025/nav_ws/install/px4_msgs/include/px4_msgs/px4_msgs/msg/detail/estimator_selector_status__rosidl_typesupport_fastrtps_c.h\n'}
[9.624204] (px4_msgs) StdoutLine: {'line': b'-- Up-to-date: /home/em/ros_workspace_2025/nav_ws/install/px4_msgs/include/px4_msgs/px4_msgs/msg/detail/actuator_motors__rosidl_typesupport_fastrtps_c.h\n'}
[9.624236] (px4_msgs) StdoutLine: {'line': b'-- Up-to-date: /home/em/ros_workspace_2025/nav_ws/install/px4_msgs/include/px4_msgs/px4_msgs/msg/detail/position_setpoint__rosidl_typesupport_fastrtps_c.h\n'}
[9.624264] (px4_msgs) StdoutLine: {'line': b'-- Up-to-date: /home/em/ros_workspace_2025/nav_ws/install/px4_msgs/include/px4_msgs/px4_msgs/msg/detail/actuator_test__rosidl_typesupport_fastrtps_c.h\n'}
[9.624319] (px4_msgs) StdoutLine: {'line': b'-- Up-to-date: /home/em/ros_workspace_2025/nav_ws/install/px4_msgs/include/px4_msgs/px4_msgs/msg/detail/estimator_gps_status__rosidl_typesupport_fastrtps_c.h\n'}
[9.624351] (px4_msgs) StdoutLine: {'line': b'-- Up-to-date: /home/em/ros_workspace_2025/nav_ws/install/px4_msgs/include/px4_msgs/px4_msgs/msg/detail/follow_target_estimator__rosidl_typesupport_fastrtps_c.h\n'}
[9.624378] (px4_msgs) StdoutLine: {'line': b'-- Up-to-date: /home/em/ros_workspace_2025/nav_ws/install/px4_msgs/include/px4_msgs/px4_msgs/msg/detail/vehicle_trajectory_waypoint__rosidl_typesupport_fastrtps_c.h\n'}
[9.624402] (px4_msgs) StdoutLine: {'line': b'-- Up-to-date: /home/em/ros_workspace_2025/nav_ws/install/px4_msgs/include/px4_msgs/px4_msgs/msg/detail/vehicle_local_position__rosidl_typesupport_fastrtps_c.h\n'}
[9.624426] (px4_msgs) StdoutLine: {'line': b'-- Up-to-date: /home/em/ros_workspace_2025/nav_ws/install/px4_msgs/include/px4_msgs/px4_msgs/msg/detail/parameter_reset_request__rosidl_typesupport_fastrtps_c.h\n'}
[9.624504] (px4_msgs) StdoutLine: {'line': b'-- Up-to-date: /home/em/ros_workspace_2025/nav_ws/install/px4_msgs/include/px4_msgs/px4_msgs/msg/detail/geofence_result__rosidl_typesupport_fastrtps_c.h\n'}
[9.624530] (px4_msgs) StdoutLine: {'line': b'-- Up-to-date: /home/em/ros_workspace_2025/nav_ws/install/px4_msgs/include/px4_msgs/px4_msgs/msg/detail/onboard_computer_status__rosidl_typesupport_fastrtps_c.h\n'}
[9.624555] (px4_msgs) StdoutLine: {'line': b'-- Up-to-date: /home/em/ros_workspace_2025/nav_ws/install/px4_msgs/include/px4_msgs/px4_msgs/msg/detail/rover_mecanum_status__rosidl_typesupport_fastrtps_c.h\n'}
[9.624600] (px4_msgs) StdoutLine: {'line': b'-- Up-to-date: /home/em/ros_workspace_2025/nav_ws/install/px4_msgs/include/px4_msgs/px4_msgs/msg/detail/message_format_response__rosidl_typesupport_fastrtps_c.h\n'}
[9.624625] (px4_msgs) StdoutLine: {'line': b'-- Up-to-date: /home/em/ros_workspace_2025/nav_ws/install/px4_msgs/include/px4_msgs/px4_msgs/msg/detail/gimbal_device_information__rosidl_typesupport_fastrtps_c.h\n'}
[9.624647] (px4_msgs) StdoutLine: {'line': b'-- Up-to-date: /home/em/ros_workspace_2025/nav_ws/install/px4_msgs/include/px4_msgs/px4_msgs/msg/detail/gps_inject_data__rosidl_typesupport_fastrtps_c.h\n'}
[9.624669] (px4_msgs) StdoutLine: {'line': b'-- Up-to-date: /home/em/ros_workspace_2025/nav_ws/install/px4_msgs/include/px4_msgs/px4_msgs/msg/detail/led_control__rosidl_typesupport_fastrtps_c.h\n'}
[9.624692] (px4_msgs) StdoutLine: {'line': b'-- Up-to-date: /home/em/ros_workspace_2025/nav_ws/install/px4_msgs/include/px4_msgs/px4_msgs/msg/detail/velocity_limits__rosidl_typesupport_fastrtps_c.h\n'}
[9.624714] (px4_msgs) StdoutLine: {'line': b'-- Up-to-date: /home/em/ros_workspace_2025/nav_ws/install/px4_msgs/include/px4_msgs/px4_msgs/msg/detail/sensor_hygrometer__rosidl_typesupport_fastrtps_c.h\n'}
[9.624736] (px4_msgs) StdoutLine: {'line': b'-- Up-to-date: /home/em/ros_workspace_2025/nav_ws/install/px4_msgs/include/px4_msgs/px4_msgs/msg/detail/gimbal_device_attitude_status__rosidl_typesupport_fastrtps_c.h\n'}
[9.624767] (px4_msgs) StdoutLine: {'line': b'-- Up-to-date: /home/em/ros_workspace_2025/nav_ws/install/px4_msgs/include/px4_msgs/px4_msgs/msg/detail/debug_vect__rosidl_typesupport_fastrtps_c.h\n'}
[9.624789] (px4_msgs) StdoutLine: {'line': b'-- Up-to-date: /home/em/ros_workspace_2025/nav_ws/install/px4_msgs/include/px4_msgs/px4_msgs/msg/detail/open_drone_id_operator_id__rosidl_typesupport_fastrtps_c.h\n'}
[9.624810] (px4_msgs) StdoutLine: {'line': b'-- Up-to-date: /home/em/ros_workspace_2025/nav_ws/install/px4_msgs/include/px4_msgs/px4_msgs/msg/detail/tune_control__rosidl_typesupport_fastrtps_c.h\n'}
[9.624832] (px4_msgs) StdoutLine: {'line': b'-- Up-to-date: /home/em/ros_workspace_2025/nav_ws/install/px4_msgs/include/px4_msgs/px4_msgs/msg/detail/rtl_status__rosidl_typesupport_fastrtps_c.h\n'}
[9.624853] (px4_msgs) StdoutLine: {'line': b'-- Up-to-date: /home/em/ros_workspace_2025/nav_ws/install/px4_msgs/include/px4_msgs/px4_msgs/msg/detail/tiltrotor_extra_controls__rosidl_typesupport_fastrtps_c.h\n'}
[9.624878] (px4_msgs) StdoutLine: {'line': b'-- Up-to-date: /home/em/ros_workspace_2025/nav_ws/install/px4_msgs/include/px4_msgs/px4_msgs/msg/detail/vehicle_angular_velocity__rosidl_typesupport_fastrtps_c.h\n'}
[9.624918] (px4_msgs) StdoutLine: {'line': b'-- Up-to-date: /home/em/ros_workspace_2025/nav_ws/install/px4_msgs/include/px4_msgs/px4_msgs/msg/detail/vtol_vehicle_status__rosidl_typesupport_fastrtps_c.h\n'}
[9.624942] (px4_msgs) StdoutLine: {'line': b'-- Up-to-date: /home/em/ros_workspace_2025/nav_ws/install/px4_msgs/include/px4_msgs/px4_msgs/msg/detail/buffer128__rosidl_typesupport_fastrtps_c.h\n'}
[9.624963] (px4_msgs) StdoutLine: {'line': b'-- Up-to-date: /home/em/ros_workspace_2025/nav_ws/install/px4_msgs/include/px4_msgs/px4_msgs/msg/detail/actuator_outputs__rosidl_typesupport_fastrtps_c.h\n'}
[9.624985] (px4_msgs) StdoutLine: {'line': b'-- Up-to-date: /home/em/ros_workspace_2025/nav_ws/install/px4_msgs/include/px4_msgs/px4_msgs/msg/detail/landing_target_innovations__rosidl_typesupport_fastrtps_c.h\n'}
[9.625037] (px4_msgs) StdoutLine: {'line': b'-- Up-to-date: /home/em/ros_workspace_2025/nav_ws/install/px4_msgs/include/px4_msgs/px4_msgs/msg/detail/manual_control_switches__rosidl_typesupport_fastrtps_c.h\n'}
[9.625061] (px4_msgs) StdoutLine: {'line': b'-- Up-to-date: /home/em/ros_workspace_2025/nav_ws/install/px4_msgs/include/px4_msgs/px4_msgs/msg/detail/goto_setpoint__rosidl_typesupport_fastrtps_c.h\n'}
[9.625083] (px4_msgs) StdoutLine: {'line': b'-- Up-to-date: /home/em/ros_workspace_2025/nav_ws/install/px4_msgs/include/px4_msgs/px4_msgs/msg/detail/tecs_status__rosidl_typesupport_fastrtps_c.h\n'}
[9.625105] (px4_msgs) StdoutLine: {'line': b'-- Up-to-date: /home/em/ros_workspace_2025/nav_ws/install/px4_msgs/include/px4_msgs/px4_msgs/msg/detail/follow_target_status__rosidl_typesupport_fastrtps_c.h\n'}
[9.625128] (px4_msgs) StdoutLine: {'line': b'-- Up-to-date: /home/em/ros_workspace_2025/nav_ws/install/px4_msgs/include/px4_msgs/px4_msgs/msg/detail/vehicle_status__rosidl_typesupport_fastrtps_c.h\n'}
[9.625150] (px4_msgs) StdoutLine: {'line': b'-- Up-to-date: /home/em/ros_workspace_2025/nav_ws/install/px4_msgs/include/px4_msgs/px4_msgs/msg/detail/rover_ackermann_setpoint__rosidl_typesupport_fastrtps_c.h\n'}
[9.625199] (px4_msgs) StdoutLine: {'line': b'-- Up-to-date: /home/em/ros_workspace_2025/nav_ws/install/px4_msgs/include/px4_msgs/px4_msgs/msg/detail/esc_report__rosidl_typesupport_fastrtps_c.h\n'}
[9.625238] (px4_msgs) StdoutLine: {'line': b'-- Up-to-date: /home/em/ros_workspace_2025/nav_ws/install/px4_msgs/include/px4_msgs/px4_msgs/msg/detail/failsafe_flags__rosidl_typesupport_fastrtps_c.h\n'}
[9.625260] (px4_msgs) StdoutLine: {'line': b'-- Up-to-date: /home/em/ros_workspace_2025/nav_ws/install/px4_msgs/include/px4_msgs/px4_msgs/msg/detail/vehicle_optical_flow_vel__rosidl_typesupport_fastrtps_c.h\n'}
[9.625286] (px4_msgs) StdoutLine: {'line': b'-- Up-to-date: /home/em/ros_workspace_2025/nav_ws/install/px4_msgs/include/px4_msgs/px4_msgs/msg/detail/gps_dump__rosidl_typesupport_fastrtps_c.h\n'}
[9.625312] (px4_msgs) StdoutLine: {'line': b'-- Up-to-date: /home/em/ros_workspace_2025/nav_ws/install/px4_msgs/include/px4_msgs/px4_msgs/msg/detail/home_position__rosidl_typesupport_fastrtps_c.h\n'}
[9.625336] (px4_msgs) StdoutLine: {'line': b'-- Up-to-date: /home/em/ros_workspace_2025/nav_ws/install/px4_msgs/include/px4_msgs/px4_msgs/msg/detail/sensor_accel__rosidl_typesupport_fastrtps_c.h\n'}
[9.625361] (px4_msgs) StdoutLine: {'line': b'-- Up-to-date: /home/em/ros_workspace_2025/nav_ws/install/px4_msgs/include/px4_msgs/px4_msgs/msg/detail/camera_trigger__rosidl_typesupport_fastrtps_c.h\n'}
[9.625385] (px4_msgs) StdoutLine: {'line': b'-- Up-to-date: /home/em/ros_workspace_2025/nav_ws/install/px4_msgs/include/px4_msgs/px4_msgs/msg/detail/npfg_status__rosidl_typesupport_fastrtps_c.h\n'}
[9.625408] (px4_msgs) StdoutLine: {'line': b'-- Up-to-date: /home/em/ros_workspace_2025/nav_ws/install/px4_msgs/include/px4_msgs/px4_msgs/msg/detail/gpio_request__rosidl_typesupport_fastrtps_c.h\n'}
[9.625432] (px4_msgs) StdoutLine: {'line': b'-- Up-to-date: /home/em/ros_workspace_2025/nav_ws/install/px4_msgs/include/px4_msgs/px4_msgs/msg/detail/vehicle_thrust_setpoint__rosidl_typesupport_fastrtps_c.h\n'}
[9.625456] (px4_msgs) StdoutLine: {'line': b'-- Up-to-date: /home/em/ros_workspace_2025/nav_ws/install/px4_msgs/include/px4_msgs/px4_msgs/msg/detail/sensors_status__rosidl_typesupport_fastrtps_c.h\n'}
[9.625480] (px4_msgs) StdoutLine: {'line': b'-- Up-to-date: /home/em/ros_workspace_2025/nav_ws/install/px4_msgs/include/px4_msgs/px4_msgs/msg/detail/vehicle_attitude__rosidl_typesupport_fastrtps_c.h\n'}
[9.625504] (px4_msgs) StdoutLine: {'line': b'-- Up-to-date: /home/em/ros_workspace_2025/nav_ws/install/px4_msgs/include/px4_msgs/px4_msgs/msg/detail/landing_target_pose__rosidl_typesupport_fastrtps_c.h\n'}
[9.625527] (px4_msgs) StdoutLine: {'line': b'-- Up-to-date: /home/em/ros_workspace_2025/nav_ws/install/px4_msgs/include/px4_msgs/px4_msgs/msg/detail/rate_ctrl_status__rosidl_typesupport_fastrtps_c.h\n'}
[9.625550] (px4_msgs) StdoutLine: {'line': b'-- Up-to-date: /home/em/ros_workspace_2025/nav_ws/install/px4_msgs/include/px4_msgs/px4_msgs/msg/detail/position_controller_status__rosidl_typesupport_fastrtps_c.h\n'}
[9.625590] (px4_msgs) StdoutLine: {'line': b'-- Up-to-date: /home/em/ros_workspace_2025/nav_ws/install/px4_msgs/include/px4_msgs/px4_msgs/msg/detail/register_ext_component_request__rosidl_typesupport_fastrtps_c.h\n'}
[9.625614] (px4_msgs) StdoutLine: {'line': b'-- Up-to-date: /home/em/ros_workspace_2025/nav_ws/install/px4_msgs/include/px4_msgs/px4_msgs/msg/detail/input_rc__rosidl_typesupport_fastrtps_c.h\n'}
[9.625637] (px4_msgs) StdoutLine: {'line': b'-- Up-to-date: /home/em/ros_workspace_2025/nav_ws/install/px4_msgs/include/px4_msgs/px4_msgs/msg/detail/position_controller_landing_status__rosidl_typesupport_fastrtps_c.h\n'}
[9.625660] (px4_msgs) StdoutLine: {'line': b'-- Up-to-date: /home/em/ros_workspace_2025/nav_ws/install/px4_msgs/include/px4_msgs/px4_msgs/msg/detail/config_overrides__rosidl_typesupport_fastrtps_c.h\n'}
[9.625683] (px4_msgs) StdoutLine: {'line': b'-- Up-to-date: /home/em/ros_workspace_2025/nav_ws/install/px4_msgs/include/px4_msgs/px4_msgs/msg/detail/vehicle_control_mode__rosidl_typesupport_fastrtps_c.h\n'}
[9.625704] (px4_msgs) StdoutLine: {'line': b'-- Up-to-date: /home/em/ros_workspace_2025/nav_ws/install/px4_msgs/include/px4_msgs/px4_msgs/msg/detail/adc_report__rosidl_typesupport_fastrtps_c.h\n'}
[9.625727] (px4_msgs) StdoutLine: {'line': b'-- Up-to-date: /home/em/ros_workspace_2025/nav_ws/install/px4_msgs/include/px4_msgs/px4_msgs/msg/detail/sensor_gyro__rosidl_typesupport_fastrtps_c.h\n'}
[9.625751] (px4_msgs) StdoutLine: {'line': b'-- Up-to-date: /home/em/ros_workspace_2025/nav_ws/install/px4_msgs/include/px4_msgs/px4_msgs/msg/detail/health_report__rosidl_typesupport_fastrtps_c.h\n'}
[9.625773] (px4_msgs) StdoutLine: {'line': b'-- Up-to-date: /home/em/ros_workspace_2025/nav_ws/install/px4_msgs/include/px4_msgs/px4_msgs/msg/detail/esc_status__rosidl_typesupport_fastrtps_c.h\n'}
[9.625796] (px4_msgs) StdoutLine: {'line': b'-- Up-to-date: /home/em/ros_workspace_2025/nav_ws/install/px4_msgs/include/px4_msgs/px4_msgs/msg/detail/irlock_report__rosidl_typesupport_fastrtps_c.h\n'}
[9.625818] (px4_msgs) StdoutLine: {'line': b'-- Up-to-date: /home/em/ros_workspace_2025/nav_ws/install/px4_msgs/include/px4_msgs/px4_msgs/msg/detail/dataman_request__rosidl_typesupport_fastrtps_c.h\n'}
[9.625840] (px4_msgs) StdoutLine: {'line': b'-- Up-to-date: /home/em/ros_workspace_2025/nav_ws/install/px4_msgs/include/px4_msgs/px4_msgs/msg/detail/yaw_estimator_status__rosidl_typesupport_fastrtps_c.h\n'}
[9.625931] (px4_msgs) StdoutLine: {'line': b'-- Up-to-date: /home/em/ros_workspace_2025/nav_ws/install/px4_msgs/include/px4_msgs/px4_msgs/msg/detail/vehicle_command_ack__rosidl_typesupport_fastrtps_c.h\n'}
[9.625954] (px4_msgs) StdoutLine: {'line': b'-- Up-to-date: /home/em/ros_workspace_2025/nav_ws/install/px4_msgs/include/px4_msgs/px4_msgs/msg/detail/actuator_controls_status__rosidl_typesupport_fastrtps_c.h\n'}
[9.625976] (px4_msgs) StdoutLine: {'line': b'-- Up-to-date: /home/em/ros_workspace_2025/nav_ws/install/px4_msgs/include/px4_msgs/px4_msgs/msg/detail/vehicle_local_position_setpoint__rosidl_typesupport_fastrtps_c.h\n'}
[9.625998] (px4_msgs) StdoutLine: {'line': b'-- Up-to-date: /home/em/ros_workspace_2025/nav_ws/install/px4_msgs/include/px4_msgs/px4_msgs/msg/detail/sensor_selection__rosidl_typesupport_fastrtps_c.h\n'}
[9.626020] (px4_msgs) StdoutLine: {'line': b'-- Up-to-date: /home/em/ros_workspace_2025/nav_ws/install/px4_msgs/include/px4_msgs/px4_msgs/msg/detail/event__rosidl_typesupport_fastrtps_c.h\n'}
[9.626042] (px4_msgs) StdoutLine: {'line': b'-- Up-to-date: /home/em/ros_workspace_2025/nav_ws/install/px4_msgs/include/px4_msgs/px4_msgs/msg/detail/wheel_encoders__rosidl_typesupport_fastrtps_c.h\n'}
[9.626064] (px4_msgs) StdoutLine: {'line': b'-- Up-to-date: /home/em/ros_workspace_2025/nav_ws/install/px4_msgs/include/px4_msgs/px4_msgs/msg/detail/vehicle_global_position__rosidl_typesupport_fastrtps_c.h\n'}
[9.626085] (px4_msgs) StdoutLine: {'line': b'-- Up-to-date: /home/em/ros_workspace_2025/nav_ws/install/px4_msgs/include/px4_msgs/px4_msgs/msg/detail/cellular_status__rosidl_typesupport_fastrtps_c.h\n'}
[9.626115] (px4_msgs) StdoutLine: {'line': b'-- Up-to-date: /home/em/ros_workspace_2025/nav_ws/install/px4_msgs/include/px4_msgs/px4_msgs/msg/detail/launch_detection_status__rosidl_typesupport_fastrtps_c.h\n'}
[9.626139] (px4_msgs) StdoutLine: {'line': b'-- Up-to-date: /home/em/ros_workspace_2025/nav_ws/install/px4_msgs/include/px4_msgs/px4_msgs/msg/detail/message_format_request__rosidl_typesupport_fastrtps_c.h\n'}
[9.626161] (px4_msgs) StdoutLine: {'line': b'-- Up-to-date: /home/em/ros_workspace_2025/nav_ws/install/px4_msgs/include/px4_msgs/px4_msgs/msg/detail/mavlink_tunnel__rosidl_typesupport_fastrtps_c.h\n'}
[9.626204] (px4_msgs) StdoutLine: {'line': b'-- Up-to-date: /home/em/ros_workspace_2025/nav_ws/install/px4_msgs/include/px4_msgs/px4_msgs/msg/detail/parameter_update__rosidl_typesupport_fastrtps_c.h\n'}
[9.626229] (px4_msgs) StdoutLine: {'line': b'-- Up-to-date: /home/em/ros_workspace_2025/nav_ws/install/px4_msgs/include/px4_msgs/px4_msgs/msg/detail/estimator_states__rosidl_typesupport_fastrtps_c.h\n'}
[9.626249] (px4_msgs) StdoutLine: {'line': b'-- Up-to-date: /home/em/ros_workspace_2025/nav_ws/install/px4_msgs/include/px4_msgs/px4_msgs/msg/detail/gpio_config__rosidl_typesupport_fastrtps_c.h\n'}
[9.626283] (px4_msgs) StdoutLine: {'line': b'-- Up-to-date: /home/em/ros_workspace_2025/nav_ws/install/px4_msgs/include/px4_msgs/px4_msgs/msg/detail/figure_eight_status__rosidl_typesupport_fastrtps_c.h\n'}
[9.626325] (px4_msgs) StdoutLine: {'line': b'-- Up-to-date: /home/em/ros_workspace_2025/nav_ws/install/px4_msgs/include/px4_msgs/px4_msgs/msg/detail/mode_completed__rosidl_typesupport_fastrtps_c.h\n'}
[9.626355] (px4_msgs) StdoutLine: {'line': b'-- Up-to-date: /home/em/ros_workspace_2025/nav_ws/install/px4_msgs/include/px4_msgs/px4_msgs/msg/detail/ulog_stream_ack__rosidl_typesupport_fastrtps_c.h\n'}
[9.626378] (px4_msgs) StdoutLine: {'line': b'-- Up-to-date: /home/em/ros_workspace_2025/nav_ws/install/px4_msgs/include/px4_msgs/px4_msgs/msg/detail/navigator_mission_item__rosidl_typesupport_fastrtps_c.h\n'}
[9.626400] (px4_msgs) StdoutLine: {'line': b'-- Up-to-date: /home/em/ros_workspace_2025/nav_ws/install/px4_msgs/include/px4_msgs/px4_msgs/msg/detail/orb_test_large__rosidl_typesupport_fastrtps_c.h\n'}
[9.626422] (px4_msgs) StdoutLine: {'line': b'-- Up-to-date: /home/em/ros_workspace_2025/nav_ws/install/px4_msgs/include/px4_msgs/px4_msgs/msg/detail/vehicle_optical_flow__rosidl_typesupport_fastrtps_c.h\n'}
[9.626444] (px4_msgs) StdoutLine: {'line': b'-- Up-to-date: /home/em/ros_workspace_2025/nav_ws/install/px4_msgs/include/px4_msgs/px4_msgs/msg/detail/iridiumsbd_status__rosidl_typesupport_fastrtps_c.h\n'}
[9.626467] (px4_msgs) StdoutLine: {'line': b'-- Up-to-date: /home/em/ros_workspace_2025/nav_ws/install/px4_msgs/include/px4_msgs/px4_msgs/msg/detail/sensor_airflow__rosidl_typesupport_fastrtps_c.h\n'}
[9.626488] (px4_msgs) StdoutLine: {'line': b'-- Up-to-date: /home/em/ros_workspace_2025/nav_ws/install/px4_msgs/include/px4_msgs/px4_msgs/msg/detail/vehicle_attitude_setpoint__rosidl_typesupport_fastrtps_c.h\n'}
[9.626509] (px4_msgs) StdoutLine: {'line': b'-- Up-to-date: /home/em/ros_workspace_2025/nav_ws/install/px4_msgs/include/px4_msgs/px4_msgs/msg/detail/debug_key_value__rosidl_typesupport_fastrtps_c.h\n'}
[9.626533] (px4_msgs) StdoutLine: {'line': b'-- Up-to-date: /home/em/ros_workspace_2025/nav_ws/install/px4_msgs/include/px4_msgs/px4_msgs/msg/detail/qshell_req__rosidl_typesupport_fastrtps_c.h\n'}
[9.626556] (px4_msgs) StdoutLine: {'line': b'-- Up-to-date: /home/em/ros_workspace_2025/nav_ws/install/px4_msgs/include/px4_msgs/px4_msgs/msg/detail/vehicle_rates_setpoint__rosidl_typesupport_fastrtps_c.h\n'}
[9.626592] (px4_msgs) StdoutLine: {'line': b'-- Up-to-date: /home/em/ros_workspace_2025/nav_ws/install/px4_msgs/include/px4_msgs/px4_msgs/msg/detail/orbit_status__rosidl_typesupport_fastrtps_c.h\n'}
[9.626615] (px4_msgs) StdoutLine: {'line': b'-- Up-to-date: /home/em/ros_workspace_2025/nav_ws/install/px4_msgs/include/px4_msgs/px4_msgs/msg/detail/generator_status__rosidl_typesupport_fastrtps_c.h\n'}
[9.626638] (px4_msgs) StdoutLine: {'line': b'-- Up-to-date: /home/em/ros_workspace_2025/nav_ws/install/px4_msgs/include/px4_msgs/px4_msgs/msg/detail/navigator_status__rosidl_typesupport_fastrtps_c.h\n'}
[9.626659] (px4_msgs) StdoutLine: {'line': b'-- Up-to-date: /home/em/ros_workspace_2025/nav_ws/install/px4_msgs/include/px4_msgs/px4_msgs/msg/detail/vehicle_torque_setpoint__rosidl_typesupport_fastrtps_c.h\n'}
[9.626679] (px4_msgs) StdoutLine: {'line': b'-- Up-to-date: /home/em/ros_workspace_2025/nav_ws/install/px4_msgs/include/px4_msgs/px4_msgs/msg/detail/rtl_time_estimate__rosidl_typesupport_fastrtps_c.h\n'}
[9.626700] (px4_msgs) StdoutLine: {'line': b'-- Up-to-date: /home/em/ros_workspace_2025/nav_ws/install/px4_msgs/include/px4_msgs/px4_msgs/msg/detail/vehicle_trajectory_bezier__rosidl_typesupport_fastrtps_c.h\n'}
[9.626721] (px4_msgs) StdoutLine: {'line': b'-- Up-to-date: /home/em/ros_workspace_2025/nav_ws/install/px4_msgs/include/px4_msgs/px4_msgs/msg/detail/mag_worker_data__rosidl_typesupport_fastrtps_c.h\n'}
[9.626741] (px4_msgs) StdoutLine: {'line': b'-- Up-to-date: /home/em/ros_workspace_2025/nav_ws/install/px4_msgs/include/px4_msgs/px4_msgs/msg/detail/estimator_aid_source1d__rosidl_typesupport_fastrtps_c.h\n'}
[9.626762] (px4_msgs) StdoutLine: {'line': b'-- Up-to-date: /home/em/ros_workspace_2025/nav_ws/install/px4_msgs/include/px4_msgs/px4_msgs/msg/detail/arming_check_request__rosidl_typesupport_fastrtps_c.h\n'}
[9.626782] (px4_msgs) StdoutLine: {'line': b'-- Up-to-date: /home/em/ros_workspace_2025/nav_ws/install/px4_msgs/include/px4_msgs/px4_msgs/msg/detail/mission__rosidl_typesupport_fastrtps_c.h\n'}
[9.626805] (px4_msgs) StdoutLine: {'line': b'-- Up-to-date: /home/em/ros_workspace_2025/nav_ws/install/px4_msgs/include/px4_msgs/px4_msgs/msg/detail/battery_status__rosidl_typesupport_fastrtps_c.h\n'}
[9.626835] (px4_msgs) StdoutLine: {'line': b'-- Up-to-date: /home/em/ros_workspace_2025/nav_ws/install/px4_msgs/include/px4_msgs/px4_msgs/msg/detail/vehicle_imu_status__rosidl_typesupport_fastrtps_c.h\n'}
[9.626858] (px4_msgs) StdoutLine: {'line': b'-- Up-to-date: /home/em/ros_workspace_2025/nav_ws/install/px4_msgs/include/px4_msgs/px4_msgs/msg/detail/gimbal_device_set_attitude__rosidl_typesupport_fastrtps_c.h\n'}
[9.626881] (px4_msgs) StdoutLine: {'line': b'-- Up-to-date: /home/em/ros_workspace_2025/nav_ws/install/px4_msgs/include/px4_msgs/px4_msgs/msg/detail/unregister_ext_component__rosidl_typesupport_fastrtps_c.h\n'}
[9.626902] (px4_msgs) StdoutLine: {'line': b'-- Up-to-date: /home/em/ros_workspace_2025/nav_ws/install/px4_msgs/include/px4_msgs/px4_msgs/msg/detail/gimbal_manager_status__rosidl_typesupport_fastrtps_c.h\n'}
[9.626923] (px4_msgs) StdoutLine: {'line': b'-- Up-to-date: /home/em/ros_workspace_2025/nav_ws/install/px4_msgs/include/px4_msgs/px4_msgs/msg/detail/gimbal_manager_set_manual_control__rosidl_typesupport_fastrtps_c.h\n'}
[9.626944] (px4_msgs) StdoutLine: {'line': b'-- Up-to-date: /home/em/ros_workspace_2025/nav_ws/install/px4_msgs/include/px4_msgs/px4_msgs/msg/detail/pwm_input__rosidl_typesupport_fastrtps_c.h\n'}
[9.626966] (px4_msgs) StdoutLine: {'line': b'-- Up-to-date: /home/em/ros_workspace_2025/nav_ws/install/px4_msgs/include/px4_msgs/px4_msgs/msg/detail/rc_parameter_map__rosidl_typesupport_fastrtps_c.h\n'}
[9.626988] (px4_msgs) StdoutLine: {'line': b'-- Up-to-date: /home/em/ros_workspace_2025/nav_ws/install/px4_msgs/include/px4_msgs/px4_msgs/msg/detail/mavlink_log__rosidl_typesupport_fastrtps_c.h\n'}
[9.627010] (px4_msgs) StdoutLine: {'line': b'-- Up-to-date: /home/em/ros_workspace_2025/nav_ws/install/px4_msgs/include/px4_msgs/px4_msgs/msg/detail/mission_result__rosidl_typesupport_fastrtps_c.h\n'}
[9.627032] (px4_msgs) StdoutLine: {'line': b'-- Up-to-date: /home/em/ros_workspace_2025/nav_ws/install/px4_msgs/include/px4_msgs/px4_msgs/msg/detail/vehicle_angular_acceleration_setpoint__rosidl_typesupport_fastrtps_c.h\n'}
[9.627055] (px4_msgs) StdoutLine: {'line': b'-- Up-to-date: /home/em/ros_workspace_2025/nav_ws/install/px4_msgs/include/px4_msgs/px4_msgs/msg/detail/sensor_baro__rosidl_typesupport_fastrtps_c.h\n'}
[9.627086] (px4_msgs) StdoutLine: {'line': b'-- Up-to-date: /home/em/ros_workspace_2025/nav_ws/install/px4_msgs/include/px4_msgs/px4_msgs/msg/detail/open_drone_id_self_id__rosidl_typesupport_fastrtps_c.h\n'}
[9.627109] (px4_msgs) StdoutLine: {'line': b'-- Up-to-date: /home/em/ros_workspace_2025/nav_ws/install/px4_msgs/include/px4_msgs/px4_msgs/msg/detail/flight_phase_estimation__rosidl_typesupport_fastrtps_c.h\n'}
[9.627130] (px4_msgs) StdoutLine: {'line': b'-- Up-to-date: /home/em/ros_workspace_2025/nav_ws/install/px4_msgs/include/px4_msgs/px4_msgs/msg/detail/sensor_uwb__rosidl_typesupport_fastrtps_c.h\n'}
[9.627152] (px4_msgs) StdoutLine: {'line': b'-- Up-to-date: /home/em/ros_workspace_2025/nav_ws/install/px4_msgs/include/px4_msgs/px4_msgs/msg/detail/wind__rosidl_typesupport_fastrtps_c.h\n'}
[9.627173] (px4_msgs) StdoutLine: {'line': b'-- Up-to-date: /home/em/ros_workspace_2025/nav_ws/install/px4_msgs/include/px4_msgs/px4_msgs/msg/detail/debug_value__rosidl_typesupport_fastrtps_c.h\n'}
[9.627204] (px4_msgs) StdoutLine: {'line': b'-- Up-to-date: /home/em/ros_workspace_2025/nav_ws/install/px4_msgs/include/px4_msgs/px4_msgs/msg/detail/timesync_status__rosidl_typesupport_fastrtps_c.h\n'}
[9.627225] (px4_msgs) StdoutLine: {'line': b'-- Up-to-date: /home/em/ros_workspace_2025/nav_ws/install/px4_msgs/include/px4_msgs/px4_msgs/msg/detail/parameter_set_used_request__rosidl_typesupport_fastrtps_c.h\n'}
[9.627246] (px4_msgs) StdoutLine: {'line': b'-- Up-to-date: /home/em/ros_workspace_2025/nav_ws/install/px4_msgs/include/px4_msgs/px4_msgs/msg/detail/control_allocator_status__rosidl_typesupport_fastrtps_c.h\n'}
[9.627266] (px4_msgs) StdoutLine: {'line': b'-- Up-to-date: /home/em/ros_workspace_2025/nav_ws/install/px4_msgs/include/px4_msgs/px4_msgs/msg/detail/task_stack_info__rosidl_typesupport_fastrtps_c.h\n'}
[9.627293] (px4_msgs) StdoutLine: {'line': b'-- Up-to-date: /home/em/ros_workspace_2025/nav_ws/install/px4_msgs/include/px4_msgs/px4_msgs/msg/detail/vehicle_roi__rosidl_typesupport_fastrtps_c.h\n'}
[9.627314] (px4_msgs) StdoutLine: {'line': b'-- Up-to-date: /home/em/ros_workspace_2025/nav_ws/install/px4_msgs/include/px4_msgs/px4_msgs/msg/detail/estimator_aid_source2d__rosidl_typesupport_fastrtps_c.h\n'}
[9.627336] (px4_msgs) StdoutLine: {'line': b'-- Up-to-date: /home/em/ros_workspace_2025/nav_ws/install/px4_msgs/include/px4_msgs/px4_msgs/msg/detail/log_message__rosidl_typesupport_fastrtps_c.h\n'}
[9.627358] (px4_msgs) StdoutLine: {'line': b'-- Up-to-date: /home/em/ros_workspace_2025/nav_ws/install/px4_msgs/include/px4_msgs/px4_msgs/msg/detail/estimator_aid_source3d__rosidl_typesupport_fastrtps_c.h\n'}
[9.627380] (px4_msgs) StdoutLine: {'line': b'-- Up-to-date: /home/em/ros_workspace_2025/nav_ws/install/px4_msgs/include/px4_msgs/px4_msgs/msg/detail/sensor_combined__rosidl_typesupport_fastrtps_c.h\n'}
[9.627402] (px4_msgs) StdoutLine: {'line': b'-- Up-to-date: /home/em/ros_workspace_2025/nav_ws/install/px4_msgs/include/px4_msgs/px4_msgs/msg/detail/follow_target__rosidl_typesupport_fastrtps_c.h\n'}
[9.627424] (px4_msgs) StdoutLine: {'line': b'-- Up-to-date: /home/em/ros_workspace_2025/nav_ws/install/px4_msgs/include/px4_msgs/px4_msgs/msg/detail/vehicle_imu__rosidl_typesupport_fastrtps_c.h\n'}
[9.627447] (px4_msgs) StdoutLine: {'line': b'-- Up-to-date: /home/em/ros_workspace_2025/nav_ws/install/px4_msgs/include/px4_msgs/px4_msgs/msg/detail/orb_test_medium__rosidl_typesupport_fastrtps_c.h\n'}
[9.627470] (px4_msgs) StdoutLine: {'line': b'-- Up-to-date: /home/em/ros_workspace_2025/nav_ws/install/px4_msgs/include/px4_msgs/px4_msgs/msg/detail/sensor_mag__rosidl_typesupport_fastrtps_c.h\n'}
[9.627499] (px4_msgs) StdoutLine: {'line': b'-- Up-to-date: /home/em/ros_workspace_2025/nav_ws/install/px4_msgs/include/px4_msgs/px4_msgs/msg/detail/landing_gear_wheel__rosidl_typesupport_fastrtps_c.h\n'}
[9.627527] (px4_msgs) StdoutLine: {'line': b'-- Up-to-date: /home/em/ros_workspace_2025/nav_ws/install/px4_msgs/include/px4_msgs/px4_msgs/msg/detail/satellite_info__rosidl_typesupport_fastrtps_c.h\n'}
[9.627572] (px4_msgs) StdoutLine: {'line': b'-- Up-to-date: /home/em/ros_workspace_2025/nav_ws/install/px4_msgs/include/px4_msgs/px4_msgs/msg/detail/airspeed__rosidl_typesupport_fastrtps_c.h\n'}
[9.627607] (px4_msgs) StdoutLine: {'line': b'-- Up-to-date: /home/em/ros_workspace_2025/nav_ws/install/px4_msgs/include/px4_msgs/px4_msgs/msg/detail/parameter_set_value_response__rosidl_typesupport_fastrtps_c.h\n'}
[9.627672] (px4_msgs) StdoutLine: {'line': b'-- Up-to-date: /home/em/ros_workspace_2025/nav_ws/install/px4_msgs/include/px4_msgs/px4_msgs/msg/detail/rover_differential_status__rosidl_typesupport_fastrtps_c.h\n'}
[9.627700] (px4_msgs) StdoutLine: {'line': b'-- Up-to-date: /home/em/ros_workspace_2025/nav_ws/install/px4_msgs/include/px4_msgs/px4_msgs/msg/detail/estimator_status_flags__rosidl_typesupport_fastrtps_c.h\n'}
[9.627723] (px4_msgs) StdoutLine: {'line': b'-- Up-to-date: /home/em/ros_workspace_2025/nav_ws/install/px4_msgs/include/px4_msgs/px4_msgs/msg/detail/manual_control_setpoint__rosidl_typesupport_fastrtps_c.h\n'}
[9.627745] (px4_msgs) StdoutLine: {'line': b'-- Up-to-date: /home/em/ros_workspace_2025/nav_ws/install/px4_msgs/include/px4_msgs/px4_msgs/msg/detail/collision_report__rosidl_typesupport_fastrtps_c.h\n'}
[9.627782] (px4_msgs) StdoutLine: {'line': b'-- Up-to-date: /home/em/ros_workspace_2025/nav_ws/install/px4_msgs/include/px4_msgs/px4_msgs/msg/detail/ping__rosidl_typesupport_fastrtps_c.h\n'}
[9.627805] (px4_msgs) StdoutLine: {'line': b'-- Up-to-date: /home/em/ros_workspace_2025/nav_ws/install/px4_msgs/include/px4_msgs/px4_msgs/msg/detail/hover_thrust_estimate__rosidl_typesupport_fastrtps_c.h\n'}
[9.627825] (px4_msgs) StdoutLine: {'line': b'-- Up-to-date: /home/em/ros_workspace_2025/nav_ws/install/px4_msgs/include/px4_msgs/px4_msgs/msg/detail/logger_status__rosidl_typesupport_fastrtps_c.h\n'}
[9.627846] (px4_msgs) StdoutLine: {'line': b'-- Up-to-date: /home/em/ros_workspace_2025/nav_ws/install/px4_msgs/include/px4_msgs/px4_msgs/msg/detail/px4io_status__rosidl_typesupport_fastrtps_c.h\n'}
[9.627867] (px4_msgs) StdoutLine: {'line': b'-- Up-to-date: /home/em/ros_workspace_2025/nav_ws/install/px4_msgs/include/px4_msgs/px4_msgs/msg/detail/pps_capture__rosidl_typesupport_fastrtps_c.h\n'}
[9.627897] (px4_msgs) StdoutLine: {'line': b'-- Up-to-date: /home/em/ros_workspace_2025/nav_ws/install/px4_msgs/include/px4_msgs/px4_msgs/msg/detail/vehicle_land_detected__rosidl_typesupport_fastrtps_c.h\n'}
[9.627920] (px4_msgs) StdoutLine: {'line': b'-- Up-to-date: /home/em/ros_workspace_2025/nav_ws/install/px4_msgs/include/px4_msgs/px4_msgs/msg/detail/vehicle_constraints__rosidl_typesupport_fastrtps_c.h\n'}
[9.627942] (px4_msgs) StdoutLine: {'line': b'-- Up-to-date: /home/em/ros_workspace_2025/nav_ws/install/px4_msgs/include/px4_msgs/px4_msgs/msg/detail/gimbal_manager_set_attitude__rosidl_typesupport_fastrtps_c.h\n'}
[9.627964] (px4_msgs) StdoutLine: {'line': b'-- Up-to-date: /home/em/ros_workspace_2025/nav_ws/install/px4_msgs/include/px4_msgs/px4_msgs/msg/detail/position_setpoint_triplet__rosidl_typesupport_fastrtps_c.h\n'}
[9.627987] (px4_msgs) StdoutLine: {'line': b'-- Up-to-date: /home/em/ros_workspace_2025/nav_ws/install/px4_msgs/include/px4_msgs/px4_msgs/msg/detail/sensors_status_imu__rosidl_typesupport_fastrtps_c.h\n'}
[9.628008] (px4_msgs) StdoutLine: {'line': b'-- Up-to-date: /home/em/ros_workspace_2025/nav_ws/install/px4_msgs/include/px4_msgs/px4_msgs/msg/detail/landing_gear__rosidl_typesupport_fastrtps_c.h\n'}
[9.628030] (px4_msgs) StdoutLine: {'line': b'-- Up-to-date: /home/em/ros_workspace_2025/nav_ws/install/px4_msgs/include/px4_msgs/px4_msgs/msg/detail/action_request__rosidl_typesupport_fastrtps_c.h\n'}
[9.628053] (px4_msgs) StdoutLine: {'line': b'-- Up-to-date: /home/em/ros_workspace_2025/nav_ws/install/px4_msgs/include/px4_msgs/px4_msgs/msg/detail/rc_channels__rosidl_typesupport_fastrtps_c.h\n'}
[9.628076] (px4_msgs) StdoutLine: {'line': b'-- Up-to-date: /home/em/ros_workspace_2025/nav_ws/install/px4_msgs/include/px4_msgs/px4_msgs/msg/detail/actuator_armed__rosidl_typesupport_fastrtps_c.h\n'}
[9.628108] (px4_msgs) StdoutLine: {'line': b'-- Up-to-date: /home/em/ros_workspace_2025/nav_ws/install/px4_msgs/include/px4_msgs/px4_msgs/msg/detail/sensor_accel_fifo__rosidl_typesupport_fastrtps_c.h\n'}
[9.628132] (px4_msgs) StdoutLine: {'line': b'-- Up-to-date: /home/em/ros_workspace_2025/nav_ws/install/px4_msgs/include/px4_msgs/px4_msgs/msg/detail/vehicle_acceleration__rosidl_typesupport_fastrtps_c.h\n'}
[9.628155] (px4_msgs) StdoutLine: {'line': b'-- Up-to-date: /home/em/ros_workspace_2025/nav_ws/install/px4_msgs/include/px4_msgs/px4_msgs/msg/detail/power_button_state__rosidl_typesupport_fastrtps_c.h\n'}
[9.628178] (px4_msgs) StdoutLine: {'line': b'-- Up-to-date: /home/em/ros_workspace_2025/nav_ws/install/px4_msgs/include/px4_msgs/px4_msgs/msg/detail/fuel_tank_status__rosidl_typesupport_fastrtps_c.h\n'}
[9.628200] (px4_msgs) StdoutLine: {'line': b'-- Up-to-date: /home/em/ros_workspace_2025/nav_ws/install/px4_msgs/include/px4_msgs/px4_msgs/msg/detail/estimator_bias3d__rosidl_typesupport_fastrtps_c.h\n'}
[9.628223] (px4_msgs) StdoutLine: {'line': b'-- Up-to-date: /home/em/ros_workspace_2025/nav_ws/install/px4_msgs/include/px4_msgs/px4_msgs/msg/detail/gimbal_controls__rosidl_typesupport_fastrtps_c.h\n'}
[9.628248] (px4_msgs) StdoutLine: {'line': b'-- Up-to-date: /home/em/ros_workspace_2025/nav_ws/install/px4_msgs/include/px4_msgs/px4_msgs/msg/detail/orb_test__rosidl_typesupport_fastrtps_c.h\n'}
[9.628269] (px4_msgs) StdoutLine: {'line': b'-- Up-to-date: /home/em/ros_workspace_2025/nav_ws/install/px4_msgs/include/px4_msgs/px4_msgs/msg/detail/debug_array__rosidl_typesupport_fastrtps_c.h\n'}
[9.628336] (px4_msgs) StdoutLine: {'line': b'-- Up-to-date: /home/em/ros_workspace_2025/nav_ws/install/px4_msgs/include/px4_msgs/px4_msgs/msg/detail/sensor_optical_flow__rosidl_typesupport_fastrtps_c.h\n'}
[9.628363] (px4_msgs) StdoutLine: {'line': b'-- Up-to-date: /home/em/ros_workspace_2025/nav_ws/install/px4_msgs/include/px4_msgs/px4_msgs/msg/detail/cpuload__rosidl_typesupport_fastrtps_c.h\n'}
[9.628386] (px4_msgs) StdoutLine: {'line': b'-- Up-to-date: /home/em/ros_workspace_2025/nav_ws/install/px4_msgs/include/px4_msgs/px4_msgs/msg/detail/telemetry_status__rosidl_typesupport_fastrtps_c.h\n'}
[9.628410] (px4_msgs) StdoutLine: {'line': b'-- Up-to-date: /home/em/ros_workspace_2025/nav_ws/install/px4_msgs/include/px4_msgs/px4_msgs/msg/detail/open_drone_id_arm_status__rosidl_typesupport_fastrtps_c.h\n'}
[9.628442] (px4_msgs) StdoutLine: {'line': b'-- Up-to-date: /home/em/ros_workspace_2025/nav_ws/install/px4_msgs/include/px4_msgs/px4_msgs/msg/detail/sensor_gyro_fifo__rosidl_typesupport_fastrtps_c.h\n'}
[9.628467] (px4_msgs) StdoutLine: {'line': b'-- Up-to-date: /home/em/ros_workspace_2025/nav_ws/install/px4_msgs/include/px4_msgs/px4_msgs/msg/detail/vehicle_command__rosidl_typesupport_fastrtps_c.h\n'}
[9.628491] (px4_msgs) StdoutLine: {'line': b'-- Up-to-date: /home/em/ros_workspace_2025/nav_ws/install/px4_msgs/include/px4_msgs/px4_msgs/msg/detail/normalized_unsigned_setpoint__rosidl_typesupport_fastrtps_c.h\n'}
[9.628514] (px4_msgs) StdoutLine: {'line': b'-- Up-to-date: /home/em/ros_workspace_2025/nav_ws/install/px4_msgs/include/px4_msgs/px4_msgs/msg/detail/rover_ackermann_status__rosidl_typesupport_fastrtps_c.h\n'}
[9.628537] (px4_msgs) StdoutLine: {'line': b'-- Up-to-date: /home/em/ros_workspace_2025/nav_ws/install/px4_msgs/include/px4_msgs/px4_msgs/msg/detail/can_interface_status__rosidl_typesupport_fastrtps_c.h\n'}
[9.628561] (px4_msgs) StdoutLine: {'line': b'-- Up-to-date: /home/em/ros_workspace_2025/nav_ws/install/px4_msgs/include/px4_msgs/px4_msgs/msg/detail/estimator_innovations__rosidl_typesupport_fastrtps_c.h\n'}
[9.628619] (px4_msgs) StdoutLine: {'line': b'-- Up-to-date: /home/em/ros_workspace_2025/nav_ws/install/px4_msgs/include/px4_msgs/px4_msgs/msg/detail/qshell_retval__rosidl_typesupport_fastrtps_c.h\n'}
[9.628646] (px4_msgs) StdoutLine: {'line': b'-- Up-to-date: /home/em/ros_workspace_2025/nav_ws/install/px4_msgs/include/px4_msgs/px4_msgs/msg/detail/ekf2_timestamps__rosidl_typesupport_fastrtps_c.h\n'}
[9.628682] (px4_msgs) StdoutLine: {'line': b'-- Up-to-date: /home/em/ros_workspace_2025/nav_ws/install/px4_msgs/include/px4_msgs/px4_msgs/msg/detail/gpio_in__rosidl_typesupport_fastrtps_c.h\n'}
[9.628705] (px4_msgs) StdoutLine: {'line': b'-- Up-to-date: /home/em/ros_workspace_2025/nav_ws/install/px4_msgs/include/px4_msgs/px4_msgs/msg/detail/mount_orientation__rosidl_typesupport_fastrtps_c.h\n'}
[9.628727] (px4_msgs) StdoutLine: {'line': b'-- Up-to-date: /home/em/ros_workspace_2025/nav_ws/install/px4_msgs/include/px4_msgs/px4_msgs/msg/detail/failure_detector_status__rosidl_typesupport_fastrtps_c.h\n'}
[9.628749] (px4_msgs) StdoutLine: {'line': b'-- Up-to-date: /home/em/ros_workspace_2025/nav_ws/install/px4_msgs/include/px4_msgs/px4_msgs/msg/detail/vehicle_odometry__rosidl_typesupport_fastrtps_c.h\n'}
[9.628771] (px4_msgs) StdoutLine: {'line': b'-- Up-to-date: /home/em/ros_workspace_2025/nav_ws/install/px4_msgs/include/px4_msgs/px4_msgs/msg/detail/power_monitor__rosidl_typesupport_fastrtps_c.h\n'}
[9.628793] (px4_msgs) StdoutLine: {'line': b'-- Up-to-date: /home/em/ros_workspace_2025/nav_ws/install/px4_msgs/include/px4_msgs/px4_msgs/msg/detail/trajectory_setpoint__rosidl_typesupport_fastrtps_c.h\n'}
[9.628815] (px4_msgs) StdoutLine: {'line': b'-- Up-to-date: /home/em/ros_workspace_2025/nav_ws/install/px4_msgs/include/px4_msgs/px4_msgs/msg/detail/gripper__rosidl_typesupport_fastrtps_c.h\n'}
[9.628839] (px4_msgs) StdoutLine: {'line': b'-- Up-to-date: /home/em/ros_workspace_2025/nav_ws/install/px4_msgs/include/px4_msgs/px4_msgs/msg/detail/sensor_gyro_fft__rosidl_typesupport_fastrtps_c.h\n'}
[9.628861] (px4_msgs) StdoutLine: {'line': b'-- Up-to-date: /home/em/ros_workspace_2025/nav_ws/install/px4_msgs/include/px4_msgs/px4_msgs/msg/detail/rover_mecanum_setpoint__rosidl_typesupport_fastrtps_c.h\n'}
[9.628883] (px4_msgs) StdoutLine: {'line': b'-- Up-to-date: /home/em/ros_workspace_2025/nav_ws/install/px4_msgs/include/px4_msgs/px4_msgs/msg/detail/vehicle_magnetometer__rosidl_typesupport_fastrtps_c.h\n'}
[9.628905] (px4_msgs) StdoutLine: {'line': b'-- Up-to-date: /home/em/ros_workspace_2025/nav_ws/install/px4_msgs/include/px4_msgs/px4_msgs/msg/detail/airspeed_validated__rosidl_typesupport_fastrtps_c.h\n'}
[9.628928] (px4_msgs) StdoutLine: {'line': b'-- Up-to-date: /home/em/ros_workspace_2025/nav_ws/install/px4_msgs/include/px4_msgs/px4_msgs/msg/detail/rover_mecanum_guidance_status__rosidl_typesupport_fastrtps_c.h\n'}
[9.628951] (px4_msgs) StdoutLine: {'line': b'-- Up-to-date: /home/em/ros_workspace_2025/nav_ws/install/px4_msgs/include/px4_msgs/px4_msgs/msg/detail/register_ext_component_reply__rosidl_typesupport_fastrtps_c.h\n'}
[9.628973] (px4_msgs) StdoutLine: {'line': b'-- Up-to-date: /home/em/ros_workspace_2025/nav_ws/install/px4_msgs/include/px4_msgs/px4_msgs/msg/detail/internal_combustion_engine_status__rosidl_typesupport_fastrtps_c.h\n'}
[9.628995] (px4_msgs) StdoutLine: {'line': b'-- Up-to-date: /home/em/ros_workspace_2025/nav_ws/install/px4_msgs/include/px4_msgs/px4_msgs/msg/detail/dataman_response__rosidl_typesupport_fastrtps_c.h\n'}
[9.629017] (px4_msgs) StdoutLine: {'line': b'-- Up-to-date: /home/em/ros_workspace_2025/nav_ws/install/px4_msgs/include/px4_msgs/px4_msgs/msg/detail/gpio_out__rosidl_typesupport_fastrtps_c.h\n'}
[9.629046] (px4_msgs) StdoutLine: {'line': b'-- Up-to-date: /home/em/ros_workspace_2025/nav_ws/install/px4_msgs/include/px4_msgs/px4_msgs/msg/detail/button_event__rosidl_typesupport_fastrtps_c.h\n'}
[9.629068] (px4_msgs) StdoutLine: {'line': b'-- Up-to-date: /home/em/ros_workspace_2025/nav_ws/install/px4_msgs/include/px4_msgs/px4_msgs/msg/detail/rover_differential_guidance_status__rosidl_typesupport_fastrtps_c.h\n'}
[9.629091] (px4_msgs) StdoutLine: {'line': b'-- Up-to-date: /home/em/ros_workspace_2025/nav_ws/install/px4_msgs/include/px4_msgs/px4_msgs/msg/detail/sensor_gps__rosidl_typesupport_fastrtps_c.h\n'}
[9.629112] (px4_msgs) StdoutLine: {'line': b'-- Up-to-date: /home/em/ros_workspace_2025/nav_ws/install/px4_msgs/include/px4_msgs/px4_msgs/msg/detail/transponder_report__rosidl_typesupport_fastrtps_c.h\n'}
[9.629166] (px4_msgs) StdoutLine: {'line': b'-- Up-to-date: /home/em/ros_workspace_2025/nav_ws/install/px4_msgs/include/px4_msgs/px4_msgs/msg/detail/estimator_bias__rosidl_typesupport_fastrtps_c.h\n'}
[9.629189] (px4_msgs) StdoutLine: {'line': b'-- Up-to-date: /home/em/ros_workspace_2025/nav_ws/install/px4_msgs/include/px4_msgs/px4_msgs/msg/detail/sensor_gnss_relative__rosidl_typesupport_fastrtps_c.h\n'}
[9.629212] (px4_msgs) StdoutLine: {'line': b'-- Up-to-date: /home/em/ros_workspace_2025/nav_ws/install/px4_msgs/include/px4_msgs/px4_msgs/msg/detail/trajectory_bezier__rosidl_typesupport_fastrtps_c.h\n'}
[9.629235] (px4_msgs) StdoutLine: {'line': b'-- Up-to-date: /home/em/ros_workspace_2025/nav_ws/install/px4_msgs/include/px4_msgs/px4_msgs/msg/detail/heater_status__rosidl_typesupport_fastrtps_c.h\n'}
[9.629296] (px4_msgs) StdoutLine: {'line': b'-- Up-to-date: /home/em/ros_workspace_2025/nav_ws/install/px4_msgs/include/px4_msgs/px4_msgs/msg/detail/system_power__rosidl_typesupport_fastrtps_c.h\n'}
[9.629321] (px4_msgs) StdoutLine: {'line': b'-- Up-to-date: /home/em/ros_workspace_2025/nav_ws/install/px4_msgs/include/px4_msgs/px4_msgs/msg/detail/magnetometer_bias_estimate__rosidl_typesupport_fastrtps_c.h\n'}
[9.629346] (px4_msgs) StdoutLine: {'line': b'-- Up-to-date: /home/em/ros_workspace_2025/nav_ws/install/px4_msgs/include/px4_msgs/px4_msgs/msg/detail/gimbal_manager_information__rosidl_typesupport_fastrtps_c.h\n'}
[9.629368] (px4_msgs) StdoutLine: {'line': b'-- Up-to-date: /home/em/ros_workspace_2025/nav_ws/install/px4_msgs/include/px4_msgs/px4_msgs/msg/detail/rpm__rosidl_typesupport_fastrtps_c.h\n'}
[9.629391] (px4_msgs) StdoutLine: {'line': b'-- Up-to-date: /home/em/ros_workspace_2025/nav_ws/install/px4_msgs/include/px4_msgs/px4_msgs/msg/detail/estimator_sensor_bias__rosidl_typesupport_fastrtps_c.h\n'}
[9.629413] (px4_msgs) StdoutLine: {'line': b'-- Up-to-date: /home/em/ros_workspace_2025/nav_ws/install/px4_msgs/include/px4_msgs/px4_msgs/msg/detail/geofence_status__rosidl_typesupport_fastrtps_c.h\n'}
[9.629435] (px4_msgs) StdoutLine: {'line': b'-- Up-to-date: /home/em/ros_workspace_2025/nav_ws/install/px4_msgs/include/px4_msgs/px4_msgs/msg/detail/sensor_correction__rosidl_typesupport_fastrtps_c.h\n'}
[9.629465] (px4_msgs) StdoutLine: {'line': b'-- Up-to-date: /home/em/ros_workspace_2025/nav_ws/install/px4_msgs/include/px4_msgs/px4_msgs/msg/detail/uavcan_parameter_request__rosidl_typesupport_fastrtps_c.h\n'}
[9.629487] (px4_msgs) StdoutLine: {'line': b'-- Up-to-date: /home/em/ros_workspace_2025/nav_ws/install/px4_msgs/include/px4_msgs/px4_msgs/msg/detail/distance_sensor__rosidl_typesupport_fastrtps_c.h\n'}
[9.629509] (px4_msgs) StdoutLine: {'line': b'-- Up-to-date: /home/em/ros_workspace_2025/nav_ws/install/px4_msgs/include/px4_msgs/px4_msgs/msg/detail/sensor_preflight_mag__rosidl_typesupport_fastrtps_c.h\n'}
[9.629532] (px4_msgs) StdoutLine: {'line': b'-- Up-to-date: /home/em/ros_workspace_2025/nav_ws/install/px4_msgs/include/px4_msgs/px4_msgs/msg/detail/camera_capture__rosidl_typesupport_fastrtps_c.h\n'}
[9.629554] (px4_msgs) StdoutLine: {'line': b'-- Up-to-date: /home/em/ros_workspace_2025/nav_ws/install/px4_msgs/include/px4_msgs/px4_msgs/msg/detail/trajectory_waypoint__rosidl_typesupport_fastrtps_c.h\n'}
[9.629576] (px4_msgs) StdoutLine: {'line': b'-- Up-to-date: /home/em/ros_workspace_2025/nav_ws/install/px4_msgs/include/px4_msgs/px4_msgs/msg/detail/offboard_control_mode__rosidl_typesupport_fastrtps_c.h\n'}
[9.629598] (px4_msgs) StdoutLine: {'line': b'-- Up-to-date: /home/em/ros_workspace_2025/nav_ws/install/px4_msgs/include/px4_msgs/px4_msgs/msg/detail/camera_status__rosidl_typesupport_fastrtps_c.h\n'}
[9.629621] (px4_msgs) StdoutLine: {'line': b'-- Up-to-date: /home/em/ros_workspace_2025/nav_ws/install/px4_msgs/include/px4_msgs/px4_msgs/msg/detail/estimator_event_flags__rosidl_typesupport_fastrtps_c.h\n'}
[9.629642] (px4_msgs) StdoutLine: {'line': b'-- Up-to-date: /home/em/ros_workspace_2025/nav_ws/install/px4_msgs/include/px4_msgs/px4_msgs/msg/detail/estimator_status__rosidl_typesupport_fastrtps_c.h\n'}
[9.629682] (px4_msgs) StdoutLine: {'line': b'-- Up-to-date: /home/em/ros_workspace_2025/nav_ws/install/px4_msgs/include/px4_msgs/px4_msgs/msg/detail/open_drone_id_system__rosidl_typesupport_fastrtps_c.h\n'}
[9.629734] (px4_msgs) StdoutLine: {'line': b'-- Up-to-date: /home/em/ros_workspace_2025/nav_ws/install/px4_msgs/include/px4_msgs/px4_msgs/msg/detail/obstacle_distance__rosidl_typesupport_fastrtps_c.h\n'}
[9.629756] (px4_msgs) StdoutLine: {'line': b'-- Up-to-date: /home/em/ros_workspace_2025/nav_ws/install/px4_msgs/include/px4_msgs/px4_msgs/msg/detail/radio_status__rosidl_typesupport_fastrtps_c.h\n'}
[9.629777] (px4_msgs) StdoutLine: {'line': b'-- Up-to-date: /home/em/ros_workspace_2025/nav_ws/install/px4_msgs/include/px4_msgs/px4_msgs/msg/detail/collision_constraints__rosidl_typesupport_fastrtps_c.h\n'}
[9.629798] (px4_msgs) StdoutLine: {'line': b'-- Up-to-date: /home/em/ros_workspace_2025/nav_ws/install/px4_msgs/include/px4_msgs/px4_msgs/msg/detail/ulog_stream__rosidl_typesupport_fastrtps_c.h\n'}
[9.629820] (px4_msgs) StdoutLine: {'line': b'-- Up-to-date: /home/em/ros_workspace_2025/nav_ws/install/px4_msgs/include/px4_msgs/px4_msgs/msg/detail/actuator_servos_trim__rosidl_typesupport_fastrtps_c.h\n'}
[9.629841] (px4_msgs) StdoutLine: {'line': b'-- Up-to-date: /home/em/ros_workspace_2025/nav_ws/install/px4_msgs/include/px4_msgs/px4_msgs/msg/detail/autotune_attitude_control_status__rosidl_typesupport_fastrtps_c.h\n'}
[9.629863] (px4_msgs) StdoutLine: {'line': b'-- Up-to-date: /home/em/ros_workspace_2025/nav_ws/install/px4_msgs/include/px4_msgs/px4_msgs/msg/detail/differential_pressure__rosidl_typesupport_fastrtps_c.h\n'}
[9.629884] (px4_msgs) StdoutLine: {'line': b'-- Up-to-date: /home/em/ros_workspace_2025/nav_ws/install/px4_msgs/include/px4_msgs/px4_msgs/msg/detail/vehicle_air_data__rosidl_typesupport_fastrtps_c.h\n'}
[9.629905] (px4_msgs) StdoutLine: {'line': b'-- Up-to-date: /home/em/ros_workspace_2025/nav_ws/install/px4_msgs/include/px4_msgs/px4_msgs/msg/detail/arming_check_reply__rosidl_typesupport_fastrtps_c.h\n'}
[9.629956] (px4_msgs) StdoutLine: {'line': b'-- Up-to-date: /home/em/ros_workspace_2025/nav_ws/install/px4_msgs/include/px4_msgs/px4_msgs/msg/detail/rover_ackermann_guidance_status__rosidl_typesupport_fastrtps_c.h\n'}
[9.629979] (px4_msgs) StdoutLine: {'line': b'-- Up-to-date: /home/em/ros_workspace_2025/nav_ws/install/px4_msgs/include/px4_msgs/px4_msgs/msg/detail/rover_differential_setpoint__rosidl_typesupport_fastrtps_c.h\n'}
[9.630000] (px4_msgs) StdoutLine: {'line': b'-- Up-to-date: /home/em/ros_workspace_2025/nav_ws/install/px4_msgs/include/px4_msgs/px4_msgs/msg/detail/distance_sensor_mode_change_request__rosidl_typesupport_fastrtps_c.h\n'}
[9.630022] (px4_msgs) StdoutLine: {'line': b'-- Up-to-date: /home/em/ros_workspace_2025/nav_ws/install/px4_msgs/include/px4_msgs/px4_msgs/msg/detail/airspeed_wind__rosidl_typesupport_fastrtps_c.h\n'}
[9.630043] (px4_msgs) StdoutLine: {'line': b'-- Up-to-date: /home/em/ros_workspace_2025/nav_ws/install/px4_msgs/include/px4_msgs/px4_msgs/msg/detail/uavcan_parameter_value__rosidl_typesupport_fastrtps_c.h\n'}
[9.630065] (px4_msgs) StdoutLine: {'line': b'-- Up-to-date: /home/em/ros_workspace_2025/nav_ws/install/px4_msgs/include/px4_msgs/px4_msgs/msg/detail/actuator_servos__rosidl_typesupport_fastrtps_c.h\n'}
[9.630087] (px4_msgs) StdoutLine: {'line': b'-- Up-to-date: /home/em/ros_workspace_2025/nav_ws/install/px4_msgs/include/px4_msgs/px4_msgs/msg/detail/takeoff_status__rosidl_typesupport_fastrtps_c.h\n'}
[9.630107] (px4_msgs) StdoutLine: {'line': b'-- Up-to-date: /home/em/ros_workspace_2025/nav_ws/install/px4_msgs/include/px4_msgs/px4_msgs/msg/detail/parameter_set_value_request__rosidl_typesupport_fastrtps_c.h\n'}
[9.630128] (px4_msgs) StdoutLine: {'line': b'-- Up-to-date: /home/em/ros_workspace_2025/nav_ws/install/px4_msgs/lib/libpx4_msgs__rosidl_typesupport_fastrtps_c.so\n'}
[9.630150] (px4_msgs) StdoutLine: {'line': b'-- Up-to-date: /home/em/ros_workspace_2025/nav_ws/install/px4_msgs/include/px4_msgs/px4_msgs\n'}
[9.630181] (px4_msgs) StdoutLine: {'line': b'-- Up-to-date: /home/em/ros_workspace_2025/nav_ws/install/px4_msgs/include/px4_msgs/px4_msgs/srv\n'}
[9.630205] (px4_msgs) StdoutLine: {'line': b'-- Up-to-date: /home/em/ros_workspace_2025/nav_ws/install/px4_msgs/include/px4_msgs/px4_msgs/srv/vehicle_command.hpp\n'}
[9.630228] (px4_msgs) StdoutLine: {'line': b'-- Up-to-date: /home/em/ros_workspace_2025/nav_ws/install/px4_msgs/include/px4_msgs/px4_msgs/srv/detail\n'}
[9.630273] (px4_msgs) StdoutLine: {'line': b'-- Up-to-date: /home/em/ros_workspace_2025/nav_ws/install/px4_msgs/include/px4_msgs/px4_msgs/srv/detail/vehicle_command__traits.hpp\n'}
[9.630304] (px4_msgs) StdoutLine: {'line': b'-- Up-to-date: /home/em/ros_workspace_2025/nav_ws/install/px4_msgs/include/px4_msgs/px4_msgs/srv/detail/vehicle_command__builder.hpp\n'}
[9.630335] (px4_msgs) StdoutLine: {'line': b'-- Up-to-date: /home/em/ros_workspace_2025/nav_ws/install/px4_msgs/include/px4_msgs/px4_msgs/srv/detail/vehicle_command__struct.hpp\n'}
[9.630376] (px4_msgs) StdoutLine: {'line': b'-- Up-to-date: /home/em/ros_workspace_2025/nav_ws/install/px4_msgs/include/px4_msgs/px4_msgs/msg\n'}
[9.630410] (px4_msgs) StdoutLine: {'line': b'-- Up-to-date: /home/em/ros_workspace_2025/nav_ws/install/px4_msgs/include/px4_msgs/px4_msgs/msg/tecs_status.hpp\n'}
[9.630507] (px4_msgs) StdoutLine: {'line': b'-- Up-to-date: /home/em/ros_workspace_2025/nav_ws/install/px4_msgs/include/px4_msgs/px4_msgs/msg/parameter_set_value_response.hpp\n'}
[9.630532] (px4_msgs) StdoutLine: {'line': b'-- Up-to-date: /home/em/ros_workspace_2025/nav_ws/install/px4_msgs/include/px4_msgs/px4_msgs/msg/event.hpp\n'}
[9.630570] (px4_msgs) StdoutLine: {'line': b'-- Up-to-date: /home/em/ros_workspace_2025/nav_ws/install/px4_msgs/include/px4_msgs/px4_msgs/msg/vehicle_thrust_setpoint.hpp\n'}
[9.630594] (px4_msgs) StdoutLine: {'line': b'-- Up-to-date: /home/em/ros_workspace_2025/nav_ws/install/px4_msgs/include/px4_msgs/px4_msgs/msg/vehicle_trajectory_waypoint.hpp\n'}
[9.630617] (px4_msgs) StdoutLine: {'line': b'-- Up-to-date: /home/em/ros_workspace_2025/nav_ws/install/px4_msgs/include/px4_msgs/px4_msgs/msg/estimator_innovations.hpp\n'}
[9.630641] (px4_msgs) StdoutLine: {'line': b'-- Up-to-date: /home/em/ros_workspace_2025/nav_ws/install/px4_msgs/include/px4_msgs/px4_msgs/msg/estimator_bias3d.hpp\n'}
[9.630664] (px4_msgs) StdoutLine: {'line': b'-- Up-to-date: /home/em/ros_workspace_2025/nav_ws/install/px4_msgs/include/px4_msgs/px4_msgs/msg/gps_dump.hpp\n'}
[9.630687] (px4_msgs) StdoutLine: {'line': b'-- Up-to-date: /home/em/ros_workspace_2025/nav_ws/install/px4_msgs/include/px4_msgs/px4_msgs/msg/distance_sensor.hpp\n'}
[9.630728] (px4_msgs) StdoutLine: {'line': b'-- Up-to-date: /home/em/ros_workspace_2025/nav_ws/install/px4_msgs/include/px4_msgs/px4_msgs/msg/failure_detector_status.hpp\n'}
[9.630784] (px4_msgs) StdoutLine: {'line': b'-- Up-to-date: /home/em/ros_workspace_2025/nav_ws/install/px4_msgs/include/px4_msgs/px4_msgs/msg/sensor_gyro_fifo.hpp\n'}
[9.630808] (px4_msgs) StdoutLine: {'line': b'-- Up-to-date: /home/em/ros_workspace_2025/nav_ws/install/px4_msgs/include/px4_msgs/px4_msgs/msg/open_drone_id_system.hpp\n'}
[9.630832] (px4_msgs) StdoutLine: {'line': b'-- Up-to-date: /home/em/ros_workspace_2025/nav_ws/install/px4_msgs/include/px4_msgs/px4_msgs/msg/vehicle_command_ack.hpp\n'}
[9.630855] (px4_msgs) StdoutLine: {'line': b'-- Up-to-date: /home/em/ros_workspace_2025/nav_ws/install/px4_msgs/include/px4_msgs/px4_msgs/msg/button_event.hpp\n'}
[9.630878] (px4_msgs) StdoutLine: {'line': b'-- Up-to-date: /home/em/ros_workspace_2025/nav_ws/install/px4_msgs/include/px4_msgs/px4_msgs/msg/unregister_ext_component.hpp\n'}
[9.630919] (px4_msgs) StdoutLine: {'line': b'-- Up-to-date: /home/em/ros_workspace_2025/nav_ws/install/px4_msgs/include/px4_msgs/px4_msgs/msg/actuator_motors.hpp\n'}
[9.630941] (px4_msgs) StdoutLine: {'line': b'-- Up-to-date: /home/em/ros_workspace_2025/nav_ws/install/px4_msgs/include/px4_msgs/px4_msgs/msg/orb_test.hpp\n'}
[9.630963] (px4_msgs) StdoutLine: {'line': b'-- Up-to-date: /home/em/ros_workspace_2025/nav_ws/install/px4_msgs/include/px4_msgs/px4_msgs/msg/vehicle_global_position.hpp\n'}
[9.630987] (px4_msgs) StdoutLine: {'line': b'-- Up-to-date: /home/em/ros_workspace_2025/nav_ws/install/px4_msgs/include/px4_msgs/px4_msgs/msg/open_drone_id_arm_status.hpp\n'}
[9.631009] (px4_msgs) StdoutLine: {'line': b'-- Up-to-date: /home/em/ros_workspace_2025/nav_ws/install/px4_msgs/include/px4_msgs/px4_msgs/msg/estimator_sensor_bias.hpp\n'}
[9.631030] (px4_msgs) StdoutLine: {'line': b'-- Up-to-date: /home/em/ros_workspace_2025/nav_ws/install/px4_msgs/include/px4_msgs/px4_msgs/msg/home_position.hpp\n'}
[9.631052] (px4_msgs) StdoutLine: {'line': b'-- Up-to-date: /home/em/ros_workspace_2025/nav_ws/install/px4_msgs/include/px4_msgs/px4_msgs/msg/logger_status.hpp\n'}
[9.631073] (px4_msgs) StdoutLine: {'line': b'-- Up-to-date: /home/em/ros_workspace_2025/nav_ws/install/px4_msgs/include/px4_msgs/px4_msgs/msg/vehicle_local_position_setpoint.hpp\n'}
[9.631095] (px4_msgs) StdoutLine: {'line': b'-- Up-to-date: /home/em/ros_workspace_2025/nav_ws/install/px4_msgs/include/px4_msgs/px4_msgs/msg/rc_parameter_map.hpp\n'}
[9.631117] (px4_msgs) StdoutLine: {'line': b'-- Up-to-date: /home/em/ros_workspace_2025/nav_ws/install/px4_msgs/include/px4_msgs/px4_msgs/msg/orb_test_medium.hpp\n'}
[9.631138] (px4_msgs) StdoutLine: {'line': b'-- Up-to-date: /home/em/ros_workspace_2025/nav_ws/install/px4_msgs/include/px4_msgs/px4_msgs/msg/vehicle_local_position.hpp\n'}
[9.631160] (px4_msgs) StdoutLine: {'line': b'-- Up-to-date: /home/em/ros_workspace_2025/nav_ws/install/px4_msgs/include/px4_msgs/px4_msgs/msg/tune_control.hpp\n'}
[9.631183] (px4_msgs) StdoutLine: {'line': b'-- Up-to-date: /home/em/ros_workspace_2025/nav_ws/install/px4_msgs/include/px4_msgs/px4_msgs/msg/estimator_status_flags.hpp\n'}
[9.631205] (px4_msgs) StdoutLine: {'line': b'-- Up-to-date: /home/em/ros_workspace_2025/nav_ws/install/px4_msgs/include/px4_msgs/px4_msgs/msg/position_setpoint.hpp\n'}
[9.631226] (px4_msgs) StdoutLine: {'line': b'-- Up-to-date: /home/em/ros_workspace_2025/nav_ws/install/px4_msgs/include/px4_msgs/px4_msgs/msg/vehicle_torque_setpoint.hpp\n'}
[9.631248] (px4_msgs) StdoutLine: {'line': b'-- Up-to-date: /home/em/ros_workspace_2025/nav_ws/install/px4_msgs/include/px4_msgs/px4_msgs/msg/gimbal_device_information.hpp\n'}
[9.631269] (px4_msgs) StdoutLine: {'line': b'-- Up-to-date: /home/em/ros_workspace_2025/nav_ws/install/px4_msgs/include/px4_msgs/px4_msgs/msg/onboard_computer_status.hpp\n'}
[9.631297] (px4_msgs) StdoutLine: {'line': b'-- Up-to-date: /home/em/ros_workspace_2025/nav_ws/install/px4_msgs/include/px4_msgs/px4_msgs/msg/navigator_mission_item.hpp\n'}
[9.631321] (px4_msgs) StdoutLine: {'line': b'-- Up-to-date: /home/em/ros_workspace_2025/nav_ws/install/px4_msgs/include/px4_msgs/px4_msgs/msg/launch_detection_status.hpp\n'}
[9.631344] (px4_msgs) StdoutLine: {'line': b'-- Up-to-date: /home/em/ros_workspace_2025/nav_ws/install/px4_msgs/include/px4_msgs/px4_msgs/msg/sensor_airflow.hpp\n'}
[9.631378] (px4_msgs) StdoutLine: {'line': b'-- Up-to-date: /home/em/ros_workspace_2025/nav_ws/install/px4_msgs/include/px4_msgs/px4_msgs/msg/follow_target_estimator.hpp\n'}
[9.631417] (px4_msgs) StdoutLine: {'line': b'-- Up-to-date: /home/em/ros_workspace_2025/nav_ws/install/px4_msgs/include/px4_msgs/px4_msgs/msg/actuator_outputs.hpp\n'}
[9.631458] (px4_msgs) StdoutLine: {'line': b'-- Up-to-date: /home/em/ros_workspace_2025/nav_ws/install/px4_msgs/include/px4_msgs/px4_msgs/msg/iridiumsbd_status.hpp\n'}
[9.631498] (px4_msgs) StdoutLine: {'line': b'-- Up-to-date: /home/em/ros_workspace_2025/nav_ws/install/px4_msgs/include/px4_msgs/px4_msgs/msg/actuator_controls_status.hpp\n'}
[9.631727] (px4_msgs) StdoutLine: {'line': b'-- Up-to-date: /home/em/ros_workspace_2025/nav_ws/install/px4_msgs/include/px4_msgs/px4_msgs/msg/telemetry_status.hpp\n'}
[9.632362] (px4_msgs) StdoutLine: {'line': b'-- Up-to-date: /home/em/ros_workspace_2025/nav_ws/install/px4_msgs/include/px4_msgs/px4_msgs/msg/vehicle_acceleration.hpp\n'}
[9.632523] (px4_msgs) StdoutLine: {'line': b'-- Up-to-date: /home/em/ros_workspace_2025/nav_ws/install/px4_msgs/include/px4_msgs/px4_msgs/msg/offboard_control_mode.hpp\n'}
[9.632624] (px4_msgs) StdoutLine: {'line': b'-- Up-to-date: /home/em/ros_workspace_2025/nav_ws/install/px4_msgs/include/px4_msgs/px4_msgs/msg/landing_gear_wheel.hpp\n'}
[9.632725] (px4_msgs) StdoutLine: {'line': b'-- Up-to-date: /home/em/ros_workspace_2025/nav_ws/install/px4_msgs/include/px4_msgs/px4_msgs/msg/landing_target_innovations.hpp\n'}
[9.632826] (px4_msgs) StdoutLine: {'line': b'-- Up-to-date: /home/em/ros_workspace_2025/nav_ws/install/px4_msgs/include/px4_msgs/px4_msgs/msg/power_button_state.hpp\n'}
[9.632923] (px4_msgs) StdoutLine: {'line': b'-- Up-to-date: /home/em/ros_workspace_2025/nav_ws/install/px4_msgs/include/px4_msgs/px4_msgs/msg/qshell_retval.hpp\n'}
[9.633017] (px4_msgs) StdoutLine: {'line': b'-- Up-to-date: /home/em/ros_workspace_2025/nav_ws/install/px4_msgs/include/px4_msgs/px4_msgs/msg/ulog_stream_ack.hpp\n'}
[9.633109] (px4_msgs) StdoutLine: {'line': b'-- Up-to-date: /home/em/ros_workspace_2025/nav_ws/install/px4_msgs/include/px4_msgs/px4_msgs/msg/differential_pressure.hpp\n'}
[9.633200] (px4_msgs) StdoutLine: {'line': b'-- Up-to-date: /home/em/ros_workspace_2025/nav_ws/install/px4_msgs/include/px4_msgs/px4_msgs/msg/distance_sensor_mode_change_request.hpp\n'}
[9.633303] (px4_msgs) StdoutLine: {'line': b'-- Up-to-date: /home/em/ros_workspace_2025/nav_ws/install/px4_msgs/include/px4_msgs/px4_msgs/msg/cellular_status.hpp\n'}
[9.633398] (px4_msgs) StdoutLine: {'line': b'-- Up-to-date: /home/em/ros_workspace_2025/nav_ws/install/px4_msgs/include/px4_msgs/px4_msgs/msg/follow_target.hpp\n'}
[9.633485] (px4_msgs) StdoutLine: {'line': b'-- Up-to-date: /home/em/ros_workspace_2025/nav_ws/install/px4_msgs/include/px4_msgs/px4_msgs/msg/gpio_request.hpp\n'}
[9.633572] (px4_msgs) StdoutLine: {'line': b'-- Up-to-date: /home/em/ros_workspace_2025/nav_ws/install/px4_msgs/include/px4_msgs/px4_msgs/msg/rover_mecanum_status.hpp\n'}
[9.633659] (px4_msgs) StdoutLine: {'line': b'-- Up-to-date: /home/em/ros_workspace_2025/nav_ws/install/px4_msgs/include/px4_msgs/px4_msgs/msg/velocity_limits.hpp\n'}
[9.633750] (px4_msgs) StdoutLine: {'line': b'-- Up-to-date: /home/em/ros_workspace_2025/nav_ws/install/px4_msgs/include/px4_msgs/px4_msgs/msg/register_ext_component_reply.hpp\n'}
[9.633832] (px4_msgs) StdoutLine: {'line': b'-- Up-to-date: /home/em/ros_workspace_2025/nav_ws/install/px4_msgs/include/px4_msgs/px4_msgs/msg/uavcan_parameter_request.hpp\n'}
[9.633897] (px4_msgs) StdoutLine: {'line': b'-- Up-to-date: /home/em/ros_workspace_2025/nav_ws/install/px4_msgs/include/px4_msgs/px4_msgs/msg/estimator_event_flags.hpp\n'}
[9.633952] (px4_msgs) StdoutLine: {'line': b'-- Up-to-date: /home/em/ros_workspace_2025/nav_ws/install/px4_msgs/include/px4_msgs/px4_msgs/msg/tiltrotor_extra_controls.hpp\n'}
[9.634006] (px4_msgs) StdoutLine: {'line': b'-- Up-to-date: /home/em/ros_workspace_2025/nav_ws/install/px4_msgs/include/px4_msgs/px4_msgs/msg/arming_check_request.hpp\n'}
[9.634059] (px4_msgs) StdoutLine: {'line': b'-- Up-to-date: /home/em/ros_workspace_2025/nav_ws/install/px4_msgs/include/px4_msgs/px4_msgs/msg/vehicle_optical_flow_vel.hpp\n'}
[9.634111] (px4_msgs) StdoutLine: {'line': b'-- Up-to-date: /home/em/ros_workspace_2025/nav_ws/install/px4_msgs/include/px4_msgs/px4_msgs/msg/pps_capture.hpp\n'}
[9.634164] (px4_msgs) StdoutLine: {'line': b'-- Up-to-date: /home/em/ros_workspace_2025/nav_ws/install/px4_msgs/include/px4_msgs/px4_msgs/msg/actuator_test.hpp\n'}
[9.634216] (px4_msgs) StdoutLine: {'line': b'-- Up-to-date: /home/em/ros_workspace_2025/nav_ws/install/px4_msgs/include/px4_msgs/px4_msgs/msg/open_drone_id_operator_id.hpp\n'}
[9.634268] (px4_msgs) StdoutLine: {'line': b'-- Up-to-date: /home/em/ros_workspace_2025/nav_ws/install/px4_msgs/include/px4_msgs/px4_msgs/msg/rover_ackermann_setpoint.hpp\n'}
[9.634333] (px4_msgs) StdoutLine: {'line': b'-- Up-to-date: /home/em/ros_workspace_2025/nav_ws/install/px4_msgs/include/px4_msgs/px4_msgs/msg/vehicle_roi.hpp\n'}
[9.634452] (px4_msgs) StdoutLine: {'line': b'-- Up-to-date: /home/em/ros_workspace_2025/nav_ws/install/px4_msgs/include/px4_msgs/px4_msgs/msg/wheel_encoders.hpp\n'}
[9.634508] (px4_msgs) StdoutLine: {'line': b'-- Up-to-date: /home/em/ros_workspace_2025/nav_ws/install/px4_msgs/include/px4_msgs/px4_msgs/msg/satellite_info.hpp\n'}
[9.634535] (px4_msgs) StdoutLine: {'line': b'-- Up-to-date: /home/em/ros_workspace_2025/nav_ws/install/px4_msgs/include/px4_msgs/px4_msgs/msg/debug_key_value.hpp\n'}
[9.634560] (px4_msgs) StdoutLine: {'line': b'-- Up-to-date: /home/em/ros_workspace_2025/nav_ws/install/px4_msgs/include/px4_msgs/px4_msgs/msg/vehicle_odometry.hpp\n'}
[9.634584] (px4_msgs) StdoutLine: {'line': b'-- Up-to-date: /home/em/ros_workspace_2025/nav_ws/install/px4_msgs/include/px4_msgs/px4_msgs/msg/manual_control_setpoint.hpp\n'}
[9.634607] (px4_msgs) StdoutLine: {'line': b'-- Up-to-date: /home/em/ros_workspace_2025/nav_ws/install/px4_msgs/include/px4_msgs/px4_msgs/msg/estimator_aid_source1d.hpp\n'}
[9.634629] (px4_msgs) StdoutLine: {'line': b'-- Up-to-date: /home/em/ros_workspace_2025/nav_ws/install/px4_msgs/include/px4_msgs/px4_msgs/msg/pwm_input.hpp\n'}
[9.634651] (px4_msgs) StdoutLine: {'line': b'-- Up-to-date: /home/em/ros_workspace_2025/nav_ws/install/px4_msgs/include/px4_msgs/px4_msgs/msg/airspeed.hpp\n'}
[9.634674] (px4_msgs) StdoutLine: {'line': b'-- Up-to-date: /home/em/ros_workspace_2025/nav_ws/install/px4_msgs/include/px4_msgs/px4_msgs/msg/esc_status.hpp\n'}
[9.634698] (px4_msgs) StdoutLine: {'line': b'-- Up-to-date: /home/em/ros_workspace_2025/nav_ws/install/px4_msgs/include/px4_msgs/px4_msgs/msg/esc_report.hpp\n'}
[9.634720] (px4_msgs) StdoutLine: {'line': b'-- Up-to-date: /home/em/ros_workspace_2025/nav_ws/install/px4_msgs/include/px4_msgs/px4_msgs/msg/sensor_uwb.hpp\n'}
[9.634742] (px4_msgs) StdoutLine: {'line': b'-- Up-to-date: /home/em/ros_workspace_2025/nav_ws/install/px4_msgs/include/px4_msgs/px4_msgs/msg/vtol_vehicle_status.hpp\n'}
[9.634766] (px4_msgs) StdoutLine: {'line': b'-- Up-to-date: /home/em/ros_workspace_2025/nav_ws/install/px4_msgs/include/px4_msgs/px4_msgs/msg/input_rc.hpp\n'}
[9.634786] (px4_msgs) StdoutLine: {'line': b'-- Up-to-date: /home/em/ros_workspace_2025/nav_ws/install/px4_msgs/include/px4_msgs/px4_msgs/msg/rover_differential_status.hpp\n'}
[9.634807] (px4_msgs) StdoutLine: {'line': b'-- Up-to-date: /home/em/ros_workspace_2025/nav_ws/install/px4_msgs/include/px4_msgs/px4_msgs/msg/health_report.hpp\n'}
[9.634828] (px4_msgs) StdoutLine: {'line': b'-- Up-to-date: /home/em/ros_workspace_2025/nav_ws/install/px4_msgs/include/px4_msgs/px4_msgs/msg/manual_control_switches.hpp\n'}
[9.634849] (px4_msgs) StdoutLine: {'line': b'-- Up-to-date: /home/em/ros_workspace_2025/nav_ws/install/px4_msgs/include/px4_msgs/px4_msgs/msg/rover_ackermann_guidance_status.hpp\n'}
[9.634870] (px4_msgs) StdoutLine: {'line': b'-- Up-to-date: /home/em/ros_workspace_2025/nav_ws/install/px4_msgs/include/px4_msgs/px4_msgs/msg/gps_inject_data.hpp\n'}
[9.634894] (px4_msgs) StdoutLine: {'line': b'-- Up-to-date: /home/em/ros_workspace_2025/nav_ws/install/px4_msgs/include/px4_msgs/px4_msgs/msg/gimbal_manager_status.hpp\n'}
[9.634914] (px4_msgs) StdoutLine: {'line': b'-- Up-to-date: /home/em/ros_workspace_2025/nav_ws/install/px4_msgs/include/px4_msgs/px4_msgs/msg/control_allocator_status.hpp\n'}
[9.634934] (px4_msgs) StdoutLine: {'line': b'-- Up-to-date: /home/em/ros_workspace_2025/nav_ws/install/px4_msgs/include/px4_msgs/px4_msgs/msg/landing_target_pose.hpp\n'}
[9.634954] (px4_msgs) StdoutLine: {'line': b'-- Up-to-date: /home/em/ros_workspace_2025/nav_ws/install/px4_msgs/include/px4_msgs/px4_msgs/msg/geofence_result.hpp\n'}
[9.634973] (px4_msgs) StdoutLine: {'line': b'-- Up-to-date: /home/em/ros_workspace_2025/nav_ws/install/px4_msgs/include/px4_msgs/px4_msgs/msg/rtl_status.hpp\n'}
[9.634993] (px4_msgs) StdoutLine: {'line': b'-- Up-to-date: /home/em/ros_workspace_2025/nav_ws/install/px4_msgs/include/px4_msgs/px4_msgs/msg/vehicle_magnetometer.hpp\n'}
[9.635014] (px4_msgs) StdoutLine: {'line': b'-- Up-to-date: /home/em/ros_workspace_2025/nav_ws/install/px4_msgs/include/px4_msgs/px4_msgs/msg/gpio_out.hpp\n'}
[9.635037] (px4_msgs) StdoutLine: {'line': b'-- Up-to-date: /home/em/ros_workspace_2025/nav_ws/install/px4_msgs/include/px4_msgs/px4_msgs/msg/gimbal_controls.hpp\n'}
[9.635057] (px4_msgs) StdoutLine: {'line': b'-- Up-to-date: /home/em/ros_workspace_2025/nav_ws/install/px4_msgs/include/px4_msgs/px4_msgs/msg/obstacle_distance.hpp\n'}
[9.635078] (px4_msgs) StdoutLine: {'line': b'-- Up-to-date: /home/em/ros_workspace_2025/nav_ws/install/px4_msgs/include/px4_msgs/px4_msgs/msg/collision_constraints.hpp\n'}
[9.635098] (px4_msgs) StdoutLine: {'line': b'-- Up-to-date: /home/em/ros_workspace_2025/nav_ws/install/px4_msgs/include/px4_msgs/px4_msgs/msg/gpio_in.hpp\n'}
[9.635123] (px4_msgs) StdoutLine: {'line': b'-- Up-to-date: /home/em/ros_workspace_2025/nav_ws/install/px4_msgs/include/px4_msgs/px4_msgs/msg/trajectory_waypoint.hpp\n'}
[9.635142] (px4_msgs) StdoutLine: {'line': b'-- Up-to-date: /home/em/ros_workspace_2025/nav_ws/install/px4_msgs/include/px4_msgs/px4_msgs/msg/vehicle_imu_status.hpp\n'}
[9.635164] (px4_msgs) StdoutLine: {'line': b'-- Up-to-date: /home/em/ros_workspace_2025/nav_ws/install/px4_msgs/include/px4_msgs/px4_msgs/msg/failsafe_flags.hpp\n'}
[9.635183] (px4_msgs) StdoutLine: {'line': b'-- Up-to-date: /home/em/ros_workspace_2025/nav_ws/install/px4_msgs/include/px4_msgs/px4_msgs/msg/vehicle_optical_flow.hpp\n'}
[9.635203] (px4_msgs) StdoutLine: {'line': b'-- Up-to-date: /home/em/ros_workspace_2025/nav_ws/install/px4_msgs/include/px4_msgs/px4_msgs/msg/action_request.hpp\n'}
[9.635222] (px4_msgs) StdoutLine: {'line': b'-- Up-to-date: /home/em/ros_workspace_2025/nav_ws/install/px4_msgs/include/px4_msgs/px4_msgs/msg/power_monitor.hpp\n'}
[9.635242] (px4_msgs) StdoutLine: {'line': b'-- Up-to-date: /home/em/ros_workspace_2025/nav_ws/install/px4_msgs/include/px4_msgs/px4_msgs/msg/px4io_status.hpp\n'}
[9.635267] (px4_msgs) StdoutLine: {'line': b'-- Up-to-date: /home/em/ros_workspace_2025/nav_ws/install/px4_msgs/include/px4_msgs/px4_msgs/msg/rover_differential_guidance_status.hpp\n'}
[9.635296] (px4_msgs) StdoutLine: {'line': b'-- Up-to-date: /home/em/ros_workspace_2025/nav_ws/install/px4_msgs/include/px4_msgs/px4_msgs/msg/debug_vect.hpp\n'}
[9.635318] (px4_msgs) StdoutLine: {'line': b'-- Up-to-date: /home/em/ros_workspace_2025/nav_ws/install/px4_msgs/include/px4_msgs/px4_msgs/msg/gpio_config.hpp\n'}
[9.635340] (px4_msgs) StdoutLine: {'line': b'-- Up-to-date: /home/em/ros_workspace_2025/nav_ws/install/px4_msgs/include/px4_msgs/px4_msgs/msg/heater_status.hpp\n'}
[9.635372] (px4_msgs) StdoutLine: {'line': b'-- Up-to-date: /home/em/ros_workspace_2025/nav_ws/install/px4_msgs/include/px4_msgs/px4_msgs/msg/position_setpoint_triplet.hpp\n'}
[9.635407] (px4_msgs) StdoutLine: {'line': b'-- Up-to-date: /home/em/ros_workspace_2025/nav_ws/install/px4_msgs/include/px4_msgs/px4_msgs/msg/parameter_set_value_request.hpp\n'}
[9.635447] (px4_msgs) StdoutLine: {'line': b'-- Up-to-date: /home/em/ros_workspace_2025/nav_ws/install/px4_msgs/include/px4_msgs/px4_msgs/msg/message_format_request.hpp\n'}
[9.635479] (px4_msgs) StdoutLine: {'line': b'-- Up-to-date: /home/em/ros_workspace_2025/nav_ws/install/px4_msgs/include/px4_msgs/px4_msgs/msg/adc_report.hpp\n'}
[9.635503] (px4_msgs) StdoutLine: {'line': b'-- Up-to-date: /home/em/ros_workspace_2025/nav_ws/install/px4_msgs/include/px4_msgs/px4_msgs/msg/task_stack_info.hpp\n'}
[9.635526] (px4_msgs) StdoutLine: {'line': b'-- Up-to-date: /home/em/ros_workspace_2025/nav_ws/install/px4_msgs/include/px4_msgs/px4_msgs/msg/sensor_gyro_fft.hpp\n'}
[9.635547] (px4_msgs) StdoutLine: {'line': b'-- Up-to-date: /home/em/ros_workspace_2025/nav_ws/install/px4_msgs/include/px4_msgs/px4_msgs/msg/vehicle_angular_acceleration_setpoint.hpp\n'}
[9.635568] (px4_msgs) StdoutLine: {'line': b'-- Up-to-date: /home/em/ros_workspace_2025/nav_ws/install/px4_msgs/include/px4_msgs/px4_msgs/msg/debug_value.hpp\n'}
[9.635590] (px4_msgs) StdoutLine: {'line': b'-- Up-to-date: /home/em/ros_workspace_2025/nav_ws/install/px4_msgs/include/px4_msgs/px4_msgs/msg/airspeed_validated.hpp\n'}
[9.635611] (px4_msgs) StdoutLine: {'line': b'-- Up-to-date: /home/em/ros_workspace_2025/nav_ws/install/px4_msgs/include/px4_msgs/px4_msgs/msg/open_drone_id_self_id.hpp\n'}
[9.635635] (px4_msgs) StdoutLine: {'line': b'-- Up-to-date: /home/em/ros_workspace_2025/nav_ws/install/px4_msgs/include/px4_msgs/px4_msgs/msg/rpm.hpp\n'}
[9.635655] (px4_msgs) StdoutLine: {'line': b'-- Up-to-date: /home/em/ros_workspace_2025/nav_ws/install/px4_msgs/include/px4_msgs/px4_msgs/msg/vehicle_land_detected.hpp\n'}
[9.635678] (px4_msgs) StdoutLine: {'line': b'-- Up-to-date: /home/em/ros_workspace_2025/nav_ws/install/px4_msgs/include/px4_msgs/px4_msgs/msg/ulog_stream.hpp\n'}
[9.635699] (px4_msgs) StdoutLine: {'line': b'-- Up-to-date: /home/em/ros_workspace_2025/nav_ws/install/px4_msgs/include/px4_msgs/px4_msgs/msg/led_control.hpp\n'}
[9.635719] (px4_msgs) StdoutLine: {'line': b'-- Up-to-date: /home/em/ros_workspace_2025/nav_ws/install/px4_msgs/include/px4_msgs/px4_msgs/msg/parameter_reset_request.hpp\n'}
[9.635739] (px4_msgs) StdoutLine: {'line': b'-- Up-to-date: /home/em/ros_workspace_2025/nav_ws/install/px4_msgs/include/px4_msgs/px4_msgs/msg/config_overrides.hpp\n'}
[9.635759] (px4_msgs) StdoutLine: {'line': b'-- Up-to-date: /home/em/ros_workspace_2025/nav_ws/install/px4_msgs/include/px4_msgs/px4_msgs/msg/vehicle_trajectory_bezier.hpp\n'}
[9.635779] (px4_msgs) StdoutLine: {'line': b'-- Up-to-date: /home/em/ros_workspace_2025/nav_ws/install/px4_msgs/include/px4_msgs/px4_msgs/msg/figure_eight_status.hpp\n'}
[9.635800] (px4_msgs) StdoutLine: {'line': b'-- Up-to-date: /home/em/ros_workspace_2025/nav_ws/install/px4_msgs/include/px4_msgs/px4_msgs/msg/rover_differential_setpoint.hpp\n'}
[9.635822] (px4_msgs) StdoutLine: {'line': b'-- Up-to-date: /home/em/ros_workspace_2025/nav_ws/install/px4_msgs/include/px4_msgs/px4_msgs/msg/sensor_gyro.hpp\n'}
[9.635841] (px4_msgs) StdoutLine: {'line': b'-- Up-to-date: /home/em/ros_workspace_2025/nav_ws/install/px4_msgs/include/px4_msgs/px4_msgs/msg/sensor_accel_fifo.hpp\n'}
[9.635861] (px4_msgs) StdoutLine: {'line': b'-- Up-to-date: /home/em/ros_workspace_2025/nav_ws/install/px4_msgs/include/px4_msgs/px4_msgs/msg/position_controller_status.hpp\n'}
[9.635879] (px4_msgs) StdoutLine: {'line': b'-- Up-to-date: /home/em/ros_workspace_2025/nav_ws/install/px4_msgs/include/px4_msgs/px4_msgs/msg/camera_trigger.hpp\n'}
[9.635900] (px4_msgs) StdoutLine: {'line': b'-- Up-to-date: /home/em/ros_workspace_2025/nav_ws/install/px4_msgs/include/px4_msgs/px4_msgs/msg/radio_status.hpp\n'}
[9.635920] (px4_msgs) StdoutLine: {'line': b'-- Up-to-date: /home/em/ros_workspace_2025/nav_ws/install/px4_msgs/include/px4_msgs/px4_msgs/msg/normalized_unsigned_setpoint.hpp\n'}
[9.635939] (px4_msgs) StdoutLine: {'line': b'-- Up-to-date: /home/em/ros_workspace_2025/nav_ws/install/px4_msgs/include/px4_msgs/px4_msgs/msg/sensor_correction.hpp\n'}
[9.635959] (-) TimerEvent: {}
[9.636012] (px4_msgs) StdoutLine: {'line': b'-- Up-to-date: /home/em/ros_workspace_2025/nav_ws/install/px4_msgs/include/px4_msgs/px4_msgs/msg/parameter_update.hpp\n'}
[9.636040] (px4_msgs) StdoutLine: {'line': b'-- Up-to-date: /home/em/ros_workspace_2025/nav_ws/install/px4_msgs/include/px4_msgs/px4_msgs/msg/log_message.hpp\n'}
[9.636062] (px4_msgs) StdoutLine: {'line': b'-- Up-to-date: /home/em/ros_workspace_2025/nav_ws/install/px4_msgs/include/px4_msgs/px4_msgs/msg/ping.hpp\n'}
[9.636084] (px4_msgs) StdoutLine: {'line': b'-- Up-to-date: /home/em/ros_workspace_2025/nav_ws/install/px4_msgs/include/px4_msgs/px4_msgs/msg/trajectory_setpoint.hpp\n'}
[9.636109] (px4_msgs) StdoutLine: {'line': b'-- Up-to-date: /home/em/ros_workspace_2025/nav_ws/install/px4_msgs/include/px4_msgs/px4_msgs/msg/sensor_selection.hpp\n'}
[9.636131] (px4_msgs) StdoutLine: {'line': b'-- Up-to-date: /home/em/ros_workspace_2025/nav_ws/install/px4_msgs/include/px4_msgs/px4_msgs/msg/vehicle_imu.hpp\n'}
[9.636152] (px4_msgs) StdoutLine: {'line': b'-- Up-to-date: /home/em/ros_workspace_2025/nav_ws/install/px4_msgs/include/px4_msgs/px4_msgs/msg/sensor_mag.hpp\n'}
[9.636172] (px4_msgs) StdoutLine: {'line': b'-- Up-to-date: /home/em/ros_workspace_2025/nav_ws/install/px4_msgs/include/px4_msgs/px4_msgs/msg/sensor_gnss_relative.hpp\n'}
[9.636195] (px4_msgs) StdoutLine: {'line': b'-- Up-to-date: /home/em/ros_workspace_2025/nav_ws/install/px4_msgs/include/px4_msgs/px4_msgs/msg/vehicle_command.hpp\n'}
[9.636216] (px4_msgs) StdoutLine: {'line': b'-- Up-to-date: /home/em/ros_workspace_2025/nav_ws/install/px4_msgs/include/px4_msgs/px4_msgs/msg/estimator_aid_source2d.hpp\n'}
[9.636237] (px4_msgs) StdoutLine: {'line': b'-- Up-to-date: /home/em/ros_workspace_2025/nav_ws/install/px4_msgs/include/px4_msgs/px4_msgs/msg/mavlink_log.hpp\n'}
[9.636258] (px4_msgs) StdoutLine: {'line': b'-- Up-to-date: /home/em/ros_workspace_2025/nav_ws/install/px4_msgs/include/px4_msgs/px4_msgs/msg/sensor_accel.hpp\n'}
[9.636286] (px4_msgs) StdoutLine: {'line': b'-- Up-to-date: /home/em/ros_workspace_2025/nav_ws/install/px4_msgs/include/px4_msgs/px4_msgs/msg/takeoff_status.hpp\n'}
[9.636311] (px4_msgs) StdoutLine: {'line': b'-- Up-to-date: /home/em/ros_workspace_2025/nav_ws/install/px4_msgs/include/px4_msgs/px4_msgs/msg/parameter_set_used_request.hpp\n'}
[9.636332] (px4_msgs) StdoutLine: {'line': b'-- Up-to-date: /home/em/ros_workspace_2025/nav_ws/install/px4_msgs/include/px4_msgs/px4_msgs/msg/position_controller_landing_status.hpp\n'}
[9.636353] (px4_msgs) StdoutLine: {'line': b'-- Up-to-date: /home/em/ros_workspace_2025/nav_ws/install/px4_msgs/include/px4_msgs/px4_msgs/msg/vehicle_constraints.hpp\n'}
[9.636374] (px4_msgs) StdoutLine: {'line': b'-- Up-to-date: /home/em/ros_workspace_2025/nav_ws/install/px4_msgs/include/px4_msgs/px4_msgs/msg/transponder_report.hpp\n'}
[9.636395] (px4_msgs) StdoutLine: {'line': b'-- Up-to-date: /home/em/ros_workspace_2025/nav_ws/install/px4_msgs/include/px4_msgs/px4_msgs/msg/message_format_response.hpp\n'}
[9.636417] (px4_msgs) StdoutLine: {'line': b'-- Up-to-date: /home/em/ros_workspace_2025/nav_ws/install/px4_msgs/include/px4_msgs/px4_msgs/msg/rover_mecanum_guidance_status.hpp\n'}
[9.636437] (px4_msgs) StdoutLine: {'line': b'-- Up-to-date: /home/em/ros_workspace_2025/nav_ws/install/px4_msgs/include/px4_msgs/px4_msgs/msg/camera_status.hpp\n'}
[9.636458] (px4_msgs) StdoutLine: {'line': b'-- Up-to-date: /home/em/ros_workspace_2025/nav_ws/install/px4_msgs/include/px4_msgs/px4_msgs/msg/rate_ctrl_status.hpp\n'}
[9.636481] (px4_msgs) StdoutLine: {'line': b'-- Up-to-date: /home/em/ros_workspace_2025/nav_ws/install/px4_msgs/include/px4_msgs/px4_msgs/msg/rtl_time_estimate.hpp\n'}
[9.636501] (px4_msgs) StdoutLine: {'line': b'-- Up-to-date: /home/em/ros_workspace_2025/nav_ws/install/px4_msgs/include/px4_msgs/px4_msgs/msg/mode_completed.hpp\n'}
[9.636521] (px4_msgs) StdoutLine: {'line': b'-- Up-to-date: /home/em/ros_workspace_2025/nav_ws/install/px4_msgs/include/px4_msgs/px4_msgs/msg/gimbal_manager_set_attitude.hpp\n'}
[9.636542] (px4_msgs) StdoutLine: {'line': b'-- Up-to-date: /home/em/ros_workspace_2025/nav_ws/install/px4_msgs/include/px4_msgs/px4_msgs/msg/collision_report.hpp\n'}
[9.636563] (px4_msgs) StdoutLine: {'line': b'-- Up-to-date: /home/em/ros_workspace_2025/nav_ws/install/px4_msgs/include/px4_msgs/px4_msgs/msg/trajectory_bezier.hpp\n'}
[9.636584] (px4_msgs) StdoutLine: {'line': b'-- Up-to-date: /home/em/ros_workspace_2025/nav_ws/install/px4_msgs/include/px4_msgs/px4_msgs/msg/estimator_aid_source3d.hpp\n'}
[9.636608] (px4_msgs) StdoutLine: {'line': b'-- Up-to-date: /home/em/ros_workspace_2025/nav_ws/install/px4_msgs/include/px4_msgs/px4_msgs/msg/buffer128.hpp\n'}
[9.636627] (px4_msgs) StdoutLine: {'line': b'-- Up-to-date: /home/em/ros_workspace_2025/nav_ws/install/px4_msgs/include/px4_msgs/px4_msgs/msg/estimator_bias.hpp\n'}
[9.636647] (px4_msgs) StdoutLine: {'line': b'-- Up-to-date: /home/em/ros_workspace_2025/nav_ws/install/px4_msgs/include/px4_msgs/px4_msgs/msg/sensor_hygrometer.hpp\n'}
[9.636666] (px4_msgs) StdoutLine: {'line': b'-- Up-to-date: /home/em/ros_workspace_2025/nav_ws/install/px4_msgs/include/px4_msgs/px4_msgs/msg/register_ext_component_request.hpp\n'}
[9.636686] (px4_msgs) StdoutLine: {'line': b'-- Up-to-date: /home/em/ros_workspace_2025/nav_ws/install/px4_msgs/include/px4_msgs/px4_msgs/msg/sensors_status_imu.hpp\n'}
[9.636708] (px4_msgs) StdoutLine: {'line': b'-- Up-to-date: /home/em/ros_workspace_2025/nav_ws/install/px4_msgs/include/px4_msgs/px4_msgs/msg/gimbal_manager_set_manual_control.hpp\n'}
[9.636728] (px4_msgs) StdoutLine: {'line': b'-- Up-to-date: /home/em/ros_workspace_2025/nav_ws/install/px4_msgs/include/px4_msgs/px4_msgs/msg/generator_status.hpp\n'}
[9.636748] (px4_msgs) StdoutLine: {'line': b'-- Up-to-date: /home/em/ros_workspace_2025/nav_ws/install/px4_msgs/include/px4_msgs/px4_msgs/msg/qshell_req.hpp\n'}
[9.636767] (px4_msgs) StdoutLine: {'line': b'-- Up-to-date: /home/em/ros_workspace_2025/nav_ws/install/px4_msgs/include/px4_msgs/px4_msgs/msg/system_power.hpp\n'}
[9.636787] (px4_msgs) StdoutLine: {'line': b'-- Up-to-date: /home/em/ros_workspace_2025/nav_ws/install/px4_msgs/include/px4_msgs/px4_msgs/msg/sensors_status.hpp\n'}
[9.636807] (px4_msgs) StdoutLine: {'line': b'-- Up-to-date: /home/em/ros_workspace_2025/nav_ws/install/px4_msgs/include/px4_msgs/px4_msgs/msg/mission_result.hpp\n'}
[9.636827] (px4_msgs) StdoutLine: {'line': b'-- Up-to-date: /home/em/ros_workspace_2025/nav_ws/install/px4_msgs/include/px4_msgs/px4_msgs/msg/camera_capture.hpp\n'}
[9.636847] (px4_msgs) StdoutLine: {'line': b'-- Up-to-date: /home/em/ros_workspace_2025/nav_ws/install/px4_msgs/include/px4_msgs/px4_msgs/msg/flight_phase_estimation.hpp\n'}
[9.636866] (px4_msgs) StdoutLine: {'line': b'-- Up-to-date: /home/em/ros_workspace_2025/nav_ws/install/px4_msgs/include/px4_msgs/px4_msgs/msg/autotune_attitude_control_status.hpp\n'}
[9.636887] (px4_msgs) StdoutLine: {'line': b'-- Up-to-date: /home/em/ros_workspace_2025/nav_ws/install/px4_msgs/include/px4_msgs/px4_msgs/msg/debug_array.hpp\n'}
[9.636907] (px4_msgs) StdoutLine: {'line': b'-- Up-to-date: /home/em/ros_workspace_2025/nav_ws/install/px4_msgs/include/px4_msgs/px4_msgs/msg/vehicle_angular_velocity.hpp\n'}
[9.636928] (px4_msgs) StdoutLine: {'line': b'-- Up-to-date: /home/em/ros_workspace_2025/nav_ws/install/px4_msgs/include/px4_msgs/px4_msgs/msg/can_interface_status.hpp\n'}
[9.636948] (px4_msgs) StdoutLine: {'line': b'-- Up-to-date: /home/em/ros_workspace_2025/nav_ws/install/px4_msgs/include/px4_msgs/px4_msgs/msg/irlock_report.hpp\n'}
[9.636967] (px4_msgs) StdoutLine: {'line': b'-- Up-to-date: /home/em/ros_workspace_2025/nav_ws/install/px4_msgs/include/px4_msgs/px4_msgs/msg/mag_worker_data.hpp\n'}
[9.636987] (px4_msgs) StdoutLine: {'line': b'-- Up-to-date: /home/em/ros_workspace_2025/nav_ws/install/px4_msgs/include/px4_msgs/px4_msgs/msg/actuator_armed.hpp\n'}
[9.637006] (px4_msgs) StdoutLine: {'line': b'-- Up-to-date: /home/em/ros_workspace_2025/nav_ws/install/px4_msgs/include/px4_msgs/px4_msgs/msg/npfg_status.hpp\n'}
[9.637026] (px4_msgs) StdoutLine: {'line': b'-- Up-to-date: /home/em/ros_workspace_2025/nav_ws/install/px4_msgs/include/px4_msgs/px4_msgs/msg/orb_test_large.hpp\n'}
[9.637047] (px4_msgs) StdoutLine: {'line': b'-- Up-to-date: /home/em/ros_workspace_2025/nav_ws/install/px4_msgs/include/px4_msgs/px4_msgs/msg/airspeed_wind.hpp\n'}
[9.637067] (px4_msgs) StdoutLine: {'line': b'-- Up-to-date: /home/em/ros_workspace_2025/nav_ws/install/px4_msgs/include/px4_msgs/px4_msgs/msg/gimbal_device_attitude_status.hpp\n'}
[9.637087] (px4_msgs) StdoutLine: {'line': b'-- Up-to-date: /home/em/ros_workspace_2025/nav_ws/install/px4_msgs/include/px4_msgs/px4_msgs/msg/vehicle_rates_setpoint.hpp\n'}
[9.637108] (px4_msgs) StdoutLine: {'line': b'-- Up-to-date: /home/em/ros_workspace_2025/nav_ws/install/px4_msgs/include/px4_msgs/px4_msgs/msg/vehicle_air_data.hpp\n'}
[9.637128] (px4_msgs) StdoutLine: {'line': b'-- Up-to-date: /home/em/ros_workspace_2025/nav_ws/install/px4_msgs/include/px4_msgs/px4_msgs/msg/dataman_response.hpp\n'}
[9.637147] (px4_msgs) StdoutLine: {'line': b'-- Up-to-date: /home/em/ros_workspace_2025/nav_ws/install/px4_msgs/include/px4_msgs/px4_msgs/msg/estimator_gps_status.hpp\n'}
[9.637169] (px4_msgs) StdoutLine: {'line': b'-- Up-to-date: /home/em/ros_workspace_2025/nav_ws/install/px4_msgs/include/px4_msgs/px4_msgs/msg/actuator_servos.hpp\n'}
[9.637190] (px4_msgs) StdoutLine: {'line': b'-- Up-to-date: /home/em/ros_workspace_2025/nav_ws/install/px4_msgs/include/px4_msgs/px4_msgs/msg/dataman_request.hpp\n'}
[9.637210] (px4_msgs) StdoutLine: {'line': b'-- Up-to-date: /home/em/ros_workspace_2025/nav_ws/install/px4_msgs/include/px4_msgs/px4_msgs/msg/navigator_status.hpp\n'}
[9.637230] (px4_msgs) StdoutLine: {'line': b'-- Up-to-date: /home/em/ros_workspace_2025/nav_ws/install/px4_msgs/include/px4_msgs/px4_msgs/msg/geofence_status.hpp\n'}
[9.637251] (px4_msgs) StdoutLine: {'line': b'-- Up-to-date: /home/em/ros_workspace_2025/nav_ws/install/px4_msgs/include/px4_msgs/px4_msgs/msg/vehicle_status.hpp\n'}
[9.637272] (px4_msgs) StdoutLine: {'line': b'-- Up-to-date: /home/em/ros_workspace_2025/nav_ws/install/px4_msgs/include/px4_msgs/px4_msgs/msg/rover_ackermann_status.hpp\n'}
[9.637306] (px4_msgs) StdoutLine: {'line': b'-- Up-to-date: /home/em/ros_workspace_2025/nav_ws/install/px4_msgs/include/px4_msgs/px4_msgs/msg/sensor_optical_flow.hpp\n'}
[9.637329] (px4_msgs) StdoutLine: {'line': b'-- Up-to-date: /home/em/ros_workspace_2025/nav_ws/install/px4_msgs/include/px4_msgs/px4_msgs/msg/vehicle_attitude_setpoint.hpp\n'}
[9.637359] (px4_msgs) StdoutLine: {'line': b'-- Up-to-date: /home/em/ros_workspace_2025/nav_ws/install/px4_msgs/include/px4_msgs/px4_msgs/msg/mavlink_tunnel.hpp\n'}
[9.637381] (px4_msgs) StdoutLine: {'line': b'-- Up-to-date: /home/em/ros_workspace_2025/nav_ws/install/px4_msgs/include/px4_msgs/px4_msgs/msg/wind.hpp\n'}
[9.637403] (px4_msgs) StdoutLine: {'line': b'-- Up-to-date: /home/em/ros_workspace_2025/nav_ws/install/px4_msgs/include/px4_msgs/px4_msgs/msg/vehicle_control_mode.hpp\n'}
[9.637424] (px4_msgs) StdoutLine: {'line': b'-- Up-to-date: /home/em/ros_workspace_2025/nav_ws/install/px4_msgs/include/px4_msgs/px4_msgs/msg/actuator_servos_trim.hpp\n'}
[9.637445] (px4_msgs) StdoutLine: {'line': b'-- Up-to-date: /home/em/ros_workspace_2025/nav_ws/install/px4_msgs/include/px4_msgs/px4_msgs/msg/uavcan_parameter_value.hpp\n'}
[9.637465] (px4_msgs) StdoutLine: {'line': b'-- Up-to-date: /home/em/ros_workspace_2025/nav_ws/install/px4_msgs/include/px4_msgs/px4_msgs/msg/sensor_baro.hpp\n'}
[9.637486] (px4_msgs) StdoutLine: {'line': b'-- Up-to-date: /home/em/ros_workspace_2025/nav_ws/install/px4_msgs/include/px4_msgs/px4_msgs/msg/follow_target_status.hpp\n'}
[9.637510] (px4_msgs) StdoutLine: {'line': b'-- Up-to-date: /home/em/ros_workspace_2025/nav_ws/install/px4_msgs/include/px4_msgs/px4_msgs/msg/detail\n'}
[9.637532] (px4_msgs) StdoutLine: {'line': b'-- Up-to-date: /home/em/ros_workspace_2025/nav_ws/install/px4_msgs/include/px4_msgs/px4_msgs/msg/detail/parameter_set_used_request__builder.hpp\n'}
[9.637555] (px4_msgs) StdoutLine: {'line': b'-- Up-to-date: /home/em/ros_workspace_2025/nav_ws/install/px4_msgs/include/px4_msgs/px4_msgs/msg/detail/airspeed_validated__traits.hpp\n'}
[9.637576] (px4_msgs) StdoutLine: {'line': b'-- Up-to-date: /home/em/ros_workspace_2025/nav_ws/install/px4_msgs/include/px4_msgs/px4_msgs/msg/detail/figure_eight_status__traits.hpp\n'}
[9.637601] (px4_msgs) StdoutLine: {'line': b'-- Up-to-date: /home/em/ros_workspace_2025/nav_ws/install/px4_msgs/include/px4_msgs/px4_msgs/msg/detail/pwm_input__struct.hpp\n'}
[9.637623] (px4_msgs) StdoutLine: {'line': b'-- Up-to-date: /home/em/ros_workspace_2025/nav_ws/install/px4_msgs/include/px4_msgs/px4_msgs/msg/detail/orbit_status__builder.hpp\n'}
[9.637643] (px4_msgs) StdoutLine: {'line': b'-- Up-to-date: /home/em/ros_workspace_2025/nav_ws/install/px4_msgs/include/px4_msgs/px4_msgs/msg/detail/geofence_status__traits.hpp\n'}
[9.637663] (px4_msgs) StdoutLine: {'line': b'-- Up-to-date: /home/em/ros_workspace_2025/nav_ws/install/px4_msgs/include/px4_msgs/px4_msgs/msg/detail/sensor_gps__traits.hpp\n'}
[9.637684] (px4_msgs) StdoutLine: {'line': b'-- Up-to-date: /home/em/ros_workspace_2025/nav_ws/install/px4_msgs/include/px4_msgs/px4_msgs/msg/detail/esc_report__builder.hpp\n'}
[9.637710] (px4_msgs) StdoutLine: {'line': b'-- Up-to-date: /home/em/ros_workspace_2025/nav_ws/install/px4_msgs/include/px4_msgs/px4_msgs/msg/detail/sensor_mag__struct.hpp\n'}
[9.637735] (px4_msgs) StdoutLine: {'line': b'-- Up-to-date: /home/em/ros_workspace_2025/nav_ws/install/px4_msgs/include/px4_msgs/px4_msgs/msg/detail/goto_setpoint__builder.hpp\n'}
[9.637760] (px4_msgs) StdoutLine: {'line': b'-- Up-to-date: /home/em/ros_workspace_2025/nav_ws/install/px4_msgs/include/px4_msgs/px4_msgs/msg/detail/sensor_hygrometer__traits.hpp\n'}
[9.637781] (px4_msgs) StdoutLine: {'line': b'-- Up-to-date: /home/em/ros_workspace_2025/nav_ws/install/px4_msgs/include/px4_msgs/px4_msgs/msg/detail/actuator_servos__builder.hpp\n'}
[9.637803] (px4_msgs) StdoutLine: {'line': b'-- Up-to-date: /home/em/ros_workspace_2025/nav_ws/install/px4_msgs/include/px4_msgs/px4_msgs/msg/detail/actuator_armed__builder.hpp\n'}
[9.637822] (px4_msgs) StdoutLine: {'line': b'-- Up-to-date: /home/em/ros_workspace_2025/nav_ws/install/px4_msgs/include/px4_msgs/px4_msgs/msg/detail/airspeed_validated__struct.hpp\n'}
[9.637843] (px4_msgs) StdoutLine: {'line': b'-- Up-to-date: /home/em/ros_workspace_2025/nav_ws/install/px4_msgs/include/px4_msgs/px4_msgs/msg/detail/vehicle_air_data__traits.hpp\n'}
[9.637863] (px4_msgs) StdoutLine: {'line': b'-- Up-to-date: /home/em/ros_workspace_2025/nav_ws/install/px4_msgs/include/px4_msgs/px4_msgs/msg/detail/figure_eight_status__struct.hpp\n'}
[9.637886] (px4_msgs) StdoutLine: {'line': b'-- Up-to-date: /home/em/ros_workspace_2025/nav_ws/install/px4_msgs/include/px4_msgs/px4_msgs/msg/detail/mag_worker_data__builder.hpp\n'}
[9.637910] (px4_msgs) StdoutLine: {'line': b'-- Up-to-date: /home/em/ros_workspace_2025/nav_ws/install/px4_msgs/include/px4_msgs/px4_msgs/msg/detail/ulog_stream__struct.hpp\n'}
[9.637931] (px4_msgs) StdoutLine: {'line': b'-- Up-to-date: /home/em/ros_workspace_2025/nav_ws/install/px4_msgs/include/px4_msgs/px4_msgs/msg/detail/event__struct.hpp\n'}
[9.637953] (px4_msgs) StdoutLine: {'line': b'-- Up-to-date: /home/em/ros_workspace_2025/nav_ws/install/px4_msgs/include/px4_msgs/px4_msgs/msg/detail/rover_ackermann_status__builder.hpp\n'}
[9.637975] (px4_msgs) StdoutLine: {'line': b'-- Up-to-date: /home/em/ros_workspace_2025/nav_ws/install/px4_msgs/include/px4_msgs/px4_msgs/msg/detail/cellular_status__builder.hpp\n'}
[9.638002] (px4_msgs) StdoutLine: {'line': b'-- Up-to-date: /home/em/ros_workspace_2025/nav_ws/install/px4_msgs/include/px4_msgs/px4_msgs/msg/detail/velocity_limits__builder.hpp\n'}
[9.638024] (px4_msgs) StdoutLine: {'line': b'-- Up-to-date: /home/em/ros_workspace_2025/nav_ws/install/px4_msgs/include/px4_msgs/px4_msgs/msg/detail/camera_status__struct.hpp\n'}
[9.638045] (px4_msgs) StdoutLine: {'line': b'-- Up-to-date: /home/em/ros_workspace_2025/nav_ws/install/px4_msgs/include/px4_msgs/px4_msgs/msg/detail/vehicle_constraints__builder.hpp\n'}
[9.638070] (px4_msgs) StdoutLine: {'line': b'-- Up-to-date: /home/em/ros_workspace_2025/nav_ws/install/px4_msgs/include/px4_msgs/px4_msgs/msg/detail/trajectory_bezier__traits.hpp\n'}
[9.638092] (px4_msgs) StdoutLine: {'line': b'-- Up-to-date: /home/em/ros_workspace_2025/nav_ws/install/px4_msgs/include/px4_msgs/px4_msgs/msg/detail/rover_ackermann_guidance_status__builder.hpp\n'}
[9.638118] (px4_msgs) StdoutLine: {'line': b'-- Up-to-date: /home/em/ros_workspace_2025/nav_ws/install/px4_msgs/include/px4_msgs/px4_msgs/msg/detail/wind__traits.hpp\n'}
[9.638142] (px4_msgs) StdoutLine: {'line': b'-- Up-to-date: /home/em/ros_workspace_2025/nav_ws/install/px4_msgs/include/px4_msgs/px4_msgs/msg/detail/vehicle_acceleration__builder.hpp\n'}
[9.638165] (px4_msgs) StdoutLine: {'line': b'-- Up-to-date: /home/em/ros_workspace_2025/nav_ws/install/px4_msgs/include/px4_msgs/px4_msgs/msg/detail/sensor_correction__traits.hpp\n'}
[9.638187] (px4_msgs) StdoutLine: {'line': b'-- Up-to-date: /home/em/ros_workspace_2025/nav_ws/install/px4_msgs/include/px4_msgs/px4_msgs/msg/detail/telemetry_status__traits.hpp\n'}
[9.638217] (px4_msgs) StdoutLine: {'line': b'-- Up-to-date: /home/em/ros_workspace_2025/nav_ws/install/px4_msgs/include/px4_msgs/px4_msgs/msg/detail/generator_status__builder.hpp\n'}
[9.638239] (px4_msgs) StdoutLine: {'line': b'-- Up-to-date: /home/em/ros_workspace_2025/nav_ws/install/px4_msgs/include/px4_msgs/px4_msgs/msg/detail/logger_status__traits.hpp\n'}
[9.638262] (px4_msgs) StdoutLine: {'line': b'-- Up-to-date: /home/em/ros_workspace_2025/nav_ws/install/px4_msgs/include/px4_msgs/px4_msgs/msg/detail/gimbal_device_attitude_status__traits.hpp\n'}
[9.638289] (px4_msgs) StdoutLine: {'line': b'-- Up-to-date: /home/em/ros_workspace_2025/nav_ws/install/px4_msgs/include/px4_msgs/px4_msgs/msg/detail/input_rc__traits.hpp\n'}
[9.638314] (px4_msgs) StdoutLine: {'line': b'-- Up-to-date: /home/em/ros_workspace_2025/nav_ws/install/px4_msgs/include/px4_msgs/px4_msgs/msg/detail/sensor_airflow__traits.hpp\n'}
[9.638337] (px4_msgs) StdoutLine: {'line': b'-- Up-to-date: /home/em/ros_workspace_2025/nav_ws/install/px4_msgs/include/px4_msgs/px4_msgs/msg/detail/vehicle_land_detected__struct.hpp\n'}
[9.638373] (px4_msgs) StdoutLine: {'line': b'-- Up-to-date: /home/em/ros_workspace_2025/nav_ws/install/px4_msgs/include/px4_msgs/px4_msgs/msg/detail/gimbal_manager_set_manual_control__builder.hpp\n'}
[9.638428] (px4_msgs) StdoutLine: {'line': b'-- Up-to-date: /home/em/ros_workspace_2025/nav_ws/install/px4_msgs/include/px4_msgs/px4_msgs/msg/detail/vehicle_trajectory_bezier__builder.hpp\n'}
[9.638457] (px4_msgs) StdoutLine: {'line': b'-- Up-to-date: /home/em/ros_workspace_2025/nav_ws/install/px4_msgs/include/px4_msgs/px4_msgs/msg/detail/vehicle_trajectory_bezier__traits.hpp\n'}
[9.638482] (px4_msgs) StdoutLine: {'line': b'-- Up-to-date: /home/em/ros_workspace_2025/nav_ws/install/px4_msgs/include/px4_msgs/px4_msgs/msg/detail/camera_capture__traits.hpp\n'}
[9.638505] (px4_msgs) StdoutLine: {'line': b'-- Up-to-date: /home/em/ros_workspace_2025/nav_ws/install/px4_msgs/include/px4_msgs/px4_msgs/msg/detail/offboard_control_mode__struct.hpp\n'}
[9.638531] (px4_msgs) StdoutLine: {'line': b'-- Up-to-date: /home/em/ros_workspace_2025/nav_ws/install/px4_msgs/include/px4_msgs/px4_msgs/msg/detail/follow_target__struct.hpp\n'}
[9.638555] (px4_msgs) StdoutLine: {'line': b'-- Up-to-date: /home/em/ros_workspace_2025/nav_ws/install/px4_msgs/include/px4_msgs/px4_msgs/msg/detail/rpm__traits.hpp\n'}
[9.638579] (px4_msgs) StdoutLine: {'line': b'-- Up-to-date: /home/em/ros_workspace_2025/nav_ws/install/px4_msgs/include/px4_msgs/px4_msgs/msg/detail/estimator_status_flags__traits.hpp\n'}
[9.638600] (px4_msgs) StdoutLine: {'line': b'-- Up-to-date: /home/em/ros_workspace_2025/nav_ws/install/px4_msgs/include/px4_msgs/px4_msgs/msg/detail/mount_orientation__builder.hpp\n'}
[9.638621] (px4_msgs) StdoutLine: {'line': b'-- Up-to-date: /home/em/ros_workspace_2025/nav_ws/install/px4_msgs/include/px4_msgs/px4_msgs/msg/detail/gimbal_manager_information__struct.hpp\n'}
[9.638642] (px4_msgs) StdoutLine: {'line': b'-- Up-to-date: /home/em/ros_workspace_2025/nav_ws/install/px4_msgs/include/px4_msgs/px4_msgs/msg/detail/actuator_motors__struct.hpp\n'}
[9.638666] (px4_msgs) StdoutLine: {'line': b'-- Up-to-date: /home/em/ros_workspace_2025/nav_ws/install/px4_msgs/include/px4_msgs/px4_msgs/msg/detail/health_report__struct.hpp\n'}
[9.638688] (px4_msgs) StdoutLine: {'line': b'-- Up-to-date: /home/em/ros_workspace_2025/nav_ws/install/px4_msgs/include/px4_msgs/px4_msgs/msg/detail/vehicle_command__traits.hpp\n'}
[9.638709] (px4_msgs) StdoutLine: {'line': b'-- Up-to-date: /home/em/ros_workspace_2025/nav_ws/install/px4_msgs/include/px4_msgs/px4_msgs/msg/detail/sensor_optical_flow__struct.hpp\n'}
[9.638731] (px4_msgs) StdoutLine: {'line': b'-- Up-to-date: /home/em/ros_workspace_2025/nav_ws/install/px4_msgs/include/px4_msgs/px4_msgs/msg/detail/gpio_in__struct.hpp\n'}
[9.638755] (px4_msgs) StdoutLine: {'line': b'-- Up-to-date: /home/em/ros_workspace_2025/nav_ws/install/px4_msgs/include/px4_msgs/px4_msgs/msg/detail/landing_gear_wheel__traits.hpp\n'}
[9.638776] (px4_msgs) StdoutLine: {'line': b'-- Up-to-date: /home/em/ros_workspace_2025/nav_ws/install/px4_msgs/include/px4_msgs/px4_msgs/msg/detail/cpuload__traits.hpp\n'}
[9.638799] (px4_msgs) StdoutLine: {'line': b'-- Up-to-date: /home/em/ros_workspace_2025/nav_ws/install/px4_msgs/include/px4_msgs/px4_msgs/msg/detail/unregister_ext_component__traits.hpp\n'}
[9.638825] (px4_msgs) StdoutLine: {'line': b'-- Up-to-date: /home/em/ros_workspace_2025/nav_ws/install/px4_msgs/include/px4_msgs/px4_msgs/msg/detail/gps_inject_data__traits.hpp\n'}
[9.638846] (px4_msgs) StdoutLine: {'line': b'-- Up-to-date: /home/em/ros_workspace_2025/nav_ws/install/px4_msgs/include/px4_msgs/px4_msgs/msg/detail/vehicle_global_position__traits.hpp\n'}
[9.638867] (px4_msgs) StdoutLine: {'line': b'-- Up-to-date: /home/em/ros_workspace_2025/nav_ws/install/px4_msgs/include/px4_msgs/px4_msgs/msg/detail/uavcan_parameter_value__builder.hpp\n'}
[9.638887] (px4_msgs) StdoutLine: {'line': b'-- Up-to-date: /home/em/ros_workspace_2025/nav_ws/install/px4_msgs/include/px4_msgs/px4_msgs/msg/detail/wheel_encoders__traits.hpp\n'}
[9.638908] (px4_msgs) StdoutLine: {'line': b'-- Up-to-date: /home/em/ros_workspace_2025/nav_ws/install/px4_msgs/include/px4_msgs/px4_msgs/msg/detail/vehicle_command_ack__builder.hpp\n'}
[9.638928] (px4_msgs) StdoutLine: {'line': b'-- Up-to-date: /home/em/ros_workspace_2025/nav_ws/install/px4_msgs/include/px4_msgs/px4_msgs/msg/detail/gimbal_device_information__struct.hpp\n'}
[9.638950] (px4_msgs) StdoutLine: {'line': b'-- Up-to-date: /home/em/ros_workspace_2025/nav_ws/install/px4_msgs/include/px4_msgs/px4_msgs/msg/detail/manual_control_setpoint__struct.hpp\n'}
[9.638973] (px4_msgs) StdoutLine: {'line': b'-- Up-to-date: /home/em/ros_workspace_2025/nav_ws/install/px4_msgs/include/px4_msgs/px4_msgs/msg/detail/sensor_gyro_fifo__traits.hpp\n'}
[9.638993] (px4_msgs) StdoutLine: {'line': b'-- Up-to-date: /home/em/ros_workspace_2025/nav_ws/install/px4_msgs/include/px4_msgs/px4_msgs/msg/detail/parameter_set_value_request__traits.hpp\n'}
[9.639013] (px4_msgs) StdoutLine: {'line': b'-- Up-to-date: /home/em/ros_workspace_2025/nav_ws/install/px4_msgs/include/px4_msgs/px4_msgs/msg/detail/distance_sensor__struct.hpp\n'}
[9.639037] (px4_msgs) StdoutLine: {'line': b'-- Up-to-date: /home/em/ros_workspace_2025/nav_ws/install/px4_msgs/include/px4_msgs/px4_msgs/msg/detail/vehicle_control_mode__traits.hpp\n'}
[9.639056] (px4_msgs) StdoutLine: {'line': b'-- Up-to-date: /home/em/ros_workspace_2025/nav_ws/install/px4_msgs/include/px4_msgs/px4_msgs/msg/detail/logger_status__builder.hpp\n'}
[9.639076] (px4_msgs) StdoutLine: {'line': b'-- Up-to-date: /home/em/ros_workspace_2025/nav_ws/install/px4_msgs/include/px4_msgs/px4_msgs/msg/detail/vehicle_status__builder.hpp\n'}
[9.639096] (px4_msgs) StdoutLine: {'line': b'-- Up-to-date: /home/em/ros_workspace_2025/nav_ws/install/px4_msgs/include/px4_msgs/px4_msgs/msg/detail/internal_combustion_engine_status__builder.hpp\n'}
[9.639118] (px4_msgs) StdoutLine: {'line': b'-- Up-to-date: /home/em/ros_workspace_2025/nav_ws/install/px4_msgs/include/px4_msgs/px4_msgs/msg/detail/estimator_bias3d__builder.hpp\n'}
[9.639139] (px4_msgs) StdoutLine: {'line': b'-- Up-to-date: /home/em/ros_workspace_2025/nav_ws/install/px4_msgs/include/px4_msgs/px4_msgs/msg/detail/sensor_gps__builder.hpp\n'}
[9.639159] (px4_msgs) StdoutLine: {'line': b'-- Up-to-date: /home/em/ros_workspace_2025/nav_ws/install/px4_msgs/include/px4_msgs/px4_msgs/msg/detail/register_ext_component_reply__builder.hpp\n'}
[9.639180] (px4_msgs) StdoutLine: {'line': b'-- Up-to-date: /home/em/ros_workspace_2025/nav_ws/install/px4_msgs/include/px4_msgs/px4_msgs/msg/detail/estimator_states__traits.hpp\n'}
[9.639201] (px4_msgs) StdoutLine: {'line': b'-- Up-to-date: /home/em/ros_workspace_2025/nav_ws/install/px4_msgs/include/px4_msgs/px4_msgs/msg/detail/ulog_stream_ack__builder.hpp\n'}
[9.639221] (px4_msgs) StdoutLine: {'line': b'-- Up-to-date: /home/em/ros_workspace_2025/nav_ws/install/px4_msgs/include/px4_msgs/px4_msgs/msg/detail/adc_report__struct.hpp\n'}
[9.639241] (px4_msgs) StdoutLine: {'line': b'-- Up-to-date: /home/em/ros_workspace_2025/nav_ws/install/px4_msgs/include/px4_msgs/px4_msgs/msg/detail/task_stack_info__traits.hpp\n'}
[9.639262] (px4_msgs) StdoutLine: {'line': b'-- Up-to-date: /home/em/ros_workspace_2025/nav_ws/install/px4_msgs/include/px4_msgs/px4_msgs/msg/detail/qshell_req__struct.hpp\n'}
[9.639289] (px4_msgs) StdoutLine: {'line': b'-- Up-to-date: /home/em/ros_workspace_2025/nav_ws/install/px4_msgs/include/px4_msgs/px4_msgs/msg/detail/open_drone_id_arm_status__struct.hpp\n'}
[9.639314] (px4_msgs) StdoutLine: {'line': b'-- Up-to-date: /home/em/ros_workspace_2025/nav_ws/install/px4_msgs/include/px4_msgs/px4_msgs/msg/detail/sensor_airflow__struct.hpp\n'}
[9.639335] (px4_msgs) StdoutLine: {'line': b'-- Up-to-date: /home/em/ros_workspace_2025/nav_ws/install/px4_msgs/include/px4_msgs/px4_msgs/msg/detail/gimbal_controls__traits.hpp\n'}
[9.639356] (px4_msgs) StdoutLine: {'line': b'-- Up-to-date: /home/em/ros_workspace_2025/nav_ws/install/px4_msgs/include/px4_msgs/px4_msgs/msg/detail/gimbal_device_attitude_status__struct.hpp\n'}
[9.639377] (px4_msgs) StdoutLine: {'line': b'-- Up-to-date: /home/em/ros_workspace_2025/nav_ws/install/px4_msgs/include/px4_msgs/px4_msgs/msg/detail/estimator_bias__builder.hpp\n'}
[9.639397] (px4_msgs) StdoutLine: {'line': b'-- Up-to-date: /home/em/ros_workspace_2025/nav_ws/install/px4_msgs/include/px4_msgs/px4_msgs/msg/detail/position_controller_landing_status__builder.hpp\n'}
[9.639418] (px4_msgs) StdoutLine: {'line': b'-- Up-to-date: /home/em/ros_workspace_2025/nav_ws/install/px4_msgs/include/px4_msgs/px4_msgs/msg/detail/estimator_selector_status__builder.hpp\n'}
[9.639439] (px4_msgs) StdoutLine: {'line': b'-- Up-to-date: /home/em/ros_workspace_2025/nav_ws/install/px4_msgs/include/px4_msgs/px4_msgs/msg/detail/tune_control__traits.hpp\n'}
[9.639465] (px4_msgs) StdoutLine: {'line': b'-- Up-to-date: /home/em/ros_workspace_2025/nav_ws/install/px4_msgs/include/px4_msgs/px4_msgs/msg/detail/gpio_out__struct.hpp\n'}
[9.639488] (px4_msgs) StdoutLine: {'line': b'-- Up-to-date: /home/em/ros_workspace_2025/nav_ws/install/px4_msgs/include/px4_msgs/px4_msgs/msg/detail/gimbal_manager_information__traits.hpp\n'}
[9.639509] (px4_msgs) StdoutLine: {'line': b'-- Up-to-date: /home/em/ros_workspace_2025/nav_ws/install/px4_msgs/include/px4_msgs/px4_msgs/msg/detail/pps_capture__struct.hpp\n'}
[9.639531] (px4_msgs) StdoutLine: {'line': b'-- Up-to-date: /home/em/ros_workspace_2025/nav_ws/install/px4_msgs/include/px4_msgs/px4_msgs/msg/detail/gimbal_manager_status__builder.hpp\n'}
[9.639562] (px4_msgs) StdoutLine: {'line': b'-- Up-to-date: /home/em/ros_workspace_2025/nav_ws/install/px4_msgs/include/px4_msgs/px4_msgs/msg/detail/actuator_controls_status__builder.hpp\n'}
[9.639603] (px4_msgs) StdoutLine: {'line': b'-- Up-to-date: /home/em/ros_workspace_2025/nav_ws/install/px4_msgs/include/px4_msgs/px4_msgs/msg/detail/sensor_accel_fifo__traits.hpp\n'}
[9.639643] (px4_msgs) StdoutLine: {'line': b'-- Up-to-date: /home/em/ros_workspace_2025/nav_ws/install/px4_msgs/include/px4_msgs/px4_msgs/msg/detail/sensor_airflow__builder.hpp\n'}
[9.639679] (px4_msgs) StdoutLine: {'line': b'-- Up-to-date: /home/em/ros_workspace_2025/nav_ws/install/px4_msgs/include/px4_msgs/px4_msgs/msg/detail/vehicle_command_ack__struct.hpp\n'}
[9.639705] (px4_msgs) StdoutLine: {'line': b'-- Up-to-date: /home/em/ros_workspace_2025/nav_ws/install/px4_msgs/include/px4_msgs/px4_msgs/msg/detail/cpuload__builder.hpp\n'}
[9.639727] (px4_msgs) StdoutLine: {'line': b'-- Up-to-date: /home/em/ros_workspace_2025/nav_ws/install/px4_msgs/include/px4_msgs/px4_msgs/msg/detail/estimator_bias3d__traits.hpp\n'}
[9.639749] (px4_msgs) StdoutLine: {'line': b'-- Up-to-date: /home/em/ros_workspace_2025/nav_ws/install/px4_msgs/include/px4_msgs/px4_msgs/msg/detail/position_controller_landing_status__struct.hpp\n'}
[9.639770] (px4_msgs) StdoutLine: {'line': b'-- Up-to-date: /home/em/ros_workspace_2025/nav_ws/install/px4_msgs/include/px4_msgs/px4_msgs/msg/detail/rover_ackermann_guidance_status__struct.hpp\n'}
[9.639791] (px4_msgs) StdoutLine: {'line': b'-- Up-to-date: /home/em/ros_workspace_2025/nav_ws/install/px4_msgs/include/px4_msgs/px4_msgs/msg/detail/rate_ctrl_status__traits.hpp\n'}
[9.639812] (px4_msgs) StdoutLine: {'line': b'-- Up-to-date: /home/em/ros_workspace_2025/nav_ws/install/px4_msgs/include/px4_msgs/px4_msgs/msg/detail/estimator_selector_status__traits.hpp\n'}
[9.639835] (px4_msgs) StdoutLine: {'line': b'-- Up-to-date: /home/em/ros_workspace_2025/nav_ws/install/px4_msgs/include/px4_msgs/px4_msgs/msg/detail/estimator_aid_source3d__builder.hpp\n'}
[9.639856] (px4_msgs) StdoutLine: {'line': b'-- Up-to-date: /home/em/ros_workspace_2025/nav_ws/install/px4_msgs/include/px4_msgs/px4_msgs/msg/detail/estimator_aid_source3d__traits.hpp\n'}
[9.639878] (px4_msgs) StdoutLine: {'line': b'-- Up-to-date: /home/em/ros_workspace_2025/nav_ws/install/px4_msgs/include/px4_msgs/px4_msgs/msg/detail/estimator_gps_status__builder.hpp\n'}
[9.639899] (px4_msgs) StdoutLine: {'line': b'-- Up-to-date: /home/em/ros_workspace_2025/nav_ws/install/px4_msgs/include/px4_msgs/px4_msgs/msg/detail/arming_check_reply__struct.hpp\n'}
[9.639921] (px4_msgs) StdoutLine: {'line': b'-- Up-to-date: /home/em/ros_workspace_2025/nav_ws/install/px4_msgs/include/px4_msgs/px4_msgs/msg/detail/vehicle_air_data__builder.hpp\n'}
[9.639943] (px4_msgs) StdoutLine: {'line': b'-- Up-to-date: /home/em/ros_workspace_2025/nav_ws/install/px4_msgs/include/px4_msgs/px4_msgs/msg/detail/debug_value__traits.hpp\n'}
[9.639965] (px4_msgs) StdoutLine: {'line': b'-- Up-to-date: /home/em/ros_workspace_2025/nav_ws/install/px4_msgs/include/px4_msgs/px4_msgs/msg/detail/mag_worker_data__traits.hpp\n'}
[9.639986] (px4_msgs) StdoutLine: {'line': b'-- Up-to-date: /home/em/ros_workspace_2025/nav_ws/install/px4_msgs/include/px4_msgs/px4_msgs/msg/detail/airspeed_wind__builder.hpp\n'}
[9.640008] (px4_msgs) StdoutLine: {'line': b'-- Up-to-date: /home/em/ros_workspace_2025/nav_ws/install/px4_msgs/include/px4_msgs/px4_msgs/msg/detail/parameter_set_value_response__traits.hpp\n'}
[9.640029] (px4_msgs) StdoutLine: {'line': b'-- Up-to-date: /home/em/ros_workspace_2025/nav_ws/install/px4_msgs/include/px4_msgs/px4_msgs/msg/detail/open_drone_id_arm_status__builder.hpp\n'}
[9.640049] (px4_msgs) StdoutLine: {'line': b'-- Up-to-date: /home/em/ros_workspace_2025/nav_ws/install/px4_msgs/include/px4_msgs/px4_msgs/msg/detail/home_position__traits.hpp\n'}
[9.640068] (px4_msgs) StdoutLine: {'line': b'-- Up-to-date: /home/em/ros_workspace_2025/nav_ws/install/px4_msgs/include/px4_msgs/px4_msgs/msg/detail/esc_status__traits.hpp\n'}
[9.640087] (px4_msgs) StdoutLine: {'line': b'-- Up-to-date: /home/em/ros_workspace_2025/nav_ws/install/px4_msgs/include/px4_msgs/px4_msgs/msg/detail/vehicle_imu_status__builder.hpp\n'}
[9.640106] (px4_msgs) StdoutLine: {'line': b'-- Up-to-date: /home/em/ros_workspace_2025/nav_ws/install/px4_msgs/include/px4_msgs/px4_msgs/msg/detail/landing_gear_wheel__struct.hpp\n'}
[9.640126] (px4_msgs) StdoutLine: {'line': b'-- Up-to-date: /home/em/ros_workspace_2025/nav_ws/install/px4_msgs/include/px4_msgs/px4_msgs/msg/detail/camera_trigger__traits.hpp\n'}
[9.640145] (px4_msgs) StdoutLine: {'line': b'-- Up-to-date: /home/em/ros_workspace_2025/nav_ws/install/px4_msgs/include/px4_msgs/px4_msgs/msg/detail/estimator_aid_source2d__builder.hpp\n'}
[9.640164] (px4_msgs) StdoutLine: {'line': b'-- Up-to-date: /home/em/ros_workspace_2025/nav_ws/install/px4_msgs/include/px4_msgs/px4_msgs/msg/detail/estimator_sensor_bias__struct.hpp\n'}
[9.640183] (px4_msgs) StdoutLine: {'line': b'-- Up-to-date: /home/em/ros_workspace_2025/nav_ws/install/px4_msgs/include/px4_msgs/px4_msgs/msg/detail/gripper__traits.hpp\n'}
[9.640204] (px4_msgs) StdoutLine: {'line': b'-- Up-to-date: /home/em/ros_workspace_2025/nav_ws/install/px4_msgs/include/px4_msgs/px4_msgs/msg/detail/px4io_status__builder.hpp\n'}
[9.640223] (px4_msgs) StdoutLine: {'line': b'-- Up-to-date: /home/em/ros_workspace_2025/nav_ws/install/px4_msgs/include/px4_msgs/px4_msgs/msg/detail/vehicle_thrust_setpoint__builder.hpp\n'}
[9.640242] (px4_msgs) StdoutLine: {'line': b'-- Up-to-date: /home/em/ros_workspace_2025/nav_ws/install/px4_msgs/include/px4_msgs/px4_msgs/msg/detail/esc_status__struct.hpp\n'}
[9.640261] (px4_msgs) StdoutLine: {'line': b'-- Up-to-date: /home/em/ros_workspace_2025/nav_ws/install/px4_msgs/include/px4_msgs/px4_msgs/msg/detail/vehicle_attitude_setpoint__traits.hpp\n'}
[9.640286] (px4_msgs) StdoutLine: {'line': b'-- Up-to-date: /home/em/ros_workspace_2025/nav_ws/install/px4_msgs/include/px4_msgs/px4_msgs/msg/detail/open_drone_id_self_id__struct.hpp\n'}
[9.640309] (px4_msgs) StdoutLine: {'line': b'-- Up-to-date: /home/em/ros_workspace_2025/nav_ws/install/px4_msgs/include/px4_msgs/px4_msgs/msg/detail/health_report__traits.hpp\n'}
[9.640328] (px4_msgs) StdoutLine: {'line': b'-- Up-to-date: /home/em/ros_workspace_2025/nav_ws/install/px4_msgs/include/px4_msgs/px4_msgs/msg/detail/rover_differential_guidance_status__builder.hpp\n'}
[9.640350] (px4_msgs) StdoutLine: {'line': b'-- Up-to-date: /home/em/ros_workspace_2025/nav_ws/install/px4_msgs/include/px4_msgs/px4_msgs/msg/detail/position_setpoint_triplet__struct.hpp\n'}
[9.640371] (px4_msgs) StdoutLine: {'line': b'-- Up-to-date: /home/em/ros_workspace_2025/nav_ws/install/px4_msgs/include/px4_msgs/px4_msgs/msg/detail/follow_target__traits.hpp\n'}
[9.640391] (px4_msgs) StdoutLine: {'line': b'-- Up-to-date: /home/em/ros_workspace_2025/nav_ws/install/px4_msgs/include/px4_msgs/px4_msgs/msg/detail/register_ext_component_reply__traits.hpp\n'}
[9.640412] (px4_msgs) StdoutLine: {'line': b'-- Up-to-date: /home/em/ros_workspace_2025/nav_ws/install/px4_msgs/include/px4_msgs/px4_msgs/msg/detail/vehicle_angular_velocity__traits.hpp\n'}
[9.640432] (px4_msgs) StdoutLine: {'line': b'-- Up-to-date: /home/em/ros_workspace_2025/nav_ws/install/px4_msgs/include/px4_msgs/px4_msgs/msg/detail/mavlink_log__struct.hpp\n'}
[9.640454] (px4_msgs) StdoutLine: {'line': b'-- Up-to-date: /home/em/ros_workspace_2025/nav_ws/install/px4_msgs/include/px4_msgs/px4_msgs/msg/detail/landing_gear__traits.hpp\n'}
[9.640476] (px4_msgs) StdoutLine: {'line': b'-- Up-to-date: /home/em/ros_workspace_2025/nav_ws/install/px4_msgs/include/px4_msgs/px4_msgs/msg/detail/mission_result__traits.hpp\n'}
[9.640497] (px4_msgs) StdoutLine: {'line': b'-- Up-to-date: /home/em/ros_workspace_2025/nav_ws/install/px4_msgs/include/px4_msgs/px4_msgs/msg/detail/gimbal_device_information__builder.hpp\n'}
[9.640517] (px4_msgs) StdoutLine: {'line': b'-- Up-to-date: /home/em/ros_workspace_2025/nav_ws/install/px4_msgs/include/px4_msgs/px4_msgs/msg/detail/orbit_status__struct.hpp\n'}
[9.640538] (px4_msgs) StdoutLine: {'line': b'-- Up-to-date: /home/em/ros_workspace_2025/nav_ws/install/px4_msgs/include/px4_msgs/px4_msgs/msg/detail/arming_check_request__builder.hpp\n'}
[9.640560] (px4_msgs) StdoutLine: {'line': b'-- Up-to-date: /home/em/ros_workspace_2025/nav_ws/install/px4_msgs/include/px4_msgs/px4_msgs/msg/detail/estimator_gps_status__traits.hpp\n'}
[9.640580] (px4_msgs) StdoutLine: {'line': b'-- Up-to-date: /home/em/ros_workspace_2025/nav_ws/install/px4_msgs/include/px4_msgs/px4_msgs/msg/detail/gps_dump__struct.hpp\n'}
[9.640602] (px4_msgs) StdoutLine: {'line': b'-- Up-to-date: /home/em/ros_workspace_2025/nav_ws/install/px4_msgs/include/px4_msgs/px4_msgs/msg/detail/takeoff_status__traits.hpp\n'}
[9.640625] (px4_msgs) StdoutLine: {'line': b'-- Up-to-date: /home/em/ros_workspace_2025/nav_ws/install/px4_msgs/include/px4_msgs/px4_msgs/msg/detail/camera_trigger__builder.hpp\n'}
[9.640644] (px4_msgs) StdoutLine: {'line': b'-- Up-to-date: /home/em/ros_workspace_2025/nav_ws/install/px4_msgs/include/px4_msgs/px4_msgs/msg/detail/open_drone_id_system__builder.hpp\n'}
[9.640668] (px4_msgs) StdoutLine: {'line': b'-- Up-to-date: /home/em/ros_workspace_2025/nav_ws/install/px4_msgs/include/px4_msgs/px4_msgs/msg/detail/onboard_computer_status__struct.hpp\n'}
[9.640688] (px4_msgs) StdoutLine: {'line': b'-- Up-to-date: /home/em/ros_workspace_2025/nav_ws/install/px4_msgs/include/px4_msgs/px4_msgs/msg/detail/vehicle_land_detected__builder.hpp\n'}
[9.640708] (px4_msgs) StdoutLine: {'line': b'-- Up-to-date: /home/em/ros_workspace_2025/nav_ws/install/px4_msgs/include/px4_msgs/px4_msgs/msg/detail/battery_status__traits.hpp\n'}
[9.640728] (px4_msgs) StdoutLine: {'line': b'-- Up-to-date: /home/em/ros_workspace_2025/nav_ws/install/px4_msgs/include/px4_msgs/px4_msgs/msg/detail/landing_gear__struct.hpp\n'}
[9.640749] (px4_msgs) StdoutLine: {'line': b'-- Up-to-date: /home/em/ros_workspace_2025/nav_ws/install/px4_msgs/include/px4_msgs/px4_msgs/msg/detail/parameter_set_value_request__builder.hpp\n'}
[9.640770] (px4_msgs) StdoutLine: {'line': b'-- Up-to-date: /home/em/ros_workspace_2025/nav_ws/install/px4_msgs/include/px4_msgs/px4_msgs/msg/detail/ulog_stream_ack__traits.hpp\n'}
[9.640790] (px4_msgs) StdoutLine: {'line': b'-- Up-to-date: /home/em/ros_workspace_2025/nav_ws/install/px4_msgs/include/px4_msgs/px4_msgs/msg/detail/config_overrides__struct.hpp\n'}
[9.640810] (px4_msgs) StdoutLine: {'line': b'-- Up-to-date: /home/em/ros_workspace_2025/nav_ws/install/px4_msgs/include/px4_msgs/px4_msgs/msg/detail/rover_mecanum_status__traits.hpp\n'}
[9.640831] (px4_msgs) StdoutLine: {'line': b'-- Up-to-date: /home/em/ros_workspace_2025/nav_ws/install/px4_msgs/include/px4_msgs/px4_msgs/msg/detail/rtl_status__builder.hpp\n'}
[9.640851] (px4_msgs) StdoutLine: {'line': b'-- Up-to-date: /home/em/ros_workspace_2025/nav_ws/install/px4_msgs/include/px4_msgs/px4_msgs/msg/detail/iridiumsbd_status__builder.hpp\n'}
[9.640871] (px4_msgs) StdoutLine: {'line': b'-- Up-to-date: /home/em/ros_workspace_2025/nav_ws/install/px4_msgs/include/px4_msgs/px4_msgs/msg/detail/sensor_optical_flow__builder.hpp\n'}
[9.640891] (px4_msgs) StdoutLine: {'line': b'-- Up-to-date: /home/em/ros_workspace_2025/nav_ws/install/px4_msgs/include/px4_msgs/px4_msgs/msg/detail/gimbal_manager_set_manual_control__traits.hpp\n'}
[9.640912] (px4_msgs) StdoutLine: {'line': b'-- Up-to-date: /home/em/ros_workspace_2025/nav_ws/install/px4_msgs/include/px4_msgs/px4_msgs/msg/detail/parameter_reset_request__builder.hpp\n'}
[9.640932] (px4_msgs) StdoutLine: {'line': b'-- Up-to-date: /home/em/ros_workspace_2025/nav_ws/install/px4_msgs/include/px4_msgs/px4_msgs/msg/detail/launch_detection_status__struct.hpp\n'}
[9.640952] (px4_msgs) StdoutLine: {'line': b'-- Up-to-date: /home/em/ros_workspace_2025/nav_ws/install/px4_msgs/include/px4_msgs/px4_msgs/msg/detail/arming_check_reply__builder.hpp\n'}
[9.640972] (px4_msgs) StdoutLine: {'line': b'-- Up-to-date: /home/em/ros_workspace_2025/nav_ws/install/px4_msgs/include/px4_msgs/px4_msgs/msg/detail/follow_target_estimator__traits.hpp\n'}
[9.640995] (px4_msgs) StdoutLine: {'line': b'-- Up-to-date: /home/em/ros_workspace_2025/nav_ws/install/px4_msgs/include/px4_msgs/px4_msgs/msg/detail/sensors_status__struct.hpp\n'}
[9.641014] (px4_msgs) StdoutLine: {'line': b'-- Up-to-date: /home/em/ros_workspace_2025/nav_ws/install/px4_msgs/include/px4_msgs/px4_msgs/msg/detail/vehicle_torque_setpoint__traits.hpp\n'}
[9.641033] (px4_msgs) StdoutLine: {'line': b'-- Up-to-date: /home/em/ros_workspace_2025/nav_ws/install/px4_msgs/include/px4_msgs/px4_msgs/msg/detail/differential_pressure__builder.hpp\n'}
[9.641052] (px4_msgs) StdoutLine: {'line': b'-- Up-to-date: /home/em/ros_workspace_2025/nav_ws/install/px4_msgs/include/px4_msgs/px4_msgs/msg/detail/ekf2_timestamps__traits.hpp\n'}
[9.641073] (px4_msgs) StdoutLine: {'line': b'-- Up-to-date: /home/em/ros_workspace_2025/nav_ws/install/px4_msgs/include/px4_msgs/px4_msgs/msg/detail/cellular_status__traits.hpp\n'}
[9.641092] (px4_msgs) StdoutLine: {'line': b'-- Up-to-date: /home/em/ros_workspace_2025/nav_ws/install/px4_msgs/include/px4_msgs/px4_msgs/msg/detail/wind__struct.hpp\n'}
[9.641112] (px4_msgs) StdoutLine: {'line': b'-- Up-to-date: /home/em/ros_workspace_2025/nav_ws/install/px4_msgs/include/px4_msgs/px4_msgs/msg/detail/sensor_selection__traits.hpp\n'}
[9.641131] (px4_msgs) StdoutLine: {'line': b'-- Up-to-date: /home/em/ros_workspace_2025/nav_ws/install/px4_msgs/include/px4_msgs/px4_msgs/msg/detail/rover_mecanum_guidance_status__traits.hpp\n'}
[9.641152] (px4_msgs) StdoutLine: {'line': b'-- Up-to-date: /home/em/ros_workspace_2025/nav_ws/install/px4_msgs/include/px4_msgs/px4_msgs/msg/detail/vehicle_optical_flow__traits.hpp\n'}
[9.641171] (px4_msgs) StdoutLine: {'line': b'-- Up-to-date: /home/em/ros_workspace_2025/nav_ws/install/px4_msgs/include/px4_msgs/px4_msgs/msg/detail/vehicle_acceleration__traits.hpp\n'}
[9.641192] (px4_msgs) StdoutLine: {'line': b'-- Up-to-date: /home/em/ros_workspace_2025/nav_ws/install/px4_msgs/include/px4_msgs/px4_msgs/msg/detail/ulog_stream_ack__struct.hpp\n'}
[9.641213] (px4_msgs) StdoutLine: {'line': b'-- Up-to-date: /home/em/ros_workspace_2025/nav_ws/install/px4_msgs/include/px4_msgs/px4_msgs/msg/detail/vehicle_command__builder.hpp\n'}
[9.641233] (px4_msgs) StdoutLine: {'line': b'-- Up-to-date: /home/em/ros_workspace_2025/nav_ws/install/px4_msgs/include/px4_msgs/px4_msgs/msg/detail/follow_target_status__builder.hpp\n'}
[9.641252] (px4_msgs) StdoutLine: {'line': b'-- Up-to-date: /home/em/ros_workspace_2025/nav_ws/install/px4_msgs/include/px4_msgs/px4_msgs/msg/detail/vehicle_local_position_setpoint__struct.hpp\n'}
[9.641273] (px4_msgs) StdoutLine: {'line': b'-- Up-to-date: /home/em/ros_workspace_2025/nav_ws/install/px4_msgs/include/px4_msgs/px4_msgs/msg/detail/geofence_result__traits.hpp\n'}
[9.641304] (px4_msgs) StdoutLine: {'line': b'-- Up-to-date: /home/em/ros_workspace_2025/nav_ws/install/px4_msgs/include/px4_msgs/px4_msgs/msg/detail/debug_vect__traits.hpp\n'}
[9.641326] (px4_msgs) StdoutLine: {'line': b'-- Up-to-date: /home/em/ros_workspace_2025/nav_ws/install/px4_msgs/include/px4_msgs/px4_msgs/msg/detail/failure_detector_status__builder.hpp\n'}
[9.641348] (px4_msgs) StdoutLine: {'line': b'-- Up-to-date: /home/em/ros_workspace_2025/nav_ws/install/px4_msgs/include/px4_msgs/px4_msgs/msg/detail/tiltrotor_extra_controls__builder.hpp\n'}
[9.641369] (px4_msgs) StdoutLine: {'line': b'-- Up-to-date: /home/em/ros_workspace_2025/nav_ws/install/px4_msgs/include/px4_msgs/px4_msgs/msg/detail/orb_test_medium__builder.hpp\n'}
[9.641390] (px4_msgs) StdoutLine: {'line': b'-- Up-to-date: /home/em/ros_workspace_2025/nav_ws/install/px4_msgs/include/px4_msgs/px4_msgs/msg/detail/gimbal_device_information__traits.hpp\n'}
[9.641419] (px4_msgs) StdoutLine: {'line': b'-- Up-to-date: /home/em/ros_workspace_2025/nav_ws/install/px4_msgs/include/px4_msgs/px4_msgs/msg/detail/launch_detection_status__traits.hpp\n'}
[9.641449] (px4_msgs) StdoutLine: {'line': b'-- Up-to-date: /home/em/ros_workspace_2025/nav_ws/install/px4_msgs/include/px4_msgs/px4_msgs/msg/detail/navigator_mission_item__traits.hpp\n'}
[9.641478] (px4_msgs) StdoutLine: {'line': b'-- Up-to-date: /home/em/ros_workspace_2025/nav_ws/install/px4_msgs/include/px4_msgs/px4_msgs/msg/detail/parameter_reset_request__struct.hpp\n'}
[9.641507] (px4_msgs) StdoutLine: {'line': b'-- Up-to-date: /home/em/ros_workspace_2025/nav_ws/install/px4_msgs/include/px4_msgs/px4_msgs/msg/detail/health_report__builder.hpp\n'}
[9.641538] (px4_msgs) StdoutLine: {'line': b'-- Up-to-date: /home/em/ros_workspace_2025/nav_ws/install/px4_msgs/include/px4_msgs/px4_msgs/msg/detail/log_message__struct.hpp\n'}
[9.641561] (px4_msgs) StdoutLine: {'line': b'-- Up-to-date: /home/em/ros_workspace_2025/nav_ws/install/px4_msgs/include/px4_msgs/px4_msgs/msg/detail/button_event__struct.hpp\n'}
[9.641583] (px4_msgs) StdoutLine: {'line': b'-- Up-to-date: /home/em/ros_workspace_2025/nav_ws/install/px4_msgs/include/px4_msgs/px4_msgs/msg/detail/message_format_response__struct.hpp\n'}
[9.641604] (px4_msgs) StdoutLine: {'line': b'-- Up-to-date: /home/em/ros_workspace_2025/nav_ws/install/px4_msgs/include/px4_msgs/px4_msgs/msg/detail/vehicle_imu_status__struct.hpp\n'}
[9.641625] (px4_msgs) StdoutLine: {'line': b'-- Up-to-date: /home/em/ros_workspace_2025/nav_ws/install/px4_msgs/include/px4_msgs/px4_msgs/msg/detail/fuel_tank_status__struct.hpp\n'}
[9.641646] (px4_msgs) StdoutLine: {'line': b'-- Up-to-date: /home/em/ros_workspace_2025/nav_ws/install/px4_msgs/include/px4_msgs/px4_msgs/msg/detail/register_ext_component_request__traits.hpp\n'}
[9.641666] (px4_msgs) StdoutLine: {'line': b'-- Up-to-date: /home/em/ros_workspace_2025/nav_ws/install/px4_msgs/include/px4_msgs/px4_msgs/msg/detail/cellular_status__struct.hpp\n'}
[9.641687] (px4_msgs) StdoutLine: {'line': b'-- Up-to-date: /home/em/ros_workspace_2025/nav_ws/install/px4_msgs/include/px4_msgs/px4_msgs/msg/detail/sensor_accel__traits.hpp\n'}
[9.641707] (px4_msgs) StdoutLine: {'line': b'-- Up-to-date: /home/em/ros_workspace_2025/nav_ws/install/px4_msgs/include/px4_msgs/px4_msgs/msg/detail/open_drone_id_operator_id__traits.hpp\n'}
[9.641728] (px4_msgs) StdoutLine: {'line': b'-- Up-to-date: /home/em/ros_workspace_2025/nav_ws/install/px4_msgs/include/px4_msgs/px4_msgs/msg/detail/parameter_update__traits.hpp\n'}
[9.641748] (px4_msgs) StdoutLine: {'line': b'-- Up-to-date: /home/em/ros_workspace_2025/nav_ws/install/px4_msgs/include/px4_msgs/px4_msgs/msg/detail/uavcan_parameter_value__traits.hpp\n'}
[9.641770] (px4_msgs) StdoutLine: {'line': b'-- Up-to-date: /home/em/ros_workspace_2025/nav_ws/install/px4_msgs/include/px4_msgs/px4_msgs/msg/detail/fuel_tank_status__builder.hpp\n'}
[9.641792] (px4_msgs) StdoutLine: {'line': b'-- Up-to-date: /home/em/ros_workspace_2025/nav_ws/install/px4_msgs/include/px4_msgs/px4_msgs/msg/detail/vehicle_local_position__builder.hpp\n'}
[9.641813] (px4_msgs) StdoutLine: {'line': b'-- Up-to-date: /home/em/ros_workspace_2025/nav_ws/install/px4_msgs/include/px4_msgs/px4_msgs/msg/detail/sensor_accel_fifo__struct.hpp\n'}
[9.641834] (px4_msgs) StdoutLine: {'line': b'-- Up-to-date: /home/em/ros_workspace_2025/nav_ws/install/px4_msgs/include/px4_msgs/px4_msgs/msg/detail/sensor_mag__builder.hpp\n'}
[9.641856] (px4_msgs) StdoutLine: {'line': b'-- Up-to-date: /home/em/ros_workspace_2025/nav_ws/install/px4_msgs/include/px4_msgs/px4_msgs/msg/detail/rover_mecanum_guidance_status__builder.hpp\n'}
[9.641876] (px4_msgs) StdoutLine: {'line': b'-- Up-to-date: /home/em/ros_workspace_2025/nav_ws/install/px4_msgs/include/px4_msgs/px4_msgs/msg/detail/rover_mecanum_setpoint__traits.hpp\n'}
[9.641895] (px4_msgs) StdoutLine: {'line': b'-- Up-to-date: /home/em/ros_workspace_2025/nav_ws/install/px4_msgs/include/px4_msgs/px4_msgs/msg/detail/mission_result__struct.hpp\n'}
[9.641915] (px4_msgs) StdoutLine: {'line': b'-- Up-to-date: /home/em/ros_workspace_2025/nav_ws/install/px4_msgs/include/px4_msgs/px4_msgs/msg/detail/tiltrotor_extra_controls__traits.hpp\n'}
[9.641934] (px4_msgs) StdoutLine: {'line': b'-- Up-to-date: /home/em/ros_workspace_2025/nav_ws/install/px4_msgs/include/px4_msgs/px4_msgs/msg/detail/satellite_info__builder.hpp\n'}
[9.641955] (px4_msgs) StdoutLine: {'line': b'-- Up-to-date: /home/em/ros_workspace_2025/nav_ws/install/px4_msgs/include/px4_msgs/px4_msgs/msg/detail/message_format_response__traits.hpp\n'}
[9.641975] (px4_msgs) StdoutLine: {'line': b'-- Up-to-date: /home/em/ros_workspace_2025/nav_ws/install/px4_msgs/include/px4_msgs/px4_msgs/msg/detail/debug_value__builder.hpp\n'}
[9.641995] (px4_msgs) StdoutLine: {'line': b'-- Up-to-date: /home/em/ros_workspace_2025/nav_ws/install/px4_msgs/include/px4_msgs/px4_msgs/msg/detail/dataman_response__struct.hpp\n'}
[9.642014] (px4_msgs) StdoutLine: {'line': b'-- Up-to-date: /home/em/ros_workspace_2025/nav_ws/install/px4_msgs/include/px4_msgs/px4_msgs/msg/detail/collision_report__builder.hpp\n'}
[9.642033] (px4_msgs) StdoutLine: {'line': b'-- Up-to-date: /home/em/ros_workspace_2025/nav_ws/install/px4_msgs/include/px4_msgs/px4_msgs/msg/detail/uavcan_parameter_request__traits.hpp\n'}
[9.642053] (px4_msgs) StdoutLine: {'line': b'-- Up-to-date: /home/em/ros_workspace_2025/nav_ws/install/px4_msgs/include/px4_msgs/px4_msgs/msg/detail/estimator_status__builder.hpp\n'}
[9.642072] (px4_msgs) StdoutLine: {'line': b'-- Up-to-date: /home/em/ros_workspace_2025/nav_ws/install/px4_msgs/include/px4_msgs/px4_msgs/msg/detail/pwm_input__builder.hpp\n'}
[9.642092] (px4_msgs) StdoutLine: {'line': b'-- Up-to-date: /home/em/ros_workspace_2025/nav_ws/install/px4_msgs/include/px4_msgs/px4_msgs/msg/detail/dataman_request__builder.hpp\n'}
[9.642111] (px4_msgs) StdoutLine: {'line': b'-- Up-to-date: /home/em/ros_workspace_2025/nav_ws/install/px4_msgs/include/px4_msgs/px4_msgs/msg/detail/mavlink_log__builder.hpp\n'}
[9.642131] (px4_msgs) StdoutLine: {'line': b'-- Up-to-date: /home/em/ros_workspace_2025/nav_ws/install/px4_msgs/include/px4_msgs/px4_msgs/msg/detail/vehicle_constraints__traits.hpp\n'}
[9.642151] (px4_msgs) StdoutLine: {'line': b'-- Up-to-date: /home/em/ros_workspace_2025/nav_ws/install/px4_msgs/include/px4_msgs/px4_msgs/msg/detail/home_position__builder.hpp\n'}
[9.642172] (px4_msgs) StdoutLine: {'line': b'-- Up-to-date: /home/em/ros_workspace_2025/nav_ws/install/px4_msgs/include/px4_msgs/px4_msgs/msg/detail/config_overrides__traits.hpp\n'}
[9.642192] (px4_msgs) StdoutLine: {'line': b'-- Up-to-date: /home/em/ros_workspace_2025/nav_ws/install/px4_msgs/include/px4_msgs/px4_msgs/msg/detail/camera_status__traits.hpp\n'}
[9.642212] (px4_msgs) StdoutLine: {'line': b'-- Up-to-date: /home/em/ros_workspace_2025/nav_ws/install/px4_msgs/include/px4_msgs/px4_msgs/msg/detail/gpio_request__builder.hpp\n'}
[9.642232] (px4_msgs) StdoutLine: {'line': b'-- Up-to-date: /home/em/ros_workspace_2025/nav_ws/install/px4_msgs/include/px4_msgs/px4_msgs/msg/detail/airspeed__builder.hpp\n'}
[9.642251] (px4_msgs) StdoutLine: {'line': b'-- Up-to-date: /home/em/ros_workspace_2025/nav_ws/install/px4_msgs/include/px4_msgs/px4_msgs/msg/detail/tecs_status__struct.hpp\n'}
[9.642270] (px4_msgs) StdoutLine: {'line': b'-- Up-to-date: /home/em/ros_workspace_2025/nav_ws/install/px4_msgs/include/px4_msgs/px4_msgs/msg/detail/estimator_status_flags__builder.hpp\n'}
[9.642296] (px4_msgs) StdoutLine: {'line': b'-- Up-to-date: /home/em/ros_workspace_2025/nav_ws/install/px4_msgs/include/px4_msgs/px4_msgs/msg/detail/estimator_aid_source2d__struct.hpp\n'}
[9.642315] (px4_msgs) StdoutLine: {'line': b'-- Up-to-date: /home/em/ros_workspace_2025/nav_ws/install/px4_msgs/include/px4_msgs/px4_msgs/msg/detail/rover_differential_status__traits.hpp\n'}
[9.642337] (px4_msgs) StdoutLine: {'line': b'-- Up-to-date: /home/em/ros_workspace_2025/nav_ws/install/px4_msgs/include/px4_msgs/px4_msgs/msg/detail/mavlink_tunnel__traits.hpp\n'}
[9.642360] (px4_msgs) StdoutLine: {'line': b'-- Up-to-date: /home/em/ros_workspace_2025/nav_ws/install/px4_msgs/include/px4_msgs/px4_msgs/msg/detail/estimator_status__traits.hpp\n'}
[9.642397] (px4_msgs) StdoutLine: {'line': b'-- Up-to-date: /home/em/ros_workspace_2025/nav_ws/install/px4_msgs/include/px4_msgs/px4_msgs/msg/detail/mission_result__builder.hpp\n'}
[9.642437] (px4_msgs) StdoutLine: {'line': b'-- Up-to-date: /home/em/ros_workspace_2025/nav_ws/install/px4_msgs/include/px4_msgs/px4_msgs/msg/detail/sensor_uwb__struct.hpp\n'}
[9.642470] (px4_msgs) StdoutLine: {'line': b'-- Up-to-date: /home/em/ros_workspace_2025/nav_ws/install/px4_msgs/include/px4_msgs/px4_msgs/msg/detail/sensors_status_imu__builder.hpp\n'}
[9.642493] (px4_msgs) StdoutLine: {'line': b'-- Up-to-date: /home/em/ros_workspace_2025/nav_ws/install/px4_msgs/include/px4_msgs/px4_msgs/msg/detail/normalized_unsigned_setpoint__struct.hpp\n'}
[9.642514] (px4_msgs) StdoutLine: {'line': b'-- Up-to-date: /home/em/ros_workspace_2025/nav_ws/install/px4_msgs/include/px4_msgs/px4_msgs/msg/detail/actuator_servos_trim__builder.hpp\n'}
[9.642535] (px4_msgs) StdoutLine: {'line': b'-- Up-to-date: /home/em/ros_workspace_2025/nav_ws/install/px4_msgs/include/px4_msgs/px4_msgs/msg/detail/open_drone_id_self_id__builder.hpp\n'}
[9.642556] (px4_msgs) StdoutLine: {'line': b'-- Up-to-date: /home/em/ros_workspace_2025/nav_ws/install/px4_msgs/include/px4_msgs/px4_msgs/msg/detail/led_control__builder.hpp\n'}
[9.642577] (px4_msgs) StdoutLine: {'line': b'-- Up-to-date: /home/em/ros_workspace_2025/nav_ws/install/px4_msgs/include/px4_msgs/px4_msgs/msg/detail/magnetometer_bias_estimate__struct.hpp\n'}
[9.642597] (px4_msgs) StdoutLine: {'line': b'-- Up-to-date: /home/em/ros_workspace_2025/nav_ws/install/px4_msgs/include/px4_msgs/px4_msgs/msg/detail/sensor_gyro_fft__builder.hpp\n'}
[9.642636] (px4_msgs) StdoutLine: {'line': b'-- Up-to-date: /home/em/ros_workspace_2025/nav_ws/install/px4_msgs/include/px4_msgs/px4_msgs/msg/detail/distance_sensor__traits.hpp\n'}
[9.642669] (px4_msgs) StdoutLine: {'line': b'-- Up-to-date: /home/em/ros_workspace_2025/nav_ws/install/px4_msgs/include/px4_msgs/px4_msgs/msg/detail/rover_ackermann_guidance_status__traits.hpp\n'}
[9.642702] (px4_msgs) StdoutLine: {'line': b'-- Up-to-date: /home/em/ros_workspace_2025/nav_ws/install/px4_msgs/include/px4_msgs/px4_msgs/msg/detail/vehicle_angular_acceleration_setpoint__struct.hpp\n'}
[9.642737] (px4_msgs) StdoutLine: {'line': b'-- Up-to-date: /home/em/ros_workspace_2025/nav_ws/install/px4_msgs/include/px4_msgs/px4_msgs/msg/detail/gps_dump__builder.hpp\n'}
[9.642771] (px4_msgs) StdoutLine: {'line': b'-- Up-to-date: /home/em/ros_workspace_2025/nav_ws/install/px4_msgs/include/px4_msgs/px4_msgs/msg/detail/sensor_uwb__traits.hpp\n'}
[9.642801] (px4_msgs) StdoutLine: {'line': b'-- Up-to-date: /home/em/ros_workspace_2025/nav_ws/install/px4_msgs/include/px4_msgs/px4_msgs/msg/detail/log_message__builder.hpp\n'}
[9.642831] (px4_msgs) StdoutLine: {'line': b'-- Up-to-date: /home/em/ros_workspace_2025/nav_ws/install/px4_msgs/include/px4_msgs/px4_msgs/msg/detail/radio_status__traits.hpp\n'}
[9.642860] (px4_msgs) StdoutLine: {'line': b'-- Up-to-date: /home/em/ros_workspace_2025/nav_ws/install/px4_msgs/include/px4_msgs/px4_msgs/msg/detail/sensor_mag__traits.hpp\n'}
[9.642889] (px4_msgs) StdoutLine: {'line': b'-- Up-to-date: /home/em/ros_workspace_2025/nav_ws/install/px4_msgs/include/px4_msgs/px4_msgs/msg/detail/actuator_outputs__struct.hpp\n'}
[9.642918] (px4_msgs) StdoutLine: {'line': b'-- Up-to-date: /home/em/ros_workspace_2025/nav_ws/install/px4_msgs/include/px4_msgs/px4_msgs/msg/detail/camera_capture__builder.hpp\n'}
[9.642947] (px4_msgs) StdoutLine: {'line': b'-- Up-to-date: /home/em/ros_workspace_2025/nav_ws/install/px4_msgs/include/px4_msgs/px4_msgs/msg/detail/parameter_reset_request__traits.hpp\n'}
[9.642976] (px4_msgs) StdoutLine: {'line': b'-- Up-to-date: /home/em/ros_workspace_2025/nav_ws/install/px4_msgs/include/px4_msgs/px4_msgs/msg/detail/vehicle_trajectory_bezier__struct.hpp\n'}
[9.643006] (px4_msgs) StdoutLine: {'line': b'-- Up-to-date: /home/em/ros_workspace_2025/nav_ws/install/px4_msgs/include/px4_msgs/px4_msgs/msg/detail/gimbal_manager_set_manual_control__struct.hpp\n'}
[9.643034] (px4_msgs) StdoutLine: {'line': b'-- Up-to-date: /home/em/ros_workspace_2025/nav_ws/install/px4_msgs/include/px4_msgs/px4_msgs/msg/detail/gimbal_manager_set_attitude__builder.hpp\n'}
[9.643064] (px4_msgs) StdoutLine: {'line': b'-- Up-to-date: /home/em/ros_workspace_2025/nav_ws/install/px4_msgs/include/px4_msgs/px4_msgs/msg/detail/uavcan_parameter_request__struct.hpp\n'}
[9.643093] (px4_msgs) StdoutLine: {'line': b'-- Up-to-date: /home/em/ros_workspace_2025/nav_ws/install/px4_msgs/include/px4_msgs/px4_msgs/msg/detail/vehicle_land_detected__traits.hpp\n'}
[9.643126] (px4_msgs) StdoutLine: {'line': b'-- Up-to-date: /home/em/ros_workspace_2025/nav_ws/install/px4_msgs/include/px4_msgs/px4_msgs/msg/detail/sensor_gyro_fifo__struct.hpp\n'}
[9.643158] (px4_msgs) StdoutLine: {'line': b'-- Up-to-date: /home/em/ros_workspace_2025/nav_ws/install/px4_msgs/include/px4_msgs/px4_msgs/msg/detail/landing_target_innovations__builder.hpp\n'}
[9.643189] (px4_msgs) StdoutLine: {'line': b'-- Up-to-date: /home/em/ros_workspace_2025/nav_ws/install/px4_msgs/include/px4_msgs/px4_msgs/msg/detail/geofence_result__struct.hpp\n'}
[9.643221] (px4_msgs) StdoutLine: {'line': b'-- Up-to-date: /home/em/ros_workspace_2025/nav_ws/install/px4_msgs/include/px4_msgs/px4_msgs/msg/detail/vehicle_command_ack__traits.hpp\n'}
[9.643251] (px4_msgs) StdoutLine: {'line': b'-- Up-to-date: /home/em/ros_workspace_2025/nav_ws/install/px4_msgs/include/px4_msgs/px4_msgs/msg/detail/can_interface_status__traits.hpp\n'}
[9.643285] (px4_msgs) StdoutLine: {'line': b'-- Up-to-date: /home/em/ros_workspace_2025/nav_ws/install/px4_msgs/include/px4_msgs/px4_msgs/msg/detail/position_controller_status__traits.hpp\n'}
[9.643317] (px4_msgs) StdoutLine: {'line': b'-- Up-to-date: /home/em/ros_workspace_2025/nav_ws/install/px4_msgs/include/px4_msgs/px4_msgs/msg/detail/geofence_status__builder.hpp\n'}
[9.643346] (px4_msgs) StdoutLine: {'line': b'-- Up-to-date: /home/em/ros_workspace_2025/nav_ws/install/px4_msgs/include/px4_msgs/px4_msgs/msg/detail/actuator_armed__struct.hpp\n'}
[9.643377] (px4_msgs) StdoutLine: {'line': b'-- Up-to-date: /home/em/ros_workspace_2025/nav_ws/install/px4_msgs/include/px4_msgs/px4_msgs/msg/detail/qshell_req__traits.hpp\n'}
[9.643408] (px4_msgs) StdoutLine: {'line': b'-- Up-to-date: /home/em/ros_workspace_2025/nav_ws/install/px4_msgs/include/px4_msgs/px4_msgs/msg/detail/orb_test_medium__traits.hpp\n'}
[9.643437] (px4_msgs) StdoutLine: {'line': b'-- Up-to-date: /home/em/ros_workspace_2025/nav_ws/install/px4_msgs/include/px4_msgs/px4_msgs/msg/detail/manual_control_switches__struct.hpp\n'}
[9.643465] (px4_msgs) StdoutLine: {'line': b'-- Up-to-date: /home/em/ros_workspace_2025/nav_ws/install/px4_msgs/include/px4_msgs/px4_msgs/msg/detail/vehicle_odometry__traits.hpp\n'}
[9.643494] (px4_msgs) StdoutLine: {'line': b'-- Up-to-date: /home/em/ros_workspace_2025/nav_ws/install/px4_msgs/include/px4_msgs/px4_msgs/msg/detail/power_monitor__struct.hpp\n'}
[9.643522] (px4_msgs) StdoutLine: {'line': b'-- Up-to-date: /home/em/ros_workspace_2025/nav_ws/install/px4_msgs/include/px4_msgs/px4_msgs/msg/detail/yaw_estimator_status__struct.hpp\n'}
[9.643551] (px4_msgs) StdoutLine: {'line': b'-- Up-to-date: /home/em/ros_workspace_2025/nav_ws/install/px4_msgs/include/px4_msgs/px4_msgs/msg/detail/airspeed_wind__traits.hpp\n'}
[9.643584] (px4_msgs) StdoutLine: {'line': b'-- Up-to-date: /home/em/ros_workspace_2025/nav_ws/install/px4_msgs/include/px4_msgs/px4_msgs/msg/detail/actuator_outputs__traits.hpp\n'}
[9.643614] (px4_msgs) StdoutLine: {'line': b'-- Up-to-date: /home/em/ros_workspace_2025/nav_ws/install/px4_msgs/include/px4_msgs/px4_msgs/msg/detail/gpio_config__struct.hpp\n'}
[9.643643] (px4_msgs) StdoutLine: {'line': b'-- Up-to-date: /home/em/ros_workspace_2025/nav_ws/install/px4_msgs/include/px4_msgs/px4_msgs/msg/detail/vehicle_thrust_setpoint__traits.hpp\n'}
[9.643673] (px4_msgs) StdoutLine: {'line': b'-- Up-to-date: /home/em/ros_workspace_2025/nav_ws/install/px4_msgs/include/px4_msgs/px4_msgs/msg/detail/esc_report__struct.hpp\n'}
[9.643702] (px4_msgs) StdoutLine: {'line': b'-- Up-to-date: /home/em/ros_workspace_2025/nav_ws/install/px4_msgs/include/px4_msgs/px4_msgs/msg/detail/rover_ackermann_status__traits.hpp\n'}
[9.643731] (px4_msgs) StdoutLine: {'line': b'-- Up-to-date: /home/em/ros_workspace_2025/nav_ws/install/px4_msgs/include/px4_msgs/px4_msgs/msg/detail/estimator_event_flags__builder.hpp\n'}
[9.643760] (px4_msgs) StdoutLine: {'line': b'-- Up-to-date: /home/em/ros_workspace_2025/nav_ws/install/px4_msgs/include/px4_msgs/px4_msgs/msg/detail/ping__builder.hpp\n'}
[9.643790] (px4_msgs) StdoutLine: {'line': b'-- Up-to-date: /home/em/ros_workspace_2025/nav_ws/install/px4_msgs/include/px4_msgs/px4_msgs/msg/detail/airspeed__traits.hpp\n'}
[9.643821] (px4_msgs) StdoutLine: {'line': b'-- Up-to-date: /home/em/ros_workspace_2025/nav_ws/install/px4_msgs/include/px4_msgs/px4_msgs/msg/detail/trajectory_bezier__struct.hpp\n'}
[9.643851] (px4_msgs) StdoutLine: {'line': b'-- Up-to-date: /home/em/ros_workspace_2025/nav_ws/install/px4_msgs/include/px4_msgs/px4_msgs/msg/detail/battery_status__struct.hpp\n'}
[9.643880] (px4_msgs) StdoutLine: {'line': b'-- Up-to-date: /home/em/ros_workspace_2025/nav_ws/install/px4_msgs/include/px4_msgs/px4_msgs/msg/detail/buffer128__struct.hpp\n'}
[9.643909] (px4_msgs) StdoutLine: {'line': b'-- Up-to-date: /home/em/ros_workspace_2025/nav_ws/install/px4_msgs/include/px4_msgs/px4_msgs/msg/detail/gimbal_manager_information__builder.hpp\n'}
[9.643939] (px4_msgs) StdoutLine: {'line': b'-- Up-to-date: /home/em/ros_workspace_2025/nav_ws/install/px4_msgs/include/px4_msgs/px4_msgs/msg/detail/sensor_baro__traits.hpp\n'}
[9.643971] (px4_msgs) StdoutLine: {'line': b'-- Up-to-date: /home/em/ros_workspace_2025/nav_ws/install/px4_msgs/include/px4_msgs/px4_msgs/msg/detail/parameter_update__struct.hpp\n'}
[9.644003] (px4_msgs) StdoutLine: {'line': b'-- Up-to-date: /home/em/ros_workspace_2025/nav_ws/install/px4_msgs/include/px4_msgs/px4_msgs/msg/detail/navigator_status__builder.hpp\n'}
[9.644036] (px4_msgs) StdoutLine: {'line': b'-- Up-to-date: /home/em/ros_workspace_2025/nav_ws/install/px4_msgs/include/px4_msgs/px4_msgs/msg/detail/vehicle_magnetometer__traits.hpp\n'}
[9.644068] (px4_msgs) StdoutLine: {'line': b'-- Up-to-date: /home/em/ros_workspace_2025/nav_ws/install/px4_msgs/include/px4_msgs/px4_msgs/msg/detail/hover_thrust_estimate__traits.hpp\n'}
[9.644104] (px4_msgs) StdoutLine: {'line': b'-- Up-to-date: /home/em/ros_workspace_2025/nav_ws/install/px4_msgs/include/px4_msgs/px4_msgs/msg/detail/estimator_aid_source1d__builder.hpp\n'}
[9.644135] (px4_msgs) StdoutLine: {'line': b'-- Up-to-date: /home/em/ros_workspace_2025/nav_ws/install/px4_msgs/include/px4_msgs/px4_msgs/msg/detail/event__builder.hpp\n'}
[9.644165] (px4_msgs) StdoutLine: {'line': b'-- Up-to-date: /home/em/ros_workspace_2025/nav_ws/install/px4_msgs/include/px4_msgs/px4_msgs/msg/detail/vehicle_optical_flow__struct.hpp\n'}
[9.644195] (px4_msgs) StdoutLine: {'line': b'-- Up-to-date: /home/em/ros_workspace_2025/nav_ws/install/px4_msgs/include/px4_msgs/px4_msgs/msg/detail/sensor_gyro__struct.hpp\n'}
[9.644225] (px4_msgs) StdoutLine: {'line': b'-- Up-to-date: /home/em/ros_workspace_2025/nav_ws/install/px4_msgs/include/px4_msgs/px4_msgs/msg/detail/sensors_status__builder.hpp\n'}
[9.644256] (px4_msgs) StdoutLine: {'line': b'-- Up-to-date: /home/em/ros_workspace_2025/nav_ws/install/px4_msgs/include/px4_msgs/px4_msgs/msg/detail/qshell_retval__builder.hpp\n'}
[9.644292] (px4_msgs) StdoutLine: {'line': b'-- Up-to-date: /home/em/ros_workspace_2025/nav_ws/install/px4_msgs/include/px4_msgs/px4_msgs/msg/detail/vtol_vehicle_status__builder.hpp\n'}
[9.644329] (px4_msgs) StdoutLine: {'line': b'-- Up-to-date: /home/em/ros_workspace_2025/nav_ws/install/px4_msgs/include/px4_msgs/px4_msgs/msg/detail/rover_mecanum_status__builder.hpp\n'}
[9.644362] (px4_msgs) StdoutLine: {'line': b'-- Up-to-date: /home/em/ros_workspace_2025/nav_ws/install/px4_msgs/include/px4_msgs/px4_msgs/msg/detail/vehicle_odometry__builder.hpp\n'}
[9.644394] (px4_msgs) StdoutLine: {'line': b'-- Up-to-date: /home/em/ros_workspace_2025/nav_ws/install/px4_msgs/include/px4_msgs/px4_msgs/msg/detail/rover_differential_status__struct.hpp\n'}
[9.644426] (px4_msgs) StdoutLine: {'line': b'-- Up-to-date: /home/em/ros_workspace_2025/nav_ws/install/px4_msgs/include/px4_msgs/px4_msgs/msg/detail/geofence_status__struct.hpp\n'}
[9.644456] (px4_msgs) StdoutLine: {'line': b'-- Up-to-date: /home/em/ros_workspace_2025/nav_ws/install/px4_msgs/include/px4_msgs/px4_msgs/msg/detail/action_request__builder.hpp\n'}
[9.644485] (px4_msgs) StdoutLine: {'line': b'-- Up-to-date: /home/em/ros_workspace_2025/nav_ws/install/px4_msgs/include/px4_msgs/px4_msgs/msg/detail/gpio_config__builder.hpp\n'}
[9.644518] (px4_msgs) StdoutLine: {'line': b'-- Up-to-date: /home/em/ros_workspace_2025/nav_ws/install/px4_msgs/include/px4_msgs/px4_msgs/msg/detail/vehicle_acceleration__struct.hpp\n'}
[9.644547] (px4_msgs) StdoutLine: {'line': b'-- Up-to-date: /home/em/ros_workspace_2025/nav_ws/install/px4_msgs/include/px4_msgs/px4_msgs/msg/detail/trajectory_setpoint__struct.hpp\n'}
[9.644577] (px4_msgs) StdoutLine: {'line': b'-- Up-to-date: /home/em/ros_workspace_2025/nav_ws/install/px4_msgs/include/px4_msgs/px4_msgs/msg/detail/input_rc__builder.hpp\n'}
[9.644613] (px4_msgs) StdoutLine: {'line': b'-- Up-to-date: /home/em/ros_workspace_2025/nav_ws/install/px4_msgs/include/px4_msgs/px4_msgs/msg/detail/sensor_gyro__builder.hpp\n'}
[9.644646] (px4_msgs) StdoutLine: {'line': b'-- Up-to-date: /home/em/ros_workspace_2025/nav_ws/install/px4_msgs/include/px4_msgs/px4_msgs/msg/detail/follow_target_status__struct.hpp\n'}
[9.644677] (px4_msgs) StdoutLine: {'line': b'-- Up-to-date: /home/em/ros_workspace_2025/nav_ws/install/px4_msgs/include/px4_msgs/px4_msgs/msg/detail/sensor_baro__struct.hpp\n'}
[9.644709] (px4_msgs) StdoutLine: {'line': b'-- Up-to-date: /home/em/ros_workspace_2025/nav_ws/install/px4_msgs/include/px4_msgs/px4_msgs/msg/detail/npfg_status__struct.hpp\n'}
[9.644740] (px4_msgs) StdoutLine: {'line': b'-- Up-to-date: /home/em/ros_workspace_2025/nav_ws/install/px4_msgs/include/px4_msgs/px4_msgs/msg/detail/goto_setpoint__traits.hpp\n'}
[9.644771] (px4_msgs) StdoutLine: {'line': b'-- Up-to-date: /home/em/ros_workspace_2025/nav_ws/install/px4_msgs/include/px4_msgs/px4_msgs/msg/detail/distance_sensor__builder.hpp\n'}
[9.644803] (px4_msgs) StdoutLine: {'line': b'-- Up-to-date: /home/em/ros_workspace_2025/nav_ws/install/px4_msgs/include/px4_msgs/px4_msgs/msg/detail/landing_target_pose__builder.hpp\n'}
[9.644836] (px4_msgs) StdoutLine: {'line': b'-- Up-to-date: /home/em/ros_workspace_2025/nav_ws/install/px4_msgs/include/px4_msgs/px4_msgs/msg/detail/navigator_status__struct.hpp\n'}
[9.644867] (px4_msgs) StdoutLine: {'line': b'-- Up-to-date: /home/em/ros_workspace_2025/nav_ws/install/px4_msgs/include/px4_msgs/px4_msgs/msg/detail/system_power__traits.hpp\n'}
[9.644897] (px4_msgs) StdoutLine: {'line': b'-- Up-to-date: /home/em/ros_workspace_2025/nav_ws/install/px4_msgs/include/px4_msgs/px4_msgs/msg/detail/collision_report__traits.hpp\n'}
[9.644928] (px4_msgs) StdoutLine: {'line': b'-- Up-to-date: /home/em/ros_workspace_2025/nav_ws/install/px4_msgs/include/px4_msgs/px4_msgs/msg/detail/hover_thrust_estimate__struct.hpp\n'}
[9.644959] (px4_msgs) StdoutLine: {'line': b'-- Up-to-date: /home/em/ros_workspace_2025/nav_ws/install/px4_msgs/include/px4_msgs/px4_msgs/msg/detail/rtl_time_estimate__builder.hpp\n'}
[9.644992] (px4_msgs) StdoutLine: {'line': b'-- Up-to-date: /home/em/ros_workspace_2025/nav_ws/install/px4_msgs/include/px4_msgs/px4_msgs/msg/detail/led_control__traits.hpp\n'}
[9.645023] (px4_msgs) StdoutLine: {'line': b'-- Up-to-date: /home/em/ros_workspace_2025/nav_ws/install/px4_msgs/include/px4_msgs/px4_msgs/msg/detail/unregister_ext_component__builder.hpp\n'}
[9.645055] (px4_msgs) StdoutLine: {'line': b'-- Up-to-date: /home/em/ros_workspace_2025/nav_ws/install/px4_msgs/include/px4_msgs/px4_msgs/msg/detail/dataman_request__traits.hpp\n'}
[9.645086] (px4_msgs) StdoutLine: {'line': b'-- Up-to-date: /home/em/ros_workspace_2025/nav_ws/install/px4_msgs/include/px4_msgs/px4_msgs/msg/detail/irlock_report__builder.hpp\n'}
[9.645118] (px4_msgs) StdoutLine: {'line': b'-- Up-to-date: /home/em/ros_workspace_2025/nav_ws/install/px4_msgs/include/px4_msgs/px4_msgs/msg/detail/autotune_attitude_control_status__struct.hpp\n'}
[9.645149] (px4_msgs) StdoutLine: {'line': b'-- Up-to-date: /home/em/ros_workspace_2025/nav_ws/install/px4_msgs/include/px4_msgs/px4_msgs/msg/detail/mavlink_tunnel__builder.hpp\n'}
[9.645181] (px4_msgs) StdoutLine: {'line': b'-- Up-to-date: /home/em/ros_workspace_2025/nav_ws/install/px4_msgs/include/px4_msgs/px4_msgs/msg/detail/collision_constraints__builder.hpp\n'}
[9.645212] (px4_msgs) StdoutLine: {'line': b'-- Up-to-date: /home/em/ros_workspace_2025/nav_ws/install/px4_msgs/include/px4_msgs/px4_msgs/msg/detail/failsafe_flags__struct.hpp\n'}
[9.645243] (px4_msgs) StdoutLine: {'line': b'-- Up-to-date: /home/em/ros_workspace_2025/nav_ws/install/px4_msgs/include/px4_msgs/px4_msgs/msg/detail/arming_check_request__struct.hpp\n'}
[9.645274] (px4_msgs) StdoutLine: {'line': b'-- Up-to-date: /home/em/ros_workspace_2025/nav_ws/install/px4_msgs/include/px4_msgs/px4_msgs/msg/detail/estimator_bias__struct.hpp\n'}
[9.645309] (px4_msgs) StdoutLine: {'line': b'-- Up-to-date: /home/em/ros_workspace_2025/nav_ws/install/px4_msgs/include/px4_msgs/px4_msgs/msg/detail/normalized_unsigned_setpoint__traits.hpp\n'}
[9.645342] (px4_msgs) StdoutLine: {'line': b'-- Up-to-date: /home/em/ros_workspace_2025/nav_ws/install/px4_msgs/include/px4_msgs/px4_msgs/msg/detail/generator_status__struct.hpp\n'}
[9.645373] (px4_msgs) StdoutLine: {'line': b'-- Up-to-date: /home/em/ros_workspace_2025/nav_ws/install/px4_msgs/include/px4_msgs/px4_msgs/msg/detail/airspeed__struct.hpp\n'}
[9.645404] (px4_msgs) StdoutLine: {'line': b'-- Up-to-date: /home/em/ros_workspace_2025/nav_ws/install/px4_msgs/include/px4_msgs/px4_msgs/msg/detail/log_message__traits.hpp\n'}
[9.645435] (px4_msgs) StdoutLine: {'line': b'-- Up-to-date: /home/em/ros_workspace_2025/nav_ws/install/px4_msgs/include/px4_msgs/px4_msgs/msg/detail/yaw_estimator_status__traits.hpp\n'}
[9.645467] (px4_msgs) StdoutLine: {'line': b'-- Up-to-date: /home/em/ros_workspace_2025/nav_ws/install/px4_msgs/include/px4_msgs/px4_msgs/msg/detail/rover_mecanum_setpoint__builder.hpp\n'}
[9.645501] (px4_msgs) StdoutLine: {'line': b'-- Up-to-date: /home/em/ros_workspace_2025/nav_ws/install/px4_msgs/include/px4_msgs/px4_msgs/msg/detail/estimator_states__builder.hpp\n'}
[9.645534] (px4_msgs) StdoutLine: {'line': b'-- Up-to-date: /home/em/ros_workspace_2025/nav_ws/install/px4_msgs/include/px4_msgs/px4_msgs/msg/detail/flight_phase_estimation__struct.hpp\n'}
[9.645565] (px4_msgs) StdoutLine: {'line': b'-- Up-to-date: /home/em/ros_workspace_2025/nav_ws/install/px4_msgs/include/px4_msgs/px4_msgs/msg/detail/rover_ackermann_setpoint__traits.hpp\n'}
[9.645596] (px4_msgs) StdoutLine: {'line': b'-- Up-to-date: /home/em/ros_workspace_2025/nav_ws/install/px4_msgs/include/px4_msgs/px4_msgs/msg/detail/task_stack_info__builder.hpp\n'}
[9.645627] (px4_msgs) StdoutLine: {'line': b'-- Up-to-date: /home/em/ros_workspace_2025/nav_ws/install/px4_msgs/include/px4_msgs/px4_msgs/msg/detail/vehicle_roi__struct.hpp\n'}
[9.645657] (px4_msgs) StdoutLine: {'line': b'-- Up-to-date: /home/em/ros_workspace_2025/nav_ws/install/px4_msgs/include/px4_msgs/px4_msgs/msg/detail/debug_key_value__struct.hpp\n'}
[9.645689] (px4_msgs) StdoutLine: {'line': b'-- Up-to-date: /home/em/ros_workspace_2025/nav_ws/install/px4_msgs/include/px4_msgs/px4_msgs/msg/detail/vehicle_trajectory_waypoint__builder.hpp\n'}
[9.645719] (px4_msgs) StdoutLine: {'line': b'-- Up-to-date: /home/em/ros_workspace_2025/nav_ws/install/px4_msgs/include/px4_msgs/px4_msgs/msg/detail/pps_capture__builder.hpp\n'}
[9.645750] (px4_msgs) StdoutLine: {'line': b'-- Up-to-date: /home/em/ros_workspace_2025/nav_ws/install/px4_msgs/include/px4_msgs/px4_msgs/msg/detail/vehicle_optical_flow_vel__struct.hpp\n'}
[9.645781] (px4_msgs) StdoutLine: {'line': b'-- Up-to-date: /home/em/ros_workspace_2025/nav_ws/install/px4_msgs/include/px4_msgs/px4_msgs/msg/detail/vehicle_angular_velocity__builder.hpp\n'}
[9.645813] (px4_msgs) StdoutLine: {'line': b'-- Up-to-date: /home/em/ros_workspace_2025/nav_ws/install/px4_msgs/include/px4_msgs/px4_msgs/msg/detail/unregister_ext_component__struct.hpp\n'}
[9.645844] (px4_msgs) StdoutLine: {'line': b'-- Up-to-date: /home/em/ros_workspace_2025/nav_ws/install/px4_msgs/include/px4_msgs/px4_msgs/msg/detail/mode_completed__builder.hpp\n'}
[9.645874] (px4_msgs) StdoutLine: {'line': b'-- Up-to-date: /home/em/ros_workspace_2025/nav_ws/install/px4_msgs/include/px4_msgs/px4_msgs/msg/detail/rtl_time_estimate__struct.hpp\n'}
[9.645907] (px4_msgs) StdoutLine: {'line': b'-- Up-to-date: /home/em/ros_workspace_2025/nav_ws/install/px4_msgs/include/px4_msgs/px4_msgs/msg/detail/landing_gear_wheel__builder.hpp\n'}
[9.645937] (px4_msgs) StdoutLine: {'line': b'-- Up-to-date: /home/em/ros_workspace_2025/nav_ws/install/px4_msgs/include/px4_msgs/px4_msgs/msg/detail/ping__traits.hpp\n'}
[9.645969] (px4_msgs) StdoutLine: {'line': b'-- Up-to-date: /home/em/ros_workspace_2025/nav_ws/install/px4_msgs/include/px4_msgs/px4_msgs/msg/detail/register_ext_component_reply__struct.hpp\n'}
[9.646000] (px4_msgs) StdoutLine: {'line': b'-- Up-to-date: /home/em/ros_workspace_2025/nav_ws/install/px4_msgs/include/px4_msgs/px4_msgs/msg/detail/uavcan_parameter_request__builder.hpp\n'}
[9.646031] (px4_msgs) StdoutLine: {'line': b'-- Up-to-date: /home/em/ros_workspace_2025/nav_ws/install/px4_msgs/include/px4_msgs/px4_msgs/msg/detail/gimbal_device_set_attitude__builder.hpp\n'}
[9.646062] (px4_msgs) StdoutLine: {'line': b'-- Up-to-date: /home/em/ros_workspace_2025/nav_ws/install/px4_msgs/include/px4_msgs/px4_msgs/msg/detail/mavlink_log__traits.hpp\n'}
[9.646093] (px4_msgs) StdoutLine: {'line': b'-- Up-to-date: /home/em/ros_workspace_2025/nav_ws/install/px4_msgs/include/px4_msgs/px4_msgs/msg/detail/debug_key_value__builder.hpp\n'}
[9.646124] (px4_msgs) StdoutLine: {'line': b'-- Up-to-date: /home/em/ros_workspace_2025/nav_ws/install/px4_msgs/include/px4_msgs/px4_msgs/msg/detail/gimbal_manager_status__traits.hpp\n'}
[9.646155] (px4_msgs) StdoutLine: {'line': b'-- Up-to-date: /home/em/ros_workspace_2025/nav_ws/install/px4_msgs/include/px4_msgs/px4_msgs/msg/detail/message_format_response__builder.hpp\n'}
[9.646185] (px4_msgs) StdoutLine: {'line': b'-- Up-to-date: /home/em/ros_workspace_2025/nav_ws/install/px4_msgs/include/px4_msgs/px4_msgs/msg/detail/esc_report__traits.hpp\n'}
[9.646217] (px4_msgs) StdoutLine: {'line': b'-- Up-to-date: /home/em/ros_workspace_2025/nav_ws/install/px4_msgs/include/px4_msgs/px4_msgs/msg/detail/satellite_info__struct.hpp\n'}
[9.646248] (px4_msgs) StdoutLine: {'line': b'-- Up-to-date: /home/em/ros_workspace_2025/nav_ws/install/px4_msgs/include/px4_msgs/px4_msgs/msg/detail/estimator_aid_source1d__struct.hpp\n'}
[9.646281] (px4_msgs) StdoutLine: {'line': b'-- Up-to-date: /home/em/ros_workspace_2025/nav_ws/install/px4_msgs/include/px4_msgs/px4_msgs/msg/detail/rover_differential_setpoint__struct.hpp\n'}
[9.646316] (px4_msgs) StdoutLine: {'line': b'-- Up-to-date: /home/em/ros_workspace_2025/nav_ws/install/px4_msgs/include/px4_msgs/px4_msgs/msg/detail/actuator_motors__traits.hpp\n'}
[9.646348] (px4_msgs) StdoutLine: {'line': b'-- Up-to-date: /home/em/ros_workspace_2025/nav_ws/install/px4_msgs/include/px4_msgs/px4_msgs/msg/detail/sensor_accel_fifo__builder.hpp\n'}
[9.646381] (px4_msgs) StdoutLine: {'line': b'-- Up-to-date: /home/em/ros_workspace_2025/nav_ws/install/px4_msgs/include/px4_msgs/px4_msgs/msg/detail/position_setpoint_triplet__traits.hpp\n'}
[9.646414] (px4_msgs) StdoutLine: {'line': b'-- Up-to-date: /home/em/ros_workspace_2025/nav_ws/install/px4_msgs/include/px4_msgs/px4_msgs/msg/detail/button_event__builder.hpp\n'}
[9.646456] (px4_msgs) StdoutLine: {'line': b'-- Up-to-date: /home/em/ros_workspace_2025/nav_ws/install/px4_msgs/include/px4_msgs/px4_msgs/msg/detail/airspeed_wind__struct.hpp\n'}
[9.646491] (px4_msgs) StdoutLine: {'line': b'-- Up-to-date: /home/em/ros_workspace_2025/nav_ws/install/px4_msgs/include/px4_msgs/px4_msgs/msg/detail/mode_completed__traits.hpp\n'}
[9.646524] (px4_msgs) StdoutLine: {'line': b'-- Up-to-date: /home/em/ros_workspace_2025/nav_ws/install/px4_msgs/include/px4_msgs/px4_msgs/msg/detail/orb_test__struct.hpp\n'}
[9.646556] (px4_msgs) StdoutLine: {'line': b'-- Up-to-date: /home/em/ros_workspace_2025/nav_ws/install/px4_msgs/include/px4_msgs/px4_msgs/msg/detail/sensor_accel__builder.hpp\n'}
[9.646587] (px4_msgs) StdoutLine: {'line': b'-- Up-to-date: /home/em/ros_workspace_2025/nav_ws/install/px4_msgs/include/px4_msgs/px4_msgs/msg/detail/flight_phase_estimation__builder.hpp\n'}
[9.646616] (px4_msgs) StdoutLine: {'line': b'-- Up-to-date: /home/em/ros_workspace_2025/nav_ws/install/px4_msgs/include/px4_msgs/px4_msgs/msg/detail/message_format_request__traits.hpp\n'}
[9.646647] (px4_msgs) StdoutLine: {'line': b'-- Up-to-date: /home/em/ros_workspace_2025/nav_ws/install/px4_msgs/include/px4_msgs/px4_msgs/msg/detail/navigator_status__traits.hpp\n'}
[9.646678] (px4_msgs) StdoutLine: {'line': b'-- Up-to-date: /home/em/ros_workspace_2025/nav_ws/install/px4_msgs/include/px4_msgs/px4_msgs/msg/detail/manual_control_switches__builder.hpp\n'}
[9.646710] (px4_msgs) StdoutLine: {'line': b'-- Up-to-date: /home/em/ros_workspace_2025/nav_ws/install/px4_msgs/include/px4_msgs/px4_msgs/msg/detail/rc_parameter_map__builder.hpp\n'}
[9.646742] (px4_msgs) StdoutLine: {'line': b'-- Up-to-date: /home/em/ros_workspace_2025/nav_ws/install/px4_msgs/include/px4_msgs/px4_msgs/msg/detail/actuator_controls_status__traits.hpp\n'}
[9.646775] (px4_msgs) StdoutLine: {'line': b'-- Up-to-date: /home/em/ros_workspace_2025/nav_ws/install/px4_msgs/include/px4_msgs/px4_msgs/msg/detail/telemetry_status__builder.hpp\n'}
[9.646808] (px4_msgs) StdoutLine: {'line': b'-- Up-to-date: /home/em/ros_workspace_2025/nav_ws/install/px4_msgs/include/px4_msgs/px4_msgs/msg/detail/task_stack_info__struct.hpp\n'}
[9.646839] (px4_msgs) StdoutLine: {'line': b'-- Up-to-date: /home/em/ros_workspace_2025/nav_ws/install/px4_msgs/include/px4_msgs/px4_msgs/msg/detail/manual_control_switches__traits.hpp\n'}
[9.646868] (px4_msgs) StdoutLine: {'line': b'-- Up-to-date: /home/em/ros_workspace_2025/nav_ws/install/px4_msgs/include/px4_msgs/px4_msgs/msg/detail/heater_status__builder.hpp\n'}
[9.646899] (px4_msgs) StdoutLine: {'line': b'-- Up-to-date: /home/em/ros_workspace_2025/nav_ws/install/px4_msgs/include/px4_msgs/px4_msgs/msg/detail/follow_target_estimator__struct.hpp\n'}
[9.646932] (px4_msgs) StdoutLine: {'line': b'-- Up-to-date: /home/em/ros_workspace_2025/nav_ws/install/px4_msgs/include/px4_msgs/px4_msgs/msg/detail/sensor_hygrometer__struct.hpp\n'}
[9.646963] (px4_msgs) StdoutLine: {'line': b'-- Up-to-date: /home/em/ros_workspace_2025/nav_ws/install/px4_msgs/include/px4_msgs/px4_msgs/msg/detail/position_controller_status__struct.hpp\n'}
[9.646994] (px4_msgs) StdoutLine: {'line': b'-- Up-to-date: /home/em/ros_workspace_2025/nav_ws/install/px4_msgs/include/px4_msgs/px4_msgs/msg/detail/actuator_servos_trim__struct.hpp\n'}
[9.647044] (px4_msgs) StdoutLine: {'line': b'-- Up-to-date: /home/em/ros_workspace_2025/nav_ws/install/px4_msgs/include/px4_msgs/px4_msgs/msg/detail/internal_combustion_engine_status__traits.hpp\n'}
[9.647073] (px4_msgs) StdoutLine: {'line': b'-- Up-to-date: /home/em/ros_workspace_2025/nav_ws/install/px4_msgs/include/px4_msgs/px4_msgs/msg/detail/vehicle_trajectory_waypoint__traits.hpp\n'}
[9.647102] (px4_msgs) StdoutLine: {'line': b'-- Up-to-date: /home/em/ros_workspace_2025/nav_ws/install/px4_msgs/include/px4_msgs/px4_msgs/msg/detail/rc_parameter_map__struct.hpp\n'}
[9.647133] (px4_msgs) StdoutLine: {'line': b'-- Up-to-date: /home/em/ros_workspace_2025/nav_ws/install/px4_msgs/include/px4_msgs/px4_msgs/msg/detail/sensor_gps__struct.hpp\n'}
[9.647162] (px4_msgs) StdoutLine: {'line': b'-- Up-to-date: /home/em/ros_workspace_2025/nav_ws/install/px4_msgs/include/px4_msgs/px4_msgs/msg/detail/qshell_retval__traits.hpp\n'}
[9.647190] (px4_msgs) StdoutLine: {'line': b'-- Up-to-date: /home/em/ros_workspace_2025/nav_ws/install/px4_msgs/include/px4_msgs/px4_msgs/msg/detail/hover_thrust_estimate__builder.hpp\n'}
[9.647221] (px4_msgs) StdoutLine: {'line': b'-- Up-to-date: /home/em/ros_workspace_2025/nav_ws/install/px4_msgs/include/px4_msgs/px4_msgs/msg/detail/can_interface_status__builder.hpp\n'}
[9.647252] (px4_msgs) StdoutLine: {'line': b'-- Up-to-date: /home/em/ros_workspace_2025/nav_ws/install/px4_msgs/include/px4_msgs/px4_msgs/msg/detail/orb_test_large__builder.hpp\n'}
[9.647286] (px4_msgs) StdoutLine: {'line': b'-- Up-to-date: /home/em/ros_workspace_2025/nav_ws/install/px4_msgs/include/px4_msgs/px4_msgs/msg/detail/mavlink_tunnel__struct.hpp\n'}
[9.647319] (px4_msgs) StdoutLine: {'line': b'-- Up-to-date: /home/em/ros_workspace_2025/nav_ws/install/px4_msgs/include/px4_msgs/px4_msgs/msg/detail/actuator_armed__traits.hpp\n'}
[9.647348] (px4_msgs) StdoutLine: {'line': b'-- Up-to-date: /home/em/ros_workspace_2025/nav_ws/install/px4_msgs/include/px4_msgs/px4_msgs/msg/detail/rc_parameter_map__traits.hpp\n'}
[9.647377] (px4_msgs) StdoutLine: {'line': b'-- Up-to-date: /home/em/ros_workspace_2025/nav_ws/install/px4_msgs/include/px4_msgs/px4_msgs/msg/detail/position_setpoint__struct.hpp\n'}
[9.647410] (px4_msgs) StdoutLine: {'line': b'-- Up-to-date: /home/em/ros_workspace_2025/nav_ws/install/px4_msgs/include/px4_msgs/px4_msgs/msg/detail/qshell_req__builder.hpp\n'}
[9.647441] (px4_msgs) StdoutLine: {'line': b'-- Up-to-date: /home/em/ros_workspace_2025/nav_ws/install/px4_msgs/include/px4_msgs/px4_msgs/msg/detail/vehicle_local_position__struct.hpp\n'}
[9.647473] (px4_msgs) StdoutLine: {'line': b'-- Up-to-date: /home/em/ros_workspace_2025/nav_ws/install/px4_msgs/include/px4_msgs/px4_msgs/msg/detail/parameter_set_value_request__struct.hpp\n'}
[9.647504] (px4_msgs) StdoutLine: {'line': b'-- Up-to-date: /home/em/ros_workspace_2025/nav_ws/install/px4_msgs/include/px4_msgs/px4_msgs/msg/detail/gripper__struct.hpp\n'}
[9.647535] (px4_msgs) StdoutLine: {'line': b'-- Up-to-date: /home/em/ros_workspace_2025/nav_ws/install/px4_msgs/include/px4_msgs/px4_msgs/msg/detail/vehicle_air_data__struct.hpp\n'}
[9.647564] (px4_msgs) StdoutLine: {'line': b'-- Up-to-date: /home/em/ros_workspace_2025/nav_ws/install/px4_msgs/include/px4_msgs/px4_msgs/msg/detail/irlock_report__struct.hpp\n'}
[9.647594] (px4_msgs) StdoutLine: {'line': b'-- Up-to-date: /home/em/ros_workspace_2025/nav_ws/install/px4_msgs/include/px4_msgs/px4_msgs/msg/detail/onboard_computer_status__traits.hpp\n'}
[9.647625] (px4_msgs) StdoutLine: {'line': b'-- Up-to-date: /home/em/ros_workspace_2025/nav_ws/install/px4_msgs/include/px4_msgs/px4_msgs/msg/detail/takeoff_status__builder.hpp\n'}
[9.647654] (px4_msgs) StdoutLine: {'line': b'-- Up-to-date: /home/em/ros_workspace_2025/nav_ws/install/px4_msgs/include/px4_msgs/px4_msgs/msg/detail/sensor_gnss_relative__builder.hpp\n'}
[9.647685] (px4_msgs) StdoutLine: {'line': b'-- Up-to-date: /home/em/ros_workspace_2025/nav_ws/install/px4_msgs/include/px4_msgs/px4_msgs/msg/detail/distance_sensor_mode_change_request__builder.hpp\n'}
[9.647714] (px4_msgs) StdoutLine: {'line': b'-- Up-to-date: /home/em/ros_workspace_2025/nav_ws/install/px4_msgs/include/px4_msgs/px4_msgs/msg/detail/sensor_preflight_mag__struct.hpp\n'}
[9.647743] (px4_msgs) StdoutLine: {'line': b'-- Up-to-date: /home/em/ros_workspace_2025/nav_ws/install/px4_msgs/include/px4_msgs/px4_msgs/msg/detail/iridiumsbd_status__struct.hpp\n'}
[9.647772] (px4_msgs) StdoutLine: {'line': b'-- Up-to-date: /home/em/ros_workspace_2025/nav_ws/install/px4_msgs/include/px4_msgs/px4_msgs/msg/detail/dataman_response__traits.hpp\n'}
[9.647802] (px4_msgs) StdoutLine: {'line': b'-- Up-to-date: /home/em/ros_workspace_2025/nav_ws/install/px4_msgs/include/px4_msgs/px4_msgs/msg/detail/action_request__traits.hpp\n'}
[9.647832] (px4_msgs) StdoutLine: {'line': b'-- Up-to-date: /home/em/ros_workspace_2025/nav_ws/install/px4_msgs/include/px4_msgs/px4_msgs/msg/detail/vehicle_attitude__traits.hpp\n'}
[9.647861] (px4_msgs) StdoutLine: {'line': b'-- Up-to-date: /home/em/ros_workspace_2025/nav_ws/install/px4_msgs/include/px4_msgs/px4_msgs/msg/detail/estimator_status_flags__struct.hpp\n'}
[9.647891] (px4_msgs) StdoutLine: {'line': b'-- Up-to-date: /home/em/ros_workspace_2025/nav_ws/install/px4_msgs/include/px4_msgs/px4_msgs/msg/detail/sensor_combined__traits.hpp\n'}
[9.647920] (px4_msgs) StdoutLine: {'line': b'-- Up-to-date: /home/em/ros_workspace_2025/nav_ws/install/px4_msgs/include/px4_msgs/px4_msgs/msg/detail/logger_status__struct.hpp\n'}
[9.647949] (px4_msgs) StdoutLine: {'line': b'-- Up-to-date: /home/em/ros_workspace_2025/nav_ws/install/px4_msgs/include/px4_msgs/px4_msgs/msg/detail/tiltrotor_extra_controls__struct.hpp\n'}
[9.647978] (px4_msgs) StdoutLine: {'line': b'-- Up-to-date: /home/em/ros_workspace_2025/nav_ws/install/px4_msgs/include/px4_msgs/px4_msgs/msg/detail/heater_status__traits.hpp\n'}
[9.648008] (px4_msgs) StdoutLine: {'line': b'-- Up-to-date: /home/em/ros_workspace_2025/nav_ws/install/px4_msgs/include/px4_msgs/px4_msgs/msg/detail/autotune_attitude_control_status__builder.hpp\n'}
[9.648037] (px4_msgs) StdoutLine: {'line': b'-- Up-to-date: /home/em/ros_workspace_2025/nav_ws/install/px4_msgs/include/px4_msgs/px4_msgs/msg/detail/vehicle_imu__struct.hpp\n'}
[9.648066] (px4_msgs) StdoutLine: {'line': b'-- Up-to-date: /home/em/ros_workspace_2025/nav_ws/install/px4_msgs/include/px4_msgs/px4_msgs/msg/detail/battery_status__builder.hpp\n'}
[9.648095] (px4_msgs) StdoutLine: {'line': b'-- Up-to-date: /home/em/ros_workspace_2025/nav_ws/install/px4_msgs/include/px4_msgs/px4_msgs/msg/detail/mission__traits.hpp\n'}
[9.648127] (px4_msgs) StdoutLine: {'line': b'-- Up-to-date: /home/em/ros_workspace_2025/nav_ws/install/px4_msgs/include/px4_msgs/px4_msgs/msg/detail/rover_differential_status__builder.hpp\n'}
[9.648158] (px4_msgs) StdoutLine: {'line': b'-- Up-to-date: /home/em/ros_workspace_2025/nav_ws/install/px4_msgs/include/px4_msgs/px4_msgs/msg/detail/differential_pressure__traits.hpp\n'}
[9.648190] (px4_msgs) StdoutLine: {'line': b'-- Up-to-date: /home/em/ros_workspace_2025/nav_ws/install/px4_msgs/include/px4_msgs/px4_msgs/msg/detail/vtol_vehicle_status__struct.hpp\n'}
[9.648220] (px4_msgs) StdoutLine: {'line': b'-- Up-to-date: /home/em/ros_workspace_2025/nav_ws/install/px4_msgs/include/px4_msgs/px4_msgs/msg/detail/follow_target_status__traits.hpp\n'}
[9.648249] (px4_msgs) StdoutLine: {'line': b'-- Up-to-date: /home/em/ros_workspace_2025/nav_ws/install/px4_msgs/include/px4_msgs/px4_msgs/msg/detail/gps_inject_data__builder.hpp\n'}
[9.648278] (px4_msgs) StdoutLine: {'line': b'-- Up-to-date: /home/em/ros_workspace_2025/nav_ws/install/px4_msgs/include/px4_msgs/px4_msgs/msg/detail/onboard_computer_status__builder.hpp\n'}
[9.648314] (px4_msgs) StdoutLine: {'line': b'-- Up-to-date: /home/em/ros_workspace_2025/nav_ws/install/px4_msgs/include/px4_msgs/px4_msgs/msg/detail/follow_target_estimator__builder.hpp\n'}
[9.648346] (px4_msgs) StdoutLine: {'line': b'-- Up-to-date: /home/em/ros_workspace_2025/nav_ws/install/px4_msgs/include/px4_msgs/px4_msgs/msg/detail/sensor_gnss_relative__traits.hpp\n'}
[9.648375] (px4_msgs) StdoutLine: {'line': b'-- Up-to-date: /home/em/ros_workspace_2025/nav_ws/install/px4_msgs/include/px4_msgs/px4_msgs/msg/detail/mode_completed__struct.hpp\n'}
[9.648404] (px4_msgs) StdoutLine: {'line': b'-- Up-to-date: /home/em/ros_workspace_2025/nav_ws/install/px4_msgs/include/px4_msgs/px4_msgs/msg/detail/vehicle_rates_setpoint__traits.hpp\n'}
[9.648432] (px4_msgs) StdoutLine: {'line': b'-- Up-to-date: /home/em/ros_workspace_2025/nav_ws/install/px4_msgs/include/px4_msgs/px4_msgs/msg/detail/home_position__struct.hpp\n'}
[9.648462] (px4_msgs) StdoutLine: {'line': b'-- Up-to-date: /home/em/ros_workspace_2025/nav_ws/install/px4_msgs/include/px4_msgs/px4_msgs/msg/detail/adc_report__traits.hpp\n'}
[9.648491] (px4_msgs) StdoutLine: {'line': b'-- Up-to-date: /home/em/ros_workspace_2025/nav_ws/install/px4_msgs/include/px4_msgs/px4_msgs/msg/detail/vtol_vehicle_status__traits.hpp\n'}
[9.648520] (px4_msgs) StdoutLine: {'line': b'-- Up-to-date: /home/em/ros_workspace_2025/nav_ws/install/px4_msgs/include/px4_msgs/px4_msgs/msg/detail/actuator_outputs__builder.hpp\n'}
[9.648550] (px4_msgs) StdoutLine: {'line': b'-- Up-to-date: /home/em/ros_workspace_2025/nav_ws/install/px4_msgs/include/px4_msgs/px4_msgs/msg/detail/debug_array__traits.hpp\n'}
[9.648580] (px4_msgs) StdoutLine: {'line': b'-- Up-to-date: /home/em/ros_workspace_2025/nav_ws/install/px4_msgs/include/px4_msgs/px4_msgs/msg/detail/open_drone_id_system__struct.hpp\n'}
[9.648609] (px4_msgs) StdoutLine: {'line': b'-- Up-to-date: /home/em/ros_workspace_2025/nav_ws/install/px4_msgs/include/px4_msgs/px4_msgs/msg/detail/debug_array__struct.hpp\n'}
[9.648638] (px4_msgs) StdoutLine: {'line': b'-- Up-to-date: /home/em/ros_workspace_2025/nav_ws/install/px4_msgs/include/px4_msgs/px4_msgs/msg/detail/message_format_request__builder.hpp\n'}
[9.648668] (px4_msgs) StdoutLine: {'line': b'-- Up-to-date: /home/em/ros_workspace_2025/nav_ws/install/px4_msgs/include/px4_msgs/px4_msgs/msg/detail/gimbal_manager_set_attitude__struct.hpp\n'}
[9.648697] (px4_msgs) StdoutLine: {'line': b'-- Up-to-date: /home/em/ros_workspace_2025/nav_ws/install/px4_msgs/include/px4_msgs/px4_msgs/msg/detail/vehicle_rates_setpoint__struct.hpp\n'}
[9.648726] (px4_msgs) StdoutLine: {'line': b'-- Up-to-date: /home/em/ros_workspace_2025/nav_ws/install/px4_msgs/include/px4_msgs/px4_msgs/msg/detail/figure_eight_status__builder.hpp\n'}
[9.648756] (px4_msgs) StdoutLine: {'line': b'-- Up-to-date: /home/em/ros_workspace_2025/nav_ws/install/px4_msgs/include/px4_msgs/px4_msgs/msg/detail/parameter_set_value_response__struct.hpp\n'}
[9.648787] (px4_msgs) StdoutLine: {'line': b'-- Up-to-date: /home/em/ros_workspace_2025/nav_ws/install/px4_msgs/include/px4_msgs/px4_msgs/msg/detail/system_power__builder.hpp\n'}
[9.648816] (px4_msgs) StdoutLine: {'line': b'-- Up-to-date: /home/em/ros_workspace_2025/nav_ws/install/px4_msgs/include/px4_msgs/px4_msgs/msg/detail/actuator_servos__traits.hpp\n'}
[9.648845] (px4_msgs) StdoutLine: {'line': b'-- Up-to-date: /home/em/ros_workspace_2025/nav_ws/install/px4_msgs/include/px4_msgs/px4_msgs/msg/detail/sensor_hygrometer__builder.hpp\n'}
[9.648874] (px4_msgs) StdoutLine: {'line': b'-- Up-to-date: /home/em/ros_workspace_2025/nav_ws/install/px4_msgs/include/px4_msgs/px4_msgs/msg/detail/rpm__struct.hpp\n'}
[9.648904] (px4_msgs) StdoutLine: {'line': b'-- Up-to-date: /home/em/ros_workspace_2025/nav_ws/install/px4_msgs/include/px4_msgs/px4_msgs/msg/detail/telemetry_status__struct.hpp\n'}
[9.648933] (px4_msgs) StdoutLine: {'line': b'-- Up-to-date: /home/em/ros_workspace_2025/nav_ws/install/px4_msgs/include/px4_msgs/px4_msgs/msg/detail/ulog_stream__builder.hpp\n'}
[9.648964] (px4_msgs) StdoutLine: {'line': b'-- Up-to-date: /home/em/ros_workspace_2025/nav_ws/install/px4_msgs/include/px4_msgs/px4_msgs/msg/detail/npfg_status__builder.hpp\n'}
[9.648994] (px4_msgs) StdoutLine: {'line': b'-- Up-to-date: /home/em/ros_workspace_2025/nav_ws/install/px4_msgs/include/px4_msgs/px4_msgs/msg/detail/rate_ctrl_status__builder.hpp\n'}
[9.649022] (px4_msgs) StdoutLine: {'line': b'-- Up-to-date: /home/em/ros_workspace_2025/nav_ws/install/px4_msgs/include/px4_msgs/px4_msgs/msg/detail/vehicle_attitude_setpoint__builder.hpp\n'}
[9.649053] (px4_msgs) StdoutLine: {'line': b'-- Up-to-date: /home/em/ros_workspace_2025/nav_ws/install/px4_msgs/include/px4_msgs/px4_msgs/msg/detail/landing_gear__builder.hpp\n'}
[9.649083] (px4_msgs) StdoutLine: {'line': b'-- Up-to-date: /home/em/ros_workspace_2025/nav_ws/install/px4_msgs/include/px4_msgs/px4_msgs/msg/detail/open_drone_id_arm_status__traits.hpp\n'}
[9.649132] (px4_msgs) StdoutLine: {'line': b'-- Up-to-date: /home/em/ros_workspace_2025/nav_ws/install/px4_msgs/include/px4_msgs/px4_msgs/msg/detail/rover_mecanum_setpoint__struct.hpp\n'}
[9.649161] (px4_msgs) StdoutLine: {'line': b'-- Up-to-date: /home/em/ros_workspace_2025/nav_ws/install/px4_msgs/include/px4_msgs/px4_msgs/msg/detail/flight_phase_estimation__traits.hpp\n'}
[9.649191] (px4_msgs) StdoutLine: {'line': b'-- Up-to-date: /home/em/ros_workspace_2025/nav_ws/install/px4_msgs/include/px4_msgs/px4_msgs/msg/detail/sensor_gyro_fifo__builder.hpp\n'}
[9.649221] (px4_msgs) StdoutLine: {'line': b'-- Up-to-date: /home/em/ros_workspace_2025/nav_ws/install/px4_msgs/include/px4_msgs/px4_msgs/msg/detail/estimator_bias__traits.hpp\n'}
[9.649254] (px4_msgs) StdoutLine: {'line': b'-- Up-to-date: /home/em/ros_workspace_2025/nav_ws/install/px4_msgs/include/px4_msgs/px4_msgs/msg/detail/trajectory_waypoint__traits.hpp\n'}
[9.649286] (px4_msgs) StdoutLine: {'line': b'-- Up-to-date: /home/em/ros_workspace_2025/nav_ws/install/px4_msgs/include/px4_msgs/px4_msgs/msg/detail/collision_constraints__traits.hpp\n'}
[9.649319] (px4_msgs) StdoutLine: {'line': b'-- Up-to-date: /home/em/ros_workspace_2025/nav_ws/install/px4_msgs/include/px4_msgs/px4_msgs/msg/detail/can_interface_status__struct.hpp\n'}
[9.649348] (px4_msgs) StdoutLine: {'line': b'-- Up-to-date: /home/em/ros_workspace_2025/nav_ws/install/px4_msgs/include/px4_msgs/px4_msgs/msg/detail/autotune_attitude_control_status__traits.hpp\n'}
[9.649377] (px4_msgs) StdoutLine: {'line': b'-- Up-to-date: /home/em/ros_workspace_2025/nav_ws/install/px4_msgs/include/px4_msgs/px4_msgs/msg/detail/iridiumsbd_status__traits.hpp\n'}
[9.649407] (px4_msgs) StdoutLine: {'line': b'-- Up-to-date: /home/em/ros_workspace_2025/nav_ws/install/px4_msgs/include/px4_msgs/px4_msgs/msg/detail/actuator_test__struct.hpp\n'}
[9.649437] (px4_msgs) StdoutLine: {'line': b'-- Up-to-date: /home/em/ros_workspace_2025/nav_ws/install/px4_msgs/include/px4_msgs/px4_msgs/msg/detail/sensor_selection__struct.hpp\n'}
[9.649466] (px4_msgs) StdoutLine: {'line': b'-- Up-to-date: /home/em/ros_workspace_2025/nav_ws/install/px4_msgs/include/px4_msgs/px4_msgs/msg/detail/vehicle_torque_setpoint__struct.hpp\n'}
[9.649497] (px4_msgs) StdoutLine: {'line': b'-- Up-to-date: /home/em/ros_workspace_2025/nav_ws/install/px4_msgs/include/px4_msgs/px4_msgs/msg/detail/trajectory_setpoint__builder.hpp\n'}
[9.649521] (px4_msgs) StdoutLine: {'line': b'-- Up-to-date: /home/em/ros_workspace_2025/nav_ws/install/px4_msgs/include/px4_msgs/px4_msgs/msg/detail/velocity_limits__traits.hpp\n'}
[9.649543] (px4_msgs) StdoutLine: {'line': b'-- Up-to-date: /home/em/ros_workspace_2025/nav_ws/install/px4_msgs/include/px4_msgs/px4_msgs/msg/detail/heater_status__struct.hpp\n'}
[9.649564] (px4_msgs) StdoutLine: {'line': b'-- Up-to-date: /home/em/ros_workspace_2025/nav_ws/install/px4_msgs/include/px4_msgs/px4_msgs/msg/detail/sensor_preflight_mag__builder.hpp\n'}
[9.649586] (px4_msgs) StdoutLine: {'line': b'-- Up-to-date: /home/em/ros_workspace_2025/nav_ws/install/px4_msgs/include/px4_msgs/px4_msgs/msg/detail/differential_pressure__struct.hpp\n'}
[9.649609] (px4_msgs) StdoutLine: {'line': b'-- Up-to-date: /home/em/ros_workspace_2025/nav_ws/install/px4_msgs/include/px4_msgs/px4_msgs/msg/detail/gimbal_device_attitude_status__builder.hpp\n'}
[9.649631] (px4_msgs) StdoutLine: {'line': b'-- Up-to-date: /home/em/ros_workspace_2025/nav_ws/install/px4_msgs/include/px4_msgs/px4_msgs/msg/detail/vehicle_imu__builder.hpp\n'}
[9.649653] (px4_msgs) StdoutLine: {'line': b'-- Up-to-date: /home/em/ros_workspace_2025/nav_ws/install/px4_msgs/include/px4_msgs/px4_msgs/msg/detail/estimator_event_flags__struct.hpp\n'}
[9.649675] (px4_msgs) StdoutLine: {'line': b'-- Up-to-date: /home/em/ros_workspace_2025/nav_ws/install/px4_msgs/include/px4_msgs/px4_msgs/msg/detail/irlock_report__traits.hpp\n'}
[9.649696] (px4_msgs) StdoutLine: {'line': b'-- Up-to-date: /home/em/ros_workspace_2025/nav_ws/install/px4_msgs/include/px4_msgs/px4_msgs/msg/detail/debug_key_value__traits.hpp\n'}
[9.649720] (px4_msgs) StdoutLine: {'line': b'-- Up-to-date: /home/em/ros_workspace_2025/nav_ws/install/px4_msgs/include/px4_msgs/px4_msgs/msg/detail/follow_target__builder.hpp\n'}
[9.649742] (px4_msgs) StdoutLine: {'line': b'-- Up-to-date: /home/em/ros_workspace_2025/nav_ws/install/px4_msgs/include/px4_msgs/px4_msgs/msg/detail/failsafe_flags__traits.hpp\n'}
[9.649765] (px4_msgs) StdoutLine: {'line': b'-- Up-to-date: /home/em/ros_workspace_2025/nav_ws/install/px4_msgs/include/px4_msgs/px4_msgs/msg/detail/vehicle_roi__builder.hpp\n'}
[9.649792] (px4_msgs) StdoutLine: {'line': b'-- Up-to-date: /home/em/ros_workspace_2025/nav_ws/install/px4_msgs/include/px4_msgs/px4_msgs/msg/detail/vehicle_constraints__struct.hpp\n'}
[9.649815] (px4_msgs) StdoutLine: {'line': b'-- Up-to-date: /home/em/ros_workspace_2025/nav_ws/install/px4_msgs/include/px4_msgs/px4_msgs/msg/detail/parameter_set_used_request__struct.hpp\n'}
[9.649836] (px4_msgs) StdoutLine: {'line': b'-- Up-to-date: /home/em/ros_workspace_2025/nav_ws/install/px4_msgs/include/px4_msgs/px4_msgs/msg/detail/estimator_aid_source3d__struct.hpp\n'}
[9.649858] (px4_msgs) StdoutLine: {'line': b'-- Up-to-date: /home/em/ros_workspace_2025/nav_ws/install/px4_msgs/include/px4_msgs/px4_msgs/msg/detail/satellite_info__traits.hpp\n'}
[9.649880] (px4_msgs) StdoutLine: {'line': b'-- Up-to-date: /home/em/ros_workspace_2025/nav_ws/install/px4_msgs/include/px4_msgs/px4_msgs/msg/detail/transponder_report__traits.hpp\n'}
[9.649902] (px4_msgs) StdoutLine: {'line': b'-- Up-to-date: /home/em/ros_workspace_2025/nav_ws/install/px4_msgs/include/px4_msgs/px4_msgs/msg/detail/uavcan_parameter_value__struct.hpp\n'}
[9.649925] (px4_msgs) StdoutLine: {'line': b'-- Up-to-date: /home/em/ros_workspace_2025/nav_ws/install/px4_msgs/include/px4_msgs/px4_msgs/msg/detail/rover_differential_setpoint__builder.hpp\n'}
[9.649948] (px4_msgs) StdoutLine: {'line': b'-- Up-to-date: /home/em/ros_workspace_2025/nav_ws/install/px4_msgs/include/px4_msgs/px4_msgs/msg/detail/mount_orientation__struct.hpp\n'}
[9.649972] (px4_msgs) StdoutLine: {'line': b'-- Up-to-date: /home/em/ros_workspace_2025/nav_ws/install/px4_msgs/include/px4_msgs/px4_msgs/msg/detail/tune_control__builder.hpp\n'}
[9.650014] (px4_msgs) StdoutLine: {'line': b'-- Up-to-date: /home/em/ros_workspace_2025/nav_ws/install/px4_msgs/include/px4_msgs/px4_msgs/msg/detail/sensor_accel__struct.hpp\n'}
[9.650038] (px4_msgs) StdoutLine: {'line': b'-- Up-to-date: /home/em/ros_workspace_2025/nav_ws/install/px4_msgs/include/px4_msgs/px4_msgs/msg/detail/px4io_status__traits.hpp\n'}
[9.650059] (px4_msgs) StdoutLine: {'line': b'-- Up-to-date: /home/em/ros_workspace_2025/nav_ws/install/px4_msgs/include/px4_msgs/px4_msgs/msg/detail/sensors_status_imu__traits.hpp\n'}
[9.650080] (px4_msgs) StdoutLine: {'line': b'-- Up-to-date: /home/em/ros_workspace_2025/nav_ws/install/px4_msgs/include/px4_msgs/px4_msgs/msg/detail/rtl_status__traits.hpp\n'}
[9.650102] (px4_msgs) StdoutLine: {'line': b'-- Up-to-date: /home/em/ros_workspace_2025/nav_ws/install/px4_msgs/include/px4_msgs/px4_msgs/msg/detail/actuator_motors__builder.hpp\n'}
[9.650125] (px4_msgs) StdoutLine: {'line': b'-- Up-to-date: /home/em/ros_workspace_2025/nav_ws/install/px4_msgs/include/px4_msgs/px4_msgs/msg/detail/gpio_in__builder.hpp\n'}
[9.650147] (px4_msgs) StdoutLine: {'line': b'-- Up-to-date: /home/em/ros_workspace_2025/nav_ws/install/px4_msgs/include/px4_msgs/px4_msgs/msg/detail/actuator_servos_trim__traits.hpp\n'}
[9.650168] (px4_msgs) StdoutLine: {'line': b'-- Up-to-date: /home/em/ros_workspace_2025/nav_ws/install/px4_msgs/include/px4_msgs/px4_msgs/msg/detail/offboard_control_mode__builder.hpp\n'}
[9.650189] (px4_msgs) StdoutLine: {'line': b'-- Up-to-date: /home/em/ros_workspace_2025/nav_ws/install/px4_msgs/include/px4_msgs/px4_msgs/msg/detail/open_drone_id_self_id__traits.hpp\n'}
[9.650210] (px4_msgs) StdoutLine: {'line': b'-- Up-to-date: /home/em/ros_workspace_2025/nav_ws/install/px4_msgs/include/px4_msgs/px4_msgs/msg/detail/vehicle_optical_flow__builder.hpp\n'}
[9.650232] (px4_msgs) StdoutLine: {'line': b'-- Up-to-date: /home/em/ros_workspace_2025/nav_ws/install/px4_msgs/include/px4_msgs/px4_msgs/msg/detail/rover_differential_guidance_status__traits.hpp\n'}
[9.650254] (px4_msgs) StdoutLine: {'line': b'-- Up-to-date: /home/em/ros_workspace_2025/nav_ws/install/px4_msgs/include/px4_msgs/px4_msgs/msg/detail/gpio_config__traits.hpp\n'}
[9.650276] (px4_msgs) StdoutLine: {'line': b'-- Up-to-date: /home/em/ros_workspace_2025/nav_ws/install/px4_msgs/include/px4_msgs/px4_msgs/msg/detail/vehicle_thrust_setpoint__struct.hpp\n'}
[9.650308] (px4_msgs) StdoutLine: {'line': b'-- Up-to-date: /home/em/ros_workspace_2025/nav_ws/install/px4_msgs/include/px4_msgs/px4_msgs/msg/detail/goto_setpoint__struct.hpp\n'}
[9.650330] (px4_msgs) StdoutLine: {'line': b'-- Up-to-date: /home/em/ros_workspace_2025/nav_ws/install/px4_msgs/include/px4_msgs/px4_msgs/msg/detail/trajectory_setpoint__traits.hpp\n'}
[9.650352] (px4_msgs) StdoutLine: {'line': b'-- Up-to-date: /home/em/ros_workspace_2025/nav_ws/install/px4_msgs/include/px4_msgs/px4_msgs/msg/detail/distance_sensor_mode_change_request__struct.hpp\n'}
[9.650373] (px4_msgs) StdoutLine: {'line': b'-- Up-to-date: /home/em/ros_workspace_2025/nav_ws/install/px4_msgs/include/px4_msgs/px4_msgs/msg/detail/gpio_request__struct.hpp\n'}
[9.650398] (px4_msgs) StdoutLine: {'line': b'-- Up-to-date: /home/em/ros_workspace_2025/nav_ws/install/px4_msgs/include/px4_msgs/px4_msgs/msg/detail/velocity_limits__struct.hpp\n'}
[9.650433] (px4_msgs) StdoutLine: {'line': b'-- Up-to-date: /home/em/ros_workspace_2025/nav_ws/install/px4_msgs/include/px4_msgs/px4_msgs/msg/detail/sensor_combined__builder.hpp\n'}
[9.650473] (px4_msgs) StdoutLine: {'line': b'-- Up-to-date: /home/em/ros_workspace_2025/nav_ws/install/px4_msgs/include/px4_msgs/px4_msgs/msg/detail/vehicle_control_mode__builder.hpp\n'}
[9.650529] (px4_msgs) StdoutLine: {'line': b'-- Up-to-date: /home/em/ros_workspace_2025/nav_ws/install/px4_msgs/include/px4_msgs/px4_msgs/msg/detail/parameter_set_value_response__builder.hpp\n'}
[9.650723] (px4_msgs) StdoutLine: {'line': b'-- Up-to-date: /home/em/ros_workspace_2025/nav_ws/install/px4_msgs/include/px4_msgs/px4_msgs/msg/detail/sensor_selection__builder.hpp\n'}
[9.650803] (px4_msgs) StdoutLine: {'line': b'-- Up-to-date: /home/em/ros_workspace_2025/nav_ws/install/px4_msgs/include/px4_msgs/px4_msgs/msg/detail/camera_trigger__struct.hpp\n'}
[9.650860] (px4_msgs) StdoutLine: {'line': b'-- Up-to-date: /home/em/ros_workspace_2025/nav_ws/install/px4_msgs/include/px4_msgs/px4_msgs/msg/detail/vehicle_global_position__builder.hpp\n'}
[9.650915] (px4_msgs) StdoutLine: {'line': b'-- Up-to-date: /home/em/ros_workspace_2025/nav_ws/install/px4_msgs/include/px4_msgs/px4_msgs/msg/detail/failure_detector_status__traits.hpp\n'}
[9.650969] (px4_msgs) StdoutLine: {'line': b'-- Up-to-date: /home/em/ros_workspace_2025/nav_ws/install/px4_msgs/include/px4_msgs/px4_msgs/msg/detail/vehicle_attitude__struct.hpp\n'}
[9.651026] (px4_msgs) StdoutLine: {'line': b'-- Up-to-date: /home/em/ros_workspace_2025/nav_ws/install/px4_msgs/include/px4_msgs/px4_msgs/msg/detail/gpio_out__builder.hpp\n'}
[9.651107] (px4_msgs) StdoutLine: {'line': b'-- Up-to-date: /home/em/ros_workspace_2025/nav_ws/install/px4_msgs/include/px4_msgs/px4_msgs/msg/detail/mag_worker_data__struct.hpp\n'}
[9.651265] (px4_msgs) StdoutLine: {'line': b'-- Up-to-date: /home/em/ros_workspace_2025/nav_ws/install/px4_msgs/include/px4_msgs/px4_msgs/msg/detail/esc_status__builder.hpp\n'}
[9.651359] (px4_msgs) StdoutLine: {'line': b'-- Up-to-date: /home/em/ros_workspace_2025/nav_ws/install/px4_msgs/include/px4_msgs/px4_msgs/msg/detail/debug_value__struct.hpp\n'}
[9.651418] (px4_msgs) StdoutLine: {'line': b'-- Up-to-date: /home/em/ros_workspace_2025/nav_ws/install/px4_msgs/include/px4_msgs/px4_msgs/msg/detail/landing_target_innovations__struct.hpp\n'}
[9.651532] (px4_msgs) StdoutLine: {'line': b'-- Up-to-date: /home/em/ros_workspace_2025/nav_ws/install/px4_msgs/include/px4_msgs/px4_msgs/msg/detail/power_monitor__traits.hpp\n'}
[9.651612] (px4_msgs) StdoutLine: {'line': b'-- Up-to-date: /home/em/ros_workspace_2025/nav_ws/install/px4_msgs/include/px4_msgs/px4_msgs/msg/detail/position_setpoint__traits.hpp\n'}
[9.651641] (px4_msgs) StdoutLine: {'line': b'-- Up-to-date: /home/em/ros_workspace_2025/nav_ws/install/px4_msgs/include/px4_msgs/px4_msgs/msg/detail/gimbal_device_set_attitude__traits.hpp\n'}
[9.651668] (px4_msgs) StdoutLine: {'line': b'-- Up-to-date: /home/em/ros_workspace_2025/nav_ws/install/px4_msgs/include/px4_msgs/px4_msgs/msg/detail/register_ext_component_request__builder.hpp\n'}
[9.651691] (px4_msgs) StdoutLine: {'line': b'-- Up-to-date: /home/em/ros_workspace_2025/nav_ws/install/px4_msgs/include/px4_msgs/px4_msgs/msg/detail/position_setpoint__builder.hpp\n'}
[9.651718] (px4_msgs) StdoutLine: {'line': b'-- Up-to-date: /home/em/ros_workspace_2025/nav_ws/install/px4_msgs/include/px4_msgs/px4_msgs/msg/detail/landing_target_pose__struct.hpp\n'}
[9.651741] (px4_msgs) StdoutLine: {'line': b'-- Up-to-date: /home/em/ros_workspace_2025/nav_ws/install/px4_msgs/include/px4_msgs/px4_msgs/msg/detail/actuator_test__traits.hpp\n'}
[9.651763] (px4_msgs) StdoutLine: {'line': b'-- Up-to-date: /home/em/ros_workspace_2025/nav_ws/install/px4_msgs/include/px4_msgs/px4_msgs/msg/detail/magnetometer_bias_estimate__traits.hpp\n'}
[9.651787] (px4_msgs) StdoutLine: {'line': b'-- Up-to-date: /home/em/ros_workspace_2025/nav_ws/install/px4_msgs/include/px4_msgs/px4_msgs/msg/detail/sensor_gyro__traits.hpp\n'}
[9.651810] (px4_msgs) StdoutLine: {'line': b'-- Up-to-date: /home/em/ros_workspace_2025/nav_ws/install/px4_msgs/include/px4_msgs/px4_msgs/msg/detail/internal_combustion_engine_status__struct.hpp\n'}
[9.651832] (px4_msgs) StdoutLine: {'line': b'-- Up-to-date: /home/em/ros_workspace_2025/nav_ws/install/px4_msgs/include/px4_msgs/px4_msgs/msg/detail/vehicle_magnetometer__struct.hpp\n'}
[9.651854] (px4_msgs) StdoutLine: {'line': b'-- Up-to-date: /home/em/ros_workspace_2025/nav_ws/install/px4_msgs/include/px4_msgs/px4_msgs/msg/detail/navigator_mission_item__struct.hpp\n'}
[9.651879] (px4_msgs) StdoutLine: {'line': b'-- Up-to-date: /home/em/ros_workspace_2025/nav_ws/install/px4_msgs/include/px4_msgs/px4_msgs/msg/detail/gimbal_controls__builder.hpp\n'}
[9.652007] (px4_msgs) StdoutLine: {'line': b'-- Up-to-date: /home/em/ros_workspace_2025/nav_ws/install/px4_msgs/include/px4_msgs/px4_msgs/msg/detail/input_rc__struct.hpp\n'}
[9.652086] (px4_msgs) StdoutLine: {'line': b'-- Up-to-date: /home/em/ros_workspace_2025/nav_ws/install/px4_msgs/include/px4_msgs/px4_msgs/msg/detail/mount_orientation__traits.hpp\n'}
[9.652151] (px4_msgs) StdoutLine: {'line': b'-- Up-to-date: /home/em/ros_workspace_2025/nav_ws/install/px4_msgs/include/px4_msgs/px4_msgs/msg/detail/tecs_status__traits.hpp\n'}
[9.652211] (px4_msgs) StdoutLine: {'line': b'-- Up-to-date: /home/em/ros_workspace_2025/nav_ws/install/px4_msgs/include/px4_msgs/px4_msgs/msg/detail/tune_control__struct.hpp\n'}
[9.652269] (px4_msgs) StdoutLine: {'line': b'-- Up-to-date: /home/em/ros_workspace_2025/nav_ws/install/px4_msgs/include/px4_msgs/px4_msgs/msg/detail/manual_control_setpoint__traits.hpp\n'}
[9.652351] (px4_msgs) StdoutLine: {'line': b'-- Up-to-date: /home/em/ros_workspace_2025/nav_ws/install/px4_msgs/include/px4_msgs/px4_msgs/msg/detail/offboard_control_mode__traits.hpp\n'}
[9.652419] (px4_msgs) StdoutLine: {'line': b'-- Up-to-date: /home/em/ros_workspace_2025/nav_ws/install/px4_msgs/include/px4_msgs/px4_msgs/msg/detail/vehicle_trajectory_waypoint__struct.hpp\n'}
[9.652474] (px4_msgs) StdoutLine: {'line': b'-- Up-to-date: /home/em/ros_workspace_2025/nav_ws/install/px4_msgs/include/px4_msgs/px4_msgs/msg/detail/open_drone_id_operator_id__struct.hpp\n'}
[9.652529] (px4_msgs) StdoutLine: {'line': b'-- Up-to-date: /home/em/ros_workspace_2025/nav_ws/install/px4_msgs/include/px4_msgs/px4_msgs/msg/detail/ekf2_timestamps__struct.hpp\n'}
[9.652614] (px4_msgs) StdoutLine: {'line': b'-- Up-to-date: /home/em/ros_workspace_2025/nav_ws/install/px4_msgs/include/px4_msgs/px4_msgs/msg/detail/landing_target_innovations__traits.hpp\n'}
[9.652654] (px4_msgs) StdoutLine: {'line': b'-- Up-to-date: /home/em/ros_workspace_2025/nav_ws/install/px4_msgs/include/px4_msgs/px4_msgs/msg/detail/actuator_servos__struct.hpp\n'}
[9.652680] (px4_msgs) StdoutLine: {'line': b'-- Up-to-date: /home/em/ros_workspace_2025/nav_ws/install/px4_msgs/include/px4_msgs/px4_msgs/msg/detail/mission__struct.hpp\n'}
[9.652704] (px4_msgs) StdoutLine: {'line': b'-- Up-to-date: /home/em/ros_workspace_2025/nav_ws/install/px4_msgs/include/px4_msgs/px4_msgs/msg/detail/generator_status__traits.hpp\n'}
[9.652727] (px4_msgs) StdoutLine: {'line': b'-- Up-to-date: /home/em/ros_workspace_2025/nav_ws/install/px4_msgs/include/px4_msgs/px4_msgs/msg/detail/rtl_status__struct.hpp\n'}
[9.652749] (px4_msgs) StdoutLine: {'line': b'-- Up-to-date: /home/em/ros_workspace_2025/nav_ws/install/px4_msgs/include/px4_msgs/px4_msgs/msg/detail/arming_check_request__traits.hpp\n'}
[9.652771] (px4_msgs) StdoutLine: {'line': b'-- Up-to-date: /home/em/ros_workspace_2025/nav_ws/install/px4_msgs/include/px4_msgs/px4_msgs/msg/detail/position_controller_landing_status__traits.hpp\n'}
[9.652798] (px4_msgs) StdoutLine: {'line': b'-- Up-to-date: /home/em/ros_workspace_2025/nav_ws/install/px4_msgs/include/px4_msgs/px4_msgs/msg/detail/orb_test__traits.hpp\n'}
[9.652829] (px4_msgs) StdoutLine: {'line': b'-- Up-to-date: /home/em/ros_workspace_2025/nav_ws/install/px4_msgs/include/px4_msgs/px4_msgs/msg/detail/rover_mecanum_guidance_status__struct.hpp\n'}
[9.652853] (px4_msgs) StdoutLine: {'line': b'-- Up-to-date: /home/em/ros_workspace_2025/nav_ws/install/px4_msgs/include/px4_msgs/px4_msgs/msg/detail/wheel_encoders__struct.hpp\n'}
[9.652882] (px4_msgs) StdoutLine: {'line': b'-- Up-to-date: /home/em/ros_workspace_2025/nav_ws/install/px4_msgs/include/px4_msgs/px4_msgs/msg/detail/action_request__struct.hpp\n'}
[9.652905] (px4_msgs) StdoutLine: {'line': b'-- Up-to-date: /home/em/ros_workspace_2025/nav_ws/install/px4_msgs/include/px4_msgs/px4_msgs/msg/detail/gps_inject_data__struct.hpp\n'}
[9.652927] (px4_msgs) StdoutLine: {'line': b'-- Up-to-date: /home/em/ros_workspace_2025/nav_ws/install/px4_msgs/include/px4_msgs/px4_msgs/msg/detail/timesync_status__traits.hpp\n'}
[9.652949] (px4_msgs) StdoutLine: {'line': b'-- Up-to-date: /home/em/ros_workspace_2025/nav_ws/install/px4_msgs/include/px4_msgs/px4_msgs/msg/detail/vehicle_optical_flow_vel__builder.hpp\n'}
[9.652970] (px4_msgs) StdoutLine: {'line': b'-- Up-to-date: /home/em/ros_workspace_2025/nav_ws/install/px4_msgs/include/px4_msgs/px4_msgs/msg/detail/vehicle_attitude_setpoint__struct.hpp\n'}
[9.652994] (px4_msgs) StdoutLine: {'line': b'-- Up-to-date: /home/em/ros_workspace_2025/nav_ws/install/px4_msgs/include/px4_msgs/px4_msgs/msg/detail/vehicle_status__traits.hpp\n'}
[9.653084] (px4_msgs) StdoutLine: {'line': b'-- Up-to-date: /home/em/ros_workspace_2025/nav_ws/install/px4_msgs/include/px4_msgs/px4_msgs/msg/detail/estimator_bias3d__struct.hpp\n'}
[9.653122] (px4_msgs) StdoutLine: {'line': b'-- Up-to-date: /home/em/ros_workspace_2025/nav_ws/install/px4_msgs/include/px4_msgs/px4_msgs/msg/detail/buffer128__traits.hpp\n'}
[9.653156] (px4_msgs) StdoutLine: {'line': b'-- Up-to-date: /home/em/ros_workspace_2025/nav_ws/install/px4_msgs/include/px4_msgs/px4_msgs/msg/detail/rover_ackermann_status__struct.hpp\n'}
[9.653195] (px4_msgs) StdoutLine: {'line': b'-- Up-to-date: /home/em/ros_workspace_2025/nav_ws/install/px4_msgs/include/px4_msgs/px4_msgs/msg/detail/dataman_request__struct.hpp\n'}
[9.653228] (px4_msgs) StdoutLine: {'line': b'-- Up-to-date: /home/em/ros_workspace_2025/nav_ws/install/px4_msgs/include/px4_msgs/px4_msgs/msg/detail/rc_channels__struct.hpp\n'}
[9.653261] (px4_msgs) StdoutLine: {'line': b'-- Up-to-date: /home/em/ros_workspace_2025/nav_ws/install/px4_msgs/include/px4_msgs/px4_msgs/msg/detail/vehicle_local_position_setpoint__traits.hpp\n'}
[9.653303] (px4_msgs) StdoutLine: {'line': b'-- Up-to-date: /home/em/ros_workspace_2025/nav_ws/install/px4_msgs/include/px4_msgs/px4_msgs/msg/detail/estimator_aid_source1d__traits.hpp\n'}
[9.653340] (px4_msgs) StdoutLine: {'line': b'-- Up-to-date: /home/em/ros_workspace_2025/nav_ws/install/px4_msgs/include/px4_msgs/px4_msgs/msg/detail/position_controller_status__builder.hpp\n'}
[9.653371] (px4_msgs) StdoutLine: {'line': b'-- Up-to-date: /home/em/ros_workspace_2025/nav_ws/install/px4_msgs/include/px4_msgs/px4_msgs/msg/detail/rover_ackermann_setpoint__struct.hpp\n'}
[9.653395] (px4_msgs) StdoutLine: {'line': b'-- Up-to-date: /home/em/ros_workspace_2025/nav_ws/install/px4_msgs/include/px4_msgs/px4_msgs/msg/detail/power_button_state__struct.hpp\n'}
[9.653422] (px4_msgs) StdoutLine: {'line': b'-- Up-to-date: /home/em/ros_workspace_2025/nav_ws/install/px4_msgs/include/px4_msgs/px4_msgs/msg/detail/gimbal_manager_set_attitude__traits.hpp\n'}
[9.653451] (px4_msgs) StdoutLine: {'line': b'-- Up-to-date: /home/em/ros_workspace_2025/nav_ws/install/px4_msgs/include/px4_msgs/px4_msgs/msg/detail/estimator_innovations__struct.hpp\n'}
[9.653476] (px4_msgs) StdoutLine: {'line': b'-- Up-to-date: /home/em/ros_workspace_2025/nav_ws/install/px4_msgs/include/px4_msgs/px4_msgs/msg/detail/collision_constraints__struct.hpp\n'}
[9.653498] (px4_msgs) StdoutLine: {'line': b'-- Up-to-date: /home/em/ros_workspace_2025/nav_ws/install/px4_msgs/include/px4_msgs/px4_msgs/msg/detail/geofence_result__builder.hpp\n'}
[9.653522] (px4_msgs) StdoutLine: {'line': b'-- Up-to-date: /home/em/ros_workspace_2025/nav_ws/install/px4_msgs/include/px4_msgs/px4_msgs/msg/detail/vehicle_angular_acceleration_setpoint__traits.hpp\n'}
[9.653548] (px4_msgs) StdoutLine: {'line': b'-- Up-to-date: /home/em/ros_workspace_2025/nav_ws/install/px4_msgs/include/px4_msgs/px4_msgs/msg/detail/fuel_tank_status__traits.hpp\n'}
[9.653571] (px4_msgs) StdoutLine: {'line': b'-- Up-to-date: /home/em/ros_workspace_2025/nav_ws/install/px4_msgs/include/px4_msgs/px4_msgs/msg/detail/sensor_gyro_fft__struct.hpp\n'}
[9.653591] (px4_msgs) StdoutLine: {'line': b'-- Up-to-date: /home/em/ros_workspace_2025/nav_ws/install/px4_msgs/include/px4_msgs/px4_msgs/msg/detail/sensor_uwb__builder.hpp\n'}
[9.653612] (px4_msgs) StdoutLine: {'line': b'-- Up-to-date: /home/em/ros_workspace_2025/nav_ws/install/px4_msgs/include/px4_msgs/px4_msgs/msg/detail/parameter_update__builder.hpp\n'}
[9.653633] (px4_msgs) StdoutLine: {'line': b'-- Up-to-date: /home/em/ros_workspace_2025/nav_ws/install/px4_msgs/include/px4_msgs/px4_msgs/msg/detail/estimator_innovations__traits.hpp\n'}
[9.653656] (px4_msgs) StdoutLine: {'line': b'-- Up-to-date: /home/em/ros_workspace_2025/nav_ws/install/px4_msgs/include/px4_msgs/px4_msgs/msg/detail/debug_array__builder.hpp\n'}
[9.653678] (px4_msgs) StdoutLine: {'line': b'-- Up-to-date: /home/em/ros_workspace_2025/nav_ws/install/px4_msgs/include/px4_msgs/px4_msgs/msg/detail/ulog_stream__traits.hpp\n'}
[9.653710] (px4_msgs) StdoutLine: {'line': b'-- Up-to-date: /home/em/ros_workspace_2025/nav_ws/install/px4_msgs/include/px4_msgs/px4_msgs/msg/detail/gpio_in__traits.hpp\n'}
[9.653730] (px4_msgs) StdoutLine: {'line': b'-- Up-to-date: /home/em/ros_workspace_2025/nav_ws/install/px4_msgs/include/px4_msgs/px4_msgs/msg/detail/actuator_controls_status__struct.hpp\n'}
[9.653751] (px4_msgs) StdoutLine: {'line': b'-- Up-to-date: /home/em/ros_workspace_2025/nav_ws/install/px4_msgs/include/px4_msgs/px4_msgs/msg/detail/npfg_status__traits.hpp\n'}
[9.653776] (px4_msgs) StdoutLine: {'line': b'-- Up-to-date: /home/em/ros_workspace_2025/nav_ws/install/px4_msgs/include/px4_msgs/px4_msgs/msg/detail/power_button_state__builder.hpp\n'}
[9.653801] (px4_msgs) StdoutLine: {'line': b'-- Up-to-date: /home/em/ros_workspace_2025/nav_ws/install/px4_msgs/include/px4_msgs/px4_msgs/msg/detail/magnetometer_bias_estimate__builder.hpp\n'}
[9.653833] (px4_msgs) StdoutLine: {'line': b'-- Up-to-date: /home/em/ros_workspace_2025/nav_ws/install/px4_msgs/include/px4_msgs/px4_msgs/msg/detail/register_ext_component_request__struct.hpp\n'}
[9.653865] (px4_msgs) StdoutLine: {'line': b'-- Up-to-date: /home/em/ros_workspace_2025/nav_ws/install/px4_msgs/include/px4_msgs/px4_msgs/msg/detail/sensors_status__traits.hpp\n'}
[9.653897] (px4_msgs) StdoutLine: {'line': b'-- Up-to-date: /home/em/ros_workspace_2025/nav_ws/install/px4_msgs/include/px4_msgs/px4_msgs/msg/detail/timesync_status__struct.hpp\n'}
[9.653925] (px4_msgs) StdoutLine: {'line': b'-- Up-to-date: /home/em/ros_workspace_2025/nav_ws/install/px4_msgs/include/px4_msgs/px4_msgs/msg/detail/vehicle_roi__traits.hpp\n'}
[9.653947] (px4_msgs) StdoutLine: {'line': b'-- Up-to-date: /home/em/ros_workspace_2025/nav_ws/install/px4_msgs/include/px4_msgs/px4_msgs/msg/detail/gimbal_device_set_attitude__struct.hpp\n'}
[9.653967] (px4_msgs) StdoutLine: {'line': b'-- Up-to-date: /home/em/ros_workspace_2025/nav_ws/install/px4_msgs/include/px4_msgs/px4_msgs/msg/detail/system_power__struct.hpp\n'}
[9.653988] (px4_msgs) StdoutLine: {'line': b'-- Up-to-date: /home/em/ros_workspace_2025/nav_ws/install/px4_msgs/include/px4_msgs/px4_msgs/msg/detail/gps_dump__traits.hpp\n'}
[9.654009] (px4_msgs) StdoutLine: {'line': b'-- Up-to-date: /home/em/ros_workspace_2025/nav_ws/install/px4_msgs/include/px4_msgs/px4_msgs/msg/detail/rtl_time_estimate__traits.hpp\n'}
[9.654032] (px4_msgs) StdoutLine: {'line': b'-- Up-to-date: /home/em/ros_workspace_2025/nav_ws/install/px4_msgs/include/px4_msgs/px4_msgs/msg/detail/tecs_status__builder.hpp\n'}
[9.654057] (px4_msgs) StdoutLine: {'line': b'-- Up-to-date: /home/em/ros_workspace_2025/nav_ws/install/px4_msgs/include/px4_msgs/px4_msgs/msg/detail/vehicle_command__struct.hpp\n'}
[9.654079] (px4_msgs) StdoutLine: {'line': b'-- Up-to-date: /home/em/ros_workspace_2025/nav_ws/install/px4_msgs/include/px4_msgs/px4_msgs/msg/detail/takeoff_status__struct.hpp\n'}
[9.654099] (px4_msgs) StdoutLine: {'line': b'-- Up-to-date: /home/em/ros_workspace_2025/nav_ws/install/px4_msgs/include/px4_msgs/px4_msgs/msg/detail/estimator_innovations__builder.hpp\n'}
[9.654121] (px4_msgs) StdoutLine: {'line': b'-- Up-to-date: /home/em/ros_workspace_2025/nav_ws/install/px4_msgs/include/px4_msgs/px4_msgs/msg/detail/sensor_gnss_relative__struct.hpp\n'}
[9.654141] (px4_msgs) StdoutLine: {'line': b'-- Up-to-date: /home/em/ros_workspace_2025/nav_ws/install/px4_msgs/include/px4_msgs/px4_msgs/msg/detail/vehicle_imu__traits.hpp\n'}
[9.654162] (px4_msgs) StdoutLine: {'line': b'-- Up-to-date: /home/em/ros_workspace_2025/nav_ws/install/px4_msgs/include/px4_msgs/px4_msgs/msg/detail/distance_sensor_mode_change_request__traits.hpp\n'}
[9.654183] (px4_msgs) StdoutLine: {'line': b'-- Up-to-date: /home/em/ros_workspace_2025/nav_ws/install/px4_msgs/include/px4_msgs/px4_msgs/msg/detail/trajectory_waypoint__struct.hpp\n'}
[9.654203] (px4_msgs) StdoutLine: {'line': b'-- Up-to-date: /home/em/ros_workspace_2025/nav_ws/install/px4_msgs/include/px4_msgs/px4_msgs/msg/detail/sensor_combined__struct.hpp\n'}
[9.654223] (px4_msgs) StdoutLine: {'line': b'-- Up-to-date: /home/em/ros_workspace_2025/nav_ws/install/px4_msgs/include/px4_msgs/px4_msgs/msg/detail/orb_test_large__struct.hpp\n'}
[9.654244] (px4_msgs) StdoutLine: {'line': b'-- Up-to-date: /home/em/ros_workspace_2025/nav_ws/install/px4_msgs/include/px4_msgs/px4_msgs/msg/detail/collision_report__struct.hpp\n'}
[9.654264] (px4_msgs) StdoutLine: {'line': b'-- Up-to-date: /home/em/ros_workspace_2025/nav_ws/install/px4_msgs/include/px4_msgs/px4_msgs/msg/detail/gpio_out__traits.hpp\n'}
[9.654298] (px4_msgs) StdoutLine: {'line': b'-- Up-to-date: /home/em/ros_workspace_2025/nav_ws/install/px4_msgs/include/px4_msgs/px4_msgs/msg/detail/mission__builder.hpp\n'}
[9.654321] (px4_msgs) StdoutLine: {'line': b'-- Up-to-date: /home/em/ros_workspace_2025/nav_ws/install/px4_msgs/include/px4_msgs/px4_msgs/msg/detail/camera_status__builder.hpp\n'}
[9.654342] (px4_msgs) StdoutLine: {'line': b'-- Up-to-date: /home/em/ros_workspace_2025/nav_ws/install/px4_msgs/include/px4_msgs/px4_msgs/msg/detail/vehicle_torque_setpoint__builder.hpp\n'}
[9.654364] (px4_msgs) StdoutLine: {'line': b'-- Up-to-date: /home/em/ros_workspace_2025/nav_ws/install/px4_msgs/include/px4_msgs/px4_msgs/msg/detail/failure_detector_status__struct.hpp\n'}
[9.654385] (px4_msgs) StdoutLine: {'line': b'-- Up-to-date: /home/em/ros_workspace_2025/nav_ws/install/px4_msgs/include/px4_msgs/px4_msgs/msg/detail/wheel_encoders__builder.hpp\n'}
[9.654414] (px4_msgs) StdoutLine: {'line': b'-- Up-to-date: /home/em/ros_workspace_2025/nav_ws/install/px4_msgs/include/px4_msgs/px4_msgs/msg/detail/vehicle_local_position__traits.hpp\n'}
[9.654493] (px4_msgs) StdoutLine: {'line': b'-- Up-to-date: /home/em/ros_workspace_2025/nav_ws/install/px4_msgs/include/px4_msgs/px4_msgs/msg/detail/obstacle_distance__builder.hpp\n'}
[9.654538] (px4_msgs) StdoutLine: {'line': b'-- Up-to-date: /home/em/ros_workspace_2025/nav_ws/install/px4_msgs/include/px4_msgs/px4_msgs/msg/detail/radio_status__builder.hpp\n'}
[9.654565] (px4_msgs) StdoutLine: {'line': b'-- Up-to-date: /home/em/ros_workspace_2025/nav_ws/install/px4_msgs/include/px4_msgs/px4_msgs/msg/detail/vehicle_angular_acceleration_setpoint__builder.hpp\n'}
[9.654589] (px4_msgs) StdoutLine: {'line': b'-- Up-to-date: /home/em/ros_workspace_2025/nav_ws/install/px4_msgs/include/px4_msgs/px4_msgs/msg/detail/ping__struct.hpp\n'}
[9.654613] (px4_msgs) StdoutLine: {'line': b'-- Up-to-date: /home/em/ros_workspace_2025/nav_ws/install/px4_msgs/include/px4_msgs/px4_msgs/msg/detail/rover_differential_setpoint__traits.hpp\n'}
[9.654636] (px4_msgs) StdoutLine: {'line': b'-- Up-to-date: /home/em/ros_workspace_2025/nav_ws/install/px4_msgs/include/px4_msgs/px4_msgs/msg/detail/vehicle_attitude__builder.hpp\n'}
[9.654659] (px4_msgs) StdoutLine: {'line': b'-- Up-to-date: /home/em/ros_workspace_2025/nav_ws/install/px4_msgs/include/px4_msgs/px4_msgs/msg/detail/button_event__traits.hpp\n'}
[9.654680] (px4_msgs) StdoutLine: {'line': b'-- Up-to-date: /home/em/ros_workspace_2025/nav_ws/install/px4_msgs/include/px4_msgs/px4_msgs/msg/detail/estimator_selector_status__struct.hpp\n'}
[9.654703] (px4_msgs) StdoutLine: {'line': b'-- Up-to-date: /home/em/ros_workspace_2025/nav_ws/install/px4_msgs/include/px4_msgs/px4_msgs/msg/detail/vehicle_imu_status__traits.hpp\n'}
[9.654725] (px4_msgs) StdoutLine: {'line': b'-- Up-to-date: /home/em/ros_workspace_2025/nav_ws/install/px4_msgs/include/px4_msgs/px4_msgs/msg/detail/debug_vect__builder.hpp\n'}
[9.654748] (px4_msgs) StdoutLine: {'line': b'-- Up-to-date: /home/em/ros_workspace_2025/nav_ws/install/px4_msgs/include/px4_msgs/px4_msgs/msg/detail/trajectory_waypoint__builder.hpp\n'}
[9.654769] (px4_msgs) StdoutLine: {'line': b'-- Up-to-date: /home/em/ros_workspace_2025/nav_ws/install/px4_msgs/include/px4_msgs/px4_msgs/msg/detail/sensors_status_imu__struct.hpp\n'}
[9.654789] (px4_msgs) StdoutLine: {'line': b'-- Up-to-date: /home/em/ros_workspace_2025/nav_ws/install/px4_msgs/include/px4_msgs/px4_msgs/msg/detail/normalized_unsigned_setpoint__builder.hpp\n'}
[9.654811] (px4_msgs) StdoutLine: {'line': b'-- Up-to-date: /home/em/ros_workspace_2025/nav_ws/install/px4_msgs/include/px4_msgs/px4_msgs/msg/detail/rc_channels__builder.hpp\n'}
[9.654833] (px4_msgs) StdoutLine: {'line': b'-- Up-to-date: /home/em/ros_workspace_2025/nav_ws/install/px4_msgs/include/px4_msgs/px4_msgs/msg/detail/vehicle_local_position_setpoint__builder.hpp\n'}
[9.654854] (px4_msgs) StdoutLine: {'line': b'-- Up-to-date: /home/em/ros_workspace_2025/nav_ws/install/px4_msgs/include/px4_msgs/px4_msgs/msg/detail/camera_capture__struct.hpp\n'}
[9.654878] (px4_msgs) StdoutLine: {'line': b'-- Up-to-date: /home/em/ros_workspace_2025/nav_ws/install/px4_msgs/include/px4_msgs/px4_msgs/msg/detail/vehicle_rates_setpoint__builder.hpp\n'}
[9.654902] (px4_msgs) StdoutLine: {'line': b'-- Up-to-date: /home/em/ros_workspace_2025/nav_ws/install/px4_msgs/include/px4_msgs/px4_msgs/msg/detail/message_format_request__struct.hpp\n'}
[9.654921] (px4_msgs) StdoutLine: {'line': b'-- Up-to-date: /home/em/ros_workspace_2025/nav_ws/install/px4_msgs/include/px4_msgs/px4_msgs/msg/detail/sensor_preflight_mag__traits.hpp\n'}
[9.654941] (px4_msgs) StdoutLine: {'line': b'-- Up-to-date: /home/em/ros_workspace_2025/nav_ws/install/px4_msgs/include/px4_msgs/px4_msgs/msg/detail/estimator_aid_source2d__traits.hpp\n'}
[9.654962] (px4_msgs) StdoutLine: {'line': b'-- Up-to-date: /home/em/ros_workspace_2025/nav_ws/install/px4_msgs/include/px4_msgs/px4_msgs/msg/detail/wind__builder.hpp\n'}
[9.654982] (px4_msgs) StdoutLine: {'line': b'-- Up-to-date: /home/em/ros_workspace_2025/nav_ws/install/px4_msgs/include/px4_msgs/px4_msgs/msg/detail/transponder_report__builder.hpp\n'}
[9.655002] (px4_msgs) StdoutLine: {'line': b'-- Up-to-date: /home/em/ros_workspace_2025/nav_ws/install/px4_msgs/include/px4_msgs/px4_msgs/msg/detail/airspeed_validated__builder.hpp\n'}
[9.655022] (px4_msgs) StdoutLine: {'line': b'-- Up-to-date: /home/em/ros_workspace_2025/nav_ws/install/px4_msgs/include/px4_msgs/px4_msgs/msg/detail/navigator_mission_item__builder.hpp\n'}
[9.655042] (px4_msgs) StdoutLine: {'line': b'-- Up-to-date: /home/em/ros_workspace_2025/nav_ws/install/px4_msgs/include/px4_msgs/px4_msgs/msg/detail/orbit_status__traits.hpp\n'}
[9.655062] (px4_msgs) StdoutLine: {'line': b'-- Up-to-date: /home/em/ros_workspace_2025/nav_ws/install/px4_msgs/include/px4_msgs/px4_msgs/msg/detail/rover_differential_guidance_status__struct.hpp\n'}
[9.655084] (px4_msgs) StdoutLine: {'line': b'-- Up-to-date: /home/em/ros_workspace_2025/nav_ws/install/px4_msgs/include/px4_msgs/px4_msgs/msg/detail/vehicle_global_position__struct.hpp\n'}
[9.655103] (px4_msgs) StdoutLine: {'line': b'-- Up-to-date: /home/em/ros_workspace_2025/nav_ws/install/px4_msgs/include/px4_msgs/px4_msgs/msg/detail/open_drone_id_system__traits.hpp\n'}
[9.655123] (px4_msgs) StdoutLine: {'line': b'-- Up-to-date: /home/em/ros_workspace_2025/nav_ws/install/px4_msgs/include/px4_msgs/px4_msgs/msg/detail/buffer128__builder.hpp\n'}
[9.655145] (px4_msgs) StdoutLine: {'line': b'-- Up-to-date: /home/em/ros_workspace_2025/nav_ws/install/px4_msgs/include/px4_msgs/px4_msgs/msg/detail/estimator_sensor_bias__traits.hpp\n'}
[9.655165] (px4_msgs) StdoutLine: {'line': b'-- Up-to-date: /home/em/ros_workspace_2025/nav_ws/install/px4_msgs/include/px4_msgs/px4_msgs/msg/detail/power_monitor__builder.hpp\n'}
[9.655185] (px4_msgs) StdoutLine: {'line': b'-- Up-to-date: /home/em/ros_workspace_2025/nav_ws/install/px4_msgs/include/px4_msgs/px4_msgs/msg/detail/transponder_report__struct.hpp\n'}
[9.655205] (px4_msgs) StdoutLine: {'line': b'-- Up-to-date: /home/em/ros_workspace_2025/nav_ws/install/px4_msgs/include/px4_msgs/px4_msgs/msg/detail/config_overrides__builder.hpp\n'}
[9.655225] (px4_msgs) StdoutLine: {'line': b'-- Up-to-date: /home/em/ros_workspace_2025/nav_ws/install/px4_msgs/include/px4_msgs/px4_msgs/msg/detail/landing_target_pose__traits.hpp\n'}
[9.655245] (px4_msgs) StdoutLine: {'line': b'-- Up-to-date: /home/em/ros_workspace_2025/nav_ws/install/px4_msgs/include/px4_msgs/px4_msgs/msg/detail/failsafe_flags__builder.hpp\n'}
[9.655265] (px4_msgs) StdoutLine: {'line': b'-- Up-to-date: /home/em/ros_workspace_2025/nav_ws/install/px4_msgs/include/px4_msgs/px4_msgs/msg/detail/sensor_optical_flow__traits.hpp\n'}
[9.655289] (px4_msgs) StdoutLine: {'line': b'-- Up-to-date: /home/em/ros_workspace_2025/nav_ws/install/px4_msgs/include/px4_msgs/px4_msgs/msg/detail/gpio_request__traits.hpp\n'}
[9.655312] (px4_msgs) StdoutLine: {'line': b'-- Up-to-date: /home/em/ros_workspace_2025/nav_ws/install/px4_msgs/include/px4_msgs/px4_msgs/msg/detail/estimator_gps_status__struct.hpp\n'}
[9.655341] (px4_msgs) StdoutLine: {'line': b'-- Up-to-date: /home/em/ros_workspace_2025/nav_ws/install/px4_msgs/include/px4_msgs/px4_msgs/msg/detail/launch_detection_status__builder.hpp\n'}
[9.655362] (px4_msgs) StdoutLine: {'line': b'-- Up-to-date: /home/em/ros_workspace_2025/nav_ws/install/px4_msgs/include/px4_msgs/px4_msgs/msg/detail/control_allocator_status__builder.hpp\n'}
[9.655382] (px4_msgs) StdoutLine: {'line': b'-- Up-to-date: /home/em/ros_workspace_2025/nav_ws/install/px4_msgs/include/px4_msgs/px4_msgs/msg/detail/led_control__struct.hpp\n'}
[9.655403] (px4_msgs) StdoutLine: {'line': b'-- Up-to-date: /home/em/ros_workspace_2025/nav_ws/install/px4_msgs/include/px4_msgs/px4_msgs/msg/detail/manual_control_setpoint__builder.hpp\n'}
[9.655425] (px4_msgs) StdoutLine: {'line': b'-- Up-to-date: /home/em/ros_workspace_2025/nav_ws/install/px4_msgs/include/px4_msgs/px4_msgs/msg/detail/sensor_correction__struct.hpp\n'}
[9.655445] (px4_msgs) StdoutLine: {'line': b'-- Up-to-date: /home/em/ros_workspace_2025/nav_ws/install/px4_msgs/include/px4_msgs/px4_msgs/msg/detail/px4io_status__struct.hpp\n'}
[9.655466] (px4_msgs) StdoutLine: {'line': b'-- Up-to-date: /home/em/ros_workspace_2025/nav_ws/install/px4_msgs/include/px4_msgs/px4_msgs/msg/detail/estimator_sensor_bias__builder.hpp\n'}
[9.655486] (px4_msgs) StdoutLine: {'line': b'-- Up-to-date: /home/em/ros_workspace_2025/nav_ws/install/px4_msgs/include/px4_msgs/px4_msgs/msg/detail/gripper__builder.hpp\n'}
[9.655507] (px4_msgs) StdoutLine: {'line': b'-- Up-to-date: /home/em/ros_workspace_2025/nav_ws/install/px4_msgs/include/px4_msgs/px4_msgs/msg/detail/orb_test__builder.hpp\n'}
[9.655528] (px4_msgs) StdoutLine: {'line': b'-- Up-to-date: /home/em/ros_workspace_2025/nav_ws/install/px4_msgs/include/px4_msgs/px4_msgs/msg/detail/radio_status__struct.hpp\n'}
[9.655550] (px4_msgs) StdoutLine: {'line': b'-- Up-to-date: /home/em/ros_workspace_2025/nav_ws/install/px4_msgs/include/px4_msgs/px4_msgs/msg/detail/parameter_set_used_request__traits.hpp\n'}
[9.655571] (px4_msgs) StdoutLine: {'line': b'-- Up-to-date: /home/em/ros_workspace_2025/nav_ws/install/px4_msgs/include/px4_msgs/px4_msgs/msg/detail/pwm_input__traits.hpp\n'}
[9.655593] (px4_msgs) StdoutLine: {'line': b'-- Up-to-date: /home/em/ros_workspace_2025/nav_ws/install/px4_msgs/include/px4_msgs/px4_msgs/msg/detail/estimator_states__struct.hpp\n'}
[9.655618] (px4_msgs) StdoutLine: {'line': b'-- Up-to-date: /home/em/ros_workspace_2025/nav_ws/install/px4_msgs/include/px4_msgs/px4_msgs/msg/detail/dataman_response__builder.hpp\n'}
[9.655638] (px4_msgs) StdoutLine: {'line': b'-- Up-to-date: /home/em/ros_workspace_2025/nav_ws/install/px4_msgs/include/px4_msgs/px4_msgs/msg/detail/rpm__builder.hpp\n'}
[9.655659] (px4_msgs) StdoutLine: {'line': b'-- Up-to-date: /home/em/ros_workspace_2025/nav_ws/install/px4_msgs/include/px4_msgs/px4_msgs/msg/detail/estimator_event_flags__traits.hpp\n'}
[9.655686] (px4_msgs) StdoutLine: {'line': b'-- Up-to-date: /home/em/ros_workspace_2025/nav_ws/install/px4_msgs/include/px4_msgs/px4_msgs/msg/detail/obstacle_distance__struct.hpp\n'}
[9.655708] (px4_msgs) StdoutLine: {'line': b'-- Up-to-date: /home/em/ros_workspace_2025/nav_ws/install/px4_msgs/include/px4_msgs/px4_msgs/msg/detail/vehicle_odometry__struct.hpp\n'}
[9.655730] (px4_msgs) StdoutLine: {'line': b'-- Up-to-date: /home/em/ros_workspace_2025/nav_ws/install/px4_msgs/include/px4_msgs/px4_msgs/msg/detail/yaw_estimator_status__builder.hpp\n'}
[9.655753] (px4_msgs) StdoutLine: {'line': b'-- Up-to-date: /home/em/ros_workspace_2025/nav_ws/install/px4_msgs/include/px4_msgs/px4_msgs/msg/detail/sensor_correction__builder.hpp\n'}
[9.655790] (px4_msgs) StdoutLine: {'line': b'-- Up-to-date: /home/em/ros_workspace_2025/nav_ws/install/px4_msgs/include/px4_msgs/px4_msgs/msg/detail/vehicle_angular_velocity__struct.hpp\n'}
[9.655831] (px4_msgs) StdoutLine: {'line': b'-- Up-to-date: /home/em/ros_workspace_2025/nav_ws/install/px4_msgs/include/px4_msgs/px4_msgs/msg/detail/vehicle_magnetometer__builder.hpp\n'}
[9.655878] (px4_msgs) StdoutLine: {'line': b'-- Up-to-date: /home/em/ros_workspace_2025/nav_ws/install/px4_msgs/include/px4_msgs/px4_msgs/msg/detail/rate_ctrl_status__struct.hpp\n'}
[9.655912] (px4_msgs) StdoutLine: {'line': b'-- Up-to-date: /home/em/ros_workspace_2025/nav_ws/install/px4_msgs/include/px4_msgs/px4_msgs/msg/detail/control_allocator_status__traits.hpp\n'}
[9.655947] (px4_msgs) StdoutLine: {'line': b'-- Up-to-date: /home/em/ros_workspace_2025/nav_ws/install/px4_msgs/include/px4_msgs/px4_msgs/msg/detail/cpuload__struct.hpp\n'}
[9.655973] (px4_msgs) StdoutLine: {'line': b'-- Up-to-date: /home/em/ros_workspace_2025/nav_ws/install/px4_msgs/include/px4_msgs/px4_msgs/msg/detail/rover_mecanum_status__struct.hpp\n'}
[9.655997] (px4_msgs) StdoutLine: {'line': b'-- Up-to-date: /home/em/ros_workspace_2025/nav_ws/install/px4_msgs/include/px4_msgs/px4_msgs/msg/detail/rover_ackermann_setpoint__builder.hpp\n'}
[9.656022] (px4_msgs) StdoutLine: {'line': b'-- Up-to-date: /home/em/ros_workspace_2025/nav_ws/install/px4_msgs/include/px4_msgs/px4_msgs/msg/detail/vehicle_optical_flow_vel__traits.hpp\n'}
[9.656046] (px4_msgs) StdoutLine: {'line': b'-- Up-to-date: /home/em/ros_workspace_2025/nav_ws/install/px4_msgs/include/px4_msgs/px4_msgs/msg/detail/open_drone_id_operator_id__builder.hpp\n'}
[9.656070] (px4_msgs) StdoutLine: {'line': b'-- Up-to-date: /home/em/ros_workspace_2025/nav_ws/install/px4_msgs/include/px4_msgs/px4_msgs/msg/detail/debug_vect__struct.hpp\n'}
[9.656092] (px4_msgs) StdoutLine: {'line': b'-- Up-to-date: /home/em/ros_workspace_2025/nav_ws/install/px4_msgs/include/px4_msgs/px4_msgs/msg/detail/gimbal_controls__struct.hpp\n'}
[9.656114] (px4_msgs) StdoutLine: {'line': b'-- Up-to-date: /home/em/ros_workspace_2025/nav_ws/install/px4_msgs/include/px4_msgs/px4_msgs/msg/detail/obstacle_distance__traits.hpp\n'}
[9.656136] (px4_msgs) StdoutLine: {'line': b'-- Up-to-date: /home/em/ros_workspace_2025/nav_ws/install/px4_msgs/include/px4_msgs/px4_msgs/msg/detail/sensor_gyro_fft__traits.hpp\n'}
[9.656157] (px4_msgs) StdoutLine: {'line': b'-- Up-to-date: /home/em/ros_workspace_2025/nav_ws/install/px4_msgs/include/px4_msgs/px4_msgs/msg/detail/ekf2_timestamps__builder.hpp\n'}
[9.656178] (px4_msgs) StdoutLine: {'line': b'-- Up-to-date: /home/em/ros_workspace_2025/nav_ws/install/px4_msgs/include/px4_msgs/px4_msgs/msg/detail/estimator_status__struct.hpp\n'}
[9.656199] (px4_msgs) StdoutLine: {'line': b'-- Up-to-date: /home/em/ros_workspace_2025/nav_ws/install/px4_msgs/include/px4_msgs/px4_msgs/msg/detail/timesync_status__builder.hpp\n'}
[9.656224] (px4_msgs) StdoutLine: {'line': b'-- Up-to-date: /home/em/ros_workspace_2025/nav_ws/install/px4_msgs/include/px4_msgs/px4_msgs/msg/detail/actuator_test__builder.hpp\n'}
[9.656245] (px4_msgs) StdoutLine: {'line': b'-- Up-to-date: /home/em/ros_workspace_2025/nav_ws/install/px4_msgs/include/px4_msgs/px4_msgs/msg/detail/control_allocator_status__struct.hpp\n'}
[9.656267] (px4_msgs) StdoutLine: {'line': b'-- Up-to-date: /home/em/ros_workspace_2025/nav_ws/install/px4_msgs/include/px4_msgs/px4_msgs/msg/detail/rc_channels__traits.hpp\n'}
[9.656294] (px4_msgs) StdoutLine: {'line': b'-- Up-to-date: /home/em/ros_workspace_2025/nav_ws/install/px4_msgs/include/px4_msgs/px4_msgs/msg/detail/event__traits.hpp\n'}
[9.656315] (px4_msgs) StdoutLine: {'line': b'-- Up-to-date: /home/em/ros_workspace_2025/nav_ws/install/px4_msgs/include/px4_msgs/px4_msgs/msg/detail/qshell_retval__struct.hpp\n'}
[9.656338] (px4_msgs) StdoutLine: {'line': b'-- Up-to-date: /home/em/ros_workspace_2025/nav_ws/install/px4_msgs/include/px4_msgs/px4_msgs/msg/detail/vehicle_control_mode__struct.hpp\n'}
[9.656359] (px4_msgs) StdoutLine: {'line': b'-- Up-to-date: /home/em/ros_workspace_2025/nav_ws/install/px4_msgs/include/px4_msgs/px4_msgs/msg/detail/orb_test_large__traits.hpp\n'}
[9.656381] (px4_msgs) StdoutLine: {'line': b'-- Up-to-date: /home/em/ros_workspace_2025/nav_ws/install/px4_msgs/include/px4_msgs/px4_msgs/msg/detail/orb_test_medium__struct.hpp\n'}
[9.656402] (px4_msgs) StdoutLine: {'line': b'-- Up-to-date: /home/em/ros_workspace_2025/nav_ws/install/px4_msgs/include/px4_msgs/px4_msgs/msg/detail/power_button_state__traits.hpp\n'}
[9.656422] (px4_msgs) StdoutLine: {'line': b'-- Up-to-date: /home/em/ros_workspace_2025/nav_ws/install/px4_msgs/include/px4_msgs/px4_msgs/msg/detail/trajectory_bezier__builder.hpp\n'}
[9.656443] (px4_msgs) StdoutLine: {'line': b'-- Up-to-date: /home/em/ros_workspace_2025/nav_ws/install/px4_msgs/include/px4_msgs/px4_msgs/msg/detail/vehicle_status__struct.hpp\n'}
[9.656464] (px4_msgs) StdoutLine: {'line': b'-- Up-to-date: /home/em/ros_workspace_2025/nav_ws/install/px4_msgs/include/px4_msgs/px4_msgs/msg/detail/position_setpoint_triplet__builder.hpp\n'}
[9.656484] (px4_msgs) StdoutLine: {'line': b'-- Up-to-date: /home/em/ros_workspace_2025/nav_ws/install/px4_msgs/include/px4_msgs/px4_msgs/msg/detail/arming_check_reply__traits.hpp\n'}
[9.656505] (px4_msgs) StdoutLine: {'line': b'-- Up-to-date: /home/em/ros_workspace_2025/nav_ws/install/px4_msgs/include/px4_msgs/px4_msgs/msg/detail/sensor_baro__builder.hpp\n'}
[9.656525] (px4_msgs) StdoutLine: {'line': b'-- Up-to-date: /home/em/ros_workspace_2025/nav_ws/install/px4_msgs/include/px4_msgs/px4_msgs/msg/detail/pps_capture__traits.hpp\n'}
[9.656545] (px4_msgs) StdoutLine: {'line': b'-- Up-to-date: /home/em/ros_workspace_2025/nav_ws/install/px4_msgs/include/px4_msgs/px4_msgs/msg/detail/adc_report__builder.hpp\n'}
[9.656567] (px4_msgs) StdoutLine: {'line': b'-- Up-to-date: /home/em/ros_workspace_2025/nav_ws/install/px4_msgs/include/px4_msgs/px4_msgs/msg/detail/gimbal_manager_status__struct.hpp\n'}
[9.656592] (px4_msgs) StdoutLine: {'line': b'-- Up-to-date: /home/em/ros_workspace_2025/nav_ws/install/px4_msgs/include/px4_msgs/px4_msgs/msg/hover_thrust_estimate.hpp\n'}
[9.656615] (px4_msgs) StdoutLine: {'line': b'-- Up-to-date: /home/em/ros_workspace_2025/nav_ws/install/px4_msgs/include/px4_msgs/px4_msgs/msg/gripper.hpp\n'}
[9.656634] (px4_msgs) StdoutLine: {'line': b'-- Up-to-date: /home/em/ros_workspace_2025/nav_ws/install/px4_msgs/include/px4_msgs/px4_msgs/msg/fuel_tank_status.hpp\n'}
[9.656654] (px4_msgs) StdoutLine: {'line': b'-- Up-to-date: /home/em/ros_workspace_2025/nav_ws/install/px4_msgs/include/px4_msgs/px4_msgs/msg/gimbal_device_set_attitude.hpp\n'}
[9.656673] (px4_msgs) StdoutLine: {'line': b'-- Up-to-date: /home/em/ros_workspace_2025/nav_ws/install/px4_msgs/include/px4_msgs/px4_msgs/msg/timesync_status.hpp\n'}
[9.656693] (px4_msgs) StdoutLine: {'line': b'-- Up-to-date: /home/em/ros_workspace_2025/nav_ws/install/px4_msgs/include/px4_msgs/px4_msgs/msg/magnetometer_bias_estimate.hpp\n'}
[9.656712] (px4_msgs) StdoutLine: {'line': b'-- Up-to-date: /home/em/ros_workspace_2025/nav_ws/install/px4_msgs/include/px4_msgs/px4_msgs/msg/internal_combustion_engine_status.hpp\n'}
[9.656731] (px4_msgs) StdoutLine: {'line': b'-- Up-to-date: /home/em/ros_workspace_2025/nav_ws/install/px4_msgs/include/px4_msgs/px4_msgs/msg/sensor_gps.hpp\n'}
[9.656750] (px4_msgs) StdoutLine: {'line': b'-- Up-to-date: /home/em/ros_workspace_2025/nav_ws/install/px4_msgs/include/px4_msgs/px4_msgs/msg/orbit_status.hpp\n'}
[9.656770] (px4_msgs) StdoutLine: {'line': b'-- Up-to-date: /home/em/ros_workspace_2025/nav_ws/install/px4_msgs/include/px4_msgs/px4_msgs/msg/estimator_status.hpp\n'}
[9.656790] (px4_msgs) StdoutLine: {'line': b'-- Up-to-date: /home/em/ros_workspace_2025/nav_ws/install/px4_msgs/include/px4_msgs/px4_msgs/msg/arming_check_reply.hpp\n'}
[9.656809] (px4_msgs) StdoutLine: {'line': b'-- Up-to-date: /home/em/ros_workspace_2025/nav_ws/install/px4_msgs/include/px4_msgs/px4_msgs/msg/rover_mecanum_setpoint.hpp\n'}
[9.656828] (px4_msgs) StdoutLine: {'line': b'-- Up-to-date: /home/em/ros_workspace_2025/nav_ws/install/px4_msgs/include/px4_msgs/px4_msgs/msg/battery_status.hpp\n'}
[9.656848] (px4_msgs) StdoutLine: {'line': b'-- Up-to-date: /home/em/ros_workspace_2025/nav_ws/install/px4_msgs/include/px4_msgs/px4_msgs/msg/landing_gear.hpp\n'}
[9.656868] (px4_msgs) StdoutLine: {'line': b'-- Up-to-date: /home/em/ros_workspace_2025/nav_ws/install/px4_msgs/include/px4_msgs/px4_msgs/msg/rc_channels.hpp\n'}
[9.656888] (px4_msgs) StdoutLine: {'line': b'-- Up-to-date: /home/em/ros_workspace_2025/nav_ws/install/px4_msgs/include/px4_msgs/px4_msgs/msg/mission.hpp\n'}
[9.656908] (px4_msgs) StdoutLine: {'line': b'-- Up-to-date: /home/em/ros_workspace_2025/nav_ws/install/px4_msgs/include/px4_msgs/px4_msgs/msg/sensor_combined.hpp\n'}
[9.656928] (px4_msgs) StdoutLine: {'line': b'-- Up-to-date: /home/em/ros_workspace_2025/nav_ws/install/px4_msgs/include/px4_msgs/px4_msgs/msg/yaw_estimator_status.hpp\n'}
[9.656948] (px4_msgs) StdoutLine: {'line': b'-- Up-to-date: /home/em/ros_workspace_2025/nav_ws/install/px4_msgs/include/px4_msgs/px4_msgs/msg/vehicle_attitude.hpp\n'}
[9.656968] (px4_msgs) StdoutLine: {'line': b'-- Up-to-date: /home/em/ros_workspace_2025/nav_ws/install/px4_msgs/include/px4_msgs/px4_msgs/msg/estimator_selector_status.hpp\n'}
[9.656988] (px4_msgs) StdoutLine: {'line': b'-- Up-to-date: /home/em/ros_workspace_2025/nav_ws/install/px4_msgs/include/px4_msgs/px4_msgs/msg/estimator_states.hpp\n'}
[9.657008] (px4_msgs) StdoutLine: {'line': b'-- Up-to-date: /home/em/ros_workspace_2025/nav_ws/install/px4_msgs/include/px4_msgs/px4_msgs/msg/goto_setpoint.hpp\n'}
[9.657027] (px4_msgs) StdoutLine: {'line': b'-- Up-to-date: /home/em/ros_workspace_2025/nav_ws/install/px4_msgs/include/px4_msgs/px4_msgs/msg/cpuload.hpp\n'}
[9.657047] (px4_msgs) StdoutLine: {'line': b'-- Up-to-date: /home/em/ros_workspace_2025/nav_ws/install/px4_msgs/include/px4_msgs/px4_msgs/msg/gimbal_manager_information.hpp\n'}
[9.657066] (px4_msgs) StdoutLine: {'line': b'-- Up-to-date: /home/em/ros_workspace_2025/nav_ws/install/px4_msgs/include/px4_msgs/px4_msgs/msg/ekf2_timestamps.hpp\n'}
[9.657085] (px4_msgs) StdoutLine: {'line': b'-- Up-to-date: /home/em/ros_workspace_2025/nav_ws/install/px4_msgs/include/px4_msgs/px4_msgs/msg/sensor_preflight_mag.hpp\n'}
[9.657105] (px4_msgs) StdoutLine: {'line': b'-- Up-to-date: /home/em/ros_workspace_2025/nav_ws/install/px4_msgs/include/px4_msgs/px4_msgs/msg/mount_orientation.hpp\n'}
[9.657125] (px4_msgs) StdoutLine: {'line': b'-- Up-to-date: /home/em/ros_workspace_2025/nav_ws/install/px4_msgs/include/px4_msgs/px4_msgs\n'}
[9.657145] (px4_msgs) StdoutLine: {'line': b'-- Up-to-date: /home/em/ros_workspace_2025/nav_ws/install/px4_msgs/include/px4_msgs/px4_msgs/srv\n'}
[9.657163] (px4_msgs) StdoutLine: {'line': b'-- Up-to-date: /home/em/ros_workspace_2025/nav_ws/install/px4_msgs/include/px4_msgs/px4_msgs/srv/detail\n'}
[9.657183] (px4_msgs) StdoutLine: {'line': b'-- Up-to-date: /home/em/ros_workspace_2025/nav_ws/install/px4_msgs/include/px4_msgs/px4_msgs/srv/detail/dds_fastrtps\n'}
[9.657204] (px4_msgs) StdoutLine: {'line': b'-- Up-to-date: /home/em/ros_workspace_2025/nav_ws/install/px4_msgs/include/px4_msgs/px4_msgs/srv/detail/vehicle_command__rosidl_typesupport_fastrtps_cpp.hpp\n'}
[9.657225] (px4_msgs) StdoutLine: {'line': b'-- Up-to-date: /home/em/ros_workspace_2025/nav_ws/install/px4_msgs/include/px4_msgs/px4_msgs/msg\n'}
[9.657245] (px4_msgs) StdoutLine: {'line': b'-- Up-to-date: /home/em/ros_workspace_2025/nav_ws/install/px4_msgs/include/px4_msgs/px4_msgs/msg/rosidl_typesupport_fastrtps_cpp__visibility_control.h\n'}
[9.657267] (px4_msgs) StdoutLine: {'line': b'-- Up-to-date: /home/em/ros_workspace_2025/nav_ws/install/px4_msgs/include/px4_msgs/px4_msgs/msg/detail\n'}
[9.657291] (px4_msgs) StdoutLine: {'line': b'-- Up-to-date: /home/em/ros_workspace_2025/nav_ws/install/px4_msgs/include/px4_msgs/px4_msgs/msg/detail/radio_status__rosidl_typesupport_fastrtps_cpp.hpp\n'}
[9.657312] (px4_msgs) StdoutLine: {'line': b'-- Up-to-date: /home/em/ros_workspace_2025/nav_ws/install/px4_msgs/include/px4_msgs/px4_msgs/msg/detail/rover_differential_guidance_status__rosidl_typesupport_fastrtps_cpp.hpp\n'}
[9.657335] (px4_msgs) StdoutLine: {'line': b'-- Up-to-date: /home/em/ros_workspace_2025/nav_ws/install/px4_msgs/include/px4_msgs/px4_msgs/msg/detail/action_request__rosidl_typesupport_fastrtps_cpp.hpp\n'}
[9.657356] (px4_msgs) StdoutLine: {'line': b'-- Up-to-date: /home/em/ros_workspace_2025/nav_ws/install/px4_msgs/include/px4_msgs/px4_msgs/msg/detail/pps_capture__rosidl_typesupport_fastrtps_cpp.hpp\n'}
[9.657378] (px4_msgs) StdoutLine: {'line': b'-- Up-to-date: /home/em/ros_workspace_2025/nav_ws/install/px4_msgs/include/px4_msgs/px4_msgs/msg/detail/control_allocator_status__rosidl_typesupport_fastrtps_cpp.hpp\n'}
[9.657399] (px4_msgs) StdoutLine: {'line': b'-- Up-to-date: /home/em/ros_workspace_2025/nav_ws/install/px4_msgs/include/px4_msgs/px4_msgs/msg/detail/hover_thrust_estimate__rosidl_typesupport_fastrtps_cpp.hpp\n'}
[9.657422] (px4_msgs) StdoutLine: {'line': b'-- Up-to-date: /home/em/ros_workspace_2025/nav_ws/install/px4_msgs/include/px4_msgs/px4_msgs/msg/detail/autotune_attitude_control_status__rosidl_typesupport_fastrtps_cpp.hpp\n'}
[9.657444] (px4_msgs) StdoutLine: {'line': b'-- Up-to-date: /home/em/ros_workspace_2025/nav_ws/install/px4_msgs/include/px4_msgs/px4_msgs/msg/detail/gpio_in__rosidl_typesupport_fastrtps_cpp.hpp\n'}
[9.657467] (px4_msgs) StdoutLine: {'line': b'-- Up-to-date: /home/em/ros_workspace_2025/nav_ws/install/px4_msgs/include/px4_msgs/px4_msgs/msg/detail/orb_test__rosidl_typesupport_fastrtps_cpp.hpp\n'}
[9.657488] (px4_msgs) StdoutLine: {'line': b'-- Up-to-date: /home/em/ros_workspace_2025/nav_ws/install/px4_msgs/include/px4_msgs/px4_msgs/msg/detail/camera_capture__rosidl_typesupport_fastrtps_cpp.hpp\n'}
[9.657510] (px4_msgs) StdoutLine: {'line': b'-- Up-to-date: /home/em/ros_workspace_2025/nav_ws/install/px4_msgs/include/px4_msgs/px4_msgs/msg/detail/debug_value__rosidl_typesupport_fastrtps_cpp.hpp\n'}
[9.657532] (px4_msgs) StdoutLine: {'line': b'-- Up-to-date: /home/em/ros_workspace_2025/nav_ws/install/px4_msgs/include/px4_msgs/px4_msgs/msg/detail/rover_ackermann_setpoint__rosidl_typesupport_fastrtps_cpp.hpp\n'}
[9.657556] (px4_msgs) StdoutLine: {'line': b'-- Up-to-date: /home/em/ros_workspace_2025/nav_ws/install/px4_msgs/include/px4_msgs/px4_msgs/msg/detail/sensor_gyro_fft__rosidl_typesupport_fastrtps_cpp.hpp\n'}
[9.657578] (px4_msgs) StdoutLine: {'line': b'-- Up-to-date: /home/em/ros_workspace_2025/nav_ws/install/px4_msgs/include/px4_msgs/px4_msgs/msg/detail/rc_parameter_map__rosidl_typesupport_fastrtps_cpp.hpp\n'}
[9.657603] (px4_msgs) StdoutLine: {'line': b'-- Up-to-date: /home/em/ros_workspace_2025/nav_ws/install/px4_msgs/include/px4_msgs/px4_msgs/msg/detail/register_ext_component_reply__rosidl_typesupport_fastrtps_cpp.hpp\n'}
[9.657624] (px4_msgs) StdoutLine: {'line': b'-- Up-to-date: /home/em/ros_workspace_2025/nav_ws/install/px4_msgs/include/px4_msgs/px4_msgs/msg/detail/landing_gear_wheel__rosidl_typesupport_fastrtps_cpp.hpp\n'}
[9.657646] (px4_msgs) StdoutLine: {'line': b'-- Up-to-date: /home/em/ros_workspace_2025/nav_ws/install/px4_msgs/include/px4_msgs/px4_msgs/msg/detail/parameter_set_used_request__rosidl_typesupport_fastrtps_cpp.hpp\n'}
[9.657673] (px4_msgs) StdoutLine: {'line': b'-- Up-to-date: /home/em/ros_workspace_2025/nav_ws/install/px4_msgs/include/px4_msgs/px4_msgs/msg/detail/sensor_uwb__rosidl_typesupport_fastrtps_cpp.hpp\n'}
[9.657700] (px4_msgs) StdoutLine: {'line': b'-- Up-to-date: /home/em/ros_workspace_2025/nav_ws/install/px4_msgs/include/px4_msgs/px4_msgs/msg/detail/estimator_aid_source2d__rosidl_typesupport_fastrtps_cpp.hpp\n'}
[9.657730] (px4_msgs) StdoutLine: {'line': b'-- Up-to-date: /home/em/ros_workspace_2025/nav_ws/install/px4_msgs/include/px4_msgs/px4_msgs/msg/detail/gimbal_manager_set_attitude__rosidl_typesupport_fastrtps_cpp.hpp\n'}
[9.657754] (px4_msgs) StdoutLine: {'line': b'-- Up-to-date: /home/em/ros_workspace_2025/nav_ws/install/px4_msgs/include/px4_msgs/px4_msgs/msg/detail/health_report__rosidl_typesupport_fastrtps_cpp.hpp\n'}
[9.657775] (px4_msgs) StdoutLine: {'line': b'-- Up-to-date: /home/em/ros_workspace_2025/nav_ws/install/px4_msgs/include/px4_msgs/px4_msgs/msg/detail/sensor_correction__rosidl_typesupport_fastrtps_cpp.hpp\n'}
[9.657796] (px4_msgs) StdoutLine: {'line': b'-- Up-to-date: /home/em/ros_workspace_2025/nav_ws/install/px4_msgs/include/px4_msgs/px4_msgs/msg/detail/sensor_accel__rosidl_typesupport_fastrtps_cpp.hpp\n'}
[9.657820] (px4_msgs) StdoutLine: {'line': b'-- Up-to-date: /home/em/ros_workspace_2025/nav_ws/install/px4_msgs/include/px4_msgs/px4_msgs/msg/detail/camera_status__rosidl_typesupport_fastrtps_cpp.hpp\n'}
[9.657847] (px4_msgs) StdoutLine: {'line': b'-- Up-to-date: /home/em/ros_workspace_2025/nav_ws/install/px4_msgs/include/px4_msgs/px4_msgs/msg/detail/battery_status__rosidl_typesupport_fastrtps_cpp.hpp\n'}
[9.657872] (px4_msgs) StdoutLine: {'line': b'-- Up-to-date: /home/em/ros_workspace_2025/nav_ws/install/px4_msgs/include/px4_msgs/px4_msgs/msg/detail/vehicle_control_mode__rosidl_typesupport_fastrtps_cpp.hpp\n'}
[9.657893] (px4_msgs) StdoutLine: {'line': b'-- Up-to-date: /home/em/ros_workspace_2025/nav_ws/install/px4_msgs/include/px4_msgs/px4_msgs/msg/detail/follow_target_estimator__rosidl_typesupport_fastrtps_cpp.hpp\n'}
[9.657922] (px4_msgs) StdoutLine: {'line': b'-- Up-to-date: /home/em/ros_workspace_2025/nav_ws/install/px4_msgs/include/px4_msgs/px4_msgs/msg/detail/vehicle_land_detected__rosidl_typesupport_fastrtps_cpp.hpp\n'}
[9.657952] (px4_msgs) StdoutLine: {'line': b'-- Up-to-date: /home/em/ros_workspace_2025/nav_ws/install/px4_msgs/include/px4_msgs/px4_msgs/msg/detail/sensors_status__rosidl_typesupport_fastrtps_cpp.hpp\n'}
[9.657975] (px4_msgs) StdoutLine: {'line': b'-- Up-to-date: /home/em/ros_workspace_2025/nav_ws/install/px4_msgs/include/px4_msgs/px4_msgs/msg/detail/navigator_mission_item__rosidl_typesupport_fastrtps_cpp.hpp\n'}
[9.657996] (px4_msgs) StdoutLine: {'line': b'-- Up-to-date: /home/em/ros_workspace_2025/nav_ws/install/px4_msgs/include/px4_msgs/px4_msgs/msg/detail/transponder_report__rosidl_typesupport_fastrtps_cpp.hpp\n'}
[9.658018] (px4_msgs) StdoutLine: {'line': b'-- Up-to-date: /home/em/ros_workspace_2025/nav_ws/install/px4_msgs/include/px4_msgs/px4_msgs/msg/detail/ulog_stream__rosidl_typesupport_fastrtps_cpp.hpp\n'}
[9.658037] (px4_msgs) StdoutLine: {'line': b'-- Up-to-date: /home/em/ros_workspace_2025/nav_ws/install/px4_msgs/include/px4_msgs/px4_msgs/msg/detail/estimator_aid_source3d__rosidl_typesupport_fastrtps_cpp.hpp\n'}
[9.658057] (px4_msgs) StdoutLine: {'line': b'-- Up-to-date: /home/em/ros_workspace_2025/nav_ws/install/px4_msgs/include/px4_msgs/px4_msgs/msg/detail/position_setpoint__rosidl_typesupport_fastrtps_cpp.hpp\n'}
[9.658077] (px4_msgs) StdoutLine: {'line': b'-- Up-to-date: /home/em/ros_workspace_2025/nav_ws/install/px4_msgs/include/px4_msgs/px4_msgs/msg/detail/sensor_gyro__rosidl_typesupport_fastrtps_cpp.hpp\n'}
[9.658097] (px4_msgs) StdoutLine: {'line': b'-- Up-to-date: /home/em/ros_workspace_2025/nav_ws/install/px4_msgs/include/px4_msgs/px4_msgs/msg/detail/mount_orientation__rosidl_typesupport_fastrtps_cpp.hpp\n'}
[9.658117] (px4_msgs) StdoutLine: {'line': b'-- Up-to-date: /home/em/ros_workspace_2025/nav_ws/install/px4_msgs/include/px4_msgs/px4_msgs/msg/detail/rover_mecanum_setpoint__rosidl_typesupport_fastrtps_cpp.hpp\n'}
[9.658137] (px4_msgs) StdoutLine: {'line': b'-- Up-to-date: /home/em/ros_workspace_2025/nav_ws/install/px4_msgs/include/px4_msgs/px4_msgs/msg/detail/vehicle_roi__rosidl_typesupport_fastrtps_cpp.hpp\n'}
[9.658158] (px4_msgs) StdoutLine: {'line': b'-- Up-to-date: /home/em/ros_workspace_2025/nav_ws/install/px4_msgs/include/px4_msgs/px4_msgs/msg/detail/vehicle_magnetometer__rosidl_typesupport_fastrtps_cpp.hpp\n'}
[9.658178] (px4_msgs) StdoutLine: {'line': b'-- Up-to-date: /home/em/ros_workspace_2025/nav_ws/install/px4_msgs/include/px4_msgs/px4_msgs/msg/detail/estimator_status_flags__rosidl_typesupport_fastrtps_cpp.hpp\n'}
[9.658198] (px4_msgs) StdoutLine: {'line': b'-- Up-to-date: /home/em/ros_workspace_2025/nav_ws/install/px4_msgs/include/px4_msgs/px4_msgs/msg/detail/sensor_baro__rosidl_typesupport_fastrtps_cpp.hpp\n'}
[9.658218] (px4_msgs) StdoutLine: {'line': b'-- Up-to-date: /home/em/ros_workspace_2025/nav_ws/install/px4_msgs/include/px4_msgs/px4_msgs/msg/detail/buffer128__rosidl_typesupport_fastrtps_cpp.hpp\n'}
[9.658238] (px4_msgs) StdoutLine: {'line': b'-- Up-to-date: /home/em/ros_workspace_2025/nav_ws/install/px4_msgs/include/px4_msgs/px4_msgs/msg/detail/vehicle_air_data__rosidl_typesupport_fastrtps_cpp.hpp\n'}
[9.658257] (px4_msgs) StdoutLine: {'line': b'-- Up-to-date: /home/em/ros_workspace_2025/nav_ws/install/px4_msgs/include/px4_msgs/px4_msgs/msg/detail/figure_eight_status__rosidl_typesupport_fastrtps_cpp.hpp\n'}
[9.658278] (px4_msgs) StdoutLine: {'line': b'-- Up-to-date: /home/em/ros_workspace_2025/nav_ws/install/px4_msgs/include/px4_msgs/px4_msgs/msg/detail/vehicle_local_position__rosidl_typesupport_fastrtps_cpp.hpp\n'}
[9.658304] (px4_msgs) StdoutLine: {'line': b'-- Up-to-date: /home/em/ros_workspace_2025/nav_ws/install/px4_msgs/include/px4_msgs/px4_msgs/msg/detail/vehicle_command_ack__rosidl_typesupport_fastrtps_cpp.hpp\n'}
[9.658324] (px4_msgs) StdoutLine: {'line': b'-- Up-to-date: /home/em/ros_workspace_2025/nav_ws/install/px4_msgs/include/px4_msgs/px4_msgs/msg/detail/can_interface_status__rosidl_typesupport_fastrtps_cpp.hpp\n'}
[9.658353] (px4_msgs) StdoutLine: {'line': b'-- Up-to-date: /home/em/ros_workspace_2025/nav_ws/install/px4_msgs/include/px4_msgs/px4_msgs/msg/detail/esc_status__rosidl_typesupport_fastrtps_cpp.hpp\n'}
[9.658373] (px4_msgs) StdoutLine: {'line': b'-- Up-to-date: /home/em/ros_workspace_2025/nav_ws/install/px4_msgs/include/px4_msgs/px4_msgs/msg/detail/satellite_info__rosidl_typesupport_fastrtps_cpp.hpp\n'}
[9.658394] (px4_msgs) StdoutLine: {'line': b'-- Up-to-date: /home/em/ros_workspace_2025/nav_ws/install/px4_msgs/include/px4_msgs/px4_msgs/msg/detail/sensor_gyro_fifo__rosidl_typesupport_fastrtps_cpp.hpp\n'}
[9.658416] (px4_msgs) StdoutLine: {'line': b'-- Up-to-date: /home/em/ros_workspace_2025/nav_ws/install/px4_msgs/include/px4_msgs/px4_msgs/msg/detail/position_controller_landing_status__rosidl_typesupport_fastrtps_cpp.hpp\n'}
[9.658440] (px4_msgs) StdoutLine: {'line': b'-- Up-to-date: /home/em/ros_workspace_2025/nav_ws/install/px4_msgs/include/px4_msgs/px4_msgs/msg/detail/orb_test_large__rosidl_typesupport_fastrtps_cpp.hpp\n'}
[9.658477] (px4_msgs) StdoutLine: {'line': b'-- Up-to-date: /home/em/ros_workspace_2025/nav_ws/install/px4_msgs/include/px4_msgs/px4_msgs/msg/detail/sensor_combined__rosidl_typesupport_fastrtps_cpp.hpp\n'}
[9.658513] (px4_msgs) StdoutLine: {'line': b'-- Up-to-date: /home/em/ros_workspace_2025/nav_ws/install/px4_msgs/include/px4_msgs/px4_msgs/msg/detail/estimator_bias__rosidl_typesupport_fastrtps_cpp.hpp\n'}
[9.658544] (px4_msgs) StdoutLine: {'line': b'-- Up-to-date: /home/em/ros_workspace_2025/nav_ws/install/px4_msgs/include/px4_msgs/px4_msgs/msg/detail/magnetometer_bias_estimate__rosidl_typesupport_fastrtps_cpp.hpp\n'}
[9.658566] (px4_msgs) StdoutLine: {'line': b'-- Up-to-date: /home/em/ros_workspace_2025/nav_ws/install/px4_msgs/include/px4_msgs/px4_msgs/msg/detail/gps_inject_data__rosidl_typesupport_fastrtps_cpp.hpp\n'}
[9.658588] (px4_msgs) StdoutLine: {'line': b'-- Up-to-date: /home/em/ros_workspace_2025/nav_ws/install/px4_msgs/include/px4_msgs/px4_msgs/msg/detail/camera_trigger__rosidl_typesupport_fastrtps_cpp.hpp\n'}
[9.658610] (px4_msgs) StdoutLine: {'line': b'-- Up-to-date: /home/em/ros_workspace_2025/nav_ws/install/px4_msgs/include/px4_msgs/px4_msgs/msg/detail/trajectory_setpoint__rosidl_typesupport_fastrtps_cpp.hpp\n'}
[9.658632] (px4_msgs) StdoutLine: {'line': b'-- Up-to-date: /home/em/ros_workspace_2025/nav_ws/install/px4_msgs/include/px4_msgs/px4_msgs/msg/detail/debug_key_value__rosidl_typesupport_fastrtps_cpp.hpp\n'}
[9.658653] (px4_msgs) StdoutLine: {'line': b'-- Up-to-date: /home/em/ros_workspace_2025/nav_ws/install/px4_msgs/include/px4_msgs/px4_msgs/msg/detail/flight_phase_estimation__rosidl_typesupport_fastrtps_cpp.hpp\n'}
[9.658674] (px4_msgs) StdoutLine: {'line': b'-- Up-to-date: /home/em/ros_workspace_2025/nav_ws/install/px4_msgs/include/px4_msgs/px4_msgs/msg/detail/power_monitor__rosidl_typesupport_fastrtps_cpp.hpp\n'}
[9.658695] (px4_msgs) StdoutLine: {'line': b'-- Up-to-date: /home/em/ros_workspace_2025/nav_ws/install/px4_msgs/include/px4_msgs/px4_msgs/msg/detail/estimator_aid_source1d__rosidl_typesupport_fastrtps_cpp.hpp\n'}
[9.658719] (px4_msgs) StdoutLine: {'line': b'-- Up-to-date: /home/em/ros_workspace_2025/nav_ws/install/px4_msgs/include/px4_msgs/px4_msgs/msg/detail/landing_gear__rosidl_typesupport_fastrtps_cpp.hpp\n'}
[9.658740] (px4_msgs) StdoutLine: {'line': b'-- Up-to-date: /home/em/ros_workspace_2025/nav_ws/install/px4_msgs/include/px4_msgs/px4_msgs/msg/detail/power_button_state__rosidl_typesupport_fastrtps_cpp.hpp\n'}
[9.658762] (px4_msgs) StdoutLine: {'line': b'-- Up-to-date: /home/em/ros_workspace_2025/nav_ws/install/px4_msgs/include/px4_msgs/px4_msgs/msg/detail/gripper__rosidl_typesupport_fastrtps_cpp.hpp\n'}
[9.658783] (px4_msgs) StdoutLine: {'line': b'-- Up-to-date: /home/em/ros_workspace_2025/nav_ws/install/px4_msgs/include/px4_msgs/px4_msgs/msg/detail/position_controller_status__rosidl_typesupport_fastrtps_cpp.hpp\n'}
[9.658803] (px4_msgs) StdoutLine: {'line': b'-- Up-to-date: /home/em/ros_workspace_2025/nav_ws/install/px4_msgs/include/px4_msgs/px4_msgs/msg/detail/actuator_servos_trim__rosidl_typesupport_fastrtps_cpp.hpp\n'}
[9.658824] (px4_msgs) StdoutLine: {'line': b'-- Up-to-date: /home/em/ros_workspace_2025/nav_ws/install/px4_msgs/include/px4_msgs/px4_msgs/msg/detail/estimator_status__rosidl_typesupport_fastrtps_cpp.hpp\n'}
[9.658844] (px4_msgs) StdoutLine: {'line': b'-- Up-to-date: /home/em/ros_workspace_2025/nav_ws/install/px4_msgs/include/px4_msgs/px4_msgs/msg/detail/airspeed_validated__rosidl_typesupport_fastrtps_cpp.hpp\n'}
[9.658865] (px4_msgs) StdoutLine: {'line': b'-- Up-to-date: /home/em/ros_workspace_2025/nav_ws/install/px4_msgs/include/px4_msgs/px4_msgs/msg/detail/internal_combustion_engine_status__rosidl_typesupport_fastrtps_cpp.hpp\n'}
[9.658885] (px4_msgs) StdoutLine: {'line': b'-- Up-to-date: /home/em/ros_workspace_2025/nav_ws/install/px4_msgs/include/px4_msgs/px4_msgs/msg/detail/estimator_bias3d__rosidl_typesupport_fastrtps_cpp.hpp\n'}
[9.658905] (px4_msgs) StdoutLine: {'line': b'-- Up-to-date: /home/em/ros_workspace_2025/nav_ws/install/px4_msgs/include/px4_msgs/px4_msgs/msg/detail/wheel_encoders__rosidl_typesupport_fastrtps_cpp.hpp\n'}
[9.658925] (px4_msgs) StdoutLine: {'line': b'-- Up-to-date: /home/em/ros_workspace_2025/nav_ws/install/px4_msgs/include/px4_msgs/px4_msgs/msg/detail/velocity_limits__rosidl_typesupport_fastrtps_cpp.hpp\n'}
[9.658945] (px4_msgs) StdoutLine: {'line': b'-- Up-to-date: /home/em/ros_workspace_2025/nav_ws/install/px4_msgs/include/px4_msgs/px4_msgs/msg/detail/collision_report__rosidl_typesupport_fastrtps_cpp.hpp\n'}
[9.658965] (px4_msgs) StdoutLine: {'line': b'-- Up-to-date: /home/em/ros_workspace_2025/nav_ws/install/px4_msgs/include/px4_msgs/px4_msgs/msg/detail/open_drone_id_system__rosidl_typesupport_fastrtps_cpp.hpp\n'}
[9.658985] (px4_msgs) StdoutLine: {'line': b'-- Up-to-date: /home/em/ros_workspace_2025/nav_ws/install/px4_msgs/include/px4_msgs/px4_msgs/msg/detail/sensor_preflight_mag__rosidl_typesupport_fastrtps_cpp.hpp\n'}
[9.659005] (px4_msgs) StdoutLine: {'line': b'-- Up-to-date: /home/em/ros_workspace_2025/nav_ws/install/px4_msgs/include/px4_msgs/px4_msgs/msg/detail/mavlink_log__rosidl_typesupport_fastrtps_cpp.hpp\n'}
[9.659027] (px4_msgs) StdoutLine: {'line': b'-- Up-to-date: /home/em/ros_workspace_2025/nav_ws/install/px4_msgs/include/px4_msgs/px4_msgs/msg/detail/mag_worker_data__rosidl_typesupport_fastrtps_cpp.hpp\n'}
[9.659047] (px4_msgs) StdoutLine: {'line': b'-- Up-to-date: /home/em/ros_workspace_2025/nav_ws/install/px4_msgs/include/px4_msgs/px4_msgs/msg/detail/pwm_input__rosidl_typesupport_fastrtps_cpp.hpp\n'}
[9.659066] (px4_msgs) StdoutLine: {'line': b'-- Up-to-date: /home/em/ros_workspace_2025/nav_ws/install/px4_msgs/include/px4_msgs/px4_msgs/msg/detail/esc_report__rosidl_typesupport_fastrtps_cpp.hpp\n'}
[9.659086] (px4_msgs) StdoutLine: {'line': b'-- Up-to-date: /home/em/ros_workspace_2025/nav_ws/install/px4_msgs/include/px4_msgs/px4_msgs/msg/detail/gimbal_controls__rosidl_typesupport_fastrtps_cpp.hpp\n'}
[9.659105] (px4_msgs) StdoutLine: {'line': b'-- Up-to-date: /home/em/ros_workspace_2025/nav_ws/install/px4_msgs/include/px4_msgs/px4_msgs/msg/detail/message_format_response__rosidl_typesupport_fastrtps_cpp.hpp\n'}
[9.659125] (px4_msgs) StdoutLine: {'line': b'-- Up-to-date: /home/em/ros_workspace_2025/nav_ws/install/px4_msgs/include/px4_msgs/px4_msgs/msg/detail/gimbal_manager_set_manual_control__rosidl_typesupport_fastrtps_cpp.hpp\n'}
[9.659146] (px4_msgs) StdoutLine: {'line': b'-- Up-to-date: /home/em/ros_workspace_2025/nav_ws/install/px4_msgs/include/px4_msgs/px4_msgs/msg/detail/vehicle_odometry__rosidl_typesupport_fastrtps_cpp.hpp\n'}
[9.659166] (px4_msgs) StdoutLine: {'line': b'-- Up-to-date: /home/em/ros_workspace_2025/nav_ws/install/px4_msgs/include/px4_msgs/px4_msgs/msg/detail/follow_target_status__rosidl_typesupport_fastrtps_cpp.hpp\n'}
[9.659186] (px4_msgs) StdoutLine: {'line': b'-- Up-to-date: /home/em/ros_workspace_2025/nav_ws/install/px4_msgs/include/px4_msgs/px4_msgs/msg/detail/sensor_mag__rosidl_typesupport_fastrtps_cpp.hpp\n'}
[9.659208] (px4_msgs) StdoutLine: {'line': b'-- Up-to-date: /home/em/ros_workspace_2025/nav_ws/install/px4_msgs/include/px4_msgs/px4_msgs/msg/detail/vehicle_angular_velocity__rosidl_typesupport_fastrtps_cpp.hpp\n'}
[9.659232] (px4_msgs) StdoutLine: {'line': b'-- Up-to-date: /home/em/ros_workspace_2025/nav_ws/install/px4_msgs/include/px4_msgs/px4_msgs/msg/detail/button_event__rosidl_typesupport_fastrtps_cpp.hpp\n'}
[9.659256] (px4_msgs) StdoutLine: {'line': b'-- Up-to-date: /home/em/ros_workspace_2025/nav_ws/install/px4_msgs/include/px4_msgs/px4_msgs/msg/detail/gimbal_device_set_attitude__rosidl_typesupport_fastrtps_cpp.hpp\n'}
[9.659276] (px4_msgs) StdoutLine: {'line': b'-- Up-to-date: /home/em/ros_workspace_2025/nav_ws/install/px4_msgs/include/px4_msgs/px4_msgs/msg/detail/rover_mecanum_status__rosidl_typesupport_fastrtps_cpp.hpp\n'}
[9.659301] (px4_msgs) StdoutLine: {'line': b'-- Up-to-date: /home/em/ros_workspace_2025/nav_ws/install/px4_msgs/include/px4_msgs/px4_msgs/msg/detail/home_position__rosidl_typesupport_fastrtps_cpp.hpp\n'}
[9.659323] (px4_msgs) StdoutLine: {'line': b'-- Up-to-date: /home/em/ros_workspace_2025/nav_ws/install/px4_msgs/include/px4_msgs/px4_msgs/msg/detail/fuel_tank_status__rosidl_typesupport_fastrtps_cpp.hpp\n'}
[9.659354] (px4_msgs) StdoutLine: {'line': b'-- Up-to-date: /home/em/ros_workspace_2025/nav_ws/install/px4_msgs/include/px4_msgs/px4_msgs/msg/detail/rover_ackermann_guidance_status__rosidl_typesupport_fastrtps_cpp.hpp\n'}
[9.659375] (px4_msgs) StdoutLine: {'line': b'-- Up-to-date: /home/em/ros_workspace_2025/nav_ws/install/px4_msgs/include/px4_msgs/px4_msgs/msg/detail/gimbal_manager_information__rosidl_typesupport_fastrtps_cpp.hpp\n'}
[9.659396] (px4_msgs) StdoutLine: {'line': b'-- Up-to-date: /home/em/ros_workspace_2025/nav_ws/install/px4_msgs/include/px4_msgs/px4_msgs/msg/detail/wind__rosidl_typesupport_fastrtps_cpp.hpp\n'}
[9.659417] (px4_msgs) StdoutLine: {'line': b'-- Up-to-date: /home/em/ros_workspace_2025/nav_ws/install/px4_msgs/include/px4_msgs/px4_msgs/msg/detail/debug_vect__rosidl_typesupport_fastrtps_cpp.hpp\n'}
[9.659437] (px4_msgs) StdoutLine: {'line': b'-- Up-to-date: /home/em/ros_workspace_2025/nav_ws/install/px4_msgs/include/px4_msgs/px4_msgs/msg/detail/register_ext_component_request__rosidl_typesupport_fastrtps_cpp.hpp\n'}
[9.659459] (px4_msgs) StdoutLine: {'line': b'-- Up-to-date: /home/em/ros_workspace_2025/nav_ws/install/px4_msgs/include/px4_msgs/px4_msgs/msg/detail/rover_ackermann_status__rosidl_typesupport_fastrtps_cpp.hpp\n'}
[9.659484] (px4_msgs) StdoutLine: {'line': b'-- Up-to-date: /home/em/ros_workspace_2025/nav_ws/install/px4_msgs/include/px4_msgs/px4_msgs/msg/detail/geofence_status__rosidl_typesupport_fastrtps_cpp.hpp\n'}
[9.659507] (px4_msgs) StdoutLine: {'line': b'-- Up-to-date: /home/em/ros_workspace_2025/nav_ws/install/px4_msgs/include/px4_msgs/px4_msgs/msg/detail/yaw_estimator_status__rosidl_typesupport_fastrtps_cpp.hpp\n'}
[9.659530] (px4_msgs) StdoutLine: {'line': b'-- Up-to-date: /home/em/ros_workspace_2025/nav_ws/install/px4_msgs/include/px4_msgs/px4_msgs/msg/detail/orb_test_medium__rosidl_typesupport_fastrtps_cpp.hpp\n'}
[9.659552] (px4_msgs) StdoutLine: {'line': b'-- Up-to-date: /home/em/ros_workspace_2025/nav_ws/install/px4_msgs/include/px4_msgs/px4_msgs/msg/detail/dataman_request__rosidl_typesupport_fastrtps_cpp.hpp\n'}
[9.659578] (px4_msgs) StdoutLine: {'line': b'-- Up-to-date: /home/em/ros_workspace_2025/nav_ws/install/px4_msgs/include/px4_msgs/px4_msgs/msg/detail/cpuload__rosidl_typesupport_fastrtps_cpp.hpp\n'}
[9.659600] (px4_msgs) StdoutLine: {'line': b'-- Up-to-date: /home/em/ros_workspace_2025/nav_ws/install/px4_msgs/include/px4_msgs/px4_msgs/msg/detail/unregister_ext_component__rosidl_typesupport_fastrtps_cpp.hpp\n'}
[9.659622] (px4_msgs) StdoutLine: {'line': b'-- Up-to-date: /home/em/ros_workspace_2025/nav_ws/install/px4_msgs/include/px4_msgs/px4_msgs/msg/detail/timesync_status__rosidl_typesupport_fastrtps_cpp.hpp\n'}
[9.659643] (px4_msgs) StdoutLine: {'line': b'-- Up-to-date: /home/em/ros_workspace_2025/nav_ws/install/px4_msgs/include/px4_msgs/px4_msgs/msg/detail/event__rosidl_typesupport_fastrtps_cpp.hpp\n'}
[9.659664] (px4_msgs) StdoutLine: {'line': b'-- Up-to-date: /home/em/ros_workspace_2025/nav_ws/install/px4_msgs/include/px4_msgs/px4_msgs/msg/detail/config_overrides__rosidl_typesupport_fastrtps_cpp.hpp\n'}
[9.659699] (px4_msgs) StdoutLine: {'line': b'-- Up-to-date: /home/em/ros_workspace_2025/nav_ws/install/px4_msgs/include/px4_msgs/px4_msgs/msg/detail/vehicle_attitude_setpoint__rosidl_typesupport_fastrtps_cpp.hpp\n'}
[9.659740] (px4_msgs) StdoutLine: {'line': b'-- Up-to-date: /home/em/ros_workspace_2025/nav_ws/install/px4_msgs/include/px4_msgs/px4_msgs/msg/detail/vehicle_global_position__rosidl_typesupport_fastrtps_cpp.hpp\n'}
[9.659779] (px4_msgs) StdoutLine: {'line': b'-- Up-to-date: /home/em/ros_workspace_2025/nav_ws/install/px4_msgs/include/px4_msgs/px4_msgs/msg/detail/dds_fastrtps\n'}
[9.659809] (px4_msgs) StdoutLine: {'line': b'-- Up-to-date: /home/em/ros_workspace_2025/nav_ws/install/px4_msgs/include/px4_msgs/px4_msgs/msg/detail/uavcan_parameter_value__rosidl_typesupport_fastrtps_cpp.hpp\n'}
[9.659837] (px4_msgs) StdoutLine: {'line': b'-- Up-to-date: /home/em/ros_workspace_2025/nav_ws/install/px4_msgs/include/px4_msgs/px4_msgs/msg/detail/rpm__rosidl_typesupport_fastrtps_cpp.hpp\n'}
[9.659860] (px4_msgs) StdoutLine: {'line': b'-- Up-to-date: /home/em/ros_workspace_2025/nav_ws/install/px4_msgs/include/px4_msgs/px4_msgs/msg/detail/vehicle_constraints__rosidl_typesupport_fastrtps_cpp.hpp\n'}
[9.659881] (px4_msgs) StdoutLine: {'line': b'-- Up-to-date: /home/em/ros_workspace_2025/nav_ws/install/px4_msgs/include/px4_msgs/px4_msgs/msg/detail/qshell_retval__rosidl_typesupport_fastrtps_cpp.hpp\n'}
[9.659901] (px4_msgs) StdoutLine: {'line': b'-- Up-to-date: /home/em/ros_workspace_2025/nav_ws/install/px4_msgs/include/px4_msgs/px4_msgs/msg/detail/vehicle_thrust_setpoint__rosidl_typesupport_fastrtps_cpp.hpp\n'}
[9.659922] (px4_msgs) StdoutLine: {'line': b'-- Up-to-date: /home/em/ros_workspace_2025/nav_ws/install/px4_msgs/include/px4_msgs/px4_msgs/msg/detail/airspeed__rosidl_typesupport_fastrtps_cpp.hpp\n'}
[9.659942] (px4_msgs) StdoutLine: {'line': b'-- Up-to-date: /home/em/ros_workspace_2025/nav_ws/install/px4_msgs/include/px4_msgs/px4_msgs/msg/detail/open_drone_id_self_id__rosidl_typesupport_fastrtps_cpp.hpp\n'}
[9.659962] (px4_msgs) StdoutLine: {'line': b'-- Up-to-date: /home/em/ros_workspace_2025/nav_ws/install/px4_msgs/include/px4_msgs/px4_msgs/msg/detail/estimator_sensor_bias__rosidl_typesupport_fastrtps_cpp.hpp\n'}
[9.659982] (px4_msgs) StdoutLine: {'line': b'-- Up-to-date: /home/em/ros_workspace_2025/nav_ws/install/px4_msgs/include/px4_msgs/px4_msgs/msg/detail/failsafe_flags__rosidl_typesupport_fastrtps_cpp.hpp\n'}
[9.660003] (px4_msgs) StdoutLine: {'line': b'-- Up-to-date: /home/em/ros_workspace_2025/nav_ws/install/px4_msgs/include/px4_msgs/px4_msgs/msg/detail/gpio_request__rosidl_typesupport_fastrtps_cpp.hpp\n'}
[9.660023] (px4_msgs) StdoutLine: {'line': b'-- Up-to-date: /home/em/ros_workspace_2025/nav_ws/install/px4_msgs/include/px4_msgs/px4_msgs/msg/detail/actuator_controls_status__rosidl_typesupport_fastrtps_cpp.hpp\n'}
[9.660044] (px4_msgs) StdoutLine: {'line': b'-- Up-to-date: /home/em/ros_workspace_2025/nav_ws/install/px4_msgs/include/px4_msgs/px4_msgs/msg/detail/sensor_airflow__rosidl_typesupport_fastrtps_cpp.hpp\n'}
[9.660065] (px4_msgs) StdoutLine: {'line': b'-- Up-to-date: /home/em/ros_workspace_2025/nav_ws/install/px4_msgs/include/px4_msgs/px4_msgs/msg/detail/log_message__rosidl_typesupport_fastrtps_cpp.hpp\n'}
[9.660087] (px4_msgs) StdoutLine: {'line': b'-- Up-to-date: /home/em/ros_workspace_2025/nav_ws/install/px4_msgs/include/px4_msgs/px4_msgs/msg/detail/position_setpoint_triplet__rosidl_typesupport_fastrtps_cpp.hpp\n'}
[9.660109] (px4_msgs) StdoutLine: {'line': b'-- Up-to-date: /home/em/ros_workspace_2025/nav_ws/install/px4_msgs/include/px4_msgs/px4_msgs/msg/detail/failure_detector_status__rosidl_typesupport_fastrtps_cpp.hpp\n'}
[9.660130] (px4_msgs) StdoutLine: {'line': b'-- Up-to-date: /home/em/ros_workspace_2025/nav_ws/install/px4_msgs/include/px4_msgs/px4_msgs/msg/detail/vehicle_torque_setpoint__rosidl_typesupport_fastrtps_cpp.hpp\n'}
[9.660153] (px4_msgs) StdoutLine: {'line': b'-- Up-to-date: /home/em/ros_workspace_2025/nav_ws/install/px4_msgs/include/px4_msgs/px4_msgs/msg/detail/sensor_gps__rosidl_typesupport_fastrtps_cpp.hpp\n'}
[9.660176] (px4_msgs) StdoutLine: {'line': b'-- Up-to-date: /home/em/ros_workspace_2025/nav_ws/install/px4_msgs/include/px4_msgs/px4_msgs/msg/detail/debug_array__rosidl_typesupport_fastrtps_cpp.hpp\n'}
[9.660199] (px4_msgs) StdoutLine: {'line': b'-- Up-to-date: /home/em/ros_workspace_2025/nav_ws/install/px4_msgs/include/px4_msgs/px4_msgs/msg/detail/rc_channels__rosidl_typesupport_fastrtps_cpp.hpp\n'}
[9.660219] (px4_msgs) StdoutLine: {'line': b'-- Up-to-date: /home/em/ros_workspace_2025/nav_ws/install/px4_msgs/include/px4_msgs/px4_msgs/msg/detail/navigator_status__rosidl_typesupport_fastrtps_cpp.hpp\n'}
[9.660239] (px4_msgs) StdoutLine: {'line': b'-- Up-to-date: /home/em/ros_workspace_2025/nav_ws/install/px4_msgs/include/px4_msgs/px4_msgs/msg/detail/px4io_status__rosidl_typesupport_fastrtps_cpp.hpp\n'}
[9.660258] (px4_msgs) StdoutLine: {'line': b'-- Up-to-date: /home/em/ros_workspace_2025/nav_ws/install/px4_msgs/include/px4_msgs/px4_msgs/msg/detail/distance_sensor__rosidl_typesupport_fastrtps_cpp.hpp\n'}
[9.660277] (px4_msgs) StdoutLine: {'line': b'-- Up-to-date: /home/em/ros_workspace_2025/nav_ws/install/px4_msgs/include/px4_msgs/px4_msgs/msg/detail/open_drone_id_operator_id__rosidl_typesupport_fastrtps_cpp.hpp\n'}
[9.660304] (px4_msgs) StdoutLine: {'line': b'-- Up-to-date: /home/em/ros_workspace_2025/nav_ws/install/px4_msgs/include/px4_msgs/px4_msgs/msg/detail/heater_status__rosidl_typesupport_fastrtps_cpp.hpp\n'}
[9.660325] (px4_msgs) StdoutLine: {'line': b'-- Up-to-date: /home/em/ros_workspace_2025/nav_ws/install/px4_msgs/include/px4_msgs/px4_msgs/msg/detail/goto_setpoint__rosidl_typesupport_fastrtps_cpp.hpp\n'}
[9.660345] (px4_msgs) StdoutLine: {'line': b'-- Up-to-date: /home/em/ros_workspace_2025/nav_ws/install/px4_msgs/include/px4_msgs/px4_msgs/msg/detail/sensor_optical_flow__rosidl_typesupport_fastrtps_cpp.hpp\n'}
[9.660367] (px4_msgs) StdoutLine: {'line': b'-- Up-to-date: /home/em/ros_workspace_2025/nav_ws/install/px4_msgs/include/px4_msgs/px4_msgs/msg/detail/mission__rosidl_typesupport_fastrtps_cpp.hpp\n'}
[9.660387] (px4_msgs) StdoutLine: {'line': b'-- Up-to-date: /home/em/ros_workspace_2025/nav_ws/install/px4_msgs/include/px4_msgs/px4_msgs/msg/detail/distance_sensor_mode_change_request__rosidl_typesupport_fastrtps_cpp.hpp\n'}
[9.660408] (px4_msgs) StdoutLine: {'line': b'-- Up-to-date: /home/em/ros_workspace_2025/nav_ws/install/px4_msgs/include/px4_msgs/px4_msgs/msg/detail/actuator_motors__rosidl_typesupport_fastrtps_cpp.hpp\n'}
[9.660429] (px4_msgs) StdoutLine: {'line': b'-- Up-to-date: /home/em/ros_workspace_2025/nav_ws/install/px4_msgs/include/px4_msgs/px4_msgs/msg/detail/ekf2_timestamps__rosidl_typesupport_fastrtps_cpp.hpp\n'}
[9.660451] (px4_msgs) StdoutLine: {'line': b'-- Up-to-date: /home/em/ros_workspace_2025/nav_ws/install/px4_msgs/include/px4_msgs/px4_msgs/msg/detail/telemetry_status__rosidl_typesupport_fastrtps_cpp.hpp\n'}
[9.660471] (px4_msgs) StdoutLine: {'line': b'-- Up-to-date: /home/em/ros_workspace_2025/nav_ws/install/px4_msgs/include/px4_msgs/px4_msgs/msg/detail/takeoff_status__rosidl_typesupport_fastrtps_cpp.hpp\n'}
[9.660491] (px4_msgs) StdoutLine: {'line': b'-- Up-to-date: /home/em/ros_workspace_2025/nav_ws/install/px4_msgs/include/px4_msgs/px4_msgs/msg/detail/landing_target_pose__rosidl_typesupport_fastrtps_cpp.hpp\n'}
[9.660512] (px4_msgs) StdoutLine: {'line': b'-- Up-to-date: /home/em/ros_workspace_2025/nav_ws/install/px4_msgs/include/px4_msgs/px4_msgs/msg/detail/rtl_status__rosidl_typesupport_fastrtps_cpp.hpp\n'}
[9.660534] (px4_msgs) StdoutLine: {'line': b'-- Up-to-date: /home/em/ros_workspace_2025/nav_ws/install/px4_msgs/include/px4_msgs/px4_msgs/msg/detail/open_drone_id_arm_status__rosidl_typesupport_fastrtps_cpp.hpp\n'}
[9.660556] (px4_msgs) StdoutLine: {'line': b'-- Up-to-date: /home/em/ros_workspace_2025/nav_ws/install/px4_msgs/include/px4_msgs/px4_msgs/msg/detail/actuator_test__rosidl_typesupport_fastrtps_cpp.hpp\n'}
[9.660576] (px4_msgs) StdoutLine: {'line': b'-- Up-to-date: /home/em/ros_workspace_2025/nav_ws/install/px4_msgs/include/px4_msgs/px4_msgs/msg/detail/sensor_accel_fifo__rosidl_typesupport_fastrtps_cpp.hpp\n'}
[9.660596] (px4_msgs) StdoutLine: {'line': b'-- Up-to-date: /home/em/ros_workspace_2025/nav_ws/install/px4_msgs/include/px4_msgs/px4_msgs/msg/detail/gimbal_device_information__rosidl_typesupport_fastrtps_cpp.hpp\n'}
[9.660617] (px4_msgs) StdoutLine: {'line': b'-- Up-to-date: /home/em/ros_workspace_2025/nav_ws/install/px4_msgs/include/px4_msgs/px4_msgs/msg/detail/actuator_armed__rosidl_typesupport_fastrtps_cpp.hpp\n'}
[9.660639] (px4_msgs) StdoutLine: {'line': b'-- Up-to-date: /home/em/ros_workspace_2025/nav_ws/install/px4_msgs/include/px4_msgs/px4_msgs/msg/detail/arming_check_reply__rosidl_typesupport_fastrtps_cpp.hpp\n'}
[9.660658] (px4_msgs) StdoutLine: {'line': b'-- Up-to-date: /home/em/ros_workspace_2025/nav_ws/install/px4_msgs/include/px4_msgs/px4_msgs/msg/detail/airspeed_wind__rosidl_typesupport_fastrtps_cpp.hpp\n'}
[9.660677] (px4_msgs) StdoutLine: {'line': b'-- Up-to-date: /home/em/ros_workspace_2025/nav_ws/install/px4_msgs/include/px4_msgs/px4_msgs/msg/detail/estimator_states__rosidl_typesupport_fastrtps_cpp.hpp\n'}
[9.660697] (px4_msgs) StdoutLine: {'line': b'-- Up-to-date: /home/em/ros_workspace_2025/nav_ws/install/px4_msgs/include/px4_msgs/px4_msgs/msg/detail/rover_mecanum_guidance_status__rosidl_typesupport_fastrtps_cpp.hpp\n'}
[9.660716] (px4_msgs) StdoutLine: {'line': b'-- Up-to-date: /home/em/ros_workspace_2025/nav_ws/install/px4_msgs/include/px4_msgs/px4_msgs/msg/detail/task_stack_info__rosidl_typesupport_fastrtps_cpp.hpp\n'}
[9.660739] (px4_msgs) StdoutLine: {'line': b'-- Up-to-date: /home/em/ros_workspace_2025/nav_ws/install/px4_msgs/include/px4_msgs/px4_msgs/msg/detail/onboard_computer_status__rosidl_typesupport_fastrtps_cpp.hpp\n'}
[9.660759] (px4_msgs) StdoutLine: {'line': b'-- Up-to-date: /home/em/ros_workspace_2025/nav_ws/install/px4_msgs/include/px4_msgs/px4_msgs/msg/detail/vehicle_angular_acceleration_setpoint__rosidl_typesupport_fastrtps_cpp.hpp\n'}
[9.660781] (px4_msgs) StdoutLine: {'line': b'-- Up-to-date: /home/em/ros_workspace_2025/nav_ws/install/px4_msgs/include/px4_msgs/px4_msgs/msg/detail/gpio_config__rosidl_typesupport_fastrtps_cpp.hpp\n'}
[9.660801] (px4_msgs) StdoutLine: {'line': b'-- Up-to-date: /home/em/ros_workspace_2025/nav_ws/install/px4_msgs/include/px4_msgs/px4_msgs/msg/detail/actuator_servos__rosidl_typesupport_fastrtps_cpp.hpp\n'}
[9.660823] (px4_msgs) StdoutLine: {'line': b'-- Up-to-date: /home/em/ros_workspace_2025/nav_ws/install/px4_msgs/include/px4_msgs/px4_msgs/msg/detail/tecs_status__rosidl_typesupport_fastrtps_cpp.hpp\n'}
[9.660843] (px4_msgs) StdoutLine: {'line': b'-- Up-to-date: /home/em/ros_workspace_2025/nav_ws/install/px4_msgs/include/px4_msgs/px4_msgs/msg/detail/manual_control_setpoint__rosidl_typesupport_fastrtps_cpp.hpp\n'}
[9.660867] (px4_msgs) StdoutLine: {'line': b'-- Up-to-date: /home/em/ros_workspace_2025/nav_ws/install/px4_msgs/include/px4_msgs/px4_msgs/msg/detail/parameter_set_value_request__rosidl_typesupport_fastrtps_cpp.hpp\n'}
[9.660889] (px4_msgs) StdoutLine: {'line': b'-- Up-to-date: /home/em/ros_workspace_2025/nav_ws/install/px4_msgs/include/px4_msgs/px4_msgs/msg/detail/vehicle_local_position_setpoint__rosidl_typesupport_fastrtps_cpp.hpp\n'}
[9.660911] (px4_msgs) StdoutLine: {'line': b'-- Up-to-date: /home/em/ros_workspace_2025/nav_ws/install/px4_msgs/include/px4_msgs/px4_msgs/msg/detail/obstacle_distance__rosidl_typesupport_fastrtps_cpp.hpp\n'}
[9.660931] (px4_msgs) StdoutLine: {'line': b'-- Up-to-date: /home/em/ros_workspace_2025/nav_ws/install/px4_msgs/include/px4_msgs/px4_msgs/msg/detail/vehicle_optical_flow__rosidl_typesupport_fastrtps_cpp.hpp\n'}
[9.660952] (px4_msgs) StdoutLine: {'line': b'-- Up-to-date: /home/em/ros_workspace_2025/nav_ws/install/px4_msgs/include/px4_msgs/px4_msgs/msg/detail/estimator_innovations__rosidl_typesupport_fastrtps_cpp.hpp\n'}
[9.660971] (px4_msgs) StdoutLine: {'line': b'-- Up-to-date: /home/em/ros_workspace_2025/nav_ws/install/px4_msgs/include/px4_msgs/px4_msgs/msg/detail/offboard_control_mode__rosidl_typesupport_fastrtps_cpp.hpp\n'}
[9.660991] (px4_msgs) StdoutLine: {'line': b'-- Up-to-date: /home/em/ros_workspace_2025/nav_ws/install/px4_msgs/include/px4_msgs/px4_msgs/msg/detail/normalized_unsigned_setpoint__rosidl_typesupport_fastrtps_cpp.hpp\n'}
[9.661010] (px4_msgs) StdoutLine: {'line': b'-- Up-to-date: /home/em/ros_workspace_2025/nav_ws/install/px4_msgs/include/px4_msgs/px4_msgs/msg/detail/qshell_req__rosidl_typesupport_fastrtps_cpp.hpp\n'}
[9.661030] (px4_msgs) StdoutLine: {'line': b'-- Up-to-date: /home/em/ros_workspace_2025/nav_ws/install/px4_msgs/include/px4_msgs/px4_msgs/msg/detail/vtol_vehicle_status__rosidl_typesupport_fastrtps_cpp.hpp\n'}
[9.661049] (px4_msgs) StdoutLine: {'line': b'-- Up-to-date: /home/em/ros_workspace_2025/nav_ws/install/px4_msgs/include/px4_msgs/px4_msgs/msg/detail/generator_status__rosidl_typesupport_fastrtps_cpp.hpp\n'}
[9.661069] (px4_msgs) StdoutLine: {'line': b'-- Up-to-date: /home/em/ros_workspace_2025/nav_ws/install/px4_msgs/include/px4_msgs/px4_msgs/msg/detail/message_format_request__rosidl_typesupport_fastrtps_cpp.hpp\n'}
[9.661088] (px4_msgs) StdoutLine: {'line': b'-- Up-to-date: /home/em/ros_workspace_2025/nav_ws/install/px4_msgs/include/px4_msgs/px4_msgs/msg/detail/input_rc__rosidl_typesupport_fastrtps_cpp.hpp\n'}
[9.661108] (px4_msgs) StdoutLine: {'line': b'-- Up-to-date: /home/em/ros_workspace_2025/nav_ws/install/px4_msgs/include/px4_msgs/px4_msgs/msg/detail/sensor_selection__rosidl_typesupport_fastrtps_cpp.hpp\n'}
[9.661127] (px4_msgs) StdoutLine: {'line': b'-- Up-to-date: /home/em/ros_workspace_2025/nav_ws/install/px4_msgs/include/px4_msgs/px4_msgs/msg/detail/vehicle_status__rosidl_typesupport_fastrtps_cpp.hpp\n'}
[9.661146] (px4_msgs) StdoutLine: {'line': b'-- Up-to-date: /home/em/ros_workspace_2025/nav_ws/install/px4_msgs/include/px4_msgs/px4_msgs/msg/detail/ulog_stream_ack__rosidl_typesupport_fastrtps_cpp.hpp\n'}
[9.661165] (px4_msgs) StdoutLine: {'line': b'-- Up-to-date: /home/em/ros_workspace_2025/nav_ws/install/px4_msgs/include/px4_msgs/px4_msgs/msg/detail/orbit_status__rosidl_typesupport_fastrtps_cpp.hpp\n'}
[9.661185] (px4_msgs) StdoutLine: {'line': b'-- Up-to-date: /home/em/ros_workspace_2025/nav_ws/install/px4_msgs/include/px4_msgs/px4_msgs/msg/detail/gps_dump__rosidl_typesupport_fastrtps_cpp.hpp\n'}
[9.661204] (px4_msgs) StdoutLine: {'line': b'-- Up-to-date: /home/em/ros_workspace_2025/nav_ws/install/px4_msgs/include/px4_msgs/px4_msgs/msg/detail/actuator_outputs__rosidl_typesupport_fastrtps_cpp.hpp\n'}
[9.661223] (px4_msgs) StdoutLine: {'line': b'-- Up-to-date: /home/em/ros_workspace_2025/nav_ws/install/px4_msgs/include/px4_msgs/px4_msgs/msg/detail/led_control__rosidl_typesupport_fastrtps_cpp.hpp\n'}
[9.661243] (px4_msgs) StdoutLine: {'line': b'-- Up-to-date: /home/em/ros_workspace_2025/nav_ws/install/px4_msgs/include/px4_msgs/px4_msgs/msg/detail/irlock_report__rosidl_typesupport_fastrtps_cpp.hpp\n'}
[9.661265] (px4_msgs) StdoutLine: {'line': b'-- Up-to-date: /home/em/ros_workspace_2025/nav_ws/install/px4_msgs/include/px4_msgs/px4_msgs/msg/detail/tune_control__rosidl_typesupport_fastrtps_cpp.hpp\n'}
[9.661287] (px4_msgs) StdoutLine: {'line': b'-- Up-to-date: /home/em/ros_workspace_2025/nav_ws/install/px4_msgs/include/px4_msgs/px4_msgs/msg/detail/sensor_gnss_relative__rosidl_typesupport_fastrtps_cpp.hpp\n'}
[9.661309] (px4_msgs) StdoutLine: {'line': b'-- Up-to-date: /home/em/ros_workspace_2025/nav_ws/install/px4_msgs/include/px4_msgs/px4_msgs/msg/detail/estimator_selector_status__rosidl_typesupport_fastrtps_cpp.hpp\n'}
[9.661328] (px4_msgs) StdoutLine: {'line': b'-- Up-to-date: /home/em/ros_workspace_2025/nav_ws/install/px4_msgs/include/px4_msgs/px4_msgs/msg/detail/launch_detection_status__rosidl_typesupport_fastrtps_cpp.hpp\n'}
[9.661351] (px4_msgs) StdoutLine: {'line': b'-- Up-to-date: /home/em/ros_workspace_2025/nav_ws/install/px4_msgs/include/px4_msgs/px4_msgs/msg/detail/trajectory_bezier__rosidl_typesupport_fastrtps_cpp.hpp\n'}
[9.661371] (px4_msgs) StdoutLine: {'line': b'-- Up-to-date: /home/em/ros_workspace_2025/nav_ws/install/px4_msgs/include/px4_msgs/px4_msgs/msg/detail/vehicle_imu_status__rosidl_typesupport_fastrtps_cpp.hpp\n'}
[9.661391] (px4_msgs) StdoutLine: {'line': b'-- Up-to-date: /home/em/ros_workspace_2025/nav_ws/install/px4_msgs/include/px4_msgs/px4_msgs/msg/detail/dataman_response__rosidl_typesupport_fastrtps_cpp.hpp\n'}
[9.661411] (px4_msgs) StdoutLine: {'line': b'-- Up-to-date: /home/em/ros_workspace_2025/nav_ws/install/px4_msgs/include/px4_msgs/px4_msgs/msg/detail/tiltrotor_extra_controls__rosidl_typesupport_fastrtps_cpp.hpp\n'}
[9.661432] (px4_msgs) StdoutLine: {'line': b'-- Up-to-date: /home/em/ros_workspace_2025/nav_ws/install/px4_msgs/include/px4_msgs/px4_msgs/msg/detail/differential_pressure__rosidl_typesupport_fastrtps_cpp.hpp\n'}
[9.661452] (px4_msgs) StdoutLine: {'line': b'-- Up-to-date: /home/em/ros_workspace_2025/nav_ws/install/px4_msgs/include/px4_msgs/px4_msgs/msg/detail/rtl_time_estimate__rosidl_typesupport_fastrtps_cpp.hpp\n'}
[9.661472] (px4_msgs) StdoutLine: {'line': b'-- Up-to-date: /home/em/ros_workspace_2025/nav_ws/install/px4_msgs/include/px4_msgs/px4_msgs/msg/detail/trajectory_waypoint__rosidl_typesupport_fastrtps_cpp.hpp\n'}
[9.661492] (px4_msgs) StdoutLine: {'line': b'-- Up-to-date: /home/em/ros_workspace_2025/nav_ws/install/px4_msgs/include/px4_msgs/px4_msgs/msg/detail/gimbal_device_attitude_status__rosidl_typesupport_fastrtps_cpp.hpp\n'}
[9.661512] (px4_msgs) StdoutLine: {'line': b'-- Up-to-date: /home/em/ros_workspace_2025/nav_ws/install/px4_msgs/include/px4_msgs/px4_msgs/msg/detail/mavlink_tunnel__rosidl_typesupport_fastrtps_cpp.hpp\n'}
[9.661537] (px4_msgs) StdoutLine: {'line': b'-- Up-to-date: /home/em/ros_workspace_2025/nav_ws/install/px4_msgs/include/px4_msgs/px4_msgs/msg/detail/uavcan_parameter_request__rosidl_typesupport_fastrtps_cpp.hpp\n'}
[9.661558] (px4_msgs) StdoutLine: {'line': b'-- Up-to-date: /home/em/ros_workspace_2025/nav_ws/install/px4_msgs/include/px4_msgs/px4_msgs/msg/detail/vehicle_command__rosidl_typesupport_fastrtps_cpp.hpp\n'}
[9.661579] (px4_msgs) StdoutLine: {'line': b'-- Up-to-date: /home/em/ros_workspace_2025/nav_ws/install/px4_msgs/include/px4_msgs/px4_msgs/msg/detail/gpio_out__rosidl_typesupport_fastrtps_cpp.hpp\n'}
[9.661602] (px4_msgs) StdoutLine: {'line': b'-- Up-to-date: /home/em/ros_workspace_2025/nav_ws/install/px4_msgs/include/px4_msgs/px4_msgs/msg/detail/sensors_status_imu__rosidl_typesupport_fastrtps_cpp.hpp\n'}
[9.661621] (px4_msgs) StdoutLine: {'line': b'-- Up-to-date: /home/em/ros_workspace_2025/nav_ws/install/px4_msgs/include/px4_msgs/px4_msgs/msg/detail/mission_result__rosidl_typesupport_fastrtps_cpp.hpp\n'}
[9.661640] (px4_msgs) StdoutLine: {'line': b'-- Up-to-date: /home/em/ros_workspace_2025/nav_ws/install/px4_msgs/include/px4_msgs/px4_msgs/msg/detail/estimator_gps_status__rosidl_typesupport_fastrtps_cpp.hpp\n'}
[9.661659] (px4_msgs) StdoutLine: {'line': b'-- Up-to-date: /home/em/ros_workspace_2025/nav_ws/install/px4_msgs/include/px4_msgs/px4_msgs/msg/detail/arming_check_request__rosidl_typesupport_fastrtps_cpp.hpp\n'}
[9.661679] (px4_msgs) StdoutLine: {'line': b'-- Up-to-date: /home/em/ros_workspace_2025/nav_ws/install/px4_msgs/include/px4_msgs/px4_msgs/msg/detail/landing_target_innovations__rosidl_typesupport_fastrtps_cpp.hpp\n'}
[9.661703] (px4_msgs) StdoutLine: {'line': b'-- Up-to-date: /home/em/ros_workspace_2025/nav_ws/install/px4_msgs/include/px4_msgs/px4_msgs/msg/detail/parameter_update__rosidl_typesupport_fastrtps_cpp.hpp\n'}
[9.661724] (px4_msgs) StdoutLine: {'line': b'-- Up-to-date: /home/em/ros_workspace_2025/nav_ws/install/px4_msgs/include/px4_msgs/px4_msgs/msg/detail/iridiumsbd_status__rosidl_typesupport_fastrtps_cpp.hpp\n'}
[9.661744] (px4_msgs) StdoutLine: {'line': b'-- Up-to-date: /home/em/ros_workspace_2025/nav_ws/install/px4_msgs/include/px4_msgs/px4_msgs/msg/detail/rate_ctrl_status__rosidl_typesupport_fastrtps_cpp.hpp\n'}
[9.661765] (px4_msgs) StdoutLine: {'line': b'-- Up-to-date: /home/em/ros_workspace_2025/nav_ws/install/px4_msgs/include/px4_msgs/px4_msgs/msg/detail/sensor_hygrometer__rosidl_typesupport_fastrtps_cpp.hpp\n'}
[9.661788] (px4_msgs) StdoutLine: {'line': b'-- Up-to-date: /home/em/ros_workspace_2025/nav_ws/install/px4_msgs/include/px4_msgs/px4_msgs/msg/detail/rover_differential_status__rosidl_typesupport_fastrtps_cpp.hpp\n'}
[9.661809] (px4_msgs) StdoutLine: {'line': b'-- Up-to-date: /home/em/ros_workspace_2025/nav_ws/install/px4_msgs/include/px4_msgs/px4_msgs/msg/detail/estimator_event_flags__rosidl_typesupport_fastrtps_cpp.hpp\n'}
[9.661829] (px4_msgs) StdoutLine: {'line': b'-- Up-to-date: /home/em/ros_workspace_2025/nav_ws/install/px4_msgs/include/px4_msgs/px4_msgs/msg/detail/vehicle_rates_setpoint__rosidl_typesupport_fastrtps_cpp.hpp\n'}
[9.661850] (px4_msgs) StdoutLine: {'line': b'-- Up-to-date: /home/em/ros_workspace_2025/nav_ws/install/px4_msgs/include/px4_msgs/px4_msgs/msg/detail/vehicle_trajectory_bezier__rosidl_typesupport_fastrtps_cpp.hpp\n'}
[9.661870] (px4_msgs) StdoutLine: {'line': b'-- Up-to-date: /home/em/ros_workspace_2025/nav_ws/install/px4_msgs/include/px4_msgs/px4_msgs/msg/detail/vehicle_trajectory_waypoint__rosidl_typesupport_fastrtps_cpp.hpp\n'}
[9.661890] (px4_msgs) StdoutLine: {'line': b'-- Up-to-date: /home/em/ros_workspace_2025/nav_ws/install/px4_msgs/include/px4_msgs/px4_msgs/msg/detail/vehicle_imu__rosidl_typesupport_fastrtps_cpp.hpp\n'}
[9.661910] (px4_msgs) StdoutLine: {'line': b'-- Up-to-date: /home/em/ros_workspace_2025/nav_ws/install/px4_msgs/include/px4_msgs/px4_msgs/msg/detail/system_power__rosidl_typesupport_fastrtps_cpp.hpp\n'}
[9.661930] (px4_msgs) StdoutLine: {'line': b'-- Up-to-date: /home/em/ros_workspace_2025/nav_ws/install/px4_msgs/include/px4_msgs/px4_msgs/msg/detail/vehicle_attitude__rosidl_typesupport_fastrtps_cpp.hpp\n'}
[9.661952] (px4_msgs) StdoutLine: {'line': b'-- Up-to-date: /home/em/ros_workspace_2025/nav_ws/install/px4_msgs/include/px4_msgs/px4_msgs/msg/detail/adc_report__rosidl_typesupport_fastrtps_cpp.hpp\n'}
[9.661971] (px4_msgs) StdoutLine: {'line': b'-- Up-to-date: /home/em/ros_workspace_2025/nav_ws/install/px4_msgs/include/px4_msgs/px4_msgs/msg/detail/mode_completed__rosidl_typesupport_fastrtps_cpp.hpp\n'}
[9.661991] (px4_msgs) StdoutLine: {'line': b'-- Up-to-date: /home/em/ros_workspace_2025/nav_ws/install/px4_msgs/include/px4_msgs/px4_msgs/msg/detail/npfg_status__rosidl_typesupport_fastrtps_cpp.hpp\n'}
[9.662011] (px4_msgs) StdoutLine: {'line': b'-- Up-to-date: /home/em/ros_workspace_2025/nav_ws/install/px4_msgs/include/px4_msgs/px4_msgs/msg/detail/logger_status__rosidl_typesupport_fastrtps_cpp.hpp\n'}
[9.662030] (px4_msgs) StdoutLine: {'line': b'-- Up-to-date: /home/em/ros_workspace_2025/nav_ws/install/px4_msgs/include/px4_msgs/px4_msgs/msg/detail/parameter_reset_request__rosidl_typesupport_fastrtps_cpp.hpp\n'}
[9.662050] (px4_msgs) StdoutLine: {'line': b'-- Up-to-date: /home/em/ros_workspace_2025/nav_ws/install/px4_msgs/include/px4_msgs/px4_msgs/msg/detail/geofence_result__rosidl_typesupport_fastrtps_cpp.hpp\n'}
[9.662070] (px4_msgs) StdoutLine: {'line': b'-- Up-to-date: /home/em/ros_workspace_2025/nav_ws/install/px4_msgs/include/px4_msgs/px4_msgs/msg/detail/gimbal_manager_status__rosidl_typesupport_fastrtps_cpp.hpp\n'}
[9.662091] (px4_msgs) StdoutLine: {'line': b'-- Up-to-date: /home/em/ros_workspace_2025/nav_ws/install/px4_msgs/include/px4_msgs/px4_msgs/msg/detail/manual_control_switches__rosidl_typesupport_fastrtps_cpp.hpp\n'}
[9.662115] (px4_msgs) StdoutLine: {'line': b'-- Up-to-date: /home/em/ros_workspace_2025/nav_ws/install/px4_msgs/include/px4_msgs/px4_msgs/msg/detail/ping__rosidl_typesupport_fastrtps_cpp.hpp\n'}
[9.662135] (px4_msgs) StdoutLine: {'line': b'-- Up-to-date: /home/em/ros_workspace_2025/nav_ws/install/px4_msgs/include/px4_msgs/px4_msgs/msg/detail/parameter_set_value_response__rosidl_typesupport_fastrtps_cpp.hpp\n'}
[9.662154] (px4_msgs) StdoutLine: {'line': b'-- Up-to-date: /home/em/ros_workspace_2025/nav_ws/install/px4_msgs/include/px4_msgs/px4_msgs/msg/detail/collision_constraints__rosidl_typesupport_fastrtps_cpp.hpp\n'}
[9.662175] (px4_msgs) StdoutLine: {'line': b'-- Up-to-date: /home/em/ros_workspace_2025/nav_ws/install/px4_msgs/include/px4_msgs/px4_msgs/msg/detail/vehicle_acceleration__rosidl_typesupport_fastrtps_cpp.hpp\n'}
[9.662197] (px4_msgs) StdoutLine: {'line': b'-- Up-to-date: /home/em/ros_workspace_2025/nav_ws/install/px4_msgs/include/px4_msgs/px4_msgs/msg/detail/follow_target__rosidl_typesupport_fastrtps_cpp.hpp\n'}
[9.662219] (px4_msgs) StdoutLine: {'line': b'-- Up-to-date: /home/em/ros_workspace_2025/nav_ws/install/px4_msgs/include/px4_msgs/px4_msgs/msg/detail/rover_differential_setpoint__rosidl_typesupport_fastrtps_cpp.hpp\n'}
[9.662242] (px4_msgs) StdoutLine: {'line': b'-- Up-to-date: /home/em/ros_workspace_2025/nav_ws/install/px4_msgs/include/px4_msgs/px4_msgs/msg/detail/cellular_status__rosidl_typesupport_fastrtps_cpp.hpp\n'}
[9.662264] (px4_msgs) StdoutLine: {'line': b'-- Up-to-date: /home/em/ros_workspace_2025/nav_ws/install/px4_msgs/include/px4_msgs/px4_msgs/msg/detail/vehicle_optical_flow_vel__rosidl_typesupport_fastrtps_cpp.hpp\n'}
[9.662290] (px4_msgs) StdoutLine: {'line': b'-- Up-to-date: /home/em/ros_workspace_2025/nav_ws/install/px4_msgs/lib/libpx4_msgs__rosidl_typesupport_fastrtps_cpp.so\n'}
[9.662314] (px4_msgs) StdoutLine: {'line': b'-- Up-to-date: /home/em/ros_workspace_2025/nav_ws/install/px4_msgs/include/px4_msgs/px4_msgs\n'}
[9.662340] (px4_msgs) StdoutLine: {'line': b'-- Up-to-date: /home/em/ros_workspace_2025/nav_ws/install/px4_msgs/include/px4_msgs/px4_msgs/srv\n'}
[9.662364] (px4_msgs) StdoutLine: {'line': b'-- Up-to-date: /home/em/ros_workspace_2025/nav_ws/install/px4_msgs/include/px4_msgs/px4_msgs/srv/detail\n'}
[9.662387] (px4_msgs) StdoutLine: {'line': b'-- Up-to-date: /home/em/ros_workspace_2025/nav_ws/install/px4_msgs/include/px4_msgs/px4_msgs/srv/detail/vehicle_command__rosidl_typesupport_introspection_c.h\n'}
[9.662411] (px4_msgs) StdoutLine: {'line': b'-- Up-to-date: /home/em/ros_workspace_2025/nav_ws/install/px4_msgs/include/px4_msgs/px4_msgs/srv/detail/vehicle_command__type_support.c\n'}
[9.662433] (px4_msgs) StdoutLine: {'line': b'-- Up-to-date: /home/em/ros_workspace_2025/nav_ws/install/px4_msgs/include/px4_msgs/px4_msgs/msg\n'}
[9.662462] (px4_msgs) StdoutLine: {'line': b'-- Up-to-date: /home/em/ros_workspace_2025/nav_ws/install/px4_msgs/include/px4_msgs/px4_msgs/msg/rosidl_typesupport_introspection_c__visibility_control.h\n'}
[9.662501] (px4_msgs) StdoutLine: {'line': b'-- Up-to-date: /home/em/ros_workspace_2025/nav_ws/install/px4_msgs/include/px4_msgs/px4_msgs/msg/detail\n'}
[9.662542] (px4_msgs) StdoutLine: {'line': b'-- Up-to-date: /home/em/ros_workspace_2025/nav_ws/install/px4_msgs/include/px4_msgs/px4_msgs/msg/detail/vtol_vehicle_status__rosidl_typesupport_introspection_c.h\n'}
[9.662583] (px4_msgs) StdoutLine: {'line': b'-- Up-to-date: /home/em/ros_workspace_2025/nav_ws/install/px4_msgs/include/px4_msgs/px4_msgs/msg/detail/distance_sensor_mode_change_request__rosidl_typesupport_introspection_c.h\n'}
[9.662609] (px4_msgs) StdoutLine: {'line': b'-- Up-to-date: /home/em/ros_workspace_2025/nav_ws/install/px4_msgs/include/px4_msgs/px4_msgs/msg/detail/tune_control__rosidl_typesupport_introspection_c.h\n'}
[9.662631] (px4_msgs) StdoutLine: {'line': b'-- Up-to-date: /home/em/ros_workspace_2025/nav_ws/install/px4_msgs/include/px4_msgs/px4_msgs/msg/detail/power_monitor__type_support.c\n'}
[9.662652] (px4_msgs) StdoutLine: {'line': b'-- Up-to-date: /home/em/ros_workspace_2025/nav_ws/install/px4_msgs/include/px4_msgs/px4_msgs/msg/detail/mavlink_log__rosidl_typesupport_introspection_c.h\n'}
[9.662675] (px4_msgs) StdoutLine: {'line': b'-- Up-to-date: /home/em/ros_workspace_2025/nav_ws/install/px4_msgs/include/px4_msgs/px4_msgs/msg/detail/parameter_set_value_response__rosidl_typesupport_introspection_c.h\n'}
[9.662697] (px4_msgs) StdoutLine: {'line': b'-- Up-to-date: /home/em/ros_workspace_2025/nav_ws/install/px4_msgs/include/px4_msgs/px4_msgs/msg/detail/battery_status__rosidl_typesupport_introspection_c.h\n'}
[9.662717] (px4_msgs) StdoutLine: {'line': b'-- Up-to-date: /home/em/ros_workspace_2025/nav_ws/install/px4_msgs/include/px4_msgs/px4_msgs/msg/detail/satellite_info__type_support.c\n'}
[9.662738] (px4_msgs) StdoutLine: {'line': b'-- Up-to-date: /home/em/ros_workspace_2025/nav_ws/install/px4_msgs/include/px4_msgs/px4_msgs/msg/detail/sensor_selection__type_support.c\n'}
[9.662758] (px4_msgs) StdoutLine: {'line': b'-- Up-to-date: /home/em/ros_workspace_2025/nav_ws/install/px4_msgs/include/px4_msgs/px4_msgs/msg/detail/rpm__type_support.c\n'}
[9.662779] (px4_msgs) StdoutLine: {'line': b'-- Up-to-date: /home/em/ros_workspace_2025/nav_ws/install/px4_msgs/include/px4_msgs/px4_msgs/msg/detail/esc_status__rosidl_typesupport_introspection_c.h\n'}
[9.662800] (px4_msgs) StdoutLine: {'line': b'-- Up-to-date: /home/em/ros_workspace_2025/nav_ws/install/px4_msgs/include/px4_msgs/px4_msgs/msg/detail/differential_pressure__type_support.c\n'}
[9.662820] (px4_msgs) StdoutLine: {'line': b'-- Up-to-date: /home/em/ros_workspace_2025/nav_ws/install/px4_msgs/include/px4_msgs/px4_msgs/msg/detail/obstacle_distance__type_support.c\n'}
[9.662841] (px4_msgs) StdoutLine: {'line': b'-- Up-to-date: /home/em/ros_workspace_2025/nav_ws/install/px4_msgs/include/px4_msgs/px4_msgs/msg/detail/fuel_tank_status__type_support.c\n'}
[9.662861] (px4_msgs) StdoutLine: {'line': b'-- Up-to-date: /home/em/ros_workspace_2025/nav_ws/install/px4_msgs/include/px4_msgs/px4_msgs/msg/detail/collision_constraints__rosidl_typesupport_introspection_c.h\n'}
[9.662881] (px4_msgs) StdoutLine: {'line': b'-- Up-to-date: /home/em/ros_workspace_2025/nav_ws/install/px4_msgs/include/px4_msgs/px4_msgs/msg/detail/config_overrides__rosidl_typesupport_introspection_c.h\n'}
[9.662902] (px4_msgs) StdoutLine: {'line': b'-- Up-to-date: /home/em/ros_workspace_2025/nav_ws/install/px4_msgs/include/px4_msgs/px4_msgs/msg/detail/qshell_retval__type_support.c\n'}
[9.662923] (px4_msgs) StdoutLine: {'line': b'-- Up-to-date: /home/em/ros_workspace_2025/nav_ws/install/px4_msgs/include/px4_msgs/px4_msgs/msg/detail/unregister_ext_component__rosidl_typesupport_introspection_c.h\n'}
[9.662943] (px4_msgs) StdoutLine: {'line': b'-- Up-to-date: /home/em/ros_workspace_2025/nav_ws/install/px4_msgs/include/px4_msgs/px4_msgs/msg/detail/trajectory_setpoint__rosidl_typesupport_introspection_c.h\n'}
[9.662964] (px4_msgs) StdoutLine: {'line': b'-- Up-to-date: /home/em/ros_workspace_2025/nav_ws/install/px4_msgs/include/px4_msgs/px4_msgs/msg/detail/camera_status__rosidl_typesupport_introspection_c.h\n'}
[9.662984] (px4_msgs) StdoutLine: {'line': b'-- Up-to-date: /home/em/ros_workspace_2025/nav_ws/install/px4_msgs/include/px4_msgs/px4_msgs/msg/detail/vehicle_command__rosidl_typesupport_introspection_c.h\n'}
[9.663003] (px4_msgs) StdoutLine: {'line': b'-- Up-to-date: /home/em/ros_workspace_2025/nav_ws/install/px4_msgs/include/px4_msgs/px4_msgs/msg/detail/parameter_set_value_response__type_support.c\n'}
[9.663026] (px4_msgs) StdoutLine: {'line': b'-- Up-to-date: /home/em/ros_workspace_2025/nav_ws/install/px4_msgs/include/px4_msgs/px4_msgs/msg/detail/sensor_gnss_relative__rosidl_typesupport_introspection_c.h\n'}
[9.663046] (px4_msgs) StdoutLine: {'line': b'-- Up-to-date: /home/em/ros_workspace_2025/nav_ws/install/px4_msgs/include/px4_msgs/px4_msgs/msg/detail/actuator_servos_trim__type_support.c\n'}
[9.663065] (px4_msgs) StdoutLine: {'line': b'-- Up-to-date: /home/em/ros_workspace_2025/nav_ws/install/px4_msgs/include/px4_msgs/px4_msgs/msg/detail/rc_channels__type_support.c\n'}
[9.663087] (px4_msgs) StdoutLine: {'line': b'-- Up-to-date: /home/em/ros_workspace_2025/nav_ws/install/px4_msgs/include/px4_msgs/px4_msgs/msg/detail/estimator_aid_source1d__rosidl_typesupport_introspection_c.h\n'}
[9.663107] (px4_msgs) StdoutLine: {'line': b'-- Up-to-date: /home/em/ros_workspace_2025/nav_ws/install/px4_msgs/include/px4_msgs/px4_msgs/msg/detail/log_message__type_support.c\n'}
[9.663127] (px4_msgs) StdoutLine: {'line': b'-- Up-to-date: /home/em/ros_workspace_2025/nav_ws/install/px4_msgs/include/px4_msgs/px4_msgs/msg/detail/control_allocator_status__type_support.c\n'}
[9.663147] (px4_msgs) StdoutLine: {'line': b'-- Up-to-date: /home/em/ros_workspace_2025/nav_ws/install/px4_msgs/include/px4_msgs/px4_msgs/msg/detail/px4io_status__rosidl_typesupport_introspection_c.h\n'}
[9.663168] (px4_msgs) StdoutLine: {'line': b'-- Up-to-date: /home/em/ros_workspace_2025/nav_ws/install/px4_msgs/include/px4_msgs/px4_msgs/msg/detail/geofence_result__rosidl_typesupport_introspection_c.h\n'}
[9.663188] (px4_msgs) StdoutLine: {'line': b'-- Up-to-date: /home/em/ros_workspace_2025/nav_ws/install/px4_msgs/include/px4_msgs/px4_msgs/msg/detail/estimator_selector_status__type_support.c\n'}
[9.663208] (px4_msgs) StdoutLine: {'line': b'-- Up-to-date: /home/em/ros_workspace_2025/nav_ws/install/px4_msgs/include/px4_msgs/px4_msgs/msg/detail/sensor_selection__rosidl_typesupport_introspection_c.h\n'}
[9.663227] (px4_msgs) StdoutLine: {'line': b'-- Up-to-date: /home/em/ros_workspace_2025/nav_ws/install/px4_msgs/include/px4_msgs/px4_msgs/msg/detail/tecs_status__rosidl_typesupport_introspection_c.h\n'}
[9.663247] (px4_msgs) StdoutLine: {'line': b'-- Up-to-date: /home/em/ros_workspace_2025/nav_ws/install/px4_msgs/include/px4_msgs/px4_msgs/msg/detail/vehicle_torque_setpoint__type_support.c\n'}
[9.663267] (px4_msgs) StdoutLine: {'line': b'-- Up-to-date: /home/em/ros_workspace_2025/nav_ws/install/px4_msgs/include/px4_msgs/px4_msgs/msg/detail/wheel_encoders__type_support.c\n'}
[9.663294] (px4_msgs) StdoutLine: {'line': b'-- Up-to-date: /home/em/ros_workspace_2025/nav_ws/install/px4_msgs/include/px4_msgs/px4_msgs/msg/detail/orb_test__type_support.c\n'}
[9.663316] (px4_msgs) StdoutLine: {'line': b'-- Up-to-date: /home/em/ros_workspace_2025/nav_ws/install/px4_msgs/include/px4_msgs/px4_msgs/msg/detail/rate_ctrl_status__type_support.c\n'}
[9.663336] (px4_msgs) StdoutLine: {'line': b'-- Up-to-date: /home/em/ros_workspace_2025/nav_ws/install/px4_msgs/include/px4_msgs/px4_msgs/msg/detail/mavlink_tunnel__type_support.c\n'}
[9.663356] (px4_msgs) StdoutLine: {'line': b'-- Up-to-date: /home/em/ros_workspace_2025/nav_ws/install/px4_msgs/include/px4_msgs/px4_msgs/msg/detail/estimator_sensor_bias__rosidl_typesupport_introspection_c.h\n'}
[9.663377] (px4_msgs) StdoutLine: {'line': b'-- Up-to-date: /home/em/ros_workspace_2025/nav_ws/install/px4_msgs/include/px4_msgs/px4_msgs/msg/detail/rover_differential_guidance_status__type_support.c\n'}
[9.663397] (px4_msgs) StdoutLine: {'line': b'-- Up-to-date: /home/em/ros_workspace_2025/nav_ws/install/px4_msgs/include/px4_msgs/px4_msgs/msg/detail/vehicle_local_position_setpoint__type_support.c\n'}
[9.663417] (px4_msgs) StdoutLine: {'line': b'-- Up-to-date: /home/em/ros_workspace_2025/nav_ws/install/px4_msgs/include/px4_msgs/px4_msgs/msg/detail/estimator_bias__rosidl_typesupport_introspection_c.h\n'}
[9.663437] (px4_msgs) StdoutLine: {'line': b'-- Up-to-date: /home/em/ros_workspace_2025/nav_ws/install/px4_msgs/include/px4_msgs/px4_msgs/msg/detail/position_setpoint_triplet__type_support.c\n'}
[9.663458] (px4_msgs) StdoutLine: {'line': b'-- Up-to-date: /home/em/ros_workspace_2025/nav_ws/install/px4_msgs/include/px4_msgs/px4_msgs/msg/detail/parameter_reset_request__rosidl_typesupport_introspection_c.h\n'}
[9.663478] (px4_msgs) StdoutLine: {'line': b'-- Up-to-date: /home/em/ros_workspace_2025/nav_ws/install/px4_msgs/include/px4_msgs/px4_msgs/msg/detail/vehicle_global_position__type_support.c\n'}
[9.663499] (px4_msgs) StdoutLine: {'line': b'-- Up-to-date: /home/em/ros_workspace_2025/nav_ws/install/px4_msgs/include/px4_msgs/px4_msgs/msg/detail/autotune_attitude_control_status__rosidl_typesupport_introspection_c.h\n'}
[9.663521] (px4_msgs) StdoutLine: {'line': b'-- Up-to-date: /home/em/ros_workspace_2025/nav_ws/install/px4_msgs/include/px4_msgs/px4_msgs/msg/detail/sensor_gnss_relative__type_support.c\n'}
[9.663541] (px4_msgs) StdoutLine: {'line': b'-- Up-to-date: /home/em/ros_workspace_2025/nav_ws/install/px4_msgs/include/px4_msgs/px4_msgs/msg/detail/offboard_control_mode__type_support.c\n'}
[9.663562] (px4_msgs) StdoutLine: {'line': b'-- Up-to-date: /home/em/ros_workspace_2025/nav_ws/install/px4_msgs/include/px4_msgs/px4_msgs/msg/detail/parameter_set_value_request__rosidl_typesupport_introspection_c.h\n'}
[9.663596] (px4_msgs) StdoutLine: {'line': b'-- Up-to-date: /home/em/ros_workspace_2025/nav_ws/install/px4_msgs/include/px4_msgs/px4_msgs/msg/detail/log_message__rosidl_typesupport_introspection_c.h\n'}
[9.663623] (px4_msgs) StdoutLine: {'line': b'-- Up-to-date: /home/em/ros_workspace_2025/nav_ws/install/px4_msgs/include/px4_msgs/px4_msgs/msg/detail/manual_control_setpoint__rosidl_typesupport_introspection_c.h\n'}
[9.663653] (px4_msgs) StdoutLine: {'line': b'-- Up-to-date: /home/em/ros_workspace_2025/nav_ws/install/px4_msgs/include/px4_msgs/px4_msgs/msg/detail/actuator_outputs__type_support.c\n'}
[9.663684] (px4_msgs) StdoutLine: {'line': b'-- Up-to-date: /home/em/ros_workspace_2025/nav_ws/install/px4_msgs/include/px4_msgs/px4_msgs/msg/detail/estimator_gps_status__rosidl_typesupport_introspection_c.h\n'}
[9.663729] (px4_msgs) StdoutLine: {'line': b'-- Up-to-date: /home/em/ros_workspace_2025/nav_ws/install/px4_msgs/include/px4_msgs/px4_msgs/msg/detail/airspeed_wind__type_support.c\n'}
[9.663820] (px4_msgs) StdoutLine: {'line': b'-- Up-to-date: /home/em/ros_workspace_2025/nav_ws/install/px4_msgs/include/px4_msgs/px4_msgs/msg/detail/rc_parameter_map__rosidl_typesupport_introspection_c.h\n'}
[9.663863] (px4_msgs) StdoutLine: {'line': b'-- Up-to-date: /home/em/ros_workspace_2025/nav_ws/install/px4_msgs/include/px4_msgs/px4_msgs/msg/detail/vehicle_angular_acceleration_setpoint__rosidl_typesupport_introspection_c.h\n'}
[9.663899] (px4_msgs) StdoutLine: {'line': b'-- Up-to-date: /home/em/ros_workspace_2025/nav_ws/install/px4_msgs/include/px4_msgs/px4_msgs/msg/detail/offboard_control_mode__rosidl_typesupport_introspection_c.h\n'}
[9.663937] (px4_msgs) StdoutLine: {'line': b'-- Up-to-date: /home/em/ros_workspace_2025/nav_ws/install/px4_msgs/include/px4_msgs/px4_msgs/msg/detail/camera_capture__type_support.c\n'}
[9.663975] (px4_msgs) StdoutLine: {'line': b'-- Up-to-date: /home/em/ros_workspace_2025/nav_ws/install/px4_msgs/include/px4_msgs/px4_msgs/msg/detail/vehicle_magnetometer__rosidl_typesupport_introspection_c.h\n'}
[9.664000] (px4_msgs) StdoutLine: {'line': b'-- Up-to-date: /home/em/ros_workspace_2025/nav_ws/install/px4_msgs/include/px4_msgs/px4_msgs/msg/detail/gpio_in__rosidl_typesupport_introspection_c.h\n'}
[9.664021] (px4_msgs) StdoutLine: {'line': b'-- Up-to-date: /home/em/ros_workspace_2025/nav_ws/install/px4_msgs/include/px4_msgs/px4_msgs/msg/detail/launch_detection_status__type_support.c\n'}
[9.664042] (px4_msgs) StdoutLine: {'line': b'-- Up-to-date: /home/em/ros_workspace_2025/nav_ws/install/px4_msgs/include/px4_msgs/px4_msgs/msg/detail/adc_report__rosidl_typesupport_introspection_c.h\n'}
[9.664063] (px4_msgs) StdoutLine: {'line': b'-- Up-to-date: /home/em/ros_workspace_2025/nav_ws/install/px4_msgs/include/px4_msgs/px4_msgs/msg/detail/open_drone_id_system__type_support.c\n'}
[9.664085] (px4_msgs) StdoutLine: {'line': b'-- Up-to-date: /home/em/ros_workspace_2025/nav_ws/install/px4_msgs/include/px4_msgs/px4_msgs/msg/detail/vehicle_attitude_setpoint__rosidl_typesupport_introspection_c.h\n'}
[9.664106] (px4_msgs) StdoutLine: {'line': b'-- Up-to-date: /home/em/ros_workspace_2025/nav_ws/install/px4_msgs/include/px4_msgs/px4_msgs/msg/detail/debug_key_value__type_support.c\n'}
[9.664127] (px4_msgs) StdoutLine: {'line': b'-- Up-to-date: /home/em/ros_workspace_2025/nav_ws/install/px4_msgs/include/px4_msgs/px4_msgs/msg/detail/figure_eight_status__type_support.c\n'}
[9.664151] (px4_msgs) StdoutLine: {'line': b'-- Up-to-date: /home/em/ros_workspace_2025/nav_ws/install/px4_msgs/include/px4_msgs/px4_msgs/msg/detail/sensor_baro__rosidl_typesupport_introspection_c.h\n'}
[9.664172] (px4_msgs) StdoutLine: {'line': b'-- Up-to-date: /home/em/ros_workspace_2025/nav_ws/install/px4_msgs/include/px4_msgs/px4_msgs/msg/detail/follow_target_status__rosidl_typesupport_introspection_c.h\n'}
[9.664192] (px4_msgs) StdoutLine: {'line': b'-- Up-to-date: /home/em/ros_workspace_2025/nav_ws/install/px4_msgs/include/px4_msgs/px4_msgs/msg/detail/rate_ctrl_status__rosidl_typesupport_introspection_c.h\n'}
[9.664213] (px4_msgs) StdoutLine: {'line': b'-- Up-to-date: /home/em/ros_workspace_2025/nav_ws/install/px4_msgs/include/px4_msgs/px4_msgs/msg/detail/sensor_baro__type_support.c\n'}
[9.664234] (px4_msgs) StdoutLine: {'line': b'-- Up-to-date: /home/em/ros_workspace_2025/nav_ws/install/px4_msgs/include/px4_msgs/px4_msgs/msg/detail/gps_dump__type_support.c\n'}
[9.664254] (px4_msgs) StdoutLine: {'line': b'-- Up-to-date: /home/em/ros_workspace_2025/nav_ws/install/px4_msgs/include/px4_msgs/px4_msgs/msg/detail/irlock_report__type_support.c\n'}
[9.664284] (px4_msgs) StdoutLine: {'line': b'-- Up-to-date: /home/em/ros_workspace_2025/nav_ws/install/px4_msgs/include/px4_msgs/px4_msgs/msg/detail/figure_eight_status__rosidl_typesupport_introspection_c.h\n'}
[9.664308] (px4_msgs) StdoutLine: {'line': b'-- Up-to-date: /home/em/ros_workspace_2025/nav_ws/install/px4_msgs/include/px4_msgs/px4_msgs/msg/detail/arming_check_request__rosidl_typesupport_introspection_c.h\n'}
[9.664330] (px4_msgs) StdoutLine: {'line': b'-- Up-to-date: /home/em/ros_workspace_2025/nav_ws/install/px4_msgs/include/px4_msgs/px4_msgs/msg/detail/gimbal_manager_set_manual_control__rosidl_typesupport_introspection_c.h\n'}
[9.664352] (px4_msgs) StdoutLine: {'line': b'-- Up-to-date: /home/em/ros_workspace_2025/nav_ws/install/px4_msgs/include/px4_msgs/px4_msgs/msg/detail/system_power__rosidl_typesupport_introspection_c.h\n'}
[9.664375] (px4_msgs) StdoutLine: {'line': b'-- Up-to-date: /home/em/ros_workspace_2025/nav_ws/install/px4_msgs/include/px4_msgs/px4_msgs/msg/detail/message_format_request__rosidl_typesupport_introspection_c.h\n'}
[9.664395] (px4_msgs) StdoutLine: {'line': b'-- Up-to-date: /home/em/ros_workspace_2025/nav_ws/install/px4_msgs/include/px4_msgs/px4_msgs/msg/detail/arming_check_request__type_support.c\n'}
[9.664415] (px4_msgs) StdoutLine: {'line': b'-- Up-to-date: /home/em/ros_workspace_2025/nav_ws/install/px4_msgs/include/px4_msgs/px4_msgs/msg/detail/health_report__type_support.c\n'}
[9.664435] (px4_msgs) StdoutLine: {'line': b'-- Up-to-date: /home/em/ros_workspace_2025/nav_ws/install/px4_msgs/include/px4_msgs/px4_msgs/msg/detail/gimbal_manager_set_attitude__rosidl_typesupport_introspection_c.h\n'}
[9.664456] (px4_msgs) StdoutLine: {'line': b'-- Up-to-date: /home/em/ros_workspace_2025/nav_ws/install/px4_msgs/include/px4_msgs/px4_msgs/msg/detail/parameter_update__type_support.c\n'}
[9.664477] (px4_msgs) StdoutLine: {'line': b'-- Up-to-date: /home/em/ros_workspace_2025/nav_ws/install/px4_msgs/include/px4_msgs/px4_msgs/msg/detail/timesync_status__rosidl_typesupport_introspection_c.h\n'}
[9.664497] (px4_msgs) StdoutLine: {'line': b'-- Up-to-date: /home/em/ros_workspace_2025/nav_ws/install/px4_msgs/include/px4_msgs/px4_msgs/msg/detail/rover_ackermann_setpoint__type_support.c\n'}
[9.664517] (px4_msgs) StdoutLine: {'line': b'-- Up-to-date: /home/em/ros_workspace_2025/nav_ws/install/px4_msgs/include/px4_msgs/px4_msgs/msg/detail/vehicle_command_ack__type_support.c\n'}
[9.664538] (px4_msgs) StdoutLine: {'line': b'-- Up-to-date: /home/em/ros_workspace_2025/nav_ws/install/px4_msgs/include/px4_msgs/px4_msgs/msg/detail/rover_mecanum_guidance_status__rosidl_typesupport_introspection_c.h\n'}
[9.664557] (px4_msgs) StdoutLine: {'line': b'-- Up-to-date: /home/em/ros_workspace_2025/nav_ws/install/px4_msgs/include/px4_msgs/px4_msgs/msg/detail/ekf2_timestamps__rosidl_typesupport_introspection_c.h\n'}
[9.664579] (px4_msgs) StdoutLine: {'line': b'-- Up-to-date: /home/em/ros_workspace_2025/nav_ws/install/px4_msgs/include/px4_msgs/px4_msgs/msg/detail/cpuload__type_support.c\n'}
[9.664603] (px4_msgs) StdoutLine: {'line': b'-- Up-to-date: /home/em/ros_workspace_2025/nav_ws/install/px4_msgs/include/px4_msgs/px4_msgs/msg/detail/vehicle_control_mode__rosidl_typesupport_introspection_c.h\n'}
[9.664625] (px4_msgs) StdoutLine: {'line': b'-- Up-to-date: /home/em/ros_workspace_2025/nav_ws/install/px4_msgs/include/px4_msgs/px4_msgs/msg/detail/mission_result__rosidl_typesupport_introspection_c.h\n'}
[9.664644] (px4_msgs) StdoutLine: {'line': b'-- Up-to-date: /home/em/ros_workspace_2025/nav_ws/install/px4_msgs/include/px4_msgs/px4_msgs/msg/detail/airspeed__type_support.c\n'}
[9.664663] (px4_msgs) StdoutLine: {'line': b'-- Up-to-date: /home/em/ros_workspace_2025/nav_ws/install/px4_msgs/include/px4_msgs/px4_msgs/msg/detail/actuator_armed__rosidl_typesupport_introspection_c.h\n'}
[9.664682] (px4_msgs) StdoutLine: {'line': b'-- Up-to-date: /home/em/ros_workspace_2025/nav_ws/install/px4_msgs/include/px4_msgs/px4_msgs/msg/detail/vehicle_trajectory_bezier__rosidl_typesupport_introspection_c.h\n'}
[9.664700] (px4_msgs) StdoutLine: {'line': b'-- Up-to-date: /home/em/ros_workspace_2025/nav_ws/install/px4_msgs/include/px4_msgs/px4_msgs/msg/detail/estimator_bias__type_support.c\n'}
[9.664719] (px4_msgs) StdoutLine: {'line': b'-- Up-to-date: /home/em/ros_workspace_2025/nav_ws/install/px4_msgs/include/px4_msgs/px4_msgs/msg/detail/sensor_correction__type_support.c\n'}
[9.664740] (px4_msgs) StdoutLine: {'line': b'-- Up-to-date: /home/em/ros_workspace_2025/nav_ws/install/px4_msgs/include/px4_msgs/px4_msgs/msg/detail/esc_status__type_support.c\n'}
[9.664760] (px4_msgs) StdoutLine: {'line': b'-- Up-to-date: /home/em/ros_workspace_2025/nav_ws/install/px4_msgs/include/px4_msgs/px4_msgs/msg/detail/gimbal_manager_set_manual_control__type_support.c\n'}
[9.664779] (px4_msgs) StdoutLine: {'line': b'-- Up-to-date: /home/em/ros_workspace_2025/nav_ws/install/px4_msgs/include/px4_msgs/px4_msgs/msg/detail/vehicle_local_position__rosidl_typesupport_introspection_c.h\n'}
[9.664799] (px4_msgs) StdoutLine: {'line': b'-- Up-to-date: /home/em/ros_workspace_2025/nav_ws/install/px4_msgs/include/px4_msgs/px4_msgs/msg/detail/vehicle_attitude_setpoint__type_support.c\n'}
[9.664817] (px4_msgs) StdoutLine: {'line': b'-- Up-to-date: /home/em/ros_workspace_2025/nav_ws/install/px4_msgs/include/px4_msgs/px4_msgs/msg/detail/sensor_uwb__type_support.c\n'}
[9.664840] (px4_msgs) StdoutLine: {'line': b'-- Up-to-date: /home/em/ros_workspace_2025/nav_ws/install/px4_msgs/include/px4_msgs/px4_msgs/msg/detail/vehicle_imu__rosidl_typesupport_introspection_c.h\n'}
[9.664859] (px4_msgs) StdoutLine: {'line': b'-- Up-to-date: /home/em/ros_workspace_2025/nav_ws/install/px4_msgs/include/px4_msgs/px4_msgs/msg/detail/vehicle_odometry__type_support.c\n'}
[9.664879] (px4_msgs) StdoutLine: {'line': b'-- Up-to-date: /home/em/ros_workspace_2025/nav_ws/install/px4_msgs/include/px4_msgs/px4_msgs/msg/detail/obstacle_distance__rosidl_typesupport_introspection_c.h\n'}
[9.664898] (px4_msgs) StdoutLine: {'line': b'-- Up-to-date: /home/em/ros_workspace_2025/nav_ws/install/px4_msgs/include/px4_msgs/px4_msgs/msg/detail/sensors_status_imu__type_support.c\n'}
[9.664918] (px4_msgs) StdoutLine: {'line': b'-- Up-to-date: /home/em/ros_workspace_2025/nav_ws/install/px4_msgs/include/px4_msgs/px4_msgs/msg/detail/rover_differential_status__type_support.c\n'}
[9.664940] (px4_msgs) StdoutLine: {'line': b'-- Up-to-date: /home/em/ros_workspace_2025/nav_ws/install/px4_msgs/include/px4_msgs/px4_msgs/msg/detail/mission_result__type_support.c\n'}
[9.664959] (px4_msgs) StdoutLine: {'line': b'-- Up-to-date: /home/em/ros_workspace_2025/nav_ws/install/px4_msgs/include/px4_msgs/px4_msgs/msg/detail/button_event__type_support.c\n'}
[9.664979] (px4_msgs) StdoutLine: {'line': b'-- Up-to-date: /home/em/ros_workspace_2025/nav_ws/install/px4_msgs/include/px4_msgs/px4_msgs/msg/detail/estimator_aid_source3d__rosidl_typesupport_introspection_c.h\n'}
[9.665000] (px4_msgs) StdoutLine: {'line': b'-- Up-to-date: /home/em/ros_workspace_2025/nav_ws/install/px4_msgs/include/px4_msgs/px4_msgs/msg/detail/rover_mecanum_status__type_support.c\n'}
[9.665019] (px4_msgs) StdoutLine: {'line': b'-- Up-to-date: /home/em/ros_workspace_2025/nav_ws/install/px4_msgs/include/px4_msgs/px4_msgs/msg/detail/vehicle_trajectory_waypoint__type_support.c\n'}
[9.665038] (px4_msgs) StdoutLine: {'line': b'-- Up-to-date: /home/em/ros_workspace_2025/nav_ws/install/px4_msgs/include/px4_msgs/px4_msgs/msg/detail/landing_gear_wheel__rosidl_typesupport_introspection_c.h\n'}
[9.665059] (px4_msgs) StdoutLine: {'line': b'-- Up-to-date: /home/em/ros_workspace_2025/nav_ws/install/px4_msgs/include/px4_msgs/px4_msgs/msg/detail/gripper__rosidl_typesupport_introspection_c.h\n'}
[9.665078] (px4_msgs) StdoutLine: {'line': b'-- Up-to-date: /home/em/ros_workspace_2025/nav_ws/install/px4_msgs/include/px4_msgs/px4_msgs/msg/detail/actuator_controls_status__rosidl_typesupport_introspection_c.h\n'}
[9.665097] (px4_msgs) StdoutLine: {'line': b'-- Up-to-date: /home/em/ros_workspace_2025/nav_ws/install/px4_msgs/include/px4_msgs/px4_msgs/msg/detail/sensor_mag__type_support.c\n'}
[9.665115] (px4_msgs) StdoutLine: {'line': b'-- Up-to-date: /home/em/ros_workspace_2025/nav_ws/install/px4_msgs/include/px4_msgs/px4_msgs/msg/detail/ping__rosidl_typesupport_introspection_c.h\n'}
[9.665135] (px4_msgs) StdoutLine: {'line': b'-- Up-to-date: /home/em/ros_workspace_2025/nav_ws/install/px4_msgs/include/px4_msgs/px4_msgs/msg/detail/estimator_aid_source3d__type_support.c\n'}
[9.665154] (px4_msgs) StdoutLine: {'line': b'-- Up-to-date: /home/em/ros_workspace_2025/nav_ws/install/px4_msgs/include/px4_msgs/px4_msgs/msg/detail/sensor_mag__rosidl_typesupport_introspection_c.h\n'}
[9.665173] (px4_msgs) StdoutLine: {'line': b'-- Up-to-date: /home/em/ros_workspace_2025/nav_ws/install/px4_msgs/include/px4_msgs/px4_msgs/msg/detail/transponder_report__type_support.c\n'}
[9.665193] (px4_msgs) StdoutLine: {'line': b'-- Up-to-date: /home/em/ros_workspace_2025/nav_ws/install/px4_msgs/include/px4_msgs/px4_msgs/msg/detail/airspeed_wind__rosidl_typesupport_introspection_c.h\n'}
[9.665212] (px4_msgs) StdoutLine: {'line': b'-- Up-to-date: /home/em/ros_workspace_2025/nav_ws/install/px4_msgs/include/px4_msgs/px4_msgs/msg/detail/debug_array__type_support.c\n'}
[9.665232] (px4_msgs) StdoutLine: {'line': b'-- Up-to-date: /home/em/ros_workspace_2025/nav_ws/install/px4_msgs/include/px4_msgs/px4_msgs/msg/detail/collision_report__rosidl_typesupport_introspection_c.h\n'}
[9.665251] (px4_msgs) StdoutLine: {'line': b'-- Up-to-date: /home/em/ros_workspace_2025/nav_ws/install/px4_msgs/include/px4_msgs/px4_msgs/msg/detail/generator_status__type_support.c\n'}
[9.665270] (px4_msgs) StdoutLine: {'line': b'-- Up-to-date: /home/em/ros_workspace_2025/nav_ws/install/px4_msgs/include/px4_msgs/px4_msgs/msg/detail/vehicle_roi__rosidl_typesupport_introspection_c.h\n'}
[9.665296] (px4_msgs) StdoutLine: {'line': b'-- Up-to-date: /home/em/ros_workspace_2025/nav_ws/install/px4_msgs/include/px4_msgs/px4_msgs/msg/detail/buffer128__rosidl_typesupport_introspection_c.h\n'}
[9.665316] (px4_msgs) StdoutLine: {'line': b'-- Up-to-date: /home/em/ros_workspace_2025/nav_ws/install/px4_msgs/include/px4_msgs/px4_msgs/msg/detail/landing_target_pose__type_support.c\n'}
[9.665344] (px4_msgs) StdoutLine: {'line': b'-- Up-to-date: /home/em/ros_workspace_2025/nav_ws/install/px4_msgs/include/px4_msgs/px4_msgs/msg/detail/sensor_combined__type_support.c\n'}
[9.665365] (px4_msgs) StdoutLine: {'line': b'-- Up-to-date: /home/em/ros_workspace_2025/nav_ws/install/px4_msgs/include/px4_msgs/px4_msgs/msg/detail/system_power__type_support.c\n'}
[9.665385] (px4_msgs) StdoutLine: {'line': b'-- Up-to-date: /home/em/ros_workspace_2025/nav_ws/install/px4_msgs/include/px4_msgs/px4_msgs/msg/detail/can_interface_status__type_support.c\n'}
[9.665405] (px4_msgs) StdoutLine: {'line': b'-- Up-to-date: /home/em/ros_workspace_2025/nav_ws/install/px4_msgs/include/px4_msgs/px4_msgs/msg/detail/wheel_encoders__rosidl_typesupport_introspection_c.h\n'}
[9.665426] (px4_msgs) StdoutLine: {'line': b'-- Up-to-date: /home/em/ros_workspace_2025/nav_ws/install/px4_msgs/include/px4_msgs/px4_msgs/msg/detail/rover_differential_setpoint__type_support.c\n'}
[9.665447] (px4_msgs) StdoutLine: {'line': b'-- Up-to-date: /home/em/ros_workspace_2025/nav_ws/install/px4_msgs/include/px4_msgs/px4_msgs/msg/detail/position_setpoint_triplet__rosidl_typesupport_introspection_c.h\n'}
[9.665467] (px4_msgs) StdoutLine: {'line': b'-- Up-to-date: /home/em/ros_workspace_2025/nav_ws/install/px4_msgs/include/px4_msgs/px4_msgs/msg/detail/debug_key_value__rosidl_typesupport_introspection_c.h\n'}
[9.665489] (px4_msgs) StdoutLine: {'line': b'-- Up-to-date: /home/em/ros_workspace_2025/nav_ws/install/px4_msgs/include/px4_msgs/px4_msgs/msg/detail/unregister_ext_component__type_support.c\n'}
[9.665509] (px4_msgs) StdoutLine: {'line': b'-- Up-to-date: /home/em/ros_workspace_2025/nav_ws/install/px4_msgs/include/px4_msgs/px4_msgs/msg/detail/qshell_retval__rosidl_typesupport_introspection_c.h\n'}
[9.665531] (px4_msgs) StdoutLine: {'line': b'-- Up-to-date: /home/em/ros_workspace_2025/nav_ws/install/px4_msgs/include/px4_msgs/px4_msgs/msg/detail/gpio_request__type_support.c\n'}
[9.665554] (px4_msgs) StdoutLine: {'line': b'-- Up-to-date: /home/em/ros_workspace_2025/nav_ws/install/px4_msgs/include/px4_msgs/px4_msgs/msg/detail/rtl_time_estimate__type_support.c\n'}
[9.665576] (px4_msgs) StdoutLine: {'line': b'-- Up-to-date: /home/em/ros_workspace_2025/nav_ws/install/px4_msgs/include/px4_msgs/px4_msgs/msg/detail/gps_dump__rosidl_typesupport_introspection_c.h\n'}
[9.665601] (px4_msgs) StdoutLine: {'line': b'-- Up-to-date: /home/em/ros_workspace_2025/nav_ws/install/px4_msgs/include/px4_msgs/px4_msgs/msg/detail/pwm_input__type_support.c\n'}
[9.665620] (px4_msgs) StdoutLine: {'line': b'-- Up-to-date: /home/em/ros_workspace_2025/nav_ws/install/px4_msgs/include/px4_msgs/px4_msgs/msg/detail/rover_differential_status__rosidl_typesupport_introspection_c.h\n'}
[9.665641] (px4_msgs) StdoutLine: {'line': b'-- Up-to-date: /home/em/ros_workspace_2025/nav_ws/install/px4_msgs/include/px4_msgs/px4_msgs/msg/detail/parameter_reset_request__type_support.c\n'}
[9.665661] (px4_msgs) StdoutLine: {'line': b'-- Up-to-date: /home/em/ros_workspace_2025/nav_ws/install/px4_msgs/include/px4_msgs/px4_msgs/msg/detail/vehicle_constraints__type_support.c\n'}
[9.665680] (px4_msgs) StdoutLine: {'line': b'-- Up-to-date: /home/em/ros_workspace_2025/nav_ws/install/px4_msgs/include/px4_msgs/px4_msgs/msg/detail/estimator_states__rosidl_typesupport_introspection_c.h\n'}
[9.665700] (px4_msgs) StdoutLine: {'line': b'-- Up-to-date: /home/em/ros_workspace_2025/nav_ws/install/px4_msgs/include/px4_msgs/px4_msgs/msg/detail/rover_ackermann_setpoint__rosidl_typesupport_introspection_c.h\n'}
[9.665719] (px4_msgs) StdoutLine: {'line': b'-- Up-to-date: /home/em/ros_workspace_2025/nav_ws/install/px4_msgs/include/px4_msgs/px4_msgs/msg/detail/sensor_gyro_fifo__type_support.c\n'}
[9.665739] (px4_msgs) StdoutLine: {'line': b'-- Up-to-date: /home/em/ros_workspace_2025/nav_ws/install/px4_msgs/include/px4_msgs/px4_msgs/msg/detail/goto_setpoint__rosidl_typesupport_introspection_c.h\n'}
[9.665759] (px4_msgs) StdoutLine: {'line': b'-- Up-to-date: /home/em/ros_workspace_2025/nav_ws/install/px4_msgs/include/px4_msgs/px4_msgs/msg/detail/button_event__rosidl_typesupport_introspection_c.h\n'}
[9.665780] (px4_msgs) StdoutLine: {'line': b'-- Up-to-date: /home/em/ros_workspace_2025/nav_ws/install/px4_msgs/include/px4_msgs/px4_msgs/msg/detail/gpio_config__type_support.c\n'}
[9.665801] (px4_msgs) StdoutLine: {'line': b'-- Up-to-date: /home/em/ros_workspace_2025/nav_ws/install/px4_msgs/include/px4_msgs/px4_msgs/msg/detail/orb_test_large__type_support.c\n'}
[9.665823] (px4_msgs) StdoutLine: {'line': b'-- Up-to-date: /home/em/ros_workspace_2025/nav_ws/install/px4_msgs/include/px4_msgs/px4_msgs/msg/detail/velocity_limits__rosidl_typesupport_introspection_c.h\n'}
[9.665843] (px4_msgs) StdoutLine: {'line': b'-- Up-to-date: /home/em/ros_workspace_2025/nav_ws/install/px4_msgs/include/px4_msgs/px4_msgs/msg/detail/estimator_bias3d__rosidl_typesupport_introspection_c.h\n'}
[9.665864] (px4_msgs) StdoutLine: {'line': b'-- Up-to-date: /home/em/ros_workspace_2025/nav_ws/install/px4_msgs/include/px4_msgs/px4_msgs/msg/detail/vehicle_air_data__rosidl_typesupport_introspection_c.h\n'}
[9.665884] (px4_msgs) StdoutLine: {'line': b'-- Up-to-date: /home/em/ros_workspace_2025/nav_ws/install/px4_msgs/include/px4_msgs/px4_msgs/msg/detail/open_drone_id_self_id__rosidl_typesupport_introspection_c.h\n'}
[9.665905] (px4_msgs) StdoutLine: {'line': b'-- Up-to-date: /home/em/ros_workspace_2025/nav_ws/install/px4_msgs/include/px4_msgs/px4_msgs/msg/detail/ulog_stream_ack__rosidl_typesupport_introspection_c.h\n'}
[9.665927] (px4_msgs) StdoutLine: {'line': b'-- Up-to-date: /home/em/ros_workspace_2025/nav_ws/install/px4_msgs/include/px4_msgs/px4_msgs/msg/detail/distance_sensor__rosidl_typesupport_introspection_c.h\n'}
[9.665947] (px4_msgs) StdoutLine: {'line': b'-- Up-to-date: /home/em/ros_workspace_2025/nav_ws/install/px4_msgs/include/px4_msgs/px4_msgs/msg/detail/follow_target__rosidl_typesupport_introspection_c.h\n'}
[9.665967] (px4_msgs) StdoutLine: {'line': b'-- Up-to-date: /home/em/ros_workspace_2025/nav_ws/install/px4_msgs/include/px4_msgs/px4_msgs/msg/detail/dataman_response__rosidl_typesupport_introspection_c.h\n'}
[9.665987] (px4_msgs) StdoutLine: {'line': b'-- Up-to-date: /home/em/ros_workspace_2025/nav_ws/install/px4_msgs/include/px4_msgs/px4_msgs/msg/detail/gimbal_manager_set_attitude__type_support.c\n'}
[9.666007] (px4_msgs) StdoutLine: {'line': b'-- Up-to-date: /home/em/ros_workspace_2025/nav_ws/install/px4_msgs/include/px4_msgs/px4_msgs/msg/detail/position_controller_status__type_support.c\n'}
[9.666027] (px4_msgs) StdoutLine: {'line': b'-- Up-to-date: /home/em/ros_workspace_2025/nav_ws/install/px4_msgs/include/px4_msgs/px4_msgs/msg/detail/vehicle_global_position__rosidl_typesupport_introspection_c.h\n'}
[9.666048] (px4_msgs) StdoutLine: {'line': b'-- Up-to-date: /home/em/ros_workspace_2025/nav_ws/install/px4_msgs/include/px4_msgs/px4_msgs/msg/detail/geofence_status__type_support.c\n'}
[9.666069] (px4_msgs) StdoutLine: {'line': b'-- Up-to-date: /home/em/ros_workspace_2025/nav_ws/install/px4_msgs/include/px4_msgs/px4_msgs/msg/detail/qshell_req__rosidl_typesupport_introspection_c.h\n'}
[9.666088] (px4_msgs) StdoutLine: {'line': b'-- Up-to-date: /home/em/ros_workspace_2025/nav_ws/install/px4_msgs/include/px4_msgs/px4_msgs/msg/detail/vehicle_local_position__type_support.c\n'}
[9.666108] (px4_msgs) StdoutLine: {'line': b'-- Up-to-date: /home/em/ros_workspace_2025/nav_ws/install/px4_msgs/include/px4_msgs/px4_msgs/msg/detail/position_controller_status__rosidl_typesupport_introspection_c.h\n'}
[9.666126] (px4_msgs) StdoutLine: {'line': b'-- Up-to-date: /home/em/ros_workspace_2025/nav_ws/install/px4_msgs/include/px4_msgs/px4_msgs/msg/detail/normalized_unsigned_setpoint__type_support.c\n'}
[9.666146] (px4_msgs) StdoutLine: {'line': b'-- Up-to-date: /home/em/ros_workspace_2025/nav_ws/install/px4_msgs/include/px4_msgs/px4_msgs/msg/detail/rtl_status__type_support.c\n'}
[9.666164] (px4_msgs) StdoutLine: {'line': b'-- Up-to-date: /home/em/ros_workspace_2025/nav_ws/install/px4_msgs/include/px4_msgs/px4_msgs/msg/detail/estimator_event_flags__type_support.c\n'}
[9.666182] (px4_msgs) StdoutLine: {'line': b'-- Up-to-date: /home/em/ros_workspace_2025/nav_ws/install/px4_msgs/include/px4_msgs/px4_msgs/msg/detail/estimator_aid_source2d__type_support.c\n'}
[9.666202] (px4_msgs) StdoutLine: {'line': b'-- Up-to-date: /home/em/ros_workspace_2025/nav_ws/install/px4_msgs/include/px4_msgs/px4_msgs/msg/detail/vehicle_optical_flow__type_support.c\n'}
[9.666222] (px4_msgs) StdoutLine: {'line': b'-- Up-to-date: /home/em/ros_workspace_2025/nav_ws/install/px4_msgs/include/px4_msgs/px4_msgs/msg/detail/vehicle_roi__type_support.c\n'}
[9.666241] (px4_msgs) StdoutLine: {'line': b'-- Up-to-date: /home/em/ros_workspace_2025/nav_ws/install/px4_msgs/include/px4_msgs/px4_msgs/msg/detail/manual_control_switches__rosidl_typesupport_introspection_c.h\n'}
[9.666260] (px4_msgs) StdoutLine: {'line': b'-- Up-to-date: /home/em/ros_workspace_2025/nav_ws/install/px4_msgs/include/px4_msgs/px4_msgs/msg/detail/open_drone_id_self_id__type_support.c\n'}
[9.666285] (px4_msgs) StdoutLine: {'line': b'-- Up-to-date: /home/em/ros_workspace_2025/nav_ws/install/px4_msgs/include/px4_msgs/px4_msgs/msg/detail/health_report__rosidl_typesupport_introspection_c.h\n'}
[9.666306] (px4_msgs) StdoutLine: {'line': b'-- Up-to-date: /home/em/ros_workspace_2025/nav_ws/install/px4_msgs/include/px4_msgs/px4_msgs/msg/detail/sensor_gyro__type_support.c\n'}
[9.666336] (px4_msgs) StdoutLine: {'line': b'-- Up-to-date: /home/em/ros_workspace_2025/nav_ws/install/px4_msgs/include/px4_msgs/px4_msgs/msg/detail/input_rc__type_support.c\n'}
[9.666356] (px4_msgs) StdoutLine: {'line': b'-- Up-to-date: /home/em/ros_workspace_2025/nav_ws/install/px4_msgs/include/px4_msgs/px4_msgs/msg/detail/message_format_response__type_support.c\n'}
[9.666377] (px4_msgs) StdoutLine: {'line': b'-- Up-to-date: /home/em/ros_workspace_2025/nav_ws/install/px4_msgs/include/px4_msgs/px4_msgs/msg/detail/event__type_support.c\n'}
[9.666399] (px4_msgs) StdoutLine: {'line': b'-- Up-to-date: /home/em/ros_workspace_2025/nav_ws/install/px4_msgs/include/px4_msgs/px4_msgs/msg/detail/open_drone_id_arm_status__rosidl_typesupport_introspection_c.h\n'}
[9.666419] (px4_msgs) StdoutLine: {'line': b'-- Up-to-date: /home/em/ros_workspace_2025/nav_ws/install/px4_msgs/include/px4_msgs/px4_msgs/msg/detail/vehicle_trajectory_waypoint__rosidl_typesupport_introspection_c.h\n'}
[9.666441] (px4_msgs) StdoutLine: {'line': b'-- Up-to-date: /home/em/ros_workspace_2025/nav_ws/install/px4_msgs/include/px4_msgs/px4_msgs/msg/detail/landing_target_innovations__rosidl_typesupport_introspection_c.h\n'}
[9.666463] (px4_msgs) StdoutLine: {'line': b'-- Up-to-date: /home/em/ros_workspace_2025/nav_ws/install/px4_msgs/include/px4_msgs/px4_msgs/msg/detail/task_stack_info__rosidl_typesupport_introspection_c.h\n'}
[9.666484] (px4_msgs) StdoutLine: {'line': b'-- Up-to-date: /home/em/ros_workspace_2025/nav_ws/install/px4_msgs/include/px4_msgs/px4_msgs/msg/detail/gimbal_controls__rosidl_typesupport_introspection_c.h\n'}
[9.666515] (px4_msgs) StdoutLine: {'line': b'-- Up-to-date: /home/em/ros_workspace_2025/nav_ws/install/px4_msgs/include/px4_msgs/px4_msgs/msg/detail/ulog_stream__rosidl_typesupport_introspection_c.h\n'}
[9.666552] (px4_msgs) StdoutLine: {'line': b'-- Up-to-date: /home/em/ros_workspace_2025/nav_ws/install/px4_msgs/include/px4_msgs/px4_msgs/msg/detail/actuator_test__type_support.c\n'}
[9.666590] (px4_msgs) StdoutLine: {'line': b'-- Up-to-date: /home/em/ros_workspace_2025/nav_ws/install/px4_msgs/include/px4_msgs/px4_msgs/msg/detail/actuator_motors__rosidl_typesupport_introspection_c.h\n'}
[9.666626] (px4_msgs) StdoutLine: {'line': b'-- Up-to-date: /home/em/ros_workspace_2025/nav_ws/install/px4_msgs/include/px4_msgs/px4_msgs/msg/detail/mode_completed__type_support.c\n'}
[9.666649] (px4_msgs) StdoutLine: {'line': b'-- Up-to-date: /home/em/ros_workspace_2025/nav_ws/install/px4_msgs/include/px4_msgs/px4_msgs/msg/detail/sensor_gps__rosidl_typesupport_introspection_c.h\n'}
[9.666671] (px4_msgs) StdoutLine: {'line': b'-- Up-to-date: /home/em/ros_workspace_2025/nav_ws/install/px4_msgs/include/px4_msgs/px4_msgs/msg/detail/led_control__type_support.c\n'}
[9.666699] (px4_msgs) StdoutLine: {'line': b'-- Up-to-date: /home/em/ros_workspace_2025/nav_ws/install/px4_msgs/include/px4_msgs/px4_msgs/msg/detail/estimator_innovations__type_support.c\n'}
[9.666720] (px4_msgs) StdoutLine: {'line': b'-- Up-to-date: /home/em/ros_workspace_2025/nav_ws/install/px4_msgs/include/px4_msgs/px4_msgs/msg/detail/sensors_status_imu__rosidl_typesupport_introspection_c.h\n'}
[9.666741] (px4_msgs) StdoutLine: {'line': b'-- Up-to-date: /home/em/ros_workspace_2025/nav_ws/install/px4_msgs/include/px4_msgs/px4_msgs/msg/detail/actuator_controls_status__type_support.c\n'}
[9.666762] (px4_msgs) StdoutLine: {'line': b'-- Up-to-date: /home/em/ros_workspace_2025/nav_ws/install/px4_msgs/include/px4_msgs/px4_msgs/msg/detail/vehicle_angular_velocity__type_support.c\n'}
[9.666785] (px4_msgs) StdoutLine: {'line': b'-- Up-to-date: /home/em/ros_workspace_2025/nav_ws/install/px4_msgs/include/px4_msgs/px4_msgs/msg/detail/rover_ackermann_status__type_support.c\n'}
[9.666806] (px4_msgs) StdoutLine: {'line': b'-- Up-to-date: /home/em/ros_workspace_2025/nav_ws/install/px4_msgs/include/px4_msgs/px4_msgs/msg/detail/rover_mecanum_guidance_status__type_support.c\n'}
[9.666827] (px4_msgs) StdoutLine: {'line': b'-- Up-to-date: /home/em/ros_workspace_2025/nav_ws/install/px4_msgs/include/px4_msgs/px4_msgs/msg/detail/telemetry_status__rosidl_typesupport_introspection_c.h\n'}
[9.666848] (px4_msgs) StdoutLine: {'line': b'-- Up-to-date: /home/em/ros_workspace_2025/nav_ws/install/px4_msgs/include/px4_msgs/px4_msgs/msg/detail/home_position__rosidl_typesupport_introspection_c.h\n'}
[9.666874] (px4_msgs) StdoutLine: {'line': b'-- Up-to-date: /home/em/ros_workspace_2025/nav_ws/install/px4_msgs/include/px4_msgs/px4_msgs/msg/detail/home_position__type_support.c\n'}
[9.666897] (px4_msgs) StdoutLine: {'line': b'-- Up-to-date: /home/em/ros_workspace_2025/nav_ws/install/px4_msgs/include/px4_msgs/px4_msgs/msg/detail/estimator_event_flags__rosidl_typesupport_introspection_c.h\n'}
[9.666923] (px4_msgs) StdoutLine: {'line': b'-- Up-to-date: /home/em/ros_workspace_2025/nav_ws/install/px4_msgs/include/px4_msgs/px4_msgs/msg/detail/can_interface_status__rosidl_typesupport_introspection_c.h\n'}
[9.666945] (px4_msgs) StdoutLine: {'line': b'-- Up-to-date: /home/em/ros_workspace_2025/nav_ws/install/px4_msgs/include/px4_msgs/px4_msgs/msg/detail/open_drone_id_operator_id__rosidl_typesupport_introspection_c.h\n'}
[9.666966] (px4_msgs) StdoutLine: {'line': b'-- Up-to-date: /home/em/ros_workspace_2025/nav_ws/install/px4_msgs/include/px4_msgs/px4_msgs/msg/detail/orb_test_medium__type_support.c\n'}
[9.666987] (px4_msgs) StdoutLine: {'line': b'-- Up-to-date: /home/em/ros_workspace_2025/nav_ws/install/px4_msgs/include/px4_msgs/px4_msgs/msg/detail/ping__type_support.c\n'}
[9.667009] (px4_msgs) StdoutLine: {'line': b'-- Up-to-date: /home/em/ros_workspace_2025/nav_ws/install/px4_msgs/include/px4_msgs/px4_msgs/msg/detail/control_allocator_status__rosidl_typesupport_introspection_c.h\n'}
[9.667031] (px4_msgs) StdoutLine: {'line': b'-- Up-to-date: /home/em/ros_workspace_2025/nav_ws/install/px4_msgs/include/px4_msgs/px4_msgs/msg/detail/actuator_test__rosidl_typesupport_introspection_c.h\n'}
[9.667053] (px4_msgs) StdoutLine: {'line': b'-- Up-to-date: /home/em/ros_workspace_2025/nav_ws/install/px4_msgs/include/px4_msgs/px4_msgs/msg/detail/open_drone_id_system__rosidl_typesupport_introspection_c.h\n'}
[9.667076] (px4_msgs) StdoutLine: {'line': b'-- Up-to-date: /home/em/ros_workspace_2025/nav_ws/install/px4_msgs/include/px4_msgs/px4_msgs/msg/detail/power_monitor__rosidl_typesupport_introspection_c.h\n'}
[9.667098] (px4_msgs) StdoutLine: {'line': b'-- Up-to-date: /home/em/ros_workspace_2025/nav_ws/install/px4_msgs/include/px4_msgs/px4_msgs/msg/detail/vehicle_attitude__rosidl_typesupport_introspection_c.h\n'}
[9.667121] (px4_msgs) StdoutLine: {'line': b'-- Up-to-date: /home/em/ros_workspace_2025/nav_ws/install/px4_msgs/include/px4_msgs/px4_msgs/msg/detail/vtol_vehicle_status__type_support.c\n'}
[9.667143] (px4_msgs) StdoutLine: {'line': b'-- Up-to-date: /home/em/ros_workspace_2025/nav_ws/install/px4_msgs/include/px4_msgs/px4_msgs/msg/detail/navigator_mission_item__type_support.c\n'}
[9.667166] (px4_msgs) StdoutLine: {'line': b'-- Up-to-date: /home/em/ros_workspace_2025/nav_ws/install/px4_msgs/include/px4_msgs/px4_msgs/msg/detail/trajectory_waypoint__rosidl_typesupport_introspection_c.h\n'}
[9.667189] (px4_msgs) StdoutLine: {'line': b'-- Up-to-date: /home/em/ros_workspace_2025/nav_ws/install/px4_msgs/include/px4_msgs/px4_msgs/msg/detail/vehicle_status__rosidl_typesupport_introspection_c.h\n'}
[9.667213] (px4_msgs) StdoutLine: {'line': b'-- Up-to-date: /home/em/ros_workspace_2025/nav_ws/install/px4_msgs/include/px4_msgs/px4_msgs/msg/detail/vehicle_angular_acceleration_setpoint__type_support.c\n'}
[9.667236] (px4_msgs) StdoutLine: {'line': b'-- Up-to-date: /home/em/ros_workspace_2025/nav_ws/install/px4_msgs/include/px4_msgs/px4_msgs/msg/detail/actuator_outputs__rosidl_typesupport_introspection_c.h\n'}
[9.667296] (px4_msgs) StdoutLine: {'line': b'-- Up-to-date: /home/em/ros_workspace_2025/nav_ws/install/px4_msgs/include/px4_msgs/px4_msgs/msg/detail/sensor_accel_fifo__type_support.c\n'}
[9.667320] (px4_msgs) StdoutLine: {'line': b'-- Up-to-date: /home/em/ros_workspace_2025/nav_ws/install/px4_msgs/include/px4_msgs/px4_msgs/msg/detail/esc_report__type_support.c\n'}
[9.667348] (px4_msgs) StdoutLine: {'line': b'-- Up-to-date: /home/em/ros_workspace_2025/nav_ws/install/px4_msgs/include/px4_msgs/px4_msgs/msg/detail/vehicle_angular_velocity__rosidl_typesupport_introspection_c.h\n'}
[9.667373] (px4_msgs) StdoutLine: {'line': b'-- Up-to-date: /home/em/ros_workspace_2025/nav_ws/install/px4_msgs/include/px4_msgs/px4_msgs/msg/detail/mission__type_support.c\n'}
[9.667395] (px4_msgs) StdoutLine: {'line': b'-- Up-to-date: /home/em/ros_workspace_2025/nav_ws/install/px4_msgs/include/px4_msgs/px4_msgs/msg/detail/actuator_armed__type_support.c\n'}
[9.667418] (px4_msgs) StdoutLine: {'line': b'-- Up-to-date: /home/em/ros_workspace_2025/nav_ws/install/px4_msgs/include/px4_msgs/px4_msgs/msg/detail/message_format_response__rosidl_typesupport_introspection_c.h\n'}
[9.667439] (px4_msgs) StdoutLine: {'line': b'-- Up-to-date: /home/em/ros_workspace_2025/nav_ws/install/px4_msgs/include/px4_msgs/px4_msgs/msg/detail/goto_setpoint__type_support.c\n'}
[9.667462] (px4_msgs) StdoutLine: {'line': b'-- Up-to-date: /home/em/ros_workspace_2025/nav_ws/install/px4_msgs/include/px4_msgs/px4_msgs/msg/detail/task_stack_info__type_support.c\n'}
[9.667484] (px4_msgs) StdoutLine: {'line': b'-- Up-to-date: /home/em/ros_workspace_2025/nav_ws/install/px4_msgs/include/px4_msgs/px4_msgs/msg/detail/sensor_gyro_fft__rosidl_typesupport_introspection_c.h\n'}
[9.667506] (px4_msgs) StdoutLine: {'line': b'-- Up-to-date: /home/em/ros_workspace_2025/nav_ws/install/px4_msgs/include/px4_msgs/px4_msgs/msg/detail/hover_thrust_estimate__rosidl_typesupport_introspection_c.h\n'}
[9.667528] (px4_msgs) StdoutLine: {'line': b'-- Up-to-date: /home/em/ros_workspace_2025/nav_ws/install/px4_msgs/include/px4_msgs/px4_msgs/msg/detail/geofence_status__rosidl_typesupport_introspection_c.h\n'}
[9.667551] (px4_msgs) StdoutLine: {'line': b'-- Up-to-date: /home/em/ros_workspace_2025/nav_ws/install/px4_msgs/include/px4_msgs/px4_msgs/msg/detail/gimbal_manager_status__rosidl_typesupport_introspection_c.h\n'}
[9.667573] (px4_msgs) StdoutLine: {'line': b'-- Up-to-date: /home/em/ros_workspace_2025/nav_ws/install/px4_msgs/include/px4_msgs/px4_msgs/msg/detail/px4io_status__type_support.c\n'}
[9.667595] (px4_msgs) StdoutLine: {'line': b'-- Up-to-date: /home/em/ros_workspace_2025/nav_ws/install/px4_msgs/include/px4_msgs/px4_msgs/msg/detail/npfg_status__rosidl_typesupport_introspection_c.h\n'}
[9.667619] (px4_msgs) StdoutLine: {'line': b'-- Up-to-date: /home/em/ros_workspace_2025/nav_ws/install/px4_msgs/include/px4_msgs/px4_msgs/msg/detail/flight_phase_estimation__rosidl_typesupport_introspection_c.h\n'}
[9.667640] (px4_msgs) StdoutLine: {'line': b'-- Up-to-date: /home/em/ros_workspace_2025/nav_ws/install/px4_msgs/include/px4_msgs/px4_msgs/msg/detail/arming_check_reply__rosidl_typesupport_introspection_c.h\n'}
[9.667660] (px4_msgs) StdoutLine: {'line': b'-- Up-to-date: /home/em/ros_workspace_2025/nav_ws/install/px4_msgs/include/px4_msgs/px4_msgs/msg/detail/satellite_info__rosidl_typesupport_introspection_c.h\n'}
[9.667692] (px4_msgs) StdoutLine: {'line': b'-- Up-to-date: /home/em/ros_workspace_2025/nav_ws/install/px4_msgs/include/px4_msgs/px4_msgs/msg/detail/action_request__type_support.c\n'}
[9.667712] (px4_msgs) StdoutLine: {'line': b'-- Up-to-date: /home/em/ros_workspace_2025/nav_ws/install/px4_msgs/include/px4_msgs/px4_msgs/msg/detail/dataman_request__type_support.c\n'}
[9.667731] (px4_msgs) StdoutLine: {'line': b'-- Up-to-date: /home/em/ros_workspace_2025/nav_ws/install/px4_msgs/include/px4_msgs/px4_msgs/msg/detail/estimator_aid_source1d__type_support.c\n'}
[9.667751] (px4_msgs) StdoutLine: {'line': b'-- Up-to-date: /home/em/ros_workspace_2025/nav_ws/install/px4_msgs/include/px4_msgs/px4_msgs/msg/detail/camera_trigger__type_support.c\n'}
[9.667771] (px4_msgs) StdoutLine: {'line': b'-- Up-to-date: /home/em/ros_workspace_2025/nav_ws/install/px4_msgs/include/px4_msgs/px4_msgs/msg/detail/vehicle_rates_setpoint__type_support.c\n'}
[9.667790] (px4_msgs) StdoutLine: {'line': b'-- Up-to-date: /home/em/ros_workspace_2025/nav_ws/install/px4_msgs/include/px4_msgs/px4_msgs/msg/detail/rover_differential_setpoint__rosidl_typesupport_introspection_c.h\n'}
[9.667810] (px4_msgs) StdoutLine: {'line': b'-- Up-to-date: /home/em/ros_workspace_2025/nav_ws/install/px4_msgs/include/px4_msgs/px4_msgs/msg/detail/magnetometer_bias_estimate__rosidl_typesupport_introspection_c.h\n'}
[9.667833] (px4_msgs) StdoutLine: {'line': b'-- Up-to-date: /home/em/ros_workspace_2025/nav_ws/install/px4_msgs/include/px4_msgs/px4_msgs/msg/detail/flight_phase_estimation__type_support.c\n'}
[9.667855] (px4_msgs) StdoutLine: {'line': b'-- Up-to-date: /home/em/ros_workspace_2025/nav_ws/install/px4_msgs/include/px4_msgs/px4_msgs/msg/detail/pps_capture__rosidl_typesupport_introspection_c.h\n'}
[9.667877] (px4_msgs) StdoutLine: {'line': b'-- Up-to-date: /home/em/ros_workspace_2025/nav_ws/install/px4_msgs/include/px4_msgs/px4_msgs/msg/detail/dataman_request__rosidl_typesupport_introspection_c.h\n'}
[9.667899] (px4_msgs) StdoutLine: {'line': b'-- Up-to-date: /home/em/ros_workspace_2025/nav_ws/install/px4_msgs/include/px4_msgs/px4_msgs/msg/detail/sensor_accel_fifo__rosidl_typesupport_introspection_c.h\n'}
[9.667921] (px4_msgs) StdoutLine: {'line': b'-- Up-to-date: /home/em/ros_workspace_2025/nav_ws/install/px4_msgs/include/px4_msgs/px4_msgs/msg/detail/rpm__rosidl_typesupport_introspection_c.h\n'}
[9.667942] (px4_msgs) StdoutLine: {'line': b'-- Up-to-date: /home/em/ros_workspace_2025/nav_ws/install/px4_msgs/include/px4_msgs/px4_msgs/msg/detail/hover_thrust_estimate__type_support.c\n'}
[9.667976] (px4_msgs) StdoutLine: {'line': b'-- Up-to-date: /home/em/ros_workspace_2025/nav_ws/install/px4_msgs/include/px4_msgs/px4_msgs/msg/detail/mavlink_tunnel__rosidl_typesupport_introspection_c.h\n'}
[9.668002] (px4_msgs) StdoutLine: {'line': b'-- Up-to-date: /home/em/ros_workspace_2025/nav_ws/install/px4_msgs/include/px4_msgs/px4_msgs/msg/detail/landing_target_pose__rosidl_typesupport_introspection_c.h\n'}
[9.668026] (px4_msgs) StdoutLine: {'line': b'-- Up-to-date: /home/em/ros_workspace_2025/nav_ws/install/px4_msgs/include/px4_msgs/px4_msgs/msg/detail/mode_completed__rosidl_typesupport_introspection_c.h\n'}
[9.668048] (px4_msgs) StdoutLine: {'line': b'-- Up-to-date: /home/em/ros_workspace_2025/nav_ws/install/px4_msgs/include/px4_msgs/px4_msgs/msg/detail/event__rosidl_typesupport_introspection_c.h\n'}
[9.668070] (px4_msgs) StdoutLine: {'line': b'-- Up-to-date: /home/em/ros_workspace_2025/nav_ws/install/px4_msgs/include/px4_msgs/px4_msgs/msg/detail/estimator_selector_status__rosidl_typesupport_introspection_c.h\n'}
[9.668092] (px4_msgs) StdoutLine: {'line': b'-- Up-to-date: /home/em/ros_workspace_2025/nav_ws/install/px4_msgs/include/px4_msgs/px4_msgs/msg/detail/gimbal_device_attitude_status__rosidl_typesupport_introspection_c.h\n'}
[9.668115] (px4_msgs) StdoutLine: {'line': b'-- Up-to-date: /home/em/ros_workspace_2025/nav_ws/install/px4_msgs/include/px4_msgs/px4_msgs/msg/detail/failsafe_flags__rosidl_typesupport_introspection_c.h\n'}
[9.668137] (px4_msgs) StdoutLine: {'line': b'-- Up-to-date: /home/em/ros_workspace_2025/nav_ws/install/px4_msgs/include/px4_msgs/px4_msgs/msg/detail/gimbal_controls__type_support.c\n'}
[9.668158] (px4_msgs) StdoutLine: {'line': b'-- Up-to-date: /home/em/ros_workspace_2025/nav_ws/install/px4_msgs/include/px4_msgs/px4_msgs/msg/detail/estimator_innovations__rosidl_typesupport_introspection_c.h\n'}
[9.668192] (px4_msgs) StdoutLine: {'line': b'-- Up-to-date: /home/em/ros_workspace_2025/nav_ws/install/px4_msgs/include/px4_msgs/px4_msgs/msg/detail/wind__type_support.c\n'}
[9.668214] (px4_msgs) StdoutLine: {'line': b'-- Up-to-date: /home/em/ros_workspace_2025/nav_ws/install/px4_msgs/include/px4_msgs/px4_msgs/msg/detail/register_ext_component_reply__rosidl_typesupport_introspection_c.h\n'}
[9.668245] (px4_msgs) StdoutLine: {'line': b'-- Up-to-date: /home/em/ros_workspace_2025/nav_ws/install/px4_msgs/include/px4_msgs/px4_msgs/msg/detail/sensor_optical_flow__rosidl_typesupport_introspection_c.h\n'}
[9.668266] (px4_msgs) StdoutLine: {'line': b'-- Up-to-date: /home/em/ros_workspace_2025/nav_ws/install/px4_msgs/include/px4_msgs/px4_msgs/msg/detail/camera_trigger__rosidl_typesupport_introspection_c.h\n'}
[9.668293] (px4_msgs) StdoutLine: {'line': b'-- Up-to-date: /home/em/ros_workspace_2025/nav_ws/install/px4_msgs/include/px4_msgs/px4_msgs/msg/detail/distance_sensor_mode_change_request__type_support.c\n'}
[9.668320] (px4_msgs) StdoutLine: {'line': b'-- Up-to-date: /home/em/ros_workspace_2025/nav_ws/install/px4_msgs/include/px4_msgs/px4_msgs/msg/detail/timesync_status__type_support.c\n'}
[9.668356] (px4_msgs) StdoutLine: {'line': b'-- Up-to-date: /home/em/ros_workspace_2025/nav_ws/install/px4_msgs/include/px4_msgs/px4_msgs/msg/detail/vehicle_status__type_support.c\n'}
[9.668448] (px4_msgs) StdoutLine: {'line': b'-- Up-to-date: /home/em/ros_workspace_2025/nav_ws/install/px4_msgs/include/px4_msgs/px4_msgs/msg/detail/vehicle_acceleration__rosidl_typesupport_introspection_c.h\n'}
[9.668503] (px4_msgs) StdoutLine: {'line': b'-- Up-to-date: /home/em/ros_workspace_2025/nav_ws/install/px4_msgs/include/px4_msgs/px4_msgs/msg/detail/cellular_status__rosidl_typesupport_introspection_c.h\n'}
[9.668530] (px4_msgs) StdoutLine: {'line': b'-- Up-to-date: /home/em/ros_workspace_2025/nav_ws/install/px4_msgs/include/px4_msgs/px4_msgs/msg/detail/orb_test_large__rosidl_typesupport_introspection_c.h\n'}
[9.668553] (px4_msgs) StdoutLine: {'line': b'-- Up-to-date: /home/em/ros_workspace_2025/nav_ws/install/px4_msgs/include/px4_msgs/px4_msgs/msg/detail/actuator_servos_trim__rosidl_typesupport_introspection_c.h\n'}
[9.668574] (px4_msgs) StdoutLine: {'line': b'-- Up-to-date: /home/em/ros_workspace_2025/nav_ws/install/px4_msgs/include/px4_msgs/px4_msgs/msg/detail/estimator_states__type_support.c\n'}
[9.668596] (px4_msgs) StdoutLine: {'line': b'-- Up-to-date: /home/em/ros_workspace_2025/nav_ws/install/px4_msgs/include/px4_msgs/px4_msgs/msg/detail/uavcan_parameter_request__rosidl_typesupport_introspection_c.h\n'}
[9.668617] (px4_msgs) StdoutLine: {'line': b'-- Up-to-date: /home/em/ros_workspace_2025/nav_ws/install/px4_msgs/include/px4_msgs/px4_msgs/msg/detail/mount_orientation__rosidl_typesupport_introspection_c.h\n'}
[9.668639] (px4_msgs) StdoutLine: {'line': b'-- Up-to-date: /home/em/ros_workspace_2025/nav_ws/install/px4_msgs/include/px4_msgs/px4_msgs/msg/detail/ulog_stream__type_support.c\n'}
[9.668660] (px4_msgs) StdoutLine: {'line': b'-- Up-to-date: /home/em/ros_workspace_2025/nav_ws/install/px4_msgs/include/px4_msgs/px4_msgs/msg/detail/debug_vect__rosidl_typesupport_introspection_c.h\n'}
[9.668704] (px4_msgs) StdoutLine: {'line': b'-- Up-to-date: /home/em/ros_workspace_2025/nav_ws/install/px4_msgs/include/px4_msgs/px4_msgs/msg/detail/yaw_estimator_status__rosidl_typesupport_introspection_c.h\n'}
[9.668731] (px4_msgs) StdoutLine: {'line': b'-- Up-to-date: /home/em/ros_workspace_2025/nav_ws/install/px4_msgs/include/px4_msgs/px4_msgs/msg/detail/uavcan_parameter_request__type_support.c\n'}
[9.668752] (px4_msgs) StdoutLine: {'line': b'-- Up-to-date: /home/em/ros_workspace_2025/nav_ws/install/px4_msgs/include/px4_msgs/px4_msgs/msg/detail/estimator_status_flags__type_support.c\n'}
[9.668773] (px4_msgs) StdoutLine: {'line': b'-- Up-to-date: /home/em/ros_workspace_2025/nav_ws/install/px4_msgs/include/px4_msgs/px4_msgs/msg/detail/vehicle_imu_status__type_support.c\n'}
[9.668794] (px4_msgs) StdoutLine: {'line': b'-- Up-to-date: /home/em/ros_workspace_2025/nav_ws/install/px4_msgs/include/px4_msgs/px4_msgs/msg/detail/gpio_out__rosidl_typesupport_introspection_c.h\n'}
[9.668815] (px4_msgs) StdoutLine: {'line': b'-- Up-to-date: /home/em/ros_workspace_2025/nav_ws/install/px4_msgs/include/px4_msgs/px4_msgs/msg/detail/gpio_out__type_support.c\n'}
[9.668836] (px4_msgs) StdoutLine: {'line': b'-- Up-to-date: /home/em/ros_workspace_2025/nav_ws/install/px4_msgs/include/px4_msgs/px4_msgs/msg/detail/gpio_request__rosidl_typesupport_introspection_c.h\n'}
[9.668872] (px4_msgs) StdoutLine: {'line': b'-- Up-to-date: /home/em/ros_workspace_2025/nav_ws/install/px4_msgs/include/px4_msgs/px4_msgs/msg/detail/battery_status__type_support.c\n'}
[9.668894] (px4_msgs) StdoutLine: {'line': b'-- Up-to-date: /home/em/ros_workspace_2025/nav_ws/install/px4_msgs/include/px4_msgs/px4_msgs/msg/detail/register_ext_component_reply__type_support.c\n'}
[9.668916] (px4_msgs) StdoutLine: {'line': b'-- Up-to-date: /home/em/ros_workspace_2025/nav_ws/install/px4_msgs/include/px4_msgs/px4_msgs/msg/detail/tecs_status__type_support.c\n'}
[9.668937] (px4_msgs) StdoutLine: {'line': b'-- Up-to-date: /home/em/ros_workspace_2025/nav_ws/install/px4_msgs/include/px4_msgs/px4_msgs/msg/detail/estimator_status__rosidl_typesupport_introspection_c.h\n'}
[9.668958] (px4_msgs) StdoutLine: {'line': b'-- Up-to-date: /home/em/ros_workspace_2025/nav_ws/install/px4_msgs/include/px4_msgs/px4_msgs/msg/detail/vehicle_acceleration__type_support.c\n'}
[9.668979] (px4_msgs) StdoutLine: {'line': b'-- Up-to-date: /home/em/ros_workspace_2025/nav_ws/install/px4_msgs/include/px4_msgs/px4_msgs/msg/detail/collision_report__type_support.c\n'}
[9.669000] (px4_msgs) StdoutLine: {'line': b'-- Up-to-date: /home/em/ros_workspace_2025/nav_ws/install/px4_msgs/include/px4_msgs/px4_msgs/msg/detail/takeoff_status__rosidl_typesupport_introspection_c.h\n'}
[9.669037] (px4_msgs) StdoutLine: {'line': b'-- Up-to-date: /home/em/ros_workspace_2025/nav_ws/install/px4_msgs/include/px4_msgs/px4_msgs/msg/detail/rover_differential_guidance_status__rosidl_typesupport_introspection_c.h\n'}
[9.669060] (px4_msgs) StdoutLine: {'line': b'-- Up-to-date: /home/em/ros_workspace_2025/nav_ws/install/px4_msgs/include/px4_msgs/px4_msgs/msg/detail/trajectory_setpoint__type_support.c\n'}
[9.669081] (px4_msgs) StdoutLine: {'line': b'-- Up-to-date: /home/em/ros_workspace_2025/nav_ws/install/px4_msgs/include/px4_msgs/px4_msgs/msg/detail/tune_control__type_support.c\n'}
[9.669102] (px4_msgs) StdoutLine: {'line': b'-- Up-to-date: /home/em/ros_workspace_2025/nav_ws/install/px4_msgs/include/px4_msgs/px4_msgs/msg/detail/internal_combustion_engine_status__rosidl_typesupport_introspection_c.h\n'}
[9.669123] (px4_msgs) StdoutLine: {'line': b'-- Up-to-date: /home/em/ros_workspace_2025/nav_ws/install/px4_msgs/include/px4_msgs/px4_msgs/msg/detail/heater_status__rosidl_typesupport_introspection_c.h\n'}
[9.669143] (px4_msgs) StdoutLine: {'line': b'-- Up-to-date: /home/em/ros_workspace_2025/nav_ws/install/px4_msgs/include/px4_msgs/px4_msgs/msg/detail/telemetry_status__type_support.c\n'}
[9.669164] (px4_msgs) StdoutLine: {'line': b'-- Up-to-date: /home/em/ros_workspace_2025/nav_ws/install/px4_msgs/include/px4_msgs/px4_msgs/msg/detail/orbit_status__rosidl_typesupport_introspection_c.h\n'}
[9.669184] (px4_msgs) StdoutLine: {'line': b'-- Up-to-date: /home/em/ros_workspace_2025/nav_ws/install/px4_msgs/include/px4_msgs/px4_msgs/msg/detail/manual_control_switches__type_support.c\n'}
[9.669208] (px4_msgs) StdoutLine: {'line': b'-- Up-to-date: /home/em/ros_workspace_2025/nav_ws/install/px4_msgs/include/px4_msgs/px4_msgs/msg/detail/gimbal_device_information__type_support.c\n'}
[9.669229] (px4_msgs) StdoutLine: {'line': b'-- Up-to-date: /home/em/ros_workspace_2025/nav_ws/install/px4_msgs/include/px4_msgs/px4_msgs/msg/detail/debug_array__rosidl_typesupport_introspection_c.h\n'}
[9.669251] (px4_msgs) StdoutLine: {'line': b'-- Up-to-date: /home/em/ros_workspace_2025/nav_ws/install/px4_msgs/include/px4_msgs/px4_msgs/msg/detail/vehicle_command_ack__rosidl_typesupport_introspection_c.h\n'}
[9.669272] (px4_msgs) StdoutLine: {'line': b'-- Up-to-date: /home/em/ros_workspace_2025/nav_ws/install/px4_msgs/include/px4_msgs/px4_msgs/msg/detail/position_setpoint__type_support.c\n'}
[9.669301] (px4_msgs) StdoutLine: {'line': b'-- Up-to-date: /home/em/ros_workspace_2025/nav_ws/install/px4_msgs/include/px4_msgs/px4_msgs/msg/detail/vehicle_thrust_setpoint__type_support.c\n'}
[9.669335] (px4_msgs) StdoutLine: {'line': b'-- Up-to-date: /home/em/ros_workspace_2025/nav_ws/install/px4_msgs/include/px4_msgs/px4_msgs/msg/detail/led_control__rosidl_typesupport_introspection_c.h\n'}
[9.669360] (px4_msgs) StdoutLine: {'line': b'-- Up-to-date: /home/em/ros_workspace_2025/nav_ws/install/px4_msgs/include/px4_msgs/px4_msgs/msg/detail/transponder_report__rosidl_typesupport_introspection_c.h\n'}
[9.669383] (px4_msgs) StdoutLine: {'line': b'-- Up-to-date: /home/em/ros_workspace_2025/nav_ws/install/px4_msgs/include/px4_msgs/px4_msgs/msg/detail/vehicle_constraints__rosidl_typesupport_introspection_c.h\n'}
[9.669404] (px4_msgs) StdoutLine: {'line': b'-- Up-to-date: /home/em/ros_workspace_2025/nav_ws/install/px4_msgs/include/px4_msgs/px4_msgs/msg/detail/failsafe_flags__type_support.c\n'}
[9.669424] (px4_msgs) StdoutLine: {'line': b'-- Up-to-date: /home/em/ros_workspace_2025/nav_ws/install/px4_msgs/include/px4_msgs/px4_msgs/msg/detail/sensor_airflow__type_support.c\n'}
[9.669445] (px4_msgs) StdoutLine: {'line': b'-- Up-to-date: /home/em/ros_workspace_2025/nav_ws/install/px4_msgs/include/px4_msgs/px4_msgs/msg/detail/vehicle_thrust_setpoint__rosidl_typesupport_introspection_c.h\n'}
[9.669467] (px4_msgs) StdoutLine: {'line': b'-- Up-to-date: /home/em/ros_workspace_2025/nav_ws/install/px4_msgs/include/px4_msgs/px4_msgs/msg/detail/sensors_status__rosidl_typesupport_introspection_c.h\n'}
[9.669489] (px4_msgs) StdoutLine: {'line': b'-- Up-to-date: /home/em/ros_workspace_2025/nav_ws/install/px4_msgs/include/px4_msgs/px4_msgs/msg/detail/sensor_uwb__rosidl_typesupport_introspection_c.h\n'}
[9.669511] (px4_msgs) StdoutLine: {'line': b'-- Up-to-date: /home/em/ros_workspace_2025/nav_ws/install/px4_msgs/include/px4_msgs/px4_msgs/msg/detail/vehicle_optical_flow__rosidl_typesupport_introspection_c.h\n'}
[9.669533] (px4_msgs) StdoutLine: {'line': b'-- Up-to-date: /home/em/ros_workspace_2025/nav_ws/install/px4_msgs/include/px4_msgs/px4_msgs/msg/detail/normalized_unsigned_setpoint__rosidl_typesupport_introspection_c.h\n'}
[9.669555] (px4_msgs) StdoutLine: {'line': b'-- Up-to-date: /home/em/ros_workspace_2025/nav_ws/install/px4_msgs/include/px4_msgs/px4_msgs/msg/detail/pwm_input__rosidl_typesupport_introspection_c.h\n'}
[9.669577] (px4_msgs) StdoutLine: {'line': b'-- Up-to-date: /home/em/ros_workspace_2025/nav_ws/install/px4_msgs/include/px4_msgs/px4_msgs/msg/detail/esc_report__rosidl_typesupport_introspection_c.h\n'}
[9.669601] (px4_msgs) StdoutLine: {'line': b'-- Up-to-date: /home/em/ros_workspace_2025/nav_ws/install/px4_msgs/include/px4_msgs/px4_msgs/msg/detail/sensor_accel__rosidl_typesupport_introspection_c.h\n'}
[9.669622] (px4_msgs) StdoutLine: {'line': b'-- Up-to-date: /home/em/ros_workspace_2025/nav_ws/install/px4_msgs/include/px4_msgs/px4_msgs/msg/detail/airspeed__rosidl_typesupport_introspection_c.h\n'}
[9.669644] (px4_msgs) StdoutLine: {'line': b'-- Up-to-date: /home/em/ros_workspace_2025/nav_ws/install/px4_msgs/include/px4_msgs/px4_msgs/msg/detail/npfg_status__type_support.c\n'}
[9.669666] (px4_msgs) StdoutLine: {'line': b'-- Up-to-date: /home/em/ros_workspace_2025/nav_ws/install/px4_msgs/include/px4_msgs/px4_msgs/msg/detail/gimbal_manager_information__type_support.c\n'}
[9.669687] (px4_msgs) StdoutLine: {'line': b'-- Up-to-date: /home/em/ros_workspace_2025/nav_ws/install/px4_msgs/include/px4_msgs/px4_msgs/msg/detail/parameter_set_used_request__type_support.c\n'}
[9.669708] (px4_msgs) StdoutLine: {'line': b'-- Up-to-date: /home/em/ros_workspace_2025/nav_ws/install/px4_msgs/include/px4_msgs/px4_msgs/msg/detail/airspeed_validated__rosidl_typesupport_introspection_c.h\n'}
[9.669733] (px4_msgs) StdoutLine: {'line': b'-- Up-to-date: /home/em/ros_workspace_2025/nav_ws/install/px4_msgs/include/px4_msgs/px4_msgs/msg/detail/arming_check_reply__type_support.c\n'}
[9.669762] (px4_msgs) StdoutLine: {'line': b'-- Up-to-date: /home/em/ros_workspace_2025/nav_ws/install/px4_msgs/include/px4_msgs/px4_msgs/msg/detail/power_button_state__type_support.c\n'}
[9.669808] (px4_msgs) StdoutLine: {'line': b'-- Up-to-date: /home/em/ros_workspace_2025/nav_ws/install/px4_msgs/include/px4_msgs/px4_msgs/msg/detail/radio_status__type_support.c\n'}
[9.669831] (px4_msgs) StdoutLine: {'line': b'-- Up-to-date: /home/em/ros_workspace_2025/nav_ws/install/px4_msgs/include/px4_msgs/px4_msgs/msg/detail/sensor_optical_flow__type_support.c\n'}
[9.669854] (px4_msgs) StdoutLine: {'line': b'-- Up-to-date: /home/em/ros_workspace_2025/nav_ws/install/px4_msgs/include/px4_msgs/px4_msgs/msg/detail/sensor_gyro__rosidl_typesupport_introspection_c.h\n'}
[9.669876] (px4_msgs) StdoutLine: {'line': b'-- Up-to-date: /home/em/ros_workspace_2025/nav_ws/install/px4_msgs/include/px4_msgs/px4_msgs/msg/detail/failure_detector_status__rosidl_typesupport_introspection_c.h\n'}
[9.669898] (px4_msgs) StdoutLine: {'line': b'-- Up-to-date: /home/em/ros_workspace_2025/nav_ws/install/px4_msgs/include/px4_msgs/px4_msgs/msg/detail/register_ext_component_request__type_support.c\n'}
[9.669919] (px4_msgs) StdoutLine: {'line': b'-- Up-to-date: /home/em/ros_workspace_2025/nav_ws/install/px4_msgs/include/px4_msgs/px4_msgs/msg/detail/debug_vect__type_support.c\n'}
[9.669951] (px4_msgs) StdoutLine: {'line': b'-- Up-to-date: /home/em/ros_workspace_2025/nav_ws/install/px4_msgs/include/px4_msgs/px4_msgs/msg/detail/debug_value__rosidl_typesupport_introspection_c.h\n'}
[9.669970] (px4_msgs) StdoutLine: {'line': b'-- Up-to-date: /home/em/ros_workspace_2025/nav_ws/install/px4_msgs/include/px4_msgs/px4_msgs/msg/detail/heater_status__type_support.c\n'}
[9.669990] (px4_msgs) StdoutLine: {'line': b'-- Up-to-date: /home/em/ros_workspace_2025/nav_ws/install/px4_msgs/include/px4_msgs/px4_msgs/msg/detail/generator_status__rosidl_typesupport_introspection_c.h\n'}
[9.670012] (px4_msgs) StdoutLine: {'line': b'-- Up-to-date: /home/em/ros_workspace_2025/nav_ws/install/px4_msgs/include/px4_msgs/px4_msgs/msg/detail/ekf2_timestamps__type_support.c\n'}
[9.670031] (px4_msgs) StdoutLine: {'line': b'-- Up-to-date: /home/em/ros_workspace_2025/nav_ws/install/px4_msgs/include/px4_msgs/px4_msgs/msg/detail/message_format_request__type_support.c\n'}
[9.670056] (px4_msgs) StdoutLine: {'line': b'-- Up-to-date: /home/em/ros_workspace_2025/nav_ws/install/px4_msgs/include/px4_msgs/px4_msgs/msg/detail/airspeed_validated__type_support.c\n'}
[9.670077] (px4_msgs) StdoutLine: {'line': b'-- Up-to-date: /home/em/ros_workspace_2025/nav_ws/install/px4_msgs/include/px4_msgs/px4_msgs/msg/detail/mission__rosidl_typesupport_introspection_c.h\n'}
[9.670099] (px4_msgs) StdoutLine: {'line': b'-- Up-to-date: /home/em/ros_workspace_2025/nav_ws/install/px4_msgs/include/px4_msgs/px4_msgs/msg/detail/gpio_config__rosidl_typesupport_introspection_c.h\n'}
[9.670131] (px4_msgs) StdoutLine: {'line': b'-- Up-to-date: /home/em/ros_workspace_2025/nav_ws/install/px4_msgs/include/px4_msgs/px4_msgs/msg/detail/sensor_hygrometer__rosidl_typesupport_introspection_c.h\n'}
[9.670152] (px4_msgs) StdoutLine: {'line': b'-- Up-to-date: /home/em/ros_workspace_2025/nav_ws/install/px4_msgs/include/px4_msgs/px4_msgs/msg/detail/register_ext_component_request__rosidl_typesupport_introspection_c.h\n'}
[9.670172] (px4_msgs) StdoutLine: {'line': b'-- Up-to-date: /home/em/ros_workspace_2025/nav_ws/install/px4_msgs/include/px4_msgs/px4_msgs/msg/detail/geofence_result__type_support.c\n'}
[9.670193] (px4_msgs) StdoutLine: {'line': b'-- Up-to-date: /home/em/ros_workspace_2025/nav_ws/install/px4_msgs/include/px4_msgs/px4_msgs/msg/detail/sensor_gps__type_support.c\n'}
[9.670213] (px4_msgs) StdoutLine: {'line': b'-- Up-to-date: /home/em/ros_workspace_2025/nav_ws/install/px4_msgs/include/px4_msgs/px4_msgs/msg/detail/onboard_computer_status__type_support.c\n'}
[9.670233] (px4_msgs) StdoutLine: {'line': b'-- Up-to-date: /home/em/ros_workspace_2025/nav_ws/install/px4_msgs/include/px4_msgs/px4_msgs/msg/detail/mavlink_log__type_support.c\n'}
[9.670253] (px4_msgs) StdoutLine: {'line': b'-- Up-to-date: /home/em/ros_workspace_2025/nav_ws/install/px4_msgs/include/px4_msgs/px4_msgs/msg/detail/gps_inject_data__type_support.c\n'}
[9.670275] (px4_msgs) StdoutLine: {'line': b'-- Up-to-date: /home/em/ros_workspace_2025/nav_ws/install/px4_msgs/include/px4_msgs/px4_msgs/msg/detail/sensors_status__type_support.c\n'}
[9.670305] (px4_msgs) StdoutLine: {'line': b'-- Up-to-date: /home/em/ros_workspace_2025/nav_ws/install/px4_msgs/include/px4_msgs/px4_msgs/msg/detail/sensor_combined__rosidl_typesupport_introspection_c.h\n'}
[9.670328] (px4_msgs) StdoutLine: {'line': b'-- Up-to-date: /home/em/ros_workspace_2025/nav_ws/install/px4_msgs/include/px4_msgs/px4_msgs/msg/detail/debug_value__type_support.c\n'}
[9.670350] (px4_msgs) StdoutLine: {'line': b'-- Up-to-date: /home/em/ros_workspace_2025/nav_ws/install/px4_msgs/include/px4_msgs/px4_msgs/msg/detail/iridiumsbd_status__rosidl_typesupport_introspection_c.h\n'}
[9.670372] (px4_msgs) StdoutLine: {'line': b'-- Up-to-date: /home/em/ros_workspace_2025/nav_ws/install/px4_msgs/include/px4_msgs/px4_msgs/msg/detail/gimbal_device_set_attitude__type_support.c\n'}
[9.670396] (px4_msgs) StdoutLine: {'line': b'-- Up-to-date: /home/em/ros_workspace_2025/nav_ws/install/px4_msgs/include/px4_msgs/px4_msgs/msg/detail/mag_worker_data__type_support.c\n'}
[9.670419] (px4_msgs) StdoutLine: {'line': b'-- Up-to-date: /home/em/ros_workspace_2025/nav_ws/install/px4_msgs/include/px4_msgs/px4_msgs/msg/detail/actuator_servos__type_support.c\n'}
[9.670446] (px4_msgs) StdoutLine: {'line': b'-- Up-to-date: /home/em/ros_workspace_2025/nav_ws/install/px4_msgs/include/px4_msgs/px4_msgs/msg/detail/logger_status__type_support.c\n'}
[9.670469] (px4_msgs) StdoutLine: {'line': b'-- Up-to-date: /home/em/ros_workspace_2025/nav_ws/install/px4_msgs/include/px4_msgs/px4_msgs/msg/detail/cellular_status__type_support.c\n'}
[9.670490] (px4_msgs) StdoutLine: {'line': b'-- Up-to-date: /home/em/ros_workspace_2025/nav_ws/install/px4_msgs/include/px4_msgs/px4_msgs/msg/detail/vehicle_optical_flow_vel__type_support.c\n'}
[9.670512] (px4_msgs) StdoutLine: {'line': b'-- Up-to-date: /home/em/ros_workspace_2025/nav_ws/install/px4_msgs/include/px4_msgs/px4_msgs/msg/detail/follow_target_estimator__rosidl_typesupport_introspection_c.h\n'}
[9.670533] (px4_msgs) StdoutLine: {'line': b'-- Up-to-date: /home/em/ros_workspace_2025/nav_ws/install/px4_msgs/include/px4_msgs/px4_msgs/msg/detail/estimator_sensor_bias__type_support.c\n'}
[9.670557] (px4_msgs) StdoutLine: {'line': b'-- Up-to-date: /home/em/ros_workspace_2025/nav_ws/install/px4_msgs/include/px4_msgs/px4_msgs/msg/detail/gps_inject_data__rosidl_typesupport_introspection_c.h\n'}
[9.670594] (px4_msgs) StdoutLine: {'line': b'-- Up-to-date: /home/em/ros_workspace_2025/nav_ws/install/px4_msgs/include/px4_msgs/px4_msgs/msg/detail/vehicle_magnetometer__type_support.c\n'}
[9.670636] (px4_msgs) StdoutLine: {'line': b'-- Up-to-date: /home/em/ros_workspace_2025/nav_ws/install/px4_msgs/include/px4_msgs/px4_msgs/msg/detail/sensor_airflow__rosidl_typesupport_introspection_c.h\n'}
[9.670668] (px4_msgs) StdoutLine: {'line': b'-- Up-to-date: /home/em/ros_workspace_2025/nav_ws/install/px4_msgs/include/px4_msgs/px4_msgs/msg/detail/config_overrides__type_support.c\n'}
[9.670692] (px4_msgs) StdoutLine: {'line': b'-- Up-to-date: /home/em/ros_workspace_2025/nav_ws/install/px4_msgs/include/px4_msgs/px4_msgs/msg/detail/follow_target_estimator__type_support.c\n'}
[9.670745] (px4_msgs) StdoutLine: {'line': b'-- Up-to-date: /home/em/ros_workspace_2025/nav_ws/install/px4_msgs/include/px4_msgs/px4_msgs/msg/detail/trajectory_bezier__type_support.c\n'}
[9.670767] (px4_msgs) StdoutLine: {'line': b'-- Up-to-date: /home/em/ros_workspace_2025/nav_ws/install/px4_msgs/include/px4_msgs/px4_msgs/msg/detail/rover_mecanum_setpoint__rosidl_typesupport_introspection_c.h\n'}
[9.670788] (px4_msgs) StdoutLine: {'line': b'-- Up-to-date: /home/em/ros_workspace_2025/nav_ws/install/px4_msgs/include/px4_msgs/px4_msgs/msg/detail/vehicle_imu__type_support.c\n'}
[9.670808] (px4_msgs) StdoutLine: {'line': b'-- Up-to-date: /home/em/ros_workspace_2025/nav_ws/install/px4_msgs/include/px4_msgs/px4_msgs/msg/detail/failure_detector_status__type_support.c\n'}
[9.670837] (px4_msgs) StdoutLine: {'line': b'-- Up-to-date: /home/em/ros_workspace_2025/nav_ws/install/px4_msgs/include/px4_msgs/px4_msgs/msg/detail/pps_capture__type_support.c\n'}
[9.670858] (px4_msgs) StdoutLine: {'line': b'-- Up-to-date: /home/em/ros_workspace_2025/nav_ws/install/px4_msgs/include/px4_msgs/px4_msgs/msg/detail/gimbal_device_information__rosidl_typesupport_introspection_c.h\n'}
[9.670880] (px4_msgs) StdoutLine: {'line': b'-- Up-to-date: /home/em/ros_workspace_2025/nav_ws/install/px4_msgs/include/px4_msgs/px4_msgs/msg/detail/distance_sensor__type_support.c\n'}
[9.670902] (px4_msgs) StdoutLine: {'line': b'-- Up-to-date: /home/em/ros_workspace_2025/nav_ws/install/px4_msgs/include/px4_msgs/px4_msgs/msg/detail/autotune_attitude_control_status__type_support.c\n'}
[9.670922] (px4_msgs) StdoutLine: {'line': b'-- Up-to-date: /home/em/ros_workspace_2025/nav_ws/install/px4_msgs/include/px4_msgs/px4_msgs/msg/detail/navigator_status__type_support.c\n'}
[9.670943] (px4_msgs) StdoutLine: {'line': b'-- Up-to-date: /home/em/ros_workspace_2025/nav_ws/install/px4_msgs/include/px4_msgs/px4_msgs/msg/detail/iridiumsbd_status__type_support.c\n'}
[9.670963] (px4_msgs) StdoutLine: {'line': b'-- Up-to-date: /home/em/ros_workspace_2025/nav_ws/install/px4_msgs/include/px4_msgs/px4_msgs/msg/detail/actuator_servos__rosidl_typesupport_introspection_c.h\n'}
[9.670986] (px4_msgs) StdoutLine: {'line': b'-- Up-to-date: /home/em/ros_workspace_2025/nav_ws/install/px4_msgs/include/px4_msgs/px4_msgs/msg/detail/estimator_bias3d__type_support.c\n'}
[9.671006] (px4_msgs) StdoutLine: {'line': b'-- Up-to-date: /home/em/ros_workspace_2025/nav_ws/install/px4_msgs/include/px4_msgs/px4_msgs/msg/detail/mount_orientation__type_support.c\n'}
[9.671026] (px4_msgs) StdoutLine: {'line': b'-- Up-to-date: /home/em/ros_workspace_2025/nav_ws/install/px4_msgs/include/px4_msgs/px4_msgs/msg/detail/rover_mecanum_setpoint__type_support.c\n'}
[9.671046] (px4_msgs) StdoutLine: {'line': b'-- Up-to-date: /home/em/ros_workspace_2025/nav_ws/install/px4_msgs/include/px4_msgs/px4_msgs/msg/detail/sensor_hygrometer__type_support.c\n'}
[9.671066] (px4_msgs) StdoutLine: {'line': b'-- Up-to-date: /home/em/ros_workspace_2025/nav_ws/install/px4_msgs/include/px4_msgs/px4_msgs/msg/detail/buffer128__type_support.c\n'}
[9.671106] (px4_msgs) StdoutLine: {'line': b'-- Up-to-date: /home/em/ros_workspace_2025/nav_ws/install/px4_msgs/include/px4_msgs/px4_msgs/msg/detail/ulog_stream_ack__type_support.c\n'}
[9.671127] (px4_msgs) StdoutLine: {'line': b'-- Up-to-date: /home/em/ros_workspace_2025/nav_ws/install/px4_msgs/include/px4_msgs/px4_msgs/msg/detail/uavcan_parameter_value__rosidl_typesupport_introspection_c.h\n'}
[9.671146] (px4_msgs) StdoutLine: {'line': b'-- Up-to-date: /home/em/ros_workspace_2025/nav_ws/install/px4_msgs/include/px4_msgs/px4_msgs/msg/detail/gpio_in__type_support.c\n'}
[9.671165] (px4_msgs) StdoutLine: {'line': b'-- Up-to-date: /home/em/ros_workspace_2025/nav_ws/install/px4_msgs/include/px4_msgs/px4_msgs/msg/detail/gimbal_manager_information__rosidl_typesupport_introspection_c.h\n'}
[9.671184] (px4_msgs) StdoutLine: {'line': b'-- Up-to-date: /home/em/ros_workspace_2025/nav_ws/install/px4_msgs/include/px4_msgs/px4_msgs/msg/detail/vehicle_air_data__type_support.c\n'}
[9.671204] (px4_msgs) StdoutLine: {'line': b'-- Up-to-date: /home/em/ros_workspace_2025/nav_ws/install/px4_msgs/include/px4_msgs/px4_msgs/msg/detail/collision_constraints__type_support.c\n'}
[9.671226] (px4_msgs) StdoutLine: {'line': b'-- Up-to-date: /home/em/ros_workspace_2025/nav_ws/install/px4_msgs/include/px4_msgs/px4_msgs/msg/detail/sensor_preflight_mag__rosidl_typesupport_introspection_c.h\n'}
[9.671248] (px4_msgs) StdoutLine: {'line': b'-- Up-to-date: /home/em/ros_workspace_2025/nav_ws/install/px4_msgs/include/px4_msgs/px4_msgs/msg/detail/gimbal_manager_status__type_support.c\n'}
[9.671269] (px4_msgs) StdoutLine: {'line': b'-- Up-to-date: /home/em/ros_workspace_2025/nav_ws/install/px4_msgs/include/px4_msgs/px4_msgs/msg/detail/vehicle_rates_setpoint__rosidl_typesupport_introspection_c.h\n'}
[9.671304] (px4_msgs) StdoutLine: {'line': b'-- Up-to-date: /home/em/ros_workspace_2025/nav_ws/install/px4_msgs/include/px4_msgs/px4_msgs/msg/detail/landing_gear__rosidl_typesupport_introspection_c.h\n'}
[9.671326] (px4_msgs) StdoutLine: {'line': b'-- Up-to-date: /home/em/ros_workspace_2025/nav_ws/install/px4_msgs/include/px4_msgs/px4_msgs/msg/detail/dataman_response__type_support.c\n'}
[9.671347] (px4_msgs) StdoutLine: {'line': b'-- Up-to-date: /home/em/ros_workspace_2025/nav_ws/install/px4_msgs/include/px4_msgs/px4_msgs/msg/detail/trajectory_waypoint__type_support.c\n'}
[9.671370] (px4_msgs) StdoutLine: {'line': b'-- Up-to-date: /home/em/ros_workspace_2025/nav_ws/install/px4_msgs/include/px4_msgs/px4_msgs/msg/detail/action_request__rosidl_typesupport_introspection_c.h\n'}
[9.671395] (px4_msgs) StdoutLine: {'line': b'-- Up-to-date: /home/em/ros_workspace_2025/nav_ws/install/px4_msgs/include/px4_msgs/px4_msgs/msg/detail/position_controller_landing_status__rosidl_typesupport_introspection_c.h\n'}
[9.671417] (px4_msgs) StdoutLine: {'line': b'-- Up-to-date: /home/em/ros_workspace_2025/nav_ws/install/px4_msgs/include/px4_msgs/px4_msgs/msg/detail/rover_mecanum_status__rosidl_typesupport_introspection_c.h\n'}
[9.671440] (px4_msgs) StdoutLine: {'line': b'-- Up-to-date: /home/em/ros_workspace_2025/nav_ws/install/px4_msgs/include/px4_msgs/px4_msgs/msg/detail/tiltrotor_extra_controls__rosidl_typesupport_introspection_c.h\n'}
[9.671462] (px4_msgs) StdoutLine: {'line': b'-- Up-to-date: /home/em/ros_workspace_2025/nav_ws/install/px4_msgs/include/px4_msgs/px4_msgs/msg/detail/adc_report__type_support.c\n'}
[9.671491] (px4_msgs) StdoutLine: {'line': b'-- Up-to-date: /home/em/ros_workspace_2025/nav_ws/install/px4_msgs/include/px4_msgs/px4_msgs/msg/detail/vehicle_control_mode__type_support.c\n'}
[9.671512] (px4_msgs) StdoutLine: {'line': b'-- Up-to-date: /home/em/ros_workspace_2025/nav_ws/install/px4_msgs/include/px4_msgs/px4_msgs/msg/detail/orb_test_medium__rosidl_typesupport_introspection_c.h\n'}
[9.671533] (px4_msgs) StdoutLine: {'line': b'-- Up-to-date: /home/em/ros_workspace_2025/nav_ws/install/px4_msgs/include/px4_msgs/px4_msgs/msg/detail/irlock_report__rosidl_typesupport_introspection_c.h\n'}
[9.671555] (px4_msgs) StdoutLine: {'line': b'-- Up-to-date: /home/em/ros_workspace_2025/nav_ws/install/px4_msgs/include/px4_msgs/px4_msgs/msg/detail/parameter_set_used_request__rosidl_typesupport_introspection_c.h\n'}
[9.671577] (px4_msgs) StdoutLine: {'line': b'-- Up-to-date: /home/em/ros_workspace_2025/nav_ws/install/px4_msgs/include/px4_msgs/px4_msgs/msg/detail/rover_ackermann_status__rosidl_typesupport_introspection_c.h\n'}
[9.671600] (px4_msgs) StdoutLine: {'line': b'-- Up-to-date: /home/em/ros_workspace_2025/nav_ws/install/px4_msgs/include/px4_msgs/px4_msgs/msg/detail/trajectory_bezier__rosidl_typesupport_introspection_c.h\n'}
[9.671623] (px4_msgs) StdoutLine: {'line': b'-- Up-to-date: /home/em/ros_workspace_2025/nav_ws/install/px4_msgs/include/px4_msgs/px4_msgs/msg/detail/sensor_accel__type_support.c\n'}
[9.671643] (px4_msgs) StdoutLine: {'line': b'-- Up-to-date: /home/em/ros_workspace_2025/nav_ws/install/px4_msgs/include/px4_msgs/px4_msgs/msg/detail/vehicle_trajectory_bezier__type_support.c\n'}
[9.671665] (px4_msgs) StdoutLine: {'line': b'-- Up-to-date: /home/em/ros_workspace_2025/nav_ws/install/px4_msgs/include/px4_msgs/px4_msgs/msg/detail/power_button_state__rosidl_typesupport_introspection_c.h\n'}
[9.671685] (px4_msgs) StdoutLine: {'line': b'-- Up-to-date: /home/em/ros_workspace_2025/nav_ws/install/px4_msgs/include/px4_msgs/px4_msgs/msg/detail/landing_gear__type_support.c\n'}
[9.671707] (px4_msgs) StdoutLine: {'line': b'-- Up-to-date: /home/em/ros_workspace_2025/nav_ws/install/px4_msgs/include/px4_msgs/px4_msgs/msg/detail/landing_target_innovations__type_support.c\n'}
[9.671728] (px4_msgs) StdoutLine: {'line': b'-- Up-to-date: /home/em/ros_workspace_2025/nav_ws/install/px4_msgs/include/px4_msgs/px4_msgs/msg/detail/gimbal_device_set_attitude__rosidl_typesupport_introspection_c.h\n'}
[9.671749] (px4_msgs) StdoutLine: {'line': b'-- Up-to-date: /home/em/ros_workspace_2025/nav_ws/install/px4_msgs/include/px4_msgs/px4_msgs/msg/detail/camera_capture__rosidl_typesupport_introspection_c.h\n'}
[9.671777] (px4_msgs) StdoutLine: {'line': b'-- Up-to-date: /home/em/ros_workspace_2025/nav_ws/install/px4_msgs/include/px4_msgs/px4_msgs/msg/detail/follow_target_status__type_support.c\n'}
[9.671805] (px4_msgs) StdoutLine: {'line': b'-- Up-to-date: /home/em/ros_workspace_2025/nav_ws/install/px4_msgs/include/px4_msgs/px4_msgs/msg/detail/mag_worker_data__rosidl_typesupport_introspection_c.h\n'}
[9.671827] (px4_msgs) StdoutLine: {'line': b'-- Up-to-date: /home/em/ros_workspace_2025/nav_ws/install/px4_msgs/include/px4_msgs/px4_msgs/msg/detail/wind__rosidl_typesupport_introspection_c.h\n'}
[9.671849] (px4_msgs) StdoutLine: {'line': b'-- Up-to-date: /home/em/ros_workspace_2025/nav_ws/install/px4_msgs/include/px4_msgs/px4_msgs/msg/detail/logger_status__rosidl_typesupport_introspection_c.h\n'}
[9.671871] (px4_msgs) StdoutLine: {'line': b'-- Up-to-date: /home/em/ros_workspace_2025/nav_ws/install/px4_msgs/include/px4_msgs/px4_msgs/msg/detail/rover_ackermann_guidance_status__type_support.c\n'}
[9.671893] (px4_msgs) StdoutLine: {'line': b'-- Up-to-date: /home/em/ros_workspace_2025/nav_ws/install/px4_msgs/include/px4_msgs/px4_msgs/msg/detail/magnetometer_bias_estimate__type_support.c\n'}
[9.671920] (px4_msgs) StdoutLine: {'line': b'-- Up-to-date: /home/em/ros_workspace_2025/nav_ws/install/px4_msgs/include/px4_msgs/px4_msgs/msg/detail/sensor_preflight_mag__type_support.c\n'}
[9.671943] (px4_msgs) StdoutLine: {'line': b'-- Up-to-date: /home/em/ros_workspace_2025/nav_ws/install/px4_msgs/include/px4_msgs/px4_msgs/msg/detail/position_controller_landing_status__type_support.c\n'}
[9.671965] (px4_msgs) StdoutLine: {'line': b'-- Up-to-date: /home/em/ros_workspace_2025/nav_ws/install/px4_msgs/include/px4_msgs/px4_msgs/msg/detail/vehicle_imu_status__rosidl_typesupport_introspection_c.h\n'}
[9.672008] (px4_msgs) StdoutLine: {'line': b'-- Up-to-date: /home/em/ros_workspace_2025/nav_ws/install/px4_msgs/include/px4_msgs/px4_msgs/msg/detail/qshell_req__type_support.c\n'}
[9.672044] (px4_msgs) StdoutLine: {'line': b'-- Up-to-date: /home/em/ros_workspace_2025/nav_ws/install/px4_msgs/include/px4_msgs/px4_msgs/msg/detail/sensor_correction__rosidl_typesupport_introspection_c.h\n'}
[9.672102] (px4_msgs) StdoutLine: {'line': b'-- Up-to-date: /home/em/ros_workspace_2025/nav_ws/install/px4_msgs/include/px4_msgs/px4_msgs/msg/detail/open_drone_id_arm_status__type_support.c\n'}
[9.672145] (px4_msgs) StdoutLine: {'line': b'-- Up-to-date: /home/em/ros_workspace_2025/nav_ws/install/px4_msgs/include/px4_msgs/px4_msgs/msg/detail/vehicle_odometry__rosidl_typesupport_introspection_c.h\n'}
[9.672190] (px4_msgs) StdoutLine: {'line': b'-- Up-to-date: /home/em/ros_workspace_2025/nav_ws/install/px4_msgs/include/px4_msgs/px4_msgs/msg/detail/takeoff_status__type_support.c\n'}
[9.672225] (px4_msgs) StdoutLine: {'line': b'-- Up-to-date: /home/em/ros_workspace_2025/nav_ws/install/px4_msgs/include/px4_msgs/px4_msgs/msg/detail/internal_combustion_engine_status__type_support.c\n'}
[9.672268] (px4_msgs) StdoutLine: {'line': b'-- Up-to-date: /home/em/ros_workspace_2025/nav_ws/install/px4_msgs/include/px4_msgs/px4_msgs/msg/detail/launch_detection_status__rosidl_typesupport_introspection_c.h\n'}
[9.672648] (px4_msgs) StdoutLine: {'line': b'-- Up-to-date: /home/em/ros_workspace_2025/nav_ws/install/px4_msgs/include/px4_msgs/px4_msgs/msg/detail/vehicle_local_position_setpoint__rosidl_typesupport_introspection_c.h\n'}
[9.672697] (px4_msgs) StdoutLine: {'line': b'-- Up-to-date: /home/em/ros_workspace_2025/nav_ws/install/px4_msgs/include/px4_msgs/px4_msgs/msg/detail/navigator_mission_item__rosidl_typesupport_introspection_c.h\n'}
[9.672734] (px4_msgs) StdoutLine: {'line': b'-- Up-to-date: /home/em/ros_workspace_2025/nav_ws/install/px4_msgs/include/px4_msgs/px4_msgs/msg/detail/vehicle_torque_setpoint__rosidl_typesupport_introspection_c.h\n'}
[9.672768] (px4_msgs) StdoutLine: {'line': b'-- Up-to-date: /home/em/ros_workspace_2025/nav_ws/install/px4_msgs/include/px4_msgs/px4_msgs/msg/detail/parameter_set_value_request__type_support.c\n'}
[9.672810] (px4_msgs) StdoutLine: {'line': b'-- Up-to-date: /home/em/ros_workspace_2025/nav_ws/install/px4_msgs/include/px4_msgs/px4_msgs/msg/detail/vehicle_command__type_support.c\n'}
[9.672837] (px4_msgs) StdoutLine: {'line': b'-- Up-to-date: /home/em/ros_workspace_2025/nav_ws/install/px4_msgs/include/px4_msgs/px4_msgs/msg/detail/input_rc__rosidl_typesupport_introspection_c.h\n'}
[9.672872] (px4_msgs) StdoutLine: {'line': b'-- Up-to-date: /home/em/ros_workspace_2025/nav_ws/install/px4_msgs/include/px4_msgs/px4_msgs/msg/detail/differential_pressure__rosidl_typesupport_introspection_c.h\n'}
[9.672910] (px4_msgs) StdoutLine: {'line': b'-- Up-to-date: /home/em/ros_workspace_2025/nav_ws/install/px4_msgs/include/px4_msgs/px4_msgs/msg/detail/sensor_gyro_fifo__rosidl_typesupport_introspection_c.h\n'}
[9.672938] (px4_msgs) StdoutLine: {'line': b'-- Up-to-date: /home/em/ros_workspace_2025/nav_ws/install/px4_msgs/include/px4_msgs/px4_msgs/msg/detail/navigator_status__rosidl_typesupport_introspection_c.h\n'}
[9.672959] (px4_msgs) StdoutLine: {'line': b'-- Up-to-date: /home/em/ros_workspace_2025/nav_ws/install/px4_msgs/include/px4_msgs/px4_msgs/msg/detail/gimbal_device_attitude_status__type_support.c\n'}
[9.672981] (px4_msgs) StdoutLine: {'line': b'-- Up-to-date: /home/em/ros_workspace_2025/nav_ws/install/px4_msgs/include/px4_msgs/px4_msgs/msg/detail/gripper__type_support.c\n'}
[9.673002] (px4_msgs) StdoutLine: {'line': b'-- Up-to-date: /home/em/ros_workspace_2025/nav_ws/install/px4_msgs/include/px4_msgs/px4_msgs/msg/detail/orb_test__rosidl_typesupport_introspection_c.h\n'}
[9.673022] (px4_msgs) StdoutLine: {'line': b'-- Up-to-date: /home/em/ros_workspace_2025/nav_ws/install/px4_msgs/include/px4_msgs/px4_msgs/msg/detail/tiltrotor_extra_controls__type_support.c\n'}
[9.673046] (px4_msgs) StdoutLine: {'line': b'-- Up-to-date: /home/em/ros_workspace_2025/nav_ws/install/px4_msgs/include/px4_msgs/px4_msgs/msg/detail/onboard_computer_status__rosidl_typesupport_introspection_c.h\n'}
[9.673068] (px4_msgs) StdoutLine: {'line': b'-- Up-to-date: /home/em/ros_workspace_2025/nav_ws/install/px4_msgs/include/px4_msgs/px4_msgs/msg/detail/velocity_limits__type_support.c\n'}
[9.673098] (px4_msgs) StdoutLine: {'line': b'-- Up-to-date: /home/em/ros_workspace_2025/nav_ws/install/px4_msgs/include/px4_msgs/px4_msgs/msg/detail/estimator_gps_status__type_support.c\n'}
[9.673130] (px4_msgs) StdoutLine: {'line': b'-- Up-to-date: /home/em/ros_workspace_2025/nav_ws/install/px4_msgs/include/px4_msgs/px4_msgs/msg/detail/manual_control_setpoint__type_support.c\n'}
[9.673158] (px4_msgs) StdoutLine: {'line': b'-- Up-to-date: /home/em/ros_workspace_2025/nav_ws/install/px4_msgs/include/px4_msgs/px4_msgs/msg/detail/actuator_motors__type_support.c\n'}
[9.673182] (px4_msgs) StdoutLine: {'line': b'-- Up-to-date: /home/em/ros_workspace_2025/nav_ws/install/px4_msgs/include/px4_msgs/px4_msgs/msg/detail/yaw_estimator_status__type_support.c\n'}
[9.673204] (px4_msgs) StdoutLine: {'line': b'-- Up-to-date: /home/em/ros_workspace_2025/nav_ws/install/px4_msgs/include/px4_msgs/px4_msgs/msg/detail/estimator_status_flags__rosidl_typesupport_introspection_c.h\n'}
[9.673237] (px4_msgs) StdoutLine: {'line': b'-- Up-to-date: /home/em/ros_workspace_2025/nav_ws/install/px4_msgs/include/px4_msgs/px4_msgs/msg/detail/rover_ackermann_guidance_status__rosidl_typesupport_introspection_c.h\n'}
[9.673258] (px4_msgs) StdoutLine: {'line': b'-- Up-to-date: /home/em/ros_workspace_2025/nav_ws/install/px4_msgs/include/px4_msgs/px4_msgs/msg/detail/parameter_update__rosidl_typesupport_introspection_c.h\n'}
[9.673293] (px4_msgs) StdoutLine: {'line': b'-- Up-to-date: /home/em/ros_workspace_2025/nav_ws/install/px4_msgs/include/px4_msgs/px4_msgs/msg/detail/rc_channels__rosidl_typesupport_introspection_c.h\n'}
[9.673317] (px4_msgs) StdoutLine: {'line': b'-- Up-to-date: /home/em/ros_workspace_2025/nav_ws/install/px4_msgs/include/px4_msgs/px4_msgs/msg/detail/position_setpoint__rosidl_typesupport_introspection_c.h\n'}
[9.673341] (px4_msgs) StdoutLine: {'line': b'-- Up-to-date: /home/em/ros_workspace_2025/nav_ws/install/px4_msgs/include/px4_msgs/px4_msgs/msg/detail/estimator_status__type_support.c\n'}
[9.673363] (px4_msgs) StdoutLine: {'line': b'-- Up-to-date: /home/em/ros_workspace_2025/nav_ws/install/px4_msgs/include/px4_msgs/px4_msgs/msg/detail/vehicle_optical_flow_vel__rosidl_typesupport_introspection_c.h\n'}
[9.673383] (px4_msgs) StdoutLine: {'line': b'-- Up-to-date: /home/em/ros_workspace_2025/nav_ws/install/px4_msgs/include/px4_msgs/px4_msgs/msg/detail/rtl_status__rosidl_typesupport_introspection_c.h\n'}
[9.673404] (px4_msgs) StdoutLine: {'line': b'-- Up-to-date: /home/em/ros_workspace_2025/nav_ws/install/px4_msgs/include/px4_msgs/px4_msgs/msg/detail/orbit_status__type_support.c\n'}
[9.673425] (px4_msgs) StdoutLine: {'line': b'-- Up-to-date: /home/em/ros_workspace_2025/nav_ws/install/px4_msgs/include/px4_msgs/px4_msgs/msg/detail/vehicle_land_detected__type_support.c\n'}
[9.673445] (px4_msgs) StdoutLine: {'line': b'-- Up-to-date: /home/em/ros_workspace_2025/nav_ws/install/px4_msgs/include/px4_msgs/px4_msgs/msg/detail/cpuload__rosidl_typesupport_introspection_c.h\n'}
[9.673465] (px4_msgs) StdoutLine: {'line': b'-- Up-to-date: /home/em/ros_workspace_2025/nav_ws/install/px4_msgs/include/px4_msgs/px4_msgs/msg/detail/landing_gear_wheel__type_support.c\n'}
[9.673487] (px4_msgs) StdoutLine: {'line': b'-- Up-to-date: /home/em/ros_workspace_2025/nav_ws/install/px4_msgs/include/px4_msgs/px4_msgs/msg/detail/vehicle_attitude__type_support.c\n'}
[9.673510] (px4_msgs) StdoutLine: {'line': b'-- Up-to-date: /home/em/ros_workspace_2025/nav_ws/install/px4_msgs/include/px4_msgs/px4_msgs/msg/detail/open_drone_id_operator_id__type_support.c\n'}
[9.673531] (px4_msgs) StdoutLine: {'line': b'-- Up-to-date: /home/em/ros_workspace_2025/nav_ws/install/px4_msgs/include/px4_msgs/px4_msgs/msg/detail/fuel_tank_status__rosidl_typesupport_introspection_c.h\n'}
[9.673553] (px4_msgs) StdoutLine: {'line': b'-- Up-to-date: /home/em/ros_workspace_2025/nav_ws/install/px4_msgs/include/px4_msgs/px4_msgs/msg/detail/follow_target__type_support.c\n'}
[9.673575] (px4_msgs) StdoutLine: {'line': b'-- Up-to-date: /home/em/ros_workspace_2025/nav_ws/install/px4_msgs/include/px4_msgs/px4_msgs/msg/detail/uavcan_parameter_value__type_support.c\n'}
[9.673597] (px4_msgs) StdoutLine: {'line': b'-- Up-to-date: /home/em/ros_workspace_2025/nav_ws/install/px4_msgs/include/px4_msgs/px4_msgs/msg/detail/rc_parameter_map__type_support.c\n'}
[9.673622] (px4_msgs) StdoutLine: {'line': b'-- Up-to-date: /home/em/ros_workspace_2025/nav_ws/install/px4_msgs/include/px4_msgs/px4_msgs/msg/detail/estimator_aid_source2d__rosidl_typesupport_introspection_c.h\n'}
[9.673643] (px4_msgs) StdoutLine: {'line': b'-- Up-to-date: /home/em/ros_workspace_2025/nav_ws/install/px4_msgs/include/px4_msgs/px4_msgs/msg/detail/radio_status__rosidl_typesupport_introspection_c.h\n'}
[9.673665] (px4_msgs) StdoutLine: {'line': b'-- Up-to-date: /home/em/ros_workspace_2025/nav_ws/install/px4_msgs/include/px4_msgs/px4_msgs/msg/detail/camera_status__type_support.c\n'}
[9.673685] (px4_msgs) StdoutLine: {'line': b'-- Up-to-date: /home/em/ros_workspace_2025/nav_ws/install/px4_msgs/include/px4_msgs/px4_msgs/msg/detail/rtl_time_estimate__rosidl_typesupport_introspection_c.h\n'}
[9.673706] (px4_msgs) StdoutLine: {'line': b'-- Up-to-date: /home/em/ros_workspace_2025/nav_ws/install/px4_msgs/include/px4_msgs/px4_msgs/msg/detail/vehicle_land_detected__rosidl_typesupport_introspection_c.h\n'}
[9.673727] (px4_msgs) StdoutLine: {'line': b'-- Up-to-date: /home/em/ros_workspace_2025/nav_ws/install/px4_msgs/include/px4_msgs/px4_msgs/msg/detail/sensor_gyro_fft__type_support.c\n'}
[9.673749] (px4_msgs) StdoutLine: {'line': b'-- Up-to-date: /home/em/ros_workspace_2025/nav_ws/install/px4_msgs/lib/libpx4_msgs__rosidl_typesupport_introspection_c.so\n'}
[9.673770] (px4_msgs) StdoutLine: {'line': b'-- Up-to-date: /home/em/ros_workspace_2025/nav_ws/install/px4_msgs/lib/libpx4_msgs__rosidl_typesupport_c.so\n'}
[9.673803] (px4_msgs) StdoutLine: {'line': b'-- Up-to-date: /home/em/ros_workspace_2025/nav_ws/install/px4_msgs/include/px4_msgs/px4_msgs\n'}
[9.673824] (px4_msgs) StdoutLine: {'line': b'-- Up-to-date: /home/em/ros_workspace_2025/nav_ws/install/px4_msgs/include/px4_msgs/px4_msgs/srv\n'}
[9.673844] (px4_msgs) StdoutLine: {'line': b'-- Up-to-date: /home/em/ros_workspace_2025/nav_ws/install/px4_msgs/include/px4_msgs/px4_msgs/srv/detail\n'}
[9.673866] (px4_msgs) StdoutLine: {'line': b'-- Up-to-date: /home/em/ros_workspace_2025/nav_ws/install/px4_msgs/include/px4_msgs/px4_msgs/srv/detail/vehicle_command__type_support.cpp\n'}
[9.673886] (px4_msgs) StdoutLine: {'line': b'-- Up-to-date: /home/em/ros_workspace_2025/nav_ws/install/px4_msgs/include/px4_msgs/px4_msgs/srv/detail/vehicle_command__rosidl_typesupport_introspection_cpp.hpp\n'}
[9.673907] (px4_msgs) StdoutLine: {'line': b'-- Up-to-date: /home/em/ros_workspace_2025/nav_ws/install/px4_msgs/include/px4_msgs/px4_msgs/msg\n'}
[9.673927] (px4_msgs) StdoutLine: {'line': b'-- Up-to-date: /home/em/ros_workspace_2025/nav_ws/install/px4_msgs/include/px4_msgs/px4_msgs/msg/detail\n'}
[9.673946] (px4_msgs) StdoutLine: {'line': b'-- Up-to-date: /home/em/ros_workspace_2025/nav_ws/install/px4_msgs/include/px4_msgs/px4_msgs/msg/detail/vehicle_thrust_setpoint__type_support.cpp\n'}
[9.673974] (px4_msgs) StdoutLine: {'line': b'-- Up-to-date: /home/em/ros_workspace_2025/nav_ws/install/px4_msgs/include/px4_msgs/px4_msgs/msg/detail/vehicle_control_mode__rosidl_typesupport_introspection_cpp.hpp\n'}
[9.673994] (px4_msgs) StdoutLine: {'line': b'-- Up-to-date: /home/em/ros_workspace_2025/nav_ws/install/px4_msgs/include/px4_msgs/px4_msgs/msg/detail/sensor_combined__rosidl_typesupport_introspection_cpp.hpp\n'}
[9.674014] (px4_msgs) StdoutLine: {'line': b'-- Up-to-date: /home/em/ros_workspace_2025/nav_ws/install/px4_msgs/include/px4_msgs/px4_msgs/msg/detail/vehicle_magnetometer__type_support.cpp\n'}
[9.674033] (px4_msgs) StdoutLine: {'line': b'-- Up-to-date: /home/em/ros_workspace_2025/nav_ws/install/px4_msgs/include/px4_msgs/px4_msgs/msg/detail/battery_status__rosidl_typesupport_introspection_cpp.hpp\n'}
[9.674053] (px4_msgs) StdoutLine: {'line': b'-- Up-to-date: /home/em/ros_workspace_2025/nav_ws/install/px4_msgs/include/px4_msgs/px4_msgs/msg/detail/actuator_servos_trim__type_support.cpp\n'}
[9.674072] (px4_msgs) StdoutLine: {'line': b'-- Up-to-date: /home/em/ros_workspace_2025/nav_ws/install/px4_msgs/include/px4_msgs/px4_msgs/msg/detail/rtl_status__rosidl_typesupport_introspection_cpp.hpp\n'}
[9.674103] (px4_msgs) StdoutLine: {'line': b'-- Up-to-date: /home/em/ros_workspace_2025/nav_ws/install/px4_msgs/include/px4_msgs/px4_msgs/msg/detail/sensor_accel__rosidl_typesupport_introspection_cpp.hpp\n'}
[9.674122] (px4_msgs) StdoutLine: {'line': b'-- Up-to-date: /home/em/ros_workspace_2025/nav_ws/install/px4_msgs/include/px4_msgs/px4_msgs/msg/detail/power_monitor__type_support.cpp\n'}
[9.674142] (px4_msgs) StdoutLine: {'line': b'-- Up-to-date: /home/em/ros_workspace_2025/nav_ws/install/px4_msgs/include/px4_msgs/px4_msgs/msg/detail/button_event__type_support.cpp\n'}
[9.674162] (px4_msgs) StdoutLine: {'line': b'-- Up-to-date: /home/em/ros_workspace_2025/nav_ws/install/px4_msgs/include/px4_msgs/px4_msgs/msg/detail/sensor_selection__rosidl_typesupport_introspection_cpp.hpp\n'}
[9.674182] (px4_msgs) StdoutLine: {'line': b'-- Up-to-date: /home/em/ros_workspace_2025/nav_ws/install/px4_msgs/include/px4_msgs/px4_msgs/msg/detail/vehicle_air_data__type_support.cpp\n'}
[9.674202] (px4_msgs) StdoutLine: {'line': b'-- Up-to-date: /home/em/ros_workspace_2025/nav_ws/install/px4_msgs/include/px4_msgs/px4_msgs/msg/detail/config_overrides__rosidl_typesupport_introspection_cpp.hpp\n'}
[9.674231] (px4_msgs) StdoutLine: {'line': b'-- Up-to-date: /home/em/ros_workspace_2025/nav_ws/install/px4_msgs/include/px4_msgs/px4_msgs/msg/detail/arming_check_reply__rosidl_typesupport_introspection_cpp.hpp\n'}
[9.674251] (px4_msgs) StdoutLine: {'line': b'-- Up-to-date: /home/em/ros_workspace_2025/nav_ws/install/px4_msgs/include/px4_msgs/px4_msgs/msg/detail/mavlink_tunnel__type_support.cpp\n'}
[9.674273] (px4_msgs) StdoutLine: {'line': b'-- Up-to-date: /home/em/ros_workspace_2025/nav_ws/install/px4_msgs/include/px4_msgs/px4_msgs/msg/detail/differential_pressure__rosidl_typesupport_introspection_cpp.hpp\n'}
[9.674298] (px4_msgs) StdoutLine: {'line': b'-- Up-to-date: /home/em/ros_workspace_2025/nav_ws/install/px4_msgs/include/px4_msgs/px4_msgs/msg/detail/internal_combustion_engine_status__rosidl_typesupport_introspection_cpp.hpp\n'}
[9.674319] (px4_msgs) StdoutLine: {'line': b'-- Up-to-date: /home/em/ros_workspace_2025/nav_ws/install/px4_msgs/include/px4_msgs/px4_msgs/msg/detail/qshell_req__rosidl_typesupport_introspection_cpp.hpp\n'}
[9.674339] (px4_msgs) StdoutLine: {'line': b'-- Up-to-date: /home/em/ros_workspace_2025/nav_ws/install/px4_msgs/include/px4_msgs/px4_msgs/msg/detail/iridiumsbd_status__rosidl_typesupport_introspection_cpp.hpp\n'}
[9.674359] (px4_msgs) StdoutLine: {'line': b'-- Up-to-date: /home/em/ros_workspace_2025/nav_ws/install/px4_msgs/include/px4_msgs/px4_msgs/msg/detail/estimator_aid_source2d__type_support.cpp\n'}
[9.674379] (px4_msgs) StdoutLine: {'line': b'-- Up-to-date: /home/em/ros_workspace_2025/nav_ws/install/px4_msgs/include/px4_msgs/px4_msgs/msg/detail/hover_thrust_estimate__type_support.cpp\n'}
[9.674399] (px4_msgs) StdoutLine: {'line': b'-- Up-to-date: /home/em/ros_workspace_2025/nav_ws/install/px4_msgs/include/px4_msgs/px4_msgs/msg/detail/rate_ctrl_status__type_support.cpp\n'}
[9.674423] (px4_msgs) StdoutLine: {'line': b'-- Up-to-date: /home/em/ros_workspace_2025/nav_ws/install/px4_msgs/include/px4_msgs/px4_msgs/msg/detail/sensor_airflow__rosidl_typesupport_introspection_cpp.hpp\n'}
[9.674443] (px4_msgs) StdoutLine: {'line': b'-- Up-to-date: /home/em/ros_workspace_2025/nav_ws/install/px4_msgs/include/px4_msgs/px4_msgs/msg/detail/telemetry_status__rosidl_typesupport_introspection_cpp.hpp\n'}
[9.674465] (px4_msgs) StdoutLine: {'line': b'-- Up-to-date: /home/em/ros_workspace_2025/nav_ws/install/px4_msgs/include/px4_msgs/px4_msgs/msg/detail/rover_mecanum_status__type_support.cpp\n'}
[9.674488] (px4_msgs) StdoutLine: {'line': b'-- Up-to-date: /home/em/ros_workspace_2025/nav_ws/install/px4_msgs/include/px4_msgs/px4_msgs/msg/detail/rover_ackermann_setpoint__rosidl_typesupport_introspection_cpp.hpp\n'}
[9.674509] (px4_msgs) StdoutLine: {'line': b'-- Up-to-date: /home/em/ros_workspace_2025/nav_ws/install/px4_msgs/include/px4_msgs/px4_msgs/msg/detail/register_ext_component_reply__type_support.cpp\n'}
[9.674530] (px4_msgs) StdoutLine: {'line': b'-- Up-to-date: /home/em/ros_workspace_2025/nav_ws/install/px4_msgs/include/px4_msgs/px4_msgs/msg/detail/orb_test_medium__rosidl_typesupport_introspection_cpp.hpp\n'}
[9.674562] (px4_msgs) StdoutLine: {'line': b'-- Up-to-date: /home/em/ros_workspace_2025/nav_ws/install/px4_msgs/include/px4_msgs/px4_msgs/msg/detail/parameter_set_value_request__type_support.cpp\n'}
[9.674595] (px4_msgs) StdoutLine: {'line': b'-- Up-to-date: /home/em/ros_workspace_2025/nav_ws/install/px4_msgs/include/px4_msgs/px4_msgs/msg/detail/sensors_status__rosidl_typesupport_introspection_cpp.hpp\n'}
[9.674638] (px4_msgs) StdoutLine: {'line': b'-- Up-to-date: /home/em/ros_workspace_2025/nav_ws/install/px4_msgs/include/px4_msgs/px4_msgs/msg/detail/rover_mecanum_setpoint__rosidl_typesupport_introspection_cpp.hpp\n'}
[9.674719] (px4_msgs) StdoutLine: {'line': b'-- Up-to-date: /home/em/ros_workspace_2025/nav_ws/install/px4_msgs/include/px4_msgs/px4_msgs/msg/detail/rc_channels__rosidl_typesupport_introspection_cpp.hpp\n'}
[9.674742] (px4_msgs) StdoutLine: {'line': b'-- Up-to-date: /home/em/ros_workspace_2025/nav_ws/install/px4_msgs/include/px4_msgs/px4_msgs/msg/detail/radio_status__type_support.cpp\n'}
[9.674764] (px4_msgs) StdoutLine: {'line': b'-- Up-to-date: /home/em/ros_workspace_2025/nav_ws/install/px4_msgs/include/px4_msgs/px4_msgs/msg/detail/parameter_set_used_request__type_support.cpp\n'}
[9.674785] (px4_msgs) StdoutLine: {'line': b'-- Up-to-date: /home/em/ros_workspace_2025/nav_ws/install/px4_msgs/include/px4_msgs/px4_msgs/msg/detail/open_drone_id_arm_status__type_support.cpp\n'}
[9.674808] (px4_msgs) StdoutLine: {'line': b'-- Up-to-date: /home/em/ros_workspace_2025/nav_ws/install/px4_msgs/include/px4_msgs/px4_msgs/msg/detail/ping__type_support.cpp\n'}
[9.674829] (px4_msgs) StdoutLine: {'line': b'-- Up-to-date: /home/em/ros_workspace_2025/nav_ws/install/px4_msgs/include/px4_msgs/px4_msgs/msg/detail/rover_mecanum_setpoint__type_support.cpp\n'}
[9.674852] (px4_msgs) StdoutLine: {'line': b'-- Up-to-date: /home/em/ros_workspace_2025/nav_ws/install/px4_msgs/include/px4_msgs/px4_msgs/msg/detail/wheel_encoders__type_support.cpp\n'}
[9.674874] (px4_msgs) StdoutLine: {'line': b'-- Up-to-date: /home/em/ros_workspace_2025/nav_ws/install/px4_msgs/include/px4_msgs/px4_msgs/msg/detail/can_interface_status__type_support.cpp\n'}
[9.674897] (px4_msgs) StdoutLine: {'line': b'-- Up-to-date: /home/em/ros_workspace_2025/nav_ws/install/px4_msgs/include/px4_msgs/px4_msgs/msg/detail/gpio_out__type_support.cpp\n'}
[9.674943] (px4_msgs) StdoutLine: {'line': b'-- Up-to-date: /home/em/ros_workspace_2025/nav_ws/install/px4_msgs/include/px4_msgs/px4_msgs/msg/detail/fuel_tank_status__rosidl_typesupport_introspection_cpp.hpp\n'}
[9.674966] (px4_msgs) StdoutLine: {'line': b'-- Up-to-date: /home/em/ros_workspace_2025/nav_ws/install/px4_msgs/include/px4_msgs/px4_msgs/msg/detail/button_event__rosidl_typesupport_introspection_cpp.hpp\n'}
[9.674985] (px4_msgs) StdoutLine: {'line': b'-- Up-to-date: /home/em/ros_workspace_2025/nav_ws/install/px4_msgs/include/px4_msgs/px4_msgs/msg/detail/offboard_control_mode__type_support.cpp\n'}
[9.675006] (px4_msgs) StdoutLine: {'line': b'-- Up-to-date: /home/em/ros_workspace_2025/nav_ws/install/px4_msgs/include/px4_msgs/px4_msgs/msg/detail/position_controller_landing_status__type_support.cpp\n'}
[9.675026] (px4_msgs) StdoutLine: {'line': b'-- Up-to-date: /home/em/ros_workspace_2025/nav_ws/install/px4_msgs/include/px4_msgs/px4_msgs/msg/detail/estimator_aid_source3d__rosidl_typesupport_introspection_cpp.hpp\n'}
[9.675047] (px4_msgs) StdoutLine: {'line': b'-- Up-to-date: /home/em/ros_workspace_2025/nav_ws/install/px4_msgs/include/px4_msgs/px4_msgs/msg/detail/vehicle_attitude_setpoint__rosidl_typesupport_introspection_cpp.hpp\n'}
[9.675069] (px4_msgs) StdoutLine: {'line': b'-- Up-to-date: /home/em/ros_workspace_2025/nav_ws/install/px4_msgs/include/px4_msgs/px4_msgs/msg/detail/landing_target_pose__type_support.cpp\n'}
[9.675103] (px4_msgs) StdoutLine: {'line': b'-- Up-to-date: /home/em/ros_workspace_2025/nav_ws/install/px4_msgs/include/px4_msgs/px4_msgs/msg/detail/vehicle_constraints__rosidl_typesupport_introspection_cpp.hpp\n'}
[9.675123] (px4_msgs) StdoutLine: {'line': b'-- Up-to-date: /home/em/ros_workspace_2025/nav_ws/install/px4_msgs/include/px4_msgs/px4_msgs/msg/detail/px4io_status__type_support.cpp\n'}
[9.675145] (px4_msgs) StdoutLine: {'line': b'-- Up-to-date: /home/em/ros_workspace_2025/nav_ws/install/px4_msgs/include/px4_msgs/px4_msgs/msg/detail/normalized_unsigned_setpoint__rosidl_typesupport_introspection_cpp.hpp\n'}
[9.675165] (px4_msgs) StdoutLine: {'line': b'-- Up-to-date: /home/em/ros_workspace_2025/nav_ws/install/px4_msgs/include/px4_msgs/px4_msgs/msg/detail/sensor_gyro_fft__rosidl_typesupport_introspection_cpp.hpp\n'}
[9.675186] (px4_msgs) StdoutLine: {'line': b'-- Up-to-date: /home/em/ros_workspace_2025/nav_ws/install/px4_msgs/include/px4_msgs/px4_msgs/msg/detail/offboard_control_mode__rosidl_typesupport_introspection_cpp.hpp\n'}
[9.675205] (px4_msgs) StdoutLine: {'line': b'-- Up-to-date: /home/em/ros_workspace_2025/nav_ws/install/px4_msgs/include/px4_msgs/px4_msgs/msg/detail/uavcan_parameter_value__rosidl_typesupport_introspection_cpp.hpp\n'}
[9.675225] (px4_msgs) StdoutLine: {'line': b'-- Up-to-date: /home/em/ros_workspace_2025/nav_ws/install/px4_msgs/include/px4_msgs/px4_msgs/msg/detail/tecs_status__type_support.cpp\n'}
[9.675246] (px4_msgs) StdoutLine: {'line': b'-- Up-to-date: /home/em/ros_workspace_2025/nav_ws/install/px4_msgs/include/px4_msgs/px4_msgs/msg/detail/estimator_status__rosidl_typesupport_introspection_cpp.hpp\n'}
[9.675268] (px4_msgs) StdoutLine: {'line': b'-- Up-to-date: /home/em/ros_workspace_2025/nav_ws/install/px4_msgs/include/px4_msgs/px4_msgs/msg/detail/estimator_gps_status__type_support.cpp\n'}
[9.675297] (px4_msgs) StdoutLine: {'line': b'-- Up-to-date: /home/em/ros_workspace_2025/nav_ws/install/px4_msgs/include/px4_msgs/px4_msgs/msg/detail/rover_differential_guidance_status__type_support.cpp\n'}
[9.675319] (px4_msgs) StdoutLine: {'line': b'-- Up-to-date: /home/em/ros_workspace_2025/nav_ws/install/px4_msgs/include/px4_msgs/px4_msgs/msg/detail/arming_check_request__rosidl_typesupport_introspection_cpp.hpp\n'}
[9.675343] (px4_msgs) StdoutLine: {'line': b'-- Up-to-date: /home/em/ros_workspace_2025/nav_ws/install/px4_msgs/include/px4_msgs/px4_msgs/msg/detail/irlock_report__rosidl_typesupport_introspection_cpp.hpp\n'}
[9.675365] (px4_msgs) StdoutLine: {'line': b'-- Up-to-date: /home/em/ros_workspace_2025/nav_ws/install/px4_msgs/include/px4_msgs/px4_msgs/msg/detail/debug_value__rosidl_typesupport_introspection_cpp.hpp\n'}
[9.675386] (px4_msgs) StdoutLine: {'line': b'-- Up-to-date: /home/em/ros_workspace_2025/nav_ws/install/px4_msgs/include/px4_msgs/px4_msgs/msg/detail/failsafe_flags__type_support.cpp\n'}
[9.675408] (px4_msgs) StdoutLine: {'line': b'-- Up-to-date: /home/em/ros_workspace_2025/nav_ws/install/px4_msgs/include/px4_msgs/px4_msgs/msg/detail/camera_capture__rosidl_typesupport_introspection_cpp.hpp\n'}
[9.675429] (px4_msgs) StdoutLine: {'line': b'-- Up-to-date: /home/em/ros_workspace_2025/nav_ws/install/px4_msgs/include/px4_msgs/px4_msgs/msg/detail/vehicle_control_mode__type_support.cpp\n'}
[9.675452] (px4_msgs) StdoutLine: {'line': b'-- Up-to-date: /home/em/ros_workspace_2025/nav_ws/install/px4_msgs/include/px4_msgs/px4_msgs/msg/detail/gpio_config__rosidl_typesupport_introspection_cpp.hpp\n'}
[9.675474] (px4_msgs) StdoutLine: {'line': b'-- Up-to-date: /home/em/ros_workspace_2025/nav_ws/install/px4_msgs/include/px4_msgs/px4_msgs/msg/detail/airspeed__rosidl_typesupport_introspection_cpp.hpp\n'}
[9.675496] (px4_msgs) StdoutLine: {'line': b'-- Up-to-date: /home/em/ros_workspace_2025/nav_ws/install/px4_msgs/include/px4_msgs/px4_msgs/msg/detail/collision_constraints__type_support.cpp\n'}
[9.675518] (px4_msgs) StdoutLine: {'line': b'-- Up-to-date: /home/em/ros_workspace_2025/nav_ws/install/px4_msgs/include/px4_msgs/px4_msgs/msg/detail/debug_key_value__type_support.cpp\n'}
[9.675540] (px4_msgs) StdoutLine: {'line': b'-- Up-to-date: /home/em/ros_workspace_2025/nav_ws/install/px4_msgs/include/px4_msgs/px4_msgs/msg/detail/gpio_request__type_support.cpp\n'}
[9.675562] (px4_msgs) StdoutLine: {'line': b'-- Up-to-date: /home/em/ros_workspace_2025/nav_ws/install/px4_msgs/include/px4_msgs/px4_msgs/msg/detail/follow_target_status__type_support.cpp\n'}
[9.675585] (px4_msgs) StdoutLine: {'line': b'-- Up-to-date: /home/em/ros_workspace_2025/nav_ws/install/px4_msgs/include/px4_msgs/px4_msgs/msg/detail/message_format_response__type_support.cpp\n'}
[9.675611] (px4_msgs) StdoutLine: {'line': b'-- Up-to-date: /home/em/ros_workspace_2025/nav_ws/install/px4_msgs/include/px4_msgs/px4_msgs/msg/detail/autotune_attitude_control_status__rosidl_typesupport_introspection_cpp.hpp\n'}
[9.675632] (px4_msgs) StdoutLine: {'line': b'-- Up-to-date: /home/em/ros_workspace_2025/nav_ws/install/px4_msgs/include/px4_msgs/px4_msgs/msg/detail/estimator_innovations__rosidl_typesupport_introspection_cpp.hpp\n'}
[9.675653] (px4_msgs) StdoutLine: {'line': b'-- Up-to-date: /home/em/ros_workspace_2025/nav_ws/install/px4_msgs/include/px4_msgs/px4_msgs/msg/detail/sensor_gyro__type_support.cpp\n'}
[9.675674] (px4_msgs) StdoutLine: {'line': b'-- Up-to-date: /home/em/ros_workspace_2025/nav_ws/install/px4_msgs/include/px4_msgs/px4_msgs/msg/detail/gpio_in__type_support.cpp\n'}
[9.675696] (px4_msgs) StdoutLine: {'line': b'-- Up-to-date: /home/em/ros_workspace_2025/nav_ws/install/px4_msgs/include/px4_msgs/px4_msgs/msg/detail/gimbal_manager_status__type_support.cpp\n'}
[9.675718] (px4_msgs) StdoutLine: {'line': b'-- Up-to-date: /home/em/ros_workspace_2025/nav_ws/install/px4_msgs/include/px4_msgs/px4_msgs/msg/detail/parameter_reset_request__rosidl_typesupport_introspection_cpp.hpp\n'}
[9.675775] (px4_msgs) StdoutLine: {'line': b'-- Up-to-date: /home/em/ros_workspace_2025/nav_ws/install/px4_msgs/include/px4_msgs/px4_msgs/msg/detail/gpio_request__rosidl_typesupport_introspection_cpp.hpp\n'}
[9.675810] (px4_msgs) StdoutLine: {'line': b'-- Up-to-date: /home/em/ros_workspace_2025/nav_ws/install/px4_msgs/include/px4_msgs/px4_msgs/msg/detail/gimbal_manager_information__rosidl_typesupport_introspection_cpp.hpp\n'}
[9.675851] (px4_msgs) StdoutLine: {'line': b'-- Up-to-date: /home/em/ros_workspace_2025/nav_ws/install/px4_msgs/include/px4_msgs/px4_msgs/msg/detail/estimator_status__type_support.cpp\n'}
[9.675949] (px4_msgs) StdoutLine: {'line': b'-- Up-to-date: /home/em/ros_workspace_2025/nav_ws/install/px4_msgs/include/px4_msgs/px4_msgs/msg/detail/actuator_test__type_support.cpp\n'}
[9.675992] (px4_msgs) StdoutLine: {'line': b'-- Up-to-date: /home/em/ros_workspace_2025/nav_ws/install/px4_msgs/include/px4_msgs/px4_msgs/msg/detail/vehicle_local_position__type_support.cpp\n'}
[9.676019] (px4_msgs) StdoutLine: {'line': b'-- Up-to-date: /home/em/ros_workspace_2025/nav_ws/install/px4_msgs/include/px4_msgs/px4_msgs/msg/detail/orb_test_large__type_support.cpp\n'}
[9.676044] (px4_msgs) StdoutLine: {'line': b'-- Up-to-date: /home/em/ros_workspace_2025/nav_ws/install/px4_msgs/include/px4_msgs/px4_msgs/msg/detail/tiltrotor_extra_controls__rosidl_typesupport_introspection_cpp.hpp\n'}
[9.676069] (px4_msgs) StdoutLine: {'line': b'-- Up-to-date: /home/em/ros_workspace_2025/nav_ws/install/px4_msgs/include/px4_msgs/px4_msgs/msg/detail/adc_report__type_support.cpp\n'}
[9.676093] (px4_msgs) StdoutLine: {'line': b'-- Up-to-date: /home/em/ros_workspace_2025/nav_ws/install/px4_msgs/include/px4_msgs/px4_msgs/msg/detail/sensors_status_imu__type_support.cpp\n'}
[9.676116] (px4_msgs) StdoutLine: {'line': b'-- Up-to-date: /home/em/ros_workspace_2025/nav_ws/install/px4_msgs/include/px4_msgs/px4_msgs/msg/detail/event__rosidl_typesupport_introspection_cpp.hpp\n'}
[9.676139] (px4_msgs) StdoutLine: {'line': b'-- Up-to-date: /home/em/ros_workspace_2025/nav_ws/install/px4_msgs/include/px4_msgs/px4_msgs/msg/detail/sensor_correction__type_support.cpp\n'}
[9.676162] (px4_msgs) StdoutLine: {'line': b'-- Up-to-date: /home/em/ros_workspace_2025/nav_ws/install/px4_msgs/include/px4_msgs/px4_msgs/msg/detail/estimator_bias3d__rosidl_typesupport_introspection_cpp.hpp\n'}
[9.676184] (px4_msgs) StdoutLine: {'line': b'-- Up-to-date: /home/em/ros_workspace_2025/nav_ws/install/px4_msgs/include/px4_msgs/px4_msgs/msg/detail/vehicle_rates_setpoint__type_support.cpp\n'}
[9.676207] (px4_msgs) StdoutLine: {'line': b'-- Up-to-date: /home/em/ros_workspace_2025/nav_ws/install/px4_msgs/include/px4_msgs/px4_msgs/msg/detail/mag_worker_data__rosidl_typesupport_introspection_cpp.hpp\n'}
[9.676229] (px4_msgs) StdoutLine: {'line': b'-- Up-to-date: /home/em/ros_workspace_2025/nav_ws/install/px4_msgs/include/px4_msgs/px4_msgs/msg/detail/launch_detection_status__rosidl_typesupport_introspection_cpp.hpp\n'}
[9.676251] (px4_msgs) StdoutLine: {'line': b'-- Up-to-date: /home/em/ros_workspace_2025/nav_ws/install/px4_msgs/include/px4_msgs/px4_msgs/msg/detail/power_monitor__rosidl_typesupport_introspection_cpp.hpp\n'}
[9.676286] (px4_msgs) StdoutLine: {'line': b'-- Up-to-date: /home/em/ros_workspace_2025/nav_ws/install/px4_msgs/include/px4_msgs/px4_msgs/msg/detail/gimbal_manager_status__rosidl_typesupport_introspection_cpp.hpp\n'}
[9.676321] (px4_msgs) StdoutLine: {'line': b'-- Up-to-date: /home/em/ros_workspace_2025/nav_ws/install/px4_msgs/include/px4_msgs/px4_msgs/msg/detail/open_drone_id_system__rosidl_typesupport_introspection_cpp.hpp\n'}
[9.676343] (px4_msgs) StdoutLine: {'line': b'-- Up-to-date: /home/em/ros_workspace_2025/nav_ws/install/px4_msgs/include/px4_msgs/px4_msgs/msg/detail/rover_differential_setpoint__type_support.cpp\n'}
[9.676365] (px4_msgs) StdoutLine: {'line': b'-- Up-to-date: /home/em/ros_workspace_2025/nav_ws/install/px4_msgs/include/px4_msgs/px4_msgs/msg/detail/uavcan_parameter_value__type_support.cpp\n'}
[9.676397] (px4_msgs) StdoutLine: {'line': b'-- Up-to-date: /home/em/ros_workspace_2025/nav_ws/install/px4_msgs/include/px4_msgs/px4_msgs/msg/detail/rpm__type_support.cpp\n'}
[9.676420] (px4_msgs) StdoutLine: {'line': b'-- Up-to-date: /home/em/ros_workspace_2025/nav_ws/install/px4_msgs/include/px4_msgs/px4_msgs/msg/detail/rover_ackermann_guidance_status__rosidl_typesupport_introspection_cpp.hpp\n'}
[9.676441] (px4_msgs) StdoutLine: {'line': b'-- Up-to-date: /home/em/ros_workspace_2025/nav_ws/install/px4_msgs/include/px4_msgs/px4_msgs/msg/detail/ekf2_timestamps__type_support.cpp\n'}
[9.676463] (px4_msgs) StdoutLine: {'line': b'-- Up-to-date: /home/em/ros_workspace_2025/nav_ws/install/px4_msgs/include/px4_msgs/px4_msgs/msg/detail/vehicle_magnetometer__rosidl_typesupport_introspection_cpp.hpp\n'}
[9.676483] (px4_msgs) StdoutLine: {'line': b'-- Up-to-date: /home/em/ros_workspace_2025/nav_ws/install/px4_msgs/include/px4_msgs/px4_msgs/msg/detail/obstacle_distance__type_support.cpp\n'}
[9.676503] (px4_msgs) StdoutLine: {'line': b'-- Up-to-date: /home/em/ros_workspace_2025/nav_ws/install/px4_msgs/include/px4_msgs/px4_msgs/msg/detail/vehicle_optical_flow__type_support.cpp\n'}
[9.676524] (px4_msgs) StdoutLine: {'line': b'-- Up-to-date: /home/em/ros_workspace_2025/nav_ws/install/px4_msgs/include/px4_msgs/px4_msgs/msg/detail/open_drone_id_self_id__type_support.cpp\n'}
[9.676543] (px4_msgs) StdoutLine: {'line': b'-- Up-to-date: /home/em/ros_workspace_2025/nav_ws/install/px4_msgs/include/px4_msgs/px4_msgs/msg/detail/estimator_status_flags__rosidl_typesupport_introspection_cpp.hpp\n'}
[9.676566] (px4_msgs) StdoutLine: {'line': b'-- Up-to-date: /home/em/ros_workspace_2025/nav_ws/install/px4_msgs/include/px4_msgs/px4_msgs/msg/detail/takeoff_status__type_support.cpp\n'}
[9.676586] (px4_msgs) StdoutLine: {'line': b'-- Up-to-date: /home/em/ros_workspace_2025/nav_ws/install/px4_msgs/include/px4_msgs/px4_msgs/msg/detail/mavlink_log__type_support.cpp\n'}
[9.676607] (px4_msgs) StdoutLine: {'line': b'-- Up-to-date: /home/em/ros_workspace_2025/nav_ws/install/px4_msgs/include/px4_msgs/px4_msgs/msg/detail/failure_detector_status__rosidl_typesupport_introspection_cpp.hpp\n'}
[9.676629] (px4_msgs) StdoutLine: {'line': b'-- Up-to-date: /home/em/ros_workspace_2025/nav_ws/install/px4_msgs/include/px4_msgs/px4_msgs/msg/detail/normalized_unsigned_setpoint__type_support.cpp\n'}
[9.676650] (px4_msgs) StdoutLine: {'line': b'-- Up-to-date: /home/em/ros_workspace_2025/nav_ws/install/px4_msgs/include/px4_msgs/px4_msgs/msg/detail/logger_status__rosidl_typesupport_introspection_cpp.hpp\n'}
[9.676671] (px4_msgs) StdoutLine: {'line': b'-- Up-to-date: /home/em/ros_workspace_2025/nav_ws/install/px4_msgs/include/px4_msgs/px4_msgs/msg/detail/mount_orientation__rosidl_typesupport_introspection_cpp.hpp\n'}
[9.676693] (px4_msgs) StdoutLine: {'line': b'-- Up-to-date: /home/em/ros_workspace_2025/nav_ws/install/px4_msgs/include/px4_msgs/px4_msgs/msg/detail/geofence_result__rosidl_typesupport_introspection_cpp.hpp\n'}
[9.676714] (px4_msgs) StdoutLine: {'line': b'-- Up-to-date: /home/em/ros_workspace_2025/nav_ws/install/px4_msgs/include/px4_msgs/px4_msgs/msg/detail/unregister_ext_component__type_support.cpp\n'}
[9.676735] (px4_msgs) StdoutLine: {'line': b'-- Up-to-date: /home/em/ros_workspace_2025/nav_ws/install/px4_msgs/include/px4_msgs/px4_msgs/msg/detail/open_drone_id_self_id__rosidl_typesupport_introspection_cpp.hpp\n'}
[9.676757] (px4_msgs) StdoutLine: {'line': b'-- Up-to-date: /home/em/ros_workspace_2025/nav_ws/install/px4_msgs/include/px4_msgs/px4_msgs/msg/detail/sensor_gyro_fifo__type_support.cpp\n'}
[9.676779] (px4_msgs) StdoutLine: {'line': b'-- Up-to-date: /home/em/ros_workspace_2025/nav_ws/install/px4_msgs/include/px4_msgs/px4_msgs/msg/detail/velocity_limits__type_support.cpp\n'}
[9.676800] (px4_msgs) StdoutLine: {'line': b'-- Up-to-date: /home/em/ros_workspace_2025/nav_ws/install/px4_msgs/include/px4_msgs/px4_msgs/msg/detail/tune_control__rosidl_typesupport_introspection_cpp.hpp\n'}
[9.676821] (px4_msgs) StdoutLine: {'line': b'-- Up-to-date: /home/em/ros_workspace_2025/nav_ws/install/px4_msgs/include/px4_msgs/px4_msgs/msg/detail/vehicle_angular_velocity__rosidl_typesupport_introspection_cpp.hpp\n'}
[9.676852] (px4_msgs) StdoutLine: {'line': b'-- Up-to-date: /home/em/ros_workspace_2025/nav_ws/install/px4_msgs/include/px4_msgs/px4_msgs/msg/detail/vehicle_global_position__type_support.cpp\n'}
[9.676872] (px4_msgs) StdoutLine: {'line': b'-- Up-to-date: /home/em/ros_workspace_2025/nav_ws/install/px4_msgs/include/px4_msgs/px4_msgs/msg/detail/dataman_request__rosidl_typesupport_introspection_cpp.hpp\n'}
[9.676892] (px4_msgs) StdoutLine: {'line': b'-- Up-to-date: /home/em/ros_workspace_2025/nav_ws/install/px4_msgs/include/px4_msgs/px4_msgs/msg/detail/vehicle_acceleration__type_support.cpp\n'}
[9.676913] (px4_msgs) StdoutLine: {'line': b'-- Up-to-date: /home/em/ros_workspace_2025/nav_ws/install/px4_msgs/include/px4_msgs/px4_msgs/msg/detail/landing_target_pose__rosidl_typesupport_introspection_cpp.hpp\n'}
[9.676934] (px4_msgs) StdoutLine: {'line': b'-- Up-to-date: /home/em/ros_workspace_2025/nav_ws/install/px4_msgs/include/px4_msgs/px4_msgs/msg/detail/actuator_outputs__rosidl_typesupport_introspection_cpp.hpp\n'}
[9.676961] (px4_msgs) StdoutLine: {'line': b'-- Up-to-date: /home/em/ros_workspace_2025/nav_ws/install/px4_msgs/include/px4_msgs/px4_msgs/msg/detail/airspeed_validated__rosidl_typesupport_introspection_cpp.hpp\n'}
[9.676982] (px4_msgs) StdoutLine: {'line': b'-- Up-to-date: /home/em/ros_workspace_2025/nav_ws/install/px4_msgs/include/px4_msgs/px4_msgs/msg/detail/gimbal_device_set_attitude__rosidl_typesupport_introspection_cpp.hpp\n'}
[9.677003] (px4_msgs) StdoutLine: {'line': b'-- Up-to-date: /home/em/ros_workspace_2025/nav_ws/install/px4_msgs/include/px4_msgs/px4_msgs/msg/detail/vehicle_constraints__type_support.cpp\n'}
[9.677022] (px4_msgs) StdoutLine: {'line': b'-- Up-to-date: /home/em/ros_workspace_2025/nav_ws/install/px4_msgs/include/px4_msgs/px4_msgs/msg/detail/trajectory_setpoint__type_support.cpp\n'}
[9.677042] (px4_msgs) StdoutLine: {'line': b'-- Up-to-date: /home/em/ros_workspace_2025/nav_ws/install/px4_msgs/include/px4_msgs/px4_msgs/msg/detail/vehicle_land_detected__type_support.cpp\n'}
[9.677062] (px4_msgs) StdoutLine: {'line': b'-- Up-to-date: /home/em/ros_workspace_2025/nav_ws/install/px4_msgs/include/px4_msgs/px4_msgs/msg/detail/orb_test__type_support.cpp\n'}
[9.677081] (px4_msgs) StdoutLine: {'line': b'-- Up-to-date: /home/em/ros_workspace_2025/nav_ws/install/px4_msgs/include/px4_msgs/px4_msgs/msg/detail/uavcan_parameter_request__rosidl_typesupport_introspection_cpp.hpp\n'}
[9.677101] (px4_msgs) StdoutLine: {'line': b'-- Up-to-date: /home/em/ros_workspace_2025/nav_ws/install/px4_msgs/include/px4_msgs/px4_msgs/msg/detail/vehicle_roi__rosidl_typesupport_introspection_cpp.hpp\n'}
[9.677121] (px4_msgs) StdoutLine: {'line': b'-- Up-to-date: /home/em/ros_workspace_2025/nav_ws/install/px4_msgs/include/px4_msgs/px4_msgs/msg/detail/debug_key_value__rosidl_typesupport_introspection_cpp.hpp\n'}
[9.677150] (px4_msgs) StdoutLine: {'line': b'-- Up-to-date: /home/em/ros_workspace_2025/nav_ws/install/px4_msgs/include/px4_msgs/px4_msgs/msg/detail/vehicle_imu__type_support.cpp\n'}
[9.677171] (px4_msgs) StdoutLine: {'line': b'-- Up-to-date: /home/em/ros_workspace_2025/nav_ws/install/px4_msgs/include/px4_msgs/px4_msgs/msg/detail/open_drone_id_operator_id__rosidl_typesupport_introspection_cpp.hpp\n'}
[9.677191] (px4_msgs) StdoutLine: {'line': b'-- Up-to-date: /home/em/ros_workspace_2025/nav_ws/install/px4_msgs/include/px4_msgs/px4_msgs/msg/detail/orb_test_medium__type_support.cpp\n'}
[9.677211] (px4_msgs) StdoutLine: {'line': b'-- Up-to-date: /home/em/ros_workspace_2025/nav_ws/install/px4_msgs/include/px4_msgs/px4_msgs/msg/detail/cellular_status__rosidl_typesupport_introspection_cpp.hpp\n'}
[9.677231] (px4_msgs) StdoutLine: {'line': b'-- Up-to-date: /home/em/ros_workspace_2025/nav_ws/install/px4_msgs/include/px4_msgs/px4_msgs/msg/detail/ping__rosidl_typesupport_introspection_cpp.hpp\n'}
[9.677250] (px4_msgs) StdoutLine: {'line': b'-- Up-to-date: /home/em/ros_workspace_2025/nav_ws/install/px4_msgs/include/px4_msgs/px4_msgs/msg/detail/debug_vect__rosidl_typesupport_introspection_cpp.hpp\n'}
[9.677271] (px4_msgs) StdoutLine: {'line': b'-- Up-to-date: /home/em/ros_workspace_2025/nav_ws/install/px4_msgs/include/px4_msgs/px4_msgs/msg/detail/vehicle_global_position__rosidl_typesupport_introspection_cpp.hpp\n'}
[9.677295] (px4_msgs) StdoutLine: {'line': b'-- Up-to-date: /home/em/ros_workspace_2025/nav_ws/install/px4_msgs/include/px4_msgs/px4_msgs/msg/detail/trajectory_setpoint__rosidl_typesupport_introspection_cpp.hpp\n'}
[9.677315] (px4_msgs) StdoutLine: {'line': b'-- Up-to-date: /home/em/ros_workspace_2025/nav_ws/install/px4_msgs/include/px4_msgs/px4_msgs/msg/detail/parameter_set_used_request__rosidl_typesupport_introspection_cpp.hpp\n'}
[9.677340] (px4_msgs) StdoutLine: {'line': b'-- Up-to-date: /home/em/ros_workspace_2025/nav_ws/install/px4_msgs/include/px4_msgs/px4_msgs/msg/detail/camera_trigger__type_support.cpp\n'}
[9.677361] (px4_msgs) StdoutLine: {'line': b'-- Up-to-date: /home/em/ros_workspace_2025/nav_ws/install/px4_msgs/include/px4_msgs/px4_msgs/msg/detail/internal_combustion_engine_status__type_support.cpp\n'}
[9.677391] (px4_msgs) StdoutLine: {'line': b'-- Up-to-date: /home/em/ros_workspace_2025/nav_ws/install/px4_msgs/include/px4_msgs/px4_msgs/msg/detail/esc_report__type_support.cpp\n'}
[9.677411] (px4_msgs) StdoutLine: {'line': b'-- Up-to-date: /home/em/ros_workspace_2025/nav_ws/install/px4_msgs/include/px4_msgs/px4_msgs/msg/detail/sensor_airflow__type_support.cpp\n'}
[9.677432] (px4_msgs) StdoutLine: {'line': b'-- Up-to-date: /home/em/ros_workspace_2025/nav_ws/install/px4_msgs/include/px4_msgs/px4_msgs/msg/detail/sensor_optical_flow__type_support.cpp\n'}
[9.677451] (px4_msgs) StdoutLine: {'line': b'-- Up-to-date: /home/em/ros_workspace_2025/nav_ws/install/px4_msgs/include/px4_msgs/px4_msgs/msg/detail/input_rc__type_support.cpp\n'}
[9.677471] (px4_msgs) StdoutLine: {'line': b'-- Up-to-date: /home/em/ros_workspace_2025/nav_ws/install/px4_msgs/include/px4_msgs/px4_msgs/msg/detail/distance_sensor__rosidl_typesupport_introspection_cpp.hpp\n'}
[9.677492] (px4_msgs) StdoutLine: {'line': b'-- Up-to-date: /home/em/ros_workspace_2025/nav_ws/install/px4_msgs/include/px4_msgs/px4_msgs/msg/detail/adc_report__rosidl_typesupport_introspection_cpp.hpp\n'}
[9.677512] (px4_msgs) StdoutLine: {'line': b'-- Up-to-date: /home/em/ros_workspace_2025/nav_ws/install/px4_msgs/include/px4_msgs/px4_msgs/msg/detail/register_ext_component_reply__rosidl_typesupport_introspection_cpp.hpp\n'}
[9.677536] (px4_msgs) StdoutLine: {'line': b'-- Up-to-date: /home/em/ros_workspace_2025/nav_ws/install/px4_msgs/include/px4_msgs/px4_msgs/msg/detail/gimbal_manager_set_attitude__type_support.cpp\n'}
[9.677565] (px4_msgs) StdoutLine: {'line': b'-- Up-to-date: /home/em/ros_workspace_2025/nav_ws/install/px4_msgs/include/px4_msgs/px4_msgs/msg/detail/orbit_status__rosidl_typesupport_introspection_cpp.hpp\n'}
[9.677587] (px4_msgs) StdoutLine: {'line': b'-- Up-to-date: /home/em/ros_workspace_2025/nav_ws/install/px4_msgs/include/px4_msgs/px4_msgs/msg/detail/vehicle_angular_velocity__type_support.cpp\n'}
[9.677607] (px4_msgs) StdoutLine: {'line': b'-- Up-to-date: /home/em/ros_workspace_2025/nav_ws/install/px4_msgs/include/px4_msgs/px4_msgs/msg/detail/parameter_set_value_request__rosidl_typesupport_introspection_cpp.hpp\n'}
[9.677627] (px4_msgs) StdoutLine: {'line': b'-- Up-to-date: /home/em/ros_workspace_2025/nav_ws/install/px4_msgs/include/px4_msgs/px4_msgs/msg/detail/config_overrides__type_support.cpp\n'}
[9.677649] (px4_msgs) StdoutLine: {'line': b'-- Up-to-date: /home/em/ros_workspace_2025/nav_ws/install/px4_msgs/include/px4_msgs/px4_msgs/msg/detail/actuator_armed__type_support.cpp\n'}
[9.677668] (px4_msgs) StdoutLine: {'line': b'-- Up-to-date: /home/em/ros_workspace_2025/nav_ws/install/px4_msgs/include/px4_msgs/px4_msgs/msg/detail/pwm_input__rosidl_typesupport_introspection_cpp.hpp\n'}
[9.677687] (px4_msgs) StdoutLine: {'line': b'-- Up-to-date: /home/em/ros_workspace_2025/nav_ws/install/px4_msgs/include/px4_msgs/px4_msgs/msg/detail/message_format_request__type_support.cpp\n'}
[9.677715] (px4_msgs) StdoutLine: {'line': b'-- Up-to-date: /home/em/ros_workspace_2025/nav_ws/install/px4_msgs/include/px4_msgs/px4_msgs/msg/detail/ulog_stream_ack__type_support.cpp\n'}
[9.677737] (px4_msgs) StdoutLine: {'line': b'-- Up-to-date: /home/em/ros_workspace_2025/nav_ws/install/px4_msgs/include/px4_msgs/px4_msgs/msg/detail/actuator_servos__type_support.cpp\n'}
[9.677757] (px4_msgs) StdoutLine: {'line': b'-- Up-to-date: /home/em/ros_workspace_2025/nav_ws/install/px4_msgs/include/px4_msgs/px4_msgs/msg/detail/launch_detection_status__type_support.cpp\n'}
[9.677777] (px4_msgs) StdoutLine: {'line': b'-- Up-to-date: /home/em/ros_workspace_2025/nav_ws/install/px4_msgs/include/px4_msgs/px4_msgs/msg/detail/register_ext_component_request__rosidl_typesupport_introspection_cpp.hpp\n'}
[9.677796] (px4_msgs) StdoutLine: {'line': b'-- Up-to-date: /home/em/ros_workspace_2025/nav_ws/install/px4_msgs/include/px4_msgs/px4_msgs/msg/detail/parameter_reset_request__type_support.cpp\n'}
[9.677815] (px4_msgs) StdoutLine: {'line': b'-- Up-to-date: /home/em/ros_workspace_2025/nav_ws/install/px4_msgs/include/px4_msgs/px4_msgs/msg/detail/sensor_hygrometer__type_support.cpp\n'}
[9.677835] (px4_msgs) StdoutLine: {'line': b'-- Up-to-date: /home/em/ros_workspace_2025/nav_ws/install/px4_msgs/include/px4_msgs/px4_msgs/msg/detail/gimbal_controls__type_support.cpp\n'}
[9.677854] (px4_msgs) StdoutLine: {'line': b'-- Up-to-date: /home/em/ros_workspace_2025/nav_ws/install/px4_msgs/include/px4_msgs/px4_msgs/msg/detail/telemetry_status__type_support.cpp\n'}
[9.677875] (px4_msgs) StdoutLine: {'line': b'-- Up-to-date: /home/em/ros_workspace_2025/nav_ws/install/px4_msgs/include/px4_msgs/px4_msgs/msg/detail/pwm_input__type_support.cpp\n'}
[9.677897] (px4_msgs) StdoutLine: {'line': b'-- Up-to-date: /home/em/ros_workspace_2025/nav_ws/install/px4_msgs/include/px4_msgs/px4_msgs/msg/detail/satellite_info__rosidl_typesupport_introspection_cpp.hpp\n'}
[9.677918] (px4_msgs) StdoutLine: {'line': b'-- Up-to-date: /home/em/ros_workspace_2025/nav_ws/install/px4_msgs/include/px4_msgs/px4_msgs/msg/detail/gimbal_manager_set_attitude__rosidl_typesupport_introspection_cpp.hpp\n'}
[9.677939] (px4_msgs) StdoutLine: {'line': b'-- Up-to-date: /home/em/ros_workspace_2025/nav_ws/install/px4_msgs/include/px4_msgs/px4_msgs/msg/detail/mavlink_log__rosidl_typesupport_introspection_cpp.hpp\n'}
[9.677960] (px4_msgs) StdoutLine: {'line': b'-- Up-to-date: /home/em/ros_workspace_2025/nav_ws/install/px4_msgs/include/px4_msgs/px4_msgs/msg/detail/orbit_status__type_support.cpp\n'}
[9.677981] (px4_msgs) StdoutLine: {'line': b'-- Up-to-date: /home/em/ros_workspace_2025/nav_ws/install/px4_msgs/include/px4_msgs/px4_msgs/msg/detail/vehicle_command__type_support.cpp\n'}
[9.678002] (px4_msgs) StdoutLine: {'line': b'-- Up-to-date: /home/em/ros_workspace_2025/nav_ws/install/px4_msgs/include/px4_msgs/px4_msgs/msg/detail/arming_check_request__type_support.cpp\n'}
[9.678023] (px4_msgs) StdoutLine: {'line': b'-- Up-to-date: /home/em/ros_workspace_2025/nav_ws/install/px4_msgs/include/px4_msgs/px4_msgs/msg/detail/open_drone_id_operator_id__type_support.cpp\n'}
[9.678044] (px4_msgs) StdoutLine: {'line': b'-- Up-to-date: /home/em/ros_workspace_2025/nav_ws/install/px4_msgs/include/px4_msgs/px4_msgs/msg/detail/sensor_combined__type_support.cpp\n'}
[9.678065] (px4_msgs) StdoutLine: {'line': b'-- Up-to-date: /home/em/ros_workspace_2025/nav_ws/install/px4_msgs/include/px4_msgs/px4_msgs/msg/detail/rover_mecanum_status__rosidl_typesupport_introspection_cpp.hpp\n'}
[9.678086] (px4_msgs) StdoutLine: {'line': b'-- Up-to-date: /home/em/ros_workspace_2025/nav_ws/install/px4_msgs/include/px4_msgs/px4_msgs/msg/detail/vehicle_local_position_setpoint__rosidl_typesupport_introspection_cpp.hpp\n'}
[9.678117] (px4_msgs) StdoutLine: {'line': b'-- Up-to-date: /home/em/ros_workspace_2025/nav_ws/install/px4_msgs/include/px4_msgs/px4_msgs/msg/detail/timesync_status__type_support.cpp\n'}
[9.678137] (px4_msgs) StdoutLine: {'line': b'-- Up-to-date: /home/em/ros_workspace_2025/nav_ws/install/px4_msgs/include/px4_msgs/px4_msgs/msg/detail/estimator_gps_status__rosidl_typesupport_introspection_cpp.hpp\n'}
[9.678160] (px4_msgs) StdoutLine: {'line': b'-- Up-to-date: /home/em/ros_workspace_2025/nav_ws/install/px4_msgs/include/px4_msgs/px4_msgs/msg/detail/qshell_retval__type_support.cpp\n'}
[9.678180] (px4_msgs) StdoutLine: {'line': b'-- Up-to-date: /home/em/ros_workspace_2025/nav_ws/install/px4_msgs/include/px4_msgs/px4_msgs/msg/detail/message_format_request__rosidl_typesupport_introspection_cpp.hpp\n'}
[9.678199] (px4_msgs) StdoutLine: {'line': b'-- Up-to-date: /home/em/ros_workspace_2025/nav_ws/install/px4_msgs/include/px4_msgs/px4_msgs/msg/detail/satellite_info__type_support.cpp\n'}
[9.678219] (px4_msgs) StdoutLine: {'line': b'-- Up-to-date: /home/em/ros_workspace_2025/nav_ws/install/px4_msgs/include/px4_msgs/px4_msgs/msg/detail/gpio_config__type_support.cpp\n'}
[9.678238] (px4_msgs) StdoutLine: {'line': b'-- Up-to-date: /home/em/ros_workspace_2025/nav_ws/install/px4_msgs/include/px4_msgs/px4_msgs/msg/detail/sensor_optical_flow__rosidl_typesupport_introspection_cpp.hpp\n'}
[9.678259] (px4_msgs) StdoutLine: {'line': b'-- Up-to-date: /home/em/ros_workspace_2025/nav_ws/install/px4_msgs/include/px4_msgs/px4_msgs/msg/detail/generator_status__type_support.cpp\n'}
[9.678285] (px4_msgs) StdoutLine: {'line': b'-- Up-to-date: /home/em/ros_workspace_2025/nav_ws/install/px4_msgs/include/px4_msgs/px4_msgs/msg/detail/estimator_bias__type_support.cpp\n'}
[9.678307] (px4_msgs) StdoutLine: {'line': b'-- Up-to-date: /home/em/ros_workspace_2025/nav_ws/install/px4_msgs/include/px4_msgs/px4_msgs/msg/detail/vehicle_torque_setpoint__rosidl_typesupport_introspection_cpp.hpp\n'}
[9.678346] (px4_msgs) StdoutLine: {'line': b'-- Up-to-date: /home/em/ros_workspace_2025/nav_ws/install/px4_msgs/include/px4_msgs/px4_msgs/msg/detail/actuator_armed__rosidl_typesupport_introspection_cpp.hpp\n'}
[9.678367] (px4_msgs) StdoutLine: {'line': b'-- Up-to-date: /home/em/ros_workspace_2025/nav_ws/install/px4_msgs/include/px4_msgs/px4_msgs/msg/detail/arming_check_reply__type_support.cpp\n'}
[9.678387] (px4_msgs) StdoutLine: {'line': b'-- Up-to-date: /home/em/ros_workspace_2025/nav_ws/install/px4_msgs/include/px4_msgs/px4_msgs/msg/detail/sensor_mag__rosidl_typesupport_introspection_cpp.hpp\n'}
[9.678406] (px4_msgs) StdoutLine: {'line': b'-- Up-to-date: /home/em/ros_workspace_2025/nav_ws/install/px4_msgs/include/px4_msgs/px4_msgs/msg/detail/health_report__type_support.cpp\n'}
[9.678434] (px4_msgs) StdoutLine: {'line': b'-- Up-to-date: /home/em/ros_workspace_2025/nav_ws/install/px4_msgs/include/px4_msgs/px4_msgs/msg/detail/sensor_accel_fifo__rosidl_typesupport_introspection_cpp.hpp\n'}
[9.678456] (px4_msgs) StdoutLine: {'line': b'-- Up-to-date: /home/em/ros_workspace_2025/nav_ws/install/px4_msgs/include/px4_msgs/px4_msgs/msg/detail/gimbal_device_attitude_status__type_support.cpp\n'}
[9.678477] (px4_msgs) StdoutLine: {'line': b'-- Up-to-date: /home/em/ros_workspace_2025/nav_ws/install/px4_msgs/include/px4_msgs/px4_msgs/msg/detail/actuator_servos_trim__rosidl_typesupport_introspection_cpp.hpp\n'}
[9.678498] (px4_msgs) StdoutLine: {'line': b'-- Up-to-date: /home/em/ros_workspace_2025/nav_ws/install/px4_msgs/include/px4_msgs/px4_msgs/msg/detail/estimator_aid_source2d__rosidl_typesupport_introspection_cpp.hpp\n'}
[9.678519] (px4_msgs) StdoutLine: {'line': b'-- Up-to-date: /home/em/ros_workspace_2025/nav_ws/install/px4_msgs/include/px4_msgs/px4_msgs/msg/detail/vehicle_status__rosidl_typesupport_introspection_cpp.hpp\n'}
[9.678539] (px4_msgs) StdoutLine: {'line': b'-- Up-to-date: /home/em/ros_workspace_2025/nav_ws/install/px4_msgs/include/px4_msgs/px4_msgs/msg/detail/follow_target__rosidl_typesupport_introspection_cpp.hpp\n'}
[9.678559] (px4_msgs) StdoutLine: {'line': b'-- Up-to-date: /home/em/ros_workspace_2025/nav_ws/install/px4_msgs/include/px4_msgs/px4_msgs/msg/detail/rover_differential_guidance_status__rosidl_typesupport_introspection_cpp.hpp\n'}
[9.678580] (px4_msgs) StdoutLine: {'line': b'-- Up-to-date: /home/em/ros_workspace_2025/nav_ws/install/px4_msgs/include/px4_msgs/px4_msgs/msg/detail/actuator_outputs__type_support.cpp\n'}
[9.678604] (px4_msgs) StdoutLine: {'line': b'-- Up-to-date: /home/em/ros_workspace_2025/nav_ws/install/px4_msgs/include/px4_msgs/px4_msgs/msg/detail/landing_target_innovations__type_support.cpp\n'}
[9.678626] (px4_msgs) StdoutLine: {'line': b'-- Up-to-date: /home/em/ros_workspace_2025/nav_ws/install/px4_msgs/include/px4_msgs/px4_msgs/msg/detail/collision_report__rosidl_typesupport_introspection_cpp.hpp\n'}
[9.678648] (px4_msgs) StdoutLine: {'line': b'-- Up-to-date: /home/em/ros_workspace_2025/nav_ws/install/px4_msgs/include/px4_msgs/px4_msgs/msg/detail/estimator_states__type_support.cpp\n'}
[9.678732] (px4_msgs) StdoutLine: {'line': b'-- Up-to-date: /home/em/ros_workspace_2025/nav_ws/install/px4_msgs/include/px4_msgs/px4_msgs/msg/detail/debug_vect__type_support.cpp\n'}
[9.678756] (px4_msgs) StdoutLine: {'line': b'-- Up-to-date: /home/em/ros_workspace_2025/nav_ws/install/px4_msgs/include/px4_msgs/px4_msgs/msg/detail/mission__type_support.cpp\n'}
[9.678779] (px4_msgs) StdoutLine: {'line': b'-- Up-to-date: /home/em/ros_workspace_2025/nav_ws/install/px4_msgs/include/px4_msgs/px4_msgs/msg/detail/action_request__type_support.cpp\n'}
[9.678801] (px4_msgs) StdoutLine: {'line': b'-- Up-to-date: /home/em/ros_workspace_2025/nav_ws/install/px4_msgs/include/px4_msgs/px4_msgs/msg/detail/battery_status__type_support.cpp\n'}
[9.678822] (px4_msgs) StdoutLine: {'line': b'-- Up-to-date: /home/em/ros_workspace_2025/nav_ws/install/px4_msgs/include/px4_msgs/px4_msgs/msg/detail/rover_ackermann_status__rosidl_typesupport_introspection_cpp.hpp\n'}
[9.678845] (px4_msgs) StdoutLine: {'line': b'-- Up-to-date: /home/em/ros_workspace_2025/nav_ws/install/px4_msgs/include/px4_msgs/px4_msgs/msg/detail/mode_completed__type_support.cpp\n'}
[9.678866] (px4_msgs) StdoutLine: {'line': b'-- Up-to-date: /home/em/ros_workspace_2025/nav_ws/install/px4_msgs/include/px4_msgs/px4_msgs/msg/detail/estimator_aid_source3d__type_support.cpp\n'}
[9.678889] (px4_msgs) StdoutLine: {'line': b'-- Up-to-date: /home/em/ros_workspace_2025/nav_ws/install/px4_msgs/include/px4_msgs/px4_msgs/msg/detail/dataman_request__type_support.cpp\n'}
[9.678911] (px4_msgs) StdoutLine: {'line': b'-- Up-to-date: /home/em/ros_workspace_2025/nav_ws/install/px4_msgs/include/px4_msgs/px4_msgs/msg/detail/vehicle_local_position__rosidl_typesupport_introspection_cpp.hpp\n'}
[9.678933] (px4_msgs) StdoutLine: {'line': b'-- Up-to-date: /home/em/ros_workspace_2025/nav_ws/install/px4_msgs/include/px4_msgs/px4_msgs/msg/detail/geofence_result__type_support.cpp\n'}
[9.678955] (px4_msgs) StdoutLine: {'line': b'-- Up-to-date: /home/em/ros_workspace_2025/nav_ws/install/px4_msgs/include/px4_msgs/px4_msgs/msg/detail/failure_detector_status__type_support.cpp\n'}
[9.678977] (px4_msgs) StdoutLine: {'line': b'-- Up-to-date: /home/em/ros_workspace_2025/nav_ws/install/px4_msgs/include/px4_msgs/px4_msgs/msg/detail/estimator_sensor_bias__rosidl_typesupport_introspection_cpp.hpp\n'}
[9.679012] (px4_msgs) StdoutLine: {'line': b'-- Up-to-date: /home/em/ros_workspace_2025/nav_ws/install/px4_msgs/include/px4_msgs/px4_msgs/msg/detail/rover_differential_status__type_support.cpp\n'}
[9.679036] (px4_msgs) StdoutLine: {'line': b'-- Up-to-date: /home/em/ros_workspace_2025/nav_ws/install/px4_msgs/include/px4_msgs/px4_msgs/msg/detail/velocity_limits__rosidl_typesupport_introspection_cpp.hpp\n'}
[9.679055] (px4_msgs) StdoutLine: {'line': b'-- Up-to-date: /home/em/ros_workspace_2025/nav_ws/install/px4_msgs/include/px4_msgs/px4_msgs/msg/detail/wind__rosidl_typesupport_introspection_cpp.hpp\n'}
[9.679076] (px4_msgs) StdoutLine: {'line': b'-- Up-to-date: /home/em/ros_workspace_2025/nav_ws/install/px4_msgs/include/px4_msgs/px4_msgs/msg/detail/vehicle_trajectory_bezier__rosidl_typesupport_introspection_cpp.hpp\n'}
[9.679095] (px4_msgs) StdoutLine: {'line': b'-- Up-to-date: /home/em/ros_workspace_2025/nav_ws/install/px4_msgs/include/px4_msgs/px4_msgs/msg/detail/estimator_event_flags__type_support.cpp\n'}
[9.679115] (px4_msgs) StdoutLine: {'line': b'-- Up-to-date: /home/em/ros_workspace_2025/nav_ws/install/px4_msgs/include/px4_msgs/px4_msgs/msg/detail/position_setpoint__type_support.cpp\n'}
[9.679138] (px4_msgs) StdoutLine: {'line': b'-- Up-to-date: /home/em/ros_workspace_2025/nav_ws/install/px4_msgs/include/px4_msgs/px4_msgs/msg/detail/vehicle_attitude__type_support.cpp\n'}
[9.679159] (px4_msgs) StdoutLine: {'line': b'-- Up-to-date: /home/em/ros_workspace_2025/nav_ws/install/px4_msgs/include/px4_msgs/px4_msgs/msg/detail/system_power__type_support.cpp\n'}
[9.679180] (px4_msgs) StdoutLine: {'line': b'-- Up-to-date: /home/em/ros_workspace_2025/nav_ws/install/px4_msgs/include/px4_msgs/px4_msgs/msg/detail/heater_status__type_support.cpp\n'}
[9.679211] (px4_msgs) StdoutLine: {'line': b'-- Up-to-date: /home/em/ros_workspace_2025/nav_ws/install/px4_msgs/include/px4_msgs/px4_msgs/msg/detail/trajectory_waypoint__rosidl_typesupport_introspection_cpp.hpp\n'}
[9.679232] (px4_msgs) StdoutLine: {'line': b'-- Up-to-date: /home/em/ros_workspace_2025/nav_ws/install/px4_msgs/include/px4_msgs/px4_msgs/msg/detail/action_request__rosidl_typesupport_introspection_cpp.hpp\n'}
[9.679252] (px4_msgs) StdoutLine: {'line': b'-- Up-to-date: /home/em/ros_workspace_2025/nav_ws/install/px4_msgs/include/px4_msgs/px4_msgs/msg/detail/airspeed__type_support.cpp\n'}
[9.679272] (px4_msgs) StdoutLine: {'line': b'-- Up-to-date: /home/em/ros_workspace_2025/nav_ws/install/px4_msgs/include/px4_msgs/px4_msgs/msg/detail/estimator_sensor_bias__type_support.cpp\n'}
[9.679297] (px4_msgs) StdoutLine: {'line': b'-- Up-to-date: /home/em/ros_workspace_2025/nav_ws/install/px4_msgs/include/px4_msgs/px4_msgs/msg/detail/irlock_report__type_support.cpp\n'}
[9.679320] (px4_msgs) StdoutLine: {'line': b'-- Up-to-date: /home/em/ros_workspace_2025/nav_ws/install/px4_msgs/include/px4_msgs/px4_msgs/msg/detail/tecs_status__rosidl_typesupport_introspection_cpp.hpp\n'}
[9.679349] (px4_msgs) StdoutLine: {'line': b'-- Up-to-date: /home/em/ros_workspace_2025/nav_ws/install/px4_msgs/include/px4_msgs/px4_msgs/msg/detail/actuator_motors__type_support.cpp\n'}
[9.679370] (px4_msgs) StdoutLine: {'line': b'-- Up-to-date: /home/em/ros_workspace_2025/nav_ws/install/px4_msgs/include/px4_msgs/px4_msgs/msg/detail/figure_eight_status__type_support.cpp\n'}
[9.679390] (px4_msgs) StdoutLine: {'line': b'-- Up-to-date: /home/em/ros_workspace_2025/nav_ws/install/px4_msgs/include/px4_msgs/px4_msgs/msg/detail/sensor_gyro__rosidl_typesupport_introspection_cpp.hpp\n'}
[9.679411] (px4_msgs) StdoutLine: {'line': b'-- Up-to-date: /home/em/ros_workspace_2025/nav_ws/install/px4_msgs/include/px4_msgs/px4_msgs/msg/detail/estimator_status_flags__type_support.cpp\n'}
[9.679432] (px4_msgs) StdoutLine: {'line': b'-- Up-to-date: /home/em/ros_workspace_2025/nav_ws/install/px4_msgs/include/px4_msgs/px4_msgs/msg/detail/estimator_selector_status__type_support.cpp\n'}
[9.679454] (px4_msgs) StdoutLine: {'line': b'-- Up-to-date: /home/em/ros_workspace_2025/nav_ws/install/px4_msgs/include/px4_msgs/px4_msgs/msg/detail/flight_phase_estimation__type_support.cpp\n'}
[9.679477] (px4_msgs) StdoutLine: {'line': b'-- Up-to-date: /home/em/ros_workspace_2025/nav_ws/install/px4_msgs/include/px4_msgs/px4_msgs/msg/detail/figure_eight_status__rosidl_typesupport_introspection_cpp.hpp\n'}
[9.679499] (px4_msgs) StdoutLine: {'line': b'-- Up-to-date: /home/em/ros_workspace_2025/nav_ws/install/px4_msgs/include/px4_msgs/px4_msgs/msg/detail/vehicle_local_position_setpoint__type_support.cpp\n'}
[9.679521] (px4_msgs) StdoutLine: {'line': b'-- Up-to-date: /home/em/ros_workspace_2025/nav_ws/install/px4_msgs/include/px4_msgs/px4_msgs/msg/detail/vehicle_command__rosidl_typesupport_introspection_cpp.hpp\n'}
[9.679543] (px4_msgs) StdoutLine: {'line': b'-- Up-to-date: /home/em/ros_workspace_2025/nav_ws/install/px4_msgs/include/px4_msgs/px4_msgs/msg/detail/ulog_stream__type_support.cpp\n'}
[9.679572] (px4_msgs) StdoutLine: {'line': b'-- Up-to-date: /home/em/ros_workspace_2025/nav_ws/install/px4_msgs/include/px4_msgs/px4_msgs/msg/detail/actuator_servos__rosidl_typesupport_introspection_cpp.hpp\n'}
[9.679593] (px4_msgs) StdoutLine: {'line': b'-- Up-to-date: /home/em/ros_workspace_2025/nav_ws/install/px4_msgs/include/px4_msgs/px4_msgs/msg/detail/sensors_status__type_support.cpp\n'}
[9.679617] (px4_msgs) StdoutLine: {'line': b'-- Up-to-date: /home/em/ros_workspace_2025/nav_ws/install/px4_msgs/include/px4_msgs/px4_msgs/msg/detail/input_rc__rosidl_typesupport_introspection_cpp.hpp\n'}
[9.679641] (px4_msgs) StdoutLine: {'line': b'-- Up-to-date: /home/em/ros_workspace_2025/nav_ws/install/px4_msgs/include/px4_msgs/px4_msgs/msg/detail/message_format_response__rosidl_typesupport_introspection_cpp.hpp\n'}
[9.679660] (px4_msgs) StdoutLine: {'line': b'-- Up-to-date: /home/em/ros_workspace_2025/nav_ws/install/px4_msgs/include/px4_msgs/px4_msgs/msg/detail/sensor_gyro_fft__type_support.cpp\n'}
[9.679679] (px4_msgs) StdoutLine: {'line': b'-- Up-to-date: /home/em/ros_workspace_2025/nav_ws/install/px4_msgs/include/px4_msgs/px4_msgs/msg/detail/task_stack_info__type_support.cpp\n'}
[9.679698] (px4_msgs) StdoutLine: {'line': b'-- Up-to-date: /home/em/ros_workspace_2025/nav_ws/install/px4_msgs/include/px4_msgs/px4_msgs/msg/detail/rc_parameter_map__rosidl_typesupport_introspection_cpp.hpp\n'}
[9.679720] (px4_msgs) StdoutLine: {'line': b'-- Up-to-date: /home/em/ros_workspace_2025/nav_ws/install/px4_msgs/include/px4_msgs/px4_msgs/msg/detail/cpuload__type_support.cpp\n'}
[9.679741] (px4_msgs) StdoutLine: {'line': b'-- Up-to-date: /home/em/ros_workspace_2025/nav_ws/install/px4_msgs/include/px4_msgs/px4_msgs/msg/detail/landing_target_innovations__rosidl_typesupport_introspection_cpp.hpp\n'}
[9.679762] (px4_msgs) StdoutLine: {'line': b'-- Up-to-date: /home/em/ros_workspace_2025/nav_ws/install/px4_msgs/include/px4_msgs/px4_msgs/msg/detail/vehicle_status__type_support.cpp\n'}
[9.679787] (px4_msgs) StdoutLine: {'line': b'-- Up-to-date: /home/em/ros_workspace_2025/nav_ws/install/px4_msgs/include/px4_msgs/px4_msgs/msg/detail/sensor_gnss_relative__type_support.cpp\n'}
[9.679818] (px4_msgs) StdoutLine: {'line': b'-- Up-to-date: /home/em/ros_workspace_2025/nav_ws/install/px4_msgs/include/px4_msgs/px4_msgs/msg/detail/rover_mecanum_guidance_status__type_support.cpp\n'}
[9.679841] (px4_msgs) StdoutLine: {'line': b'-- Up-to-date: /home/em/ros_workspace_2025/nav_ws/install/px4_msgs/include/px4_msgs/px4_msgs/msg/detail/airspeed_wind__type_support.cpp\n'}
[9.679864] (px4_msgs) StdoutLine: {'line': b'-- Up-to-date: /home/em/ros_workspace_2025/nav_ws/install/px4_msgs/include/px4_msgs/px4_msgs/msg/detail/iridiumsbd_status__type_support.cpp\n'}
[9.679886] (px4_msgs) StdoutLine: {'line': b'-- Up-to-date: /home/em/ros_workspace_2025/nav_ws/install/px4_msgs/include/px4_msgs/px4_msgs/msg/detail/buffer128__rosidl_typesupport_introspection_cpp.hpp\n'}
[9.679933] (px4_msgs) StdoutLine: {'line': b'-- Up-to-date: /home/em/ros_workspace_2025/nav_ws/install/px4_msgs/include/px4_msgs/px4_msgs/msg/detail/open_drone_id_arm_status__rosidl_typesupport_introspection_cpp.hpp\n'}
[9.679961] (px4_msgs) StdoutLine: {'line': b'-- Up-to-date: /home/em/ros_workspace_2025/nav_ws/install/px4_msgs/include/px4_msgs/px4_msgs/msg/detail/goto_setpoint__type_support.cpp\n'}
[9.679984] (px4_msgs) StdoutLine: {'line': b'-- Up-to-date: /home/em/ros_workspace_2025/nav_ws/install/px4_msgs/include/px4_msgs/px4_msgs/msg/detail/vehicle_odometry__type_support.cpp\n'}
[9.680007] (px4_msgs) StdoutLine: {'line': b'-- Up-to-date: /home/em/ros_workspace_2025/nav_ws/install/px4_msgs/include/px4_msgs/px4_msgs/msg/detail/distance_sensor__type_support.cpp\n'}
[9.680031] (px4_msgs) StdoutLine: {'line': b'-- Up-to-date: /home/em/ros_workspace_2025/nav_ws/install/px4_msgs/include/px4_msgs/px4_msgs/msg/detail/goto_setpoint__rosidl_typesupport_introspection_cpp.hpp\n'}
[9.680056] (px4_msgs) StdoutLine: {'line': b'-- Up-to-date: /home/em/ros_workspace_2025/nav_ws/install/px4_msgs/include/px4_msgs/px4_msgs/msg/detail/vehicle_optical_flow_vel__rosidl_typesupport_introspection_cpp.hpp\n'}
[9.680084] (px4_msgs) StdoutLine: {'line': b'-- Up-to-date: /home/em/ros_workspace_2025/nav_ws/install/px4_msgs/include/px4_msgs/px4_msgs/msg/detail/gps_inject_data__rosidl_typesupport_introspection_cpp.hpp\n'}
[9.680112] (px4_msgs) StdoutLine: {'line': b'-- Up-to-date: /home/em/ros_workspace_2025/nav_ws/install/px4_msgs/include/px4_msgs/px4_msgs/msg/detail/px4io_status__rosidl_typesupport_introspection_cpp.hpp\n'}
[9.680196] (px4_msgs) StdoutLine: {'line': b'-- Up-to-date: /home/em/ros_workspace_2025/nav_ws/install/px4_msgs/include/px4_msgs/px4_msgs/msg/detail/estimator_bias__rosidl_typesupport_introspection_cpp.hpp\n'}
[9.680259] (px4_msgs) StdoutLine: {'line': b'-- Up-to-date: /home/em/ros_workspace_2025/nav_ws/install/px4_msgs/include/px4_msgs/px4_msgs/msg/detail/radio_status__rosidl_typesupport_introspection_cpp.hpp\n'}
[9.680315] (px4_msgs) StdoutLine: {'line': b'-- Up-to-date: /home/em/ros_workspace_2025/nav_ws/install/px4_msgs/include/px4_msgs/px4_msgs/msg/detail/gpio_out__rosidl_typesupport_introspection_cpp.hpp\n'}
[9.680347] (px4_msgs) StdoutLine: {'line': b'-- Up-to-date: /home/em/ros_workspace_2025/nav_ws/install/px4_msgs/include/px4_msgs/px4_msgs/msg/detail/position_setpoint__rosidl_typesupport_introspection_cpp.hpp\n'}
[9.680372] (px4_msgs) StdoutLine: {'line': b'-- Up-to-date: /home/em/ros_workspace_2025/nav_ws/install/px4_msgs/include/px4_msgs/px4_msgs/msg/detail/vehicle_optical_flow_vel__type_support.cpp\n'}
[9.680395] (px4_msgs) StdoutLine: {'line': b'-- Up-to-date: /home/em/ros_workspace_2025/nav_ws/install/px4_msgs/include/px4_msgs/px4_msgs/msg/detail/vehicle_imu_status__rosidl_typesupport_introspection_cpp.hpp\n'}
[9.680424] (px4_msgs) StdoutLine: {'line': b'-- Up-to-date: /home/em/ros_workspace_2025/nav_ws/install/px4_msgs/include/px4_msgs/px4_msgs/msg/detail/mission__rosidl_typesupport_introspection_cpp.hpp\n'}
[9.680446] (px4_msgs) StdoutLine: {'line': b'-- Up-to-date: /home/em/ros_workspace_2025/nav_ws/install/px4_msgs/include/px4_msgs/px4_msgs/msg/detail/gimbal_device_set_attitude__type_support.cpp\n'}
[9.680468] (px4_msgs) StdoutLine: {'line': b'-- Up-to-date: /home/em/ros_workspace_2025/nav_ws/install/px4_msgs/include/px4_msgs/px4_msgs/msg/detail/uavcan_parameter_request__type_support.cpp\n'}
[9.680490] (px4_msgs) StdoutLine: {'line': b'-- Up-to-date: /home/em/ros_workspace_2025/nav_ws/install/px4_msgs/include/px4_msgs/px4_msgs/msg/detail/sensor_preflight_mag__type_support.cpp\n'}
[9.680512] (px4_msgs) StdoutLine: {'line': b'-- Up-to-date: /home/em/ros_workspace_2025/nav_ws/install/px4_msgs/include/px4_msgs/px4_msgs/msg/detail/vtol_vehicle_status__rosidl_typesupport_introspection_cpp.hpp\n'}
[9.680535] (px4_msgs) StdoutLine: {'line': b'-- Up-to-date: /home/em/ros_workspace_2025/nav_ws/install/px4_msgs/include/px4_msgs/px4_msgs/msg/detail/esc_report__rosidl_typesupport_introspection_cpp.hpp\n'}
[9.680559] (px4_msgs) StdoutLine: {'line': b'-- Up-to-date: /home/em/ros_workspace_2025/nav_ws/install/px4_msgs/include/px4_msgs/px4_msgs/msg/detail/actuator_motors__rosidl_typesupport_introspection_cpp.hpp\n'}
[9.680584] (px4_msgs) StdoutLine: {'line': b'-- Up-to-date: /home/em/ros_workspace_2025/nav_ws/install/px4_msgs/include/px4_msgs/px4_msgs/msg/detail/gripper__rosidl_typesupport_introspection_cpp.hpp\n'}
[9.680606] (px4_msgs) StdoutLine: {'line': b'-- Up-to-date: /home/em/ros_workspace_2025/nav_ws/install/px4_msgs/include/px4_msgs/px4_msgs/msg/detail/yaw_estimator_status__type_support.cpp\n'}
[9.680628] (px4_msgs) StdoutLine: {'line': b'-- Up-to-date: /home/em/ros_workspace_2025/nav_ws/install/px4_msgs/include/px4_msgs/px4_msgs/msg/detail/ekf2_timestamps__rosidl_typesupport_introspection_cpp.hpp\n'}
[9.680650] (px4_msgs) StdoutLine: {'line': b'-- Up-to-date: /home/em/ros_workspace_2025/nav_ws/install/px4_msgs/include/px4_msgs/px4_msgs/msg/detail/dataman_response__rosidl_typesupport_introspection_cpp.hpp\n'}
[9.680674] (px4_msgs) StdoutLine: {'line': b'-- Up-to-date: /home/em/ros_workspace_2025/nav_ws/install/px4_msgs/include/px4_msgs/px4_msgs/msg/detail/led_control__type_support.cpp\n'}
[9.680696] (px4_msgs) StdoutLine: {'line': b'-- Up-to-date: /home/em/ros_workspace_2025/nav_ws/install/px4_msgs/include/px4_msgs/px4_msgs/msg/detail/landing_gear__rosidl_typesupport_introspection_cpp.hpp\n'}
[9.680740] (px4_msgs) StdoutLine: {'line': b'-- Up-to-date: /home/em/ros_workspace_2025/nav_ws/install/px4_msgs/include/px4_msgs/px4_msgs/msg/detail/position_controller_status__type_support.cpp\n'}
[9.680762] (px4_msgs) StdoutLine: {'line': b'-- Up-to-date: /home/em/ros_workspace_2025/nav_ws/install/px4_msgs/include/px4_msgs/px4_msgs/msg/detail/health_report__rosidl_typesupport_introspection_cpp.hpp\n'}
[9.680784] (px4_msgs) StdoutLine: {'line': b'-- Up-to-date: /home/em/ros_workspace_2025/nav_ws/install/px4_msgs/include/px4_msgs/px4_msgs/msg/detail/yaw_estimator_status__rosidl_typesupport_introspection_cpp.hpp\n'}
[9.680804] (px4_msgs) StdoutLine: {'line': b'-- Up-to-date: /home/em/ros_workspace_2025/nav_ws/install/px4_msgs/include/px4_msgs/px4_msgs/msg/detail/gimbal_manager_set_manual_control__rosidl_typesupport_introspection_cpp.hpp\n'}
[9.680825] (px4_msgs) StdoutLine: {'line': b'-- Up-to-date: /home/em/ros_workspace_2025/nav_ws/install/px4_msgs/include/px4_msgs/px4_msgs/msg/detail/estimator_states__rosidl_typesupport_introspection_cpp.hpp\n'}
[9.680857] (px4_msgs) StdoutLine: {'line': b'-- Up-to-date: /home/em/ros_workspace_2025/nav_ws/install/px4_msgs/include/px4_msgs/px4_msgs/msg/detail/position_controller_status__rosidl_typesupport_introspection_cpp.hpp\n'}
[9.680877] (px4_msgs) StdoutLine: {'line': b'-- Up-to-date: /home/em/ros_workspace_2025/nav_ws/install/px4_msgs/include/px4_msgs/px4_msgs/msg/detail/manual_control_setpoint__rosidl_typesupport_introspection_cpp.hpp\n'}
[9.680897] (px4_msgs) StdoutLine: {'line': b'-- Up-to-date: /home/em/ros_workspace_2025/nav_ws/install/px4_msgs/include/px4_msgs/px4_msgs/msg/detail/cpuload__rosidl_typesupport_introspection_cpp.hpp\n'}
[9.680917] (px4_msgs) StdoutLine: {'line': b'-- Up-to-date: /home/em/ros_workspace_2025/nav_ws/install/px4_msgs/include/px4_msgs/px4_msgs/msg/detail/power_button_state__rosidl_typesupport_introspection_cpp.hpp\n'}
[9.680936] (px4_msgs) StdoutLine: {'line': b'-- Up-to-date: /home/em/ros_workspace_2025/nav_ws/install/px4_msgs/include/px4_msgs/px4_msgs/msg/detail/transponder_report__type_support.cpp\n'}
[9.680956] (px4_msgs) StdoutLine: {'line': b'-- Up-to-date: /home/em/ros_workspace_2025/nav_ws/install/px4_msgs/include/px4_msgs/px4_msgs/msg/detail/dataman_response__type_support.cpp\n'}
[9.680976] (px4_msgs) StdoutLine: {'line': b'-- Up-to-date: /home/em/ros_workspace_2025/nav_ws/install/px4_msgs/include/px4_msgs/px4_msgs/msg/detail/rover_differential_status__rosidl_typesupport_introspection_cpp.hpp\n'}
[9.680996] (px4_msgs) StdoutLine: {'line': b'-- Up-to-date: /home/em/ros_workspace_2025/nav_ws/install/px4_msgs/include/px4_msgs/px4_msgs/msg/detail/vehicle_trajectory_bezier__type_support.cpp\n'}
[9.681019] (px4_msgs) StdoutLine: {'line': b'-- Up-to-date: /home/em/ros_workspace_2025/nav_ws/install/px4_msgs/include/px4_msgs/px4_msgs/msg/detail/camera_status__type_support.cpp\n'}
[9.681041] (px4_msgs) StdoutLine: {'line': b'-- Up-to-date: /home/em/ros_workspace_2025/nav_ws/install/px4_msgs/include/px4_msgs/px4_msgs/msg/detail/estimator_selector_status__rosidl_typesupport_introspection_cpp.hpp\n'}
[9.681063] (px4_msgs) StdoutLine: {'line': b'-- Up-to-date: /home/em/ros_workspace_2025/nav_ws/install/px4_msgs/include/px4_msgs/px4_msgs/msg/detail/hover_thrust_estimate__rosidl_typesupport_introspection_cpp.hpp\n'}
[9.681084] (px4_msgs) StdoutLine: {'line': b'-- Up-to-date: /home/em/ros_workspace_2025/nav_ws/install/px4_msgs/include/px4_msgs/px4_msgs/msg/detail/power_button_state__type_support.cpp\n'}
[9.681108] (px4_msgs) StdoutLine: {'line': b'-- Up-to-date: /home/em/ros_workspace_2025/nav_ws/install/px4_msgs/include/px4_msgs/px4_msgs/msg/detail/follow_target_estimator__type_support.cpp\n'}
[9.681130] (px4_msgs) StdoutLine: {'line': b'-- Up-to-date: /home/em/ros_workspace_2025/nav_ws/install/px4_msgs/include/px4_msgs/px4_msgs/msg/detail/gimbal_controls__rosidl_typesupport_introspection_cpp.hpp\n'}
[9.681152] (px4_msgs) StdoutLine: {'line': b'-- Up-to-date: /home/em/ros_workspace_2025/nav_ws/install/px4_msgs/include/px4_msgs/px4_msgs/msg/detail/sensor_baro__type_support.cpp\n'}
[9.681175] (px4_msgs) StdoutLine: {'line': b'-- Up-to-date: /home/em/ros_workspace_2025/nav_ws/install/px4_msgs/include/px4_msgs/px4_msgs/msg/detail/position_controller_landing_status__rosidl_typesupport_introspection_cpp.hpp\n'}
[9.681198] (px4_msgs) StdoutLine: {'line': b'-- Up-to-date: /home/em/ros_workspace_2025/nav_ws/install/px4_msgs/include/px4_msgs/px4_msgs/msg/detail/rover_ackermann_setpoint__type_support.cpp\n'}
[9.681221] (px4_msgs) StdoutLine: {'line': b'-- Up-to-date: /home/em/ros_workspace_2025/nav_ws/install/px4_msgs/include/px4_msgs/px4_msgs/msg/detail/actuator_controls_status__type_support.cpp\n'}
[9.681245] (px4_msgs) StdoutLine: {'line': b'-- Up-to-date: /home/em/ros_workspace_2025/nav_ws/install/px4_msgs/include/px4_msgs/px4_msgs/msg/detail/gimbal_device_information__rosidl_typesupport_introspection_cpp.hpp\n'}
[9.681268] (px4_msgs) StdoutLine: {'line': b'-- Up-to-date: /home/em/ros_workspace_2025/nav_ws/install/px4_msgs/include/px4_msgs/px4_msgs/msg/detail/collision_report__type_support.cpp\n'}
[9.681314] (px4_msgs) StdoutLine: {'line': b'-- Up-to-date: /home/em/ros_workspace_2025/nav_ws/install/px4_msgs/include/px4_msgs/px4_msgs/msg/detail/position_setpoint_triplet__rosidl_typesupport_introspection_cpp.hpp\n'}
[9.681368] (px4_msgs) StdoutLine: {'line': b'-- Up-to-date: /home/em/ros_workspace_2025/nav_ws/install/px4_msgs/include/px4_msgs/px4_msgs/msg/detail/home_position__type_support.cpp\n'}
[9.681392] (px4_msgs) StdoutLine: {'line': b'-- Up-to-date: /home/em/ros_workspace_2025/nav_ws/install/px4_msgs/include/px4_msgs/px4_msgs/msg/detail/sensor_gyro_fifo__rosidl_typesupport_introspection_cpp.hpp\n'}
[9.681412] (px4_msgs) StdoutLine: {'line': b'-- Up-to-date: /home/em/ros_workspace_2025/nav_ws/install/px4_msgs/include/px4_msgs/px4_msgs/msg/detail/rtl_time_estimate__rosidl_typesupport_introspection_cpp.hpp\n'}
[9.681434] (px4_msgs) StdoutLine: {'line': b'-- Up-to-date: /home/em/ros_workspace_2025/nav_ws/install/px4_msgs/include/px4_msgs/px4_msgs/msg/detail/estimator_aid_source1d__type_support.cpp\n'}
[9.681456] (px4_msgs) StdoutLine: {'line': b'-- Up-to-date: /home/em/ros_workspace_2025/nav_ws/install/px4_msgs/include/px4_msgs/px4_msgs/msg/detail/event__type_support.cpp\n'}
[9.681480] (px4_msgs) StdoutLine: {'line': b'-- Up-to-date: /home/em/ros_workspace_2025/nav_ws/install/px4_msgs/include/px4_msgs/px4_msgs/msg/detail/fuel_tank_status__type_support.cpp\n'}
[9.681503] (px4_msgs) StdoutLine: {'line': b'-- Up-to-date: /home/em/ros_workspace_2025/nav_ws/install/px4_msgs/include/px4_msgs/px4_msgs/msg/detail/tiltrotor_extra_controls__type_support.cpp\n'}
[9.681525] (px4_msgs) StdoutLine: {'line': b'-- Up-to-date: /home/em/ros_workspace_2025/nav_ws/install/px4_msgs/include/px4_msgs/px4_msgs/msg/detail/camera_capture__type_support.cpp\n'}
[9.681547] (px4_msgs) StdoutLine: {'line': b'-- Up-to-date: /home/em/ros_workspace_2025/nav_ws/install/px4_msgs/include/px4_msgs/px4_msgs/msg/detail/gripper__type_support.cpp\n'}
[9.681569] (px4_msgs) StdoutLine: {'line': b'-- Up-to-date: /home/em/ros_workspace_2025/nav_ws/install/px4_msgs/include/px4_msgs/px4_msgs/msg/detail/follow_target_status__rosidl_typesupport_introspection_cpp.hpp\n'}
[9.681592] (px4_msgs) StdoutLine: {'line': b'-- Up-to-date: /home/em/ros_workspace_2025/nav_ws/install/px4_msgs/include/px4_msgs/px4_msgs/msg/detail/gimbal_manager_set_manual_control__type_support.cpp\n'}
[9.681614] (px4_msgs) StdoutLine: {'line': b'-- Up-to-date: /home/em/ros_workspace_2025/nav_ws/install/px4_msgs/include/px4_msgs/px4_msgs/msg/detail/ulog_stream_ack__rosidl_typesupport_introspection_cpp.hpp\n'}
[9.681636] (px4_msgs) StdoutLine: {'line': b'-- Up-to-date: /home/em/ros_workspace_2025/nav_ws/install/px4_msgs/include/px4_msgs/px4_msgs/msg/detail/sensor_preflight_mag__rosidl_typesupport_introspection_cpp.hpp\n'}
[9.681658] (px4_msgs) StdoutLine: {'line': b'-- Up-to-date: /home/em/ros_workspace_2025/nav_ws/install/px4_msgs/include/px4_msgs/px4_msgs/msg/detail/vehicle_optical_flow__rosidl_typesupport_introspection_cpp.hpp\n'}
[9.681693] (px4_msgs) StdoutLine: {'line': b'-- Up-to-date: /home/em/ros_workspace_2025/nav_ws/install/px4_msgs/include/px4_msgs/px4_msgs/msg/detail/vehicle_torque_setpoint__type_support.cpp\n'}
[9.681715] (px4_msgs) StdoutLine: {'line': b'-- Up-to-date: /home/em/ros_workspace_2025/nav_ws/install/px4_msgs/include/px4_msgs/px4_msgs/msg/detail/generator_status__rosidl_typesupport_introspection_cpp.hpp\n'}
[9.681736] (px4_msgs) StdoutLine: {'line': b'-- Up-to-date: /home/em/ros_workspace_2025/nav_ws/install/px4_msgs/include/px4_msgs/px4_msgs/msg/detail/mavlink_tunnel__rosidl_typesupport_introspection_cpp.hpp\n'}
[9.681756] (px4_msgs) StdoutLine: {'line': b'-- Up-to-date: /home/em/ros_workspace_2025/nav_ws/install/px4_msgs/include/px4_msgs/px4_msgs/msg/detail/register_ext_component_request__type_support.cpp\n'}
[9.681786] (px4_msgs) StdoutLine: {'line': b'-- Up-to-date: /home/em/ros_workspace_2025/nav_ws/install/px4_msgs/include/px4_msgs/px4_msgs/msg/detail/geofence_status__type_support.cpp\n'}
[9.681808] (px4_msgs) StdoutLine: {'line': b'-- Up-to-date: /home/em/ros_workspace_2025/nav_ws/install/px4_msgs/include/px4_msgs/px4_msgs/msg/detail/home_position__rosidl_typesupport_introspection_cpp.hpp\n'}
[9.681831] (px4_msgs) StdoutLine: {'line': b'-- Up-to-date: /home/em/ros_workspace_2025/nav_ws/install/px4_msgs/include/px4_msgs/px4_msgs/msg/detail/timesync_status__rosidl_typesupport_introspection_cpp.hpp\n'}
[9.681851] (px4_msgs) StdoutLine: {'line': b'-- Up-to-date: /home/em/ros_workspace_2025/nav_ws/install/px4_msgs/include/px4_msgs/px4_msgs/msg/detail/sensor_gnss_relative__rosidl_typesupport_introspection_cpp.hpp\n'}
[9.681872] (px4_msgs) StdoutLine: {'line': b'-- Up-to-date: /home/em/ros_workspace_2025/nav_ws/install/px4_msgs/include/px4_msgs/px4_msgs/msg/detail/esc_status__type_support.cpp\n'}
[9.681892] (px4_msgs) StdoutLine: {'line': b'-- Up-to-date: /home/em/ros_workspace_2025/nav_ws/install/px4_msgs/include/px4_msgs/px4_msgs/msg/detail/autotune_attitude_control_status__type_support.cpp\n'}
[9.681911] (px4_msgs) StdoutLine: {'line': b'-- Up-to-date: /home/em/ros_workspace_2025/nav_ws/install/px4_msgs/include/px4_msgs/px4_msgs/msg/detail/ulog_stream__rosidl_typesupport_introspection_cpp.hpp\n'}
[9.681931] (px4_msgs) StdoutLine: {'line': b'-- Up-to-date: /home/em/ros_workspace_2025/nav_ws/install/px4_msgs/include/px4_msgs/px4_msgs/msg/detail/led_control__rosidl_typesupport_introspection_cpp.hpp\n'}
[9.681950] (px4_msgs) StdoutLine: {'line': b'-- Up-to-date: /home/em/ros_workspace_2025/nav_ws/install/px4_msgs/include/px4_msgs/px4_msgs/msg/detail/landing_gear__type_support.cpp\n'}
[9.681970] (px4_msgs) StdoutLine: {'line': b'-- Up-to-date: /home/em/ros_workspace_2025/nav_ws/install/px4_msgs/include/px4_msgs/px4_msgs/msg/detail/gimbal_device_information__type_support.cpp\n'}
[9.681989] (px4_msgs) StdoutLine: {'line': b'-- Up-to-date: /home/em/ros_workspace_2025/nav_ws/install/px4_msgs/include/px4_msgs/px4_msgs/msg/detail/airspeed_validated__type_support.cpp\n'}
[9.682008] (px4_msgs) StdoutLine: {'line': b'-- Up-to-date: /home/em/ros_workspace_2025/nav_ws/install/px4_msgs/include/px4_msgs/px4_msgs/msg/detail/vehicle_trajectory_waypoint__rosidl_typesupport_introspection_cpp.hpp\n'}
[9.682029] (px4_msgs) StdoutLine: {'line': b'-- Up-to-date: /home/em/ros_workspace_2025/nav_ws/install/px4_msgs/include/px4_msgs/px4_msgs/msg/detail/parameter_set_value_response__type_support.cpp\n'}
[9.682051] (px4_msgs) StdoutLine: {'line': b'-- Up-to-date: /home/em/ros_workspace_2025/nav_ws/install/px4_msgs/include/px4_msgs/px4_msgs/msg/detail/system_power__rosidl_typesupport_introspection_cpp.hpp\n'}
[9.682072] (px4_msgs) StdoutLine: {'line': b'-- Up-to-date: /home/em/ros_workspace_2025/nav_ws/install/px4_msgs/include/px4_msgs/px4_msgs/msg/detail/vehicle_acceleration__rosidl_typesupport_introspection_cpp.hpp\n'}
[9.682094] (px4_msgs) StdoutLine: {'line': b'-- Up-to-date: /home/em/ros_workspace_2025/nav_ws/install/px4_msgs/include/px4_msgs/px4_msgs/msg/detail/onboard_computer_status__type_support.cpp\n'}
[9.682123] (px4_msgs) StdoutLine: {'line': b'-- Up-to-date: /home/em/ros_workspace_2025/nav_ws/install/px4_msgs/include/px4_msgs/px4_msgs/msg/detail/sensor_accel__type_support.cpp\n'}
[9.682145] (px4_msgs) StdoutLine: {'line': b'-- Up-to-date: /home/em/ros_workspace_2025/nav_ws/install/px4_msgs/include/px4_msgs/px4_msgs/msg/detail/rpm__rosidl_typesupport_introspection_cpp.hpp\n'}
[9.682166] (px4_msgs) StdoutLine: {'line': b'-- Up-to-date: /home/em/ros_workspace_2025/nav_ws/install/px4_msgs/include/px4_msgs/px4_msgs/msg/detail/vehicle_air_data__rosidl_typesupport_introspection_cpp.hpp\n'}
[9.682188] (px4_msgs) StdoutLine: {'line': b'-- Up-to-date: /home/em/ros_workspace_2025/nav_ws/install/px4_msgs/include/px4_msgs/px4_msgs/msg/detail/vehicle_angular_acceleration_setpoint__rosidl_typesupport_introspection_cpp.hpp\n'}
[9.682210] (px4_msgs) StdoutLine: {'line': b'-- Up-to-date: /home/em/ros_workspace_2025/nav_ws/install/px4_msgs/include/px4_msgs/px4_msgs/msg/detail/follow_target__type_support.cpp\n'}
[9.682233] (px4_msgs) StdoutLine: {'line': b'-- Up-to-date: /home/em/ros_workspace_2025/nav_ws/install/px4_msgs/include/px4_msgs/px4_msgs/msg/detail/geofence_status__rosidl_typesupport_introspection_cpp.hpp\n'}
[9.682264] (px4_msgs) StdoutLine: {'line': b'-- Up-to-date: /home/em/ros_workspace_2025/nav_ws/install/px4_msgs/include/px4_msgs/px4_msgs/msg/detail/qshell_req__type_support.cpp\n'}
[9.682289] (px4_msgs) StdoutLine: {'line': b'-- Up-to-date: /home/em/ros_workspace_2025/nav_ws/install/px4_msgs/include/px4_msgs/px4_msgs/msg/detail/open_drone_id_system__type_support.cpp\n'}
[9.682315] (px4_msgs) StdoutLine: {'line': b'-- Up-to-date: /home/em/ros_workspace_2025/nav_ws/install/px4_msgs/include/px4_msgs/px4_msgs/msg/detail/cellular_status__type_support.cpp\n'}
[9.682334] (px4_msgs) StdoutLine: {'line': b'-- Up-to-date: /home/em/ros_workspace_2025/nav_ws/install/px4_msgs/include/px4_msgs/px4_msgs/msg/detail/sensor_gps__type_support.cpp\n'}
[9.682358] (px4_msgs) StdoutLine: {'line': b'-- Up-to-date: /home/em/ros_workspace_2025/nav_ws/install/px4_msgs/include/px4_msgs/px4_msgs/msg/detail/navigator_mission_item__type_support.cpp\n'}
[9.682380] (px4_msgs) StdoutLine: {'line': b'-- Up-to-date: /home/em/ros_workspace_2025/nav_ws/install/px4_msgs/include/px4_msgs/px4_msgs/msg/detail/gps_inject_data__type_support.cpp\n'}
[9.682403] (px4_msgs) StdoutLine: {'line': b'-- Up-to-date: /home/em/ros_workspace_2025/nav_ws/install/px4_msgs/include/px4_msgs/px4_msgs/msg/detail/gpio_in__rosidl_typesupport_introspection_cpp.hpp\n'}
[9.682425] (px4_msgs) StdoutLine: {'line': b'-- Up-to-date: /home/em/ros_workspace_2025/nav_ws/install/px4_msgs/include/px4_msgs/px4_msgs/msg/detail/onboard_computer_status__rosidl_typesupport_introspection_cpp.hpp\n'}
[9.682460] (px4_msgs) StdoutLine: {'line': b'-- Up-to-date: /home/em/ros_workspace_2025/nav_ws/install/px4_msgs/include/px4_msgs/px4_msgs/msg/detail/rtl_time_estimate__type_support.cpp\n'}
[9.682482] (px4_msgs) StdoutLine: {'line': b'-- Up-to-date: /home/em/ros_workspace_2025/nav_ws/install/px4_msgs/include/px4_msgs/px4_msgs/msg/detail/landing_gear_wheel__type_support.cpp\n'}
[9.682503] (px4_msgs) StdoutLine: {'line': b'-- Up-to-date: /home/em/ros_workspace_2025/nav_ws/install/px4_msgs/include/px4_msgs/px4_msgs/msg/detail/estimator_bias3d__type_support.cpp\n'}
[9.682525] (px4_msgs) StdoutLine: {'line': b'-- Up-to-date: /home/em/ros_workspace_2025/nav_ws/install/px4_msgs/include/px4_msgs/px4_msgs/msg/detail/mount_orientation__type_support.cpp\n'}
[9.682547] (px4_msgs) StdoutLine: {'line': b'-- Up-to-date: /home/em/ros_workspace_2025/nav_ws/install/px4_msgs/include/px4_msgs/px4_msgs/msg/detail/control_allocator_status__rosidl_typesupport_introspection_cpp.hpp\n'}
[9.682570] (px4_msgs) StdoutLine: {'line': b'-- Up-to-date: /home/em/ros_workspace_2025/nav_ws/install/px4_msgs/include/px4_msgs/px4_msgs/msg/detail/sensor_uwb__type_support.cpp\n'}
[9.682592] (px4_msgs) StdoutLine: {'line': b'-- Up-to-date: /home/em/ros_workspace_2025/nav_ws/install/px4_msgs/include/px4_msgs/px4_msgs/msg/detail/manual_control_setpoint__type_support.cpp\n'}
[9.682623] (px4_msgs) StdoutLine: {'line': b'-- Up-to-date: /home/em/ros_workspace_2025/nav_ws/install/px4_msgs/include/px4_msgs/px4_msgs/msg/detail/gps_dump__type_support.cpp\n'}
[9.682657] (px4_msgs) StdoutLine: {'line': b'-- Up-to-date: /home/em/ros_workspace_2025/nav_ws/install/px4_msgs/include/px4_msgs/px4_msgs/msg/detail/sensor_selection__type_support.cpp\n'}
[9.682688] (px4_msgs) StdoutLine: {'line': b'-- Up-to-date: /home/em/ros_workspace_2025/nav_ws/install/px4_msgs/include/px4_msgs/px4_msgs/msg/detail/rover_differential_setpoint__rosidl_typesupport_introspection_cpp.hpp\n'}
[9.682722] (px4_msgs) StdoutLine: {'line': b'-- Up-to-date: /home/em/ros_workspace_2025/nav_ws/install/px4_msgs/include/px4_msgs/px4_msgs/msg/detail/landing_gear_wheel__rosidl_typesupport_introspection_cpp.hpp\n'}
[9.682790] (px4_msgs) StdoutLine: {'line': b'-- Up-to-date: /home/em/ros_workspace_2025/nav_ws/install/px4_msgs/include/px4_msgs/px4_msgs/msg/detail/esc_status__rosidl_typesupport_introspection_cpp.hpp\n'}
[9.682851] (px4_msgs) StdoutLine: {'line': b'-- Up-to-date: /home/em/ros_workspace_2025/nav_ws/install/px4_msgs/include/px4_msgs/px4_msgs/msg/detail/actuator_controls_status__rosidl_typesupport_introspection_cpp.hpp\n'}
[9.682877] (px4_msgs) StdoutLine: {'line': b'-- Up-to-date: /home/em/ros_workspace_2025/nav_ws/install/px4_msgs/include/px4_msgs/px4_msgs/msg/detail/position_setpoint_triplet__type_support.cpp\n'}
[9.682900] (px4_msgs) StdoutLine: {'line': b'-- Up-to-date: /home/em/ros_workspace_2025/nav_ws/install/px4_msgs/include/px4_msgs/px4_msgs/msg/detail/debug_array__rosidl_typesupport_introspection_cpp.hpp\n'}
[9.682922] (px4_msgs) StdoutLine: {'line': b'-- Up-to-date: /home/em/ros_workspace_2025/nav_ws/install/px4_msgs/include/px4_msgs/px4_msgs/msg/detail/can_interface_status__rosidl_typesupport_introspection_cpp.hpp\n'}
[9.682944] (px4_msgs) StdoutLine: {'line': b'-- Up-to-date: /home/em/ros_workspace_2025/nav_ws/install/px4_msgs/include/px4_msgs/px4_msgs/msg/detail/npfg_status__type_support.cpp\n'}
[9.682967] (px4_msgs) StdoutLine: {'line': b'-- Up-to-date: /home/em/ros_workspace_2025/nav_ws/install/px4_msgs/include/px4_msgs/px4_msgs/msg/detail/vehicle_imu_status__type_support.cpp\n'}
[9.682988] (px4_msgs) StdoutLine: {'line': b'-- Up-to-date: /home/em/ros_workspace_2025/nav_ws/install/px4_msgs/include/px4_msgs/px4_msgs/msg/detail/sensor_uwb__rosidl_typesupport_introspection_cpp.hpp\n'}
[9.683009] (px4_msgs) StdoutLine: {'line': b'-- Up-to-date: /home/em/ros_workspace_2025/nav_ws/install/px4_msgs/include/px4_msgs/px4_msgs/msg/detail/vehicle_thrust_setpoint__rosidl_typesupport_introspection_cpp.hpp\n'}
[9.683037] (px4_msgs) StdoutLine: {'line': b'-- Up-to-date: /home/em/ros_workspace_2025/nav_ws/install/px4_msgs/include/px4_msgs/px4_msgs/msg/detail/camera_trigger__rosidl_typesupport_introspection_cpp.hpp\n'}
[9.683060] (px4_msgs) StdoutLine: {'line': b'-- Up-to-date: /home/em/ros_workspace_2025/nav_ws/install/px4_msgs/include/px4_msgs/px4_msgs/msg/detail/control_allocator_status__type_support.cpp\n'}
[9.683083] (px4_msgs) StdoutLine: {'line': b'-- Up-to-date: /home/em/ros_workspace_2025/nav_ws/install/px4_msgs/include/px4_msgs/px4_msgs/msg/detail/vehicle_imu__rosidl_typesupport_introspection_cpp.hpp\n'}
[9.683106] (px4_msgs) StdoutLine: {'line': b'-- Up-to-date: /home/em/ros_workspace_2025/nav_ws/install/px4_msgs/include/px4_msgs/px4_msgs/msg/detail/manual_control_switches__rosidl_typesupport_introspection_cpp.hpp\n'}
[9.683130] (px4_msgs) StdoutLine: {'line': b'-- Up-to-date: /home/em/ros_workspace_2025/nav_ws/install/px4_msgs/include/px4_msgs/px4_msgs/msg/detail/rc_channels__type_support.cpp\n'}
[9.683164] (px4_msgs) StdoutLine: {'line': b'-- Up-to-date: /home/em/ros_workspace_2025/nav_ws/install/px4_msgs/include/px4_msgs/px4_msgs/msg/detail/sensor_gps__rosidl_typesupport_introspection_cpp.hpp\n'}
[9.683186] (px4_msgs) StdoutLine: {'line': b'-- Up-to-date: /home/em/ros_workspace_2025/nav_ws/install/px4_msgs/include/px4_msgs/px4_msgs/msg/detail/takeoff_status__rosidl_typesupport_introspection_cpp.hpp\n'}
[9.683207] (px4_msgs) StdoutLine: {'line': b'-- Up-to-date: /home/em/ros_workspace_2025/nav_ws/install/px4_msgs/include/px4_msgs/px4_msgs/msg/detail/gps_dump__rosidl_typesupport_introspection_cpp.hpp\n'}
[9.683229] (px4_msgs) StdoutLine: {'line': b'-- Up-to-date: /home/em/ros_workspace_2025/nav_ws/install/px4_msgs/include/px4_msgs/px4_msgs/msg/detail/sensor_baro__rosidl_typesupport_introspection_cpp.hpp\n'}
[9.683249] (px4_msgs) StdoutLine: {'line': b'-- Up-to-date: /home/em/ros_workspace_2025/nav_ws/install/px4_msgs/include/px4_msgs/px4_msgs/msg/detail/follow_target_estimator__rosidl_typesupport_introspection_cpp.hpp\n'}
[9.683269] (px4_msgs) StdoutLine: {'line': b'-- Up-to-date: /home/em/ros_workspace_2025/nav_ws/install/px4_msgs/include/px4_msgs/px4_msgs/msg/detail/distance_sensor_mode_change_request__type_support.cpp\n'}
[9.683300] (px4_msgs) StdoutLine: {'line': b'-- Up-to-date: /home/em/ros_workspace_2025/nav_ws/install/px4_msgs/include/px4_msgs/px4_msgs/msg/detail/transponder_report__rosidl_typesupport_introspection_cpp.hpp\n'}
[9.683321] (px4_msgs) StdoutLine: {'line': b'-- Up-to-date: /home/em/ros_workspace_2025/nav_ws/install/px4_msgs/include/px4_msgs/px4_msgs/msg/detail/estimator_event_flags__rosidl_typesupport_introspection_cpp.hpp\n'}
[9.683341] (px4_msgs) StdoutLine: {'line': b'-- Up-to-date: /home/em/ros_workspace_2025/nav_ws/install/px4_msgs/include/px4_msgs/px4_msgs/msg/detail/vehicle_attitude__rosidl_typesupport_introspection_cpp.hpp\n'}
[9.683362] (px4_msgs) StdoutLine: {'line': b'-- Up-to-date: /home/em/ros_workspace_2025/nav_ws/install/px4_msgs/include/px4_msgs/px4_msgs/msg/detail/estimator_innovations__type_support.cpp\n'}
[9.683382] (px4_msgs) StdoutLine: {'line': b'-- Up-to-date: /home/em/ros_workspace_2025/nav_ws/install/px4_msgs/include/px4_msgs/px4_msgs/msg/detail/trajectory_bezier__type_support.cpp\n'}
[9.683404] (px4_msgs) StdoutLine: {'line': b'-- Up-to-date: /home/em/ros_workspace_2025/nav_ws/install/px4_msgs/include/px4_msgs/px4_msgs/msg/detail/pps_capture__type_support.cpp\n'}
[9.683426] (px4_msgs) StdoutLine: {'line': b'-- Up-to-date: /home/em/ros_workspace_2025/nav_ws/install/px4_msgs/include/px4_msgs/px4_msgs/msg/detail/qshell_retval__rosidl_typesupport_introspection_cpp.hpp\n'}
[9.683448] (px4_msgs) StdoutLine: {'line': b'-- Up-to-date: /home/em/ros_workspace_2025/nav_ws/install/px4_msgs/include/px4_msgs/px4_msgs/msg/detail/rover_mecanum_guidance_status__rosidl_typesupport_introspection_cpp.hpp\n'}
[9.683470] (px4_msgs) StdoutLine: {'line': b'-- Up-to-date: /home/em/ros_workspace_2025/nav_ws/install/px4_msgs/include/px4_msgs/px4_msgs/msg/detail/flight_phase_estimation__rosidl_typesupport_introspection_cpp.hpp\n'}
[9.683492] (px4_msgs) StdoutLine: {'line': b'-- Up-to-date: /home/em/ros_workspace_2025/nav_ws/install/px4_msgs/include/px4_msgs/px4_msgs/msg/detail/collision_constraints__rosidl_typesupport_introspection_cpp.hpp\n'}
[9.683517] (px4_msgs) StdoutLine: {'line': b'-- Up-to-date: /home/em/ros_workspace_2025/nav_ws/install/px4_msgs/include/px4_msgs/px4_msgs/msg/detail/vehicle_command_ack__rosidl_typesupport_introspection_cpp.hpp\n'}
[9.683542] (px4_msgs) StdoutLine: {'line': b'-- Up-to-date: /home/em/ros_workspace_2025/nav_ws/install/px4_msgs/include/px4_msgs/px4_msgs/msg/detail/airspeed_wind__rosidl_typesupport_introspection_cpp.hpp\n'}
[9.683565] (px4_msgs) StdoutLine: {'line': b'-- Up-to-date: /home/em/ros_workspace_2025/nav_ws/install/px4_msgs/include/px4_msgs/px4_msgs/msg/detail/parameter_update__type_support.cpp\n'}
[9.683589] (px4_msgs) StdoutLine: {'line': b'-- Up-to-date: /home/em/ros_workspace_2025/nav_ws/install/px4_msgs/include/px4_msgs/px4_msgs/msg/detail/log_message__type_support.cpp\n'}
[9.683614] (px4_msgs) StdoutLine: {'line': b'-- Up-to-date: /home/em/ros_workspace_2025/nav_ws/install/px4_msgs/include/px4_msgs/px4_msgs/msg/detail/navigator_status__rosidl_typesupport_introspection_cpp.hpp\n'}
[9.683646] (px4_msgs) StdoutLine: {'line': b'-- Up-to-date: /home/em/ros_workspace_2025/nav_ws/install/px4_msgs/include/px4_msgs/px4_msgs/msg/detail/orb_test__rosidl_typesupport_introspection_cpp.hpp\n'}
[9.683672] (px4_msgs) StdoutLine: {'line': b'-- Up-to-date: /home/em/ros_workspace_2025/nav_ws/install/px4_msgs/include/px4_msgs/px4_msgs/msg/detail/sensor_accel_fifo__type_support.cpp\n'}
[9.683696] (px4_msgs) StdoutLine: {'line': b'-- Up-to-date: /home/em/ros_workspace_2025/nav_ws/install/px4_msgs/include/px4_msgs/px4_msgs/msg/detail/sensor_mag__type_support.cpp\n'}
[9.683720] (px4_msgs) StdoutLine: {'line': b'-- Up-to-date: /home/em/ros_workspace_2025/nav_ws/install/px4_msgs/include/px4_msgs/px4_msgs/msg/detail/mag_worker_data__type_support.cpp\n'}
[9.683756] (px4_msgs) StdoutLine: {'line': b'-- Up-to-date: /home/em/ros_workspace_2025/nav_ws/install/px4_msgs/include/px4_msgs/px4_msgs/msg/detail/rover_ackermann_status__type_support.cpp\n'}
[9.683794] (px4_msgs) StdoutLine: {'line': b'-- Up-to-date: /home/em/ros_workspace_2025/nav_ws/install/px4_msgs/include/px4_msgs/px4_msgs/msg/detail/vehicle_roi__type_support.cpp\n'}
[9.683902] (px4_msgs) StdoutLine: {'line': b'-- Up-to-date: /home/em/ros_workspace_2025/nav_ws/install/px4_msgs/include/px4_msgs/px4_msgs/msg/detail/rover_ackermann_guidance_status__type_support.cpp\n'}
[9.684000] (px4_msgs) StdoutLine: {'line': b'-- Up-to-date: /home/em/ros_workspace_2025/nav_ws/install/px4_msgs/include/px4_msgs/px4_msgs/msg/detail/navigator_mission_item__rosidl_typesupport_introspection_cpp.hpp\n'}
[9.684069] (px4_msgs) StdoutLine: {'line': b'-- Up-to-date: /home/em/ros_workspace_2025/nav_ws/install/px4_msgs/include/px4_msgs/px4_msgs/msg/detail/sensor_hygrometer__rosidl_typesupport_introspection_cpp.hpp\n'}
[9.684133] (px4_msgs) StdoutLine: {'line': b'-- Up-to-date: /home/em/ros_workspace_2025/nav_ws/install/px4_msgs/include/px4_msgs/px4_msgs/msg/detail/vehicle_command_ack__type_support.cpp\n'}
[9.684194] (px4_msgs) StdoutLine: {'line': b'-- Up-to-date: /home/em/ros_workspace_2025/nav_ws/install/px4_msgs/include/px4_msgs/px4_msgs/msg/detail/trajectory_waypoint__type_support.cpp\n'}
[9.684253] (px4_msgs) StdoutLine: {'line': b'-- Up-to-date: /home/em/ros_workspace_2025/nav_ws/install/px4_msgs/include/px4_msgs/px4_msgs/msg/detail/unregister_ext_component__rosidl_typesupport_introspection_cpp.hpp\n'}
[9.684358] (px4_msgs) StdoutLine: {'line': b'-- Up-to-date: /home/em/ros_workspace_2025/nav_ws/install/px4_msgs/include/px4_msgs/px4_msgs/msg/detail/wind__type_support.cpp\n'}
[9.684416] (px4_msgs) StdoutLine: {'line': b'-- Up-to-date: /home/em/ros_workspace_2025/nav_ws/install/px4_msgs/include/px4_msgs/px4_msgs/msg/detail/heater_status__rosidl_typesupport_introspection_cpp.hpp\n'}
[9.684470] (px4_msgs) StdoutLine: {'line': b'-- Up-to-date: /home/em/ros_workspace_2025/nav_ws/install/px4_msgs/include/px4_msgs/px4_msgs/msg/detail/vehicle_odometry__rosidl_typesupport_introspection_cpp.hpp\n'}
[9.684530] (px4_msgs) StdoutLine: {'line': b'-- Up-to-date: /home/em/ros_workspace_2025/nav_ws/install/px4_msgs/include/px4_msgs/px4_msgs/msg/detail/trajectory_bezier__rosidl_typesupport_introspection_cpp.hpp\n'}
[9.684590] (px4_msgs) StdoutLine: {'line': b'-- Up-to-date: /home/em/ros_workspace_2025/nav_ws/install/px4_msgs/include/px4_msgs/px4_msgs/msg/detail/npfg_status__rosidl_typesupport_introspection_cpp.hpp\n'}
[9.684647] (px4_msgs) StdoutLine: {'line': b'-- Up-to-date: /home/em/ros_workspace_2025/nav_ws/install/px4_msgs/include/px4_msgs/px4_msgs/msg/detail/vehicle_attitude_setpoint__type_support.cpp\n'}
[9.684705] (px4_msgs) StdoutLine: {'line': b'-- Up-to-date: /home/em/ros_workspace_2025/nav_ws/install/px4_msgs/include/px4_msgs/px4_msgs/msg/detail/distance_sensor_mode_change_request__rosidl_typesupport_introspection_cpp.hpp\n'}
[9.684763] (px4_msgs) StdoutLine: {'line': b'-- Up-to-date: /home/em/ros_workspace_2025/nav_ws/install/px4_msgs/include/px4_msgs/px4_msgs/msg/detail/gimbal_device_attitude_status__rosidl_typesupport_introspection_cpp.hpp\n'}
[9.684820] (px4_msgs) StdoutLine: {'line': b'-- Up-to-date: /home/em/ros_workspace_2025/nav_ws/install/px4_msgs/include/px4_msgs/px4_msgs/msg/detail/wheel_encoders__rosidl_typesupport_introspection_cpp.hpp\n'}
[9.684899] (px4_msgs) StdoutLine: {'line': b'-- Up-to-date: /home/em/ros_workspace_2025/nav_ws/install/px4_msgs/include/px4_msgs/px4_msgs/msg/detail/camera_status__rosidl_typesupport_introspection_cpp.hpp\n'}
[9.684961] (px4_msgs) StdoutLine: {'line': b'-- Up-to-date: /home/em/ros_workspace_2025/nav_ws/install/px4_msgs/include/px4_msgs/px4_msgs/msg/detail/differential_pressure__type_support.cpp\n'}
[9.685019] (px4_msgs) StdoutLine: {'line': b'-- Up-to-date: /home/em/ros_workspace_2025/nav_ws/install/px4_msgs/include/px4_msgs/px4_msgs/msg/detail/navigator_status__type_support.cpp\n'}
[9.685075] (px4_msgs) StdoutLine: {'line': b'-- Up-to-date: /home/em/ros_workspace_2025/nav_ws/install/px4_msgs/include/px4_msgs/px4_msgs/msg/detail/vehicle_rates_setpoint__rosidl_typesupport_introspection_cpp.hpp\n'}
[9.685132] (px4_msgs) StdoutLine: {'line': b'-- Up-to-date: /home/em/ros_workspace_2025/nav_ws/install/px4_msgs/include/px4_msgs/px4_msgs/msg/detail/vehicle_trajectory_waypoint__type_support.cpp\n'}
[9.685188] (px4_msgs) StdoutLine: {'line': b'-- Up-to-date: /home/em/ros_workspace_2025/nav_ws/install/px4_msgs/include/px4_msgs/px4_msgs/msg/detail/log_message__rosidl_typesupport_introspection_cpp.hpp\n'}
[9.685267] (px4_msgs) StdoutLine: {'line': b'-- Up-to-date: /home/em/ros_workspace_2025/nav_ws/install/px4_msgs/include/px4_msgs/px4_msgs/msg/detail/gimbal_manager_information__type_support.cpp\n'}
[9.685337] (px4_msgs) StdoutLine: {'line': b'-- Up-to-date: /home/em/ros_workspace_2025/nav_ws/install/px4_msgs/include/px4_msgs/px4_msgs/msg/detail/rate_ctrl_status__rosidl_typesupport_introspection_cpp.hpp\n'}
[9.685397] (px4_msgs) StdoutLine: {'line': b'-- Up-to-date: /home/em/ros_workspace_2025/nav_ws/install/px4_msgs/include/px4_msgs/px4_msgs/msg/detail/magnetometer_bias_estimate__rosidl_typesupport_introspection_cpp.hpp\n'}
[9.685454] (px4_msgs) StdoutLine: {'line': b'-- Up-to-date: /home/em/ros_workspace_2025/nav_ws/install/px4_msgs/include/px4_msgs/px4_msgs/msg/detail/task_stack_info__rosidl_typesupport_introspection_cpp.hpp\n'}
[9.685511] (px4_msgs) StdoutLine: {'line': b'-- Up-to-date: /home/em/ros_workspace_2025/nav_ws/install/px4_msgs/include/px4_msgs/px4_msgs/msg/detail/pps_capture__rosidl_typesupport_introspection_cpp.hpp\n'}
[9.685568] (px4_msgs) StdoutLine: {'line': b'-- Up-to-date: /home/em/ros_workspace_2025/nav_ws/install/px4_msgs/include/px4_msgs/px4_msgs/msg/detail/sensor_correction__rosidl_typesupport_introspection_cpp.hpp\n'}
[9.685625] (px4_msgs) StdoutLine: {'line': b'-- Up-to-date: /home/em/ros_workspace_2025/nav_ws/install/px4_msgs/include/px4_msgs/px4_msgs/msg/detail/vehicle_land_detected__rosidl_typesupport_introspection_cpp.hpp\n'}
[9.685680] (px4_msgs) StdoutLine: {'line': b'-- Up-to-date: /home/em/ros_workspace_2025/nav_ws/install/px4_msgs/include/px4_msgs/px4_msgs/msg/detail/mission_result__rosidl_typesupport_introspection_cpp.hpp\n'}
[9.685736] (px4_msgs) StdoutLine: {'line': b'-- Up-to-date: /home/em/ros_workspace_2025/nav_ws/install/px4_msgs/include/px4_msgs/px4_msgs/msg/detail/mission_result__type_support.cpp\n'}
[9.685792] (px4_msgs) StdoutLine: {'line': b'-- Up-to-date: /home/em/ros_workspace_2025/nav_ws/install/px4_msgs/include/px4_msgs/px4_msgs/msg/detail/magnetometer_bias_estimate__type_support.cpp\n'}
[9.685848] (px4_msgs) StdoutLine: {'line': b'-- Up-to-date: /home/em/ros_workspace_2025/nav_ws/install/px4_msgs/include/px4_msgs/px4_msgs/msg/detail/rtl_status__type_support.cpp\n'}
[9.685904] (px4_msgs) StdoutLine: {'line': b'-- Up-to-date: /home/em/ros_workspace_2025/nav_ws/install/px4_msgs/include/px4_msgs/px4_msgs/msg/detail/sensors_status_imu__rosidl_typesupport_introspection_cpp.hpp\n'}
[9.685960] (px4_msgs) StdoutLine: {'line': b'-- Up-to-date: /home/em/ros_workspace_2025/nav_ws/install/px4_msgs/include/px4_msgs/px4_msgs/msg/detail/logger_status__type_support.cpp\n'}
[9.686015] (px4_msgs) StdoutLine: {'line': b'-- Up-to-date: /home/em/ros_workspace_2025/nav_ws/install/px4_msgs/include/px4_msgs/px4_msgs/msg/detail/parameter_set_value_response__rosidl_typesupport_introspection_cpp.hpp\n'}
[9.686071] (px4_msgs) StdoutLine: {'line': b'-- Up-to-date: /home/em/ros_workspace_2025/nav_ws/install/px4_msgs/include/px4_msgs/px4_msgs/msg/detail/rc_parameter_map__type_support.cpp\n'}
[9.686151] (px4_msgs) StdoutLine: {'line': b'-- Up-to-date: /home/em/ros_workspace_2025/nav_ws/install/px4_msgs/include/px4_msgs/px4_msgs/msg/detail/manual_control_switches__type_support.cpp\n'}
[9.686207] (px4_msgs) StdoutLine: {'line': b'-- Up-to-date: /home/em/ros_workspace_2025/nav_ws/install/px4_msgs/include/px4_msgs/px4_msgs/msg/detail/debug_array__type_support.cpp\n'}
[9.686296] (px4_msgs) StdoutLine: {'line': b'-- Up-to-date: /home/em/ros_workspace_2025/nav_ws/install/px4_msgs/include/px4_msgs/px4_msgs/msg/detail/mode_completed__rosidl_typesupport_introspection_cpp.hpp\n'}
[9.686413] (px4_msgs) StdoutLine: {'line': b'-- Up-to-date: /home/em/ros_workspace_2025/nav_ws/install/px4_msgs/include/px4_msgs/px4_msgs/msg/detail/tune_control__type_support.cpp\n'}
[9.686447] (px4_msgs) StdoutLine: {'line': b'-- Up-to-date: /home/em/ros_workspace_2025/nav_ws/install/px4_msgs/include/px4_msgs/px4_msgs/msg/detail/buffer128__type_support.cpp\n'}
[9.686475] (px4_msgs) StdoutLine: {'line': b'-- Up-to-date: /home/em/ros_workspace_2025/nav_ws/install/px4_msgs/include/px4_msgs/px4_msgs/msg/detail/failsafe_flags__rosidl_typesupport_introspection_cpp.hpp\n'}
[9.686502] (px4_msgs) StdoutLine: {'line': b'-- Up-to-date: /home/em/ros_workspace_2025/nav_ws/install/px4_msgs/include/px4_msgs/px4_msgs/msg/detail/vehicle_angular_acceleration_setpoint__type_support.cpp\n'}
[9.686527] (px4_msgs) StdoutLine: {'line': b'-- Up-to-date: /home/em/ros_workspace_2025/nav_ws/install/px4_msgs/include/px4_msgs/px4_msgs/msg/detail/estimator_aid_source1d__rosidl_typesupport_introspection_cpp.hpp\n'}
[9.686552] (px4_msgs) StdoutLine: {'line': b'-- Up-to-date: /home/em/ros_workspace_2025/nav_ws/install/px4_msgs/include/px4_msgs/px4_msgs/msg/detail/actuator_test__rosidl_typesupport_introspection_cpp.hpp\n'}
[9.686577] (px4_msgs) StdoutLine: {'line': b'-- Up-to-date: /home/em/ros_workspace_2025/nav_ws/install/px4_msgs/include/px4_msgs/px4_msgs/msg/detail/parameter_update__rosidl_typesupport_introspection_cpp.hpp\n'}
[9.686601] (px4_msgs) StdoutLine: {'line': b'-- Up-to-date: /home/em/ros_workspace_2025/nav_ws/install/px4_msgs/include/px4_msgs/px4_msgs/msg/detail/orb_test_large__rosidl_typesupport_introspection_cpp.hpp\n'}
[9.686643] (px4_msgs) StdoutLine: {'line': b'-- Up-to-date: /home/em/ros_workspace_2025/nav_ws/install/px4_msgs/include/px4_msgs/px4_msgs/msg/detail/obstacle_distance__rosidl_typesupport_introspection_cpp.hpp\n'}
[9.686665] (px4_msgs) StdoutLine: {'line': b'-- Up-to-date: /home/em/ros_workspace_2025/nav_ws/install/px4_msgs/include/px4_msgs/px4_msgs/msg/detail/debug_value__type_support.cpp\n'}
[9.686686] (px4_msgs) StdoutLine: {'line': b'-- Up-to-date: /home/em/ros_workspace_2025/nav_ws/install/px4_msgs/include/px4_msgs/px4_msgs/msg/detail/vtol_vehicle_status__type_support.cpp\n'}
[9.686707] (px4_msgs) StdoutLine: {'line': b'-- Up-to-date: /home/em/ros_workspace_2025/nav_ws/install/px4_msgs/lib/libpx4_msgs__rosidl_typesupport_introspection_cpp.so\n'}
[9.686730] (px4_msgs) StdoutLine: {'line': b'-- Up-to-date: /home/em/ros_workspace_2025/nav_ws/install/px4_msgs/lib/libpx4_msgs__rosidl_typesupport_cpp.so\n'}
[9.686753] (px4_msgs) StdoutLine: {'line': b'-- Up-to-date: /home/em/ros_workspace_2025/nav_ws/install/px4_msgs/share/px4_msgs/environment/pythonpath.sh\n'}
[9.686812] (px4_msgs) StdoutLine: {'line': b'-- Up-to-date: /home/em/ros_workspace_2025/nav_ws/install/px4_msgs/share/px4_msgs/environment/pythonpath.dsv\n'}
[9.686854] (px4_msgs) StdoutLine: {'line': b'-- Up-to-date: /home/em/ros_workspace_2025/nav_ws/install/px4_msgs/local/lib/python3.10/dist-packages/px4_msgs-2.0.1-py3.10.egg-info\n'}
[9.686912] (px4_msgs) StdoutLine: {'line': b'-- Installing: /home/em/ros_workspace_2025/nav_ws/install/px4_msgs/local/lib/python3.10/dist-packages/px4_msgs-2.0.1-py3.10.egg-info/top_level.txt\n'}
[9.686972] (px4_msgs) StdoutLine: {'line': b'-- Installing: /home/em/ros_workspace_2025/nav_ws/install/px4_msgs/local/lib/python3.10/dist-packages/px4_msgs-2.0.1-py3.10.egg-info/PKG-INFO\n'}
[9.687002] (px4_msgs) StdoutLine: {'line': b'-- Installing: /home/em/ros_workspace_2025/nav_ws/install/px4_msgs/local/lib/python3.10/dist-packages/px4_msgs-2.0.1-py3.10.egg-info/dependency_links.txt\n'}
[9.687026] (px4_msgs) StdoutLine: {'line': b'-- Installing: /home/em/ros_workspace_2025/nav_ws/install/px4_msgs/local/lib/python3.10/dist-packages/px4_msgs-2.0.1-py3.10.egg-info/SOURCES.txt\n'}
[9.687049] (px4_msgs) StdoutLine: {'line': b'-- Up-to-date: /home/em/ros_workspace_2025/nav_ws/install/px4_msgs/local/lib/python3.10/dist-packages/px4_msgs\n'}
[9.687072] (px4_msgs) StdoutLine: {'line': b'-- Up-to-date: /home/em/ros_workspace_2025/nav_ws/install/px4_msgs/local/lib/python3.10/dist-packages/px4_msgs/_px4_msgs_s.ep.rosidl_typesupport_c.c\n'}
[9.687103] (px4_msgs) StdoutLine: {'line': b'-- Up-to-date: /home/em/ros_workspace_2025/nav_ws/install/px4_msgs/local/lib/python3.10/dist-packages/px4_msgs/libpx4_msgs__rosidl_generator_py.so\n'}
[9.687126] (px4_msgs) StdoutLine: {'line': b'-- Up-to-date: /home/em/ros_workspace_2025/nav_ws/install/px4_msgs/local/lib/python3.10/dist-packages/px4_msgs/__init__.py\n'}
[9.687148] (px4_msgs) StdoutLine: {'line': b'-- Up-to-date: /home/em/ros_workspace_2025/nav_ws/install/px4_msgs/local/lib/python3.10/dist-packages/px4_msgs/srv\n'}
[9.687169] (px4_msgs) StdoutLine: {'line': b'-- Up-to-date: /home/em/ros_workspace_2025/nav_ws/install/px4_msgs/local/lib/python3.10/dist-packages/px4_msgs/srv/__init__.py\n'}
[9.687190] (px4_msgs) StdoutLine: {'line': b'-- Up-to-date: /home/em/ros_workspace_2025/nav_ws/install/px4_msgs/local/lib/python3.10/dist-packages/px4_msgs/srv/_vehicle_command.py\n'}
[9.687211] (px4_msgs) StdoutLine: {'line': b'-- Up-to-date: /home/em/ros_workspace_2025/nav_ws/install/px4_msgs/local/lib/python3.10/dist-packages/px4_msgs/srv/_vehicle_command_s.c\n'}
[9.687233] (px4_msgs) StdoutLine: {'line': b'-- Up-to-date: /home/em/ros_workspace_2025/nav_ws/install/px4_msgs/local/lib/python3.10/dist-packages/px4_msgs/px4_msgs_s__rosidl_typesupport_c.cpython-310-x86_64-linux-gnu.so\n'}
[9.687257] (px4_msgs) StdoutLine: {'line': b'-- Up-to-date: /home/em/ros_workspace_2025/nav_ws/install/px4_msgs/local/lib/python3.10/dist-packages/px4_msgs/px4_msgs_s__rosidl_typesupport_introspection_c.cpython-310-x86_64-linux-gnu.so\n'}
[9.687318] (px4_msgs) StdoutLine: {'line': b'-- Up-to-date: /home/em/ros_workspace_2025/nav_ws/install/px4_msgs/local/lib/python3.10/dist-packages/px4_msgs/px4_msgs_s__rosidl_typesupport_fastrtps_c.cpython-310-x86_64-linux-gnu.so\n'}
[9.687347] (px4_msgs) StdoutLine: {'line': b'-- Up-to-date: /home/em/ros_workspace_2025/nav_ws/install/px4_msgs/local/lib/python3.10/dist-packages/px4_msgs/msg\n'}
[9.687368] (px4_msgs) StdoutLine: {'line': b'-- Up-to-date: /home/em/ros_workspace_2025/nav_ws/install/px4_msgs/local/lib/python3.10/dist-packages/px4_msgs/msg/_sensor_mag_s.c\n'}
[9.687392] (px4_msgs) StdoutLine: {'line': b'-- Up-to-date: /home/em/ros_workspace_2025/nav_ws/install/px4_msgs/local/lib/python3.10/dist-packages/px4_msgs/msg/_can_interface_status_s.c\n'}
[9.687414] (px4_msgs) StdoutLine: {'line': b'-- Up-to-date: /home/em/ros_workspace_2025/nav_ws/install/px4_msgs/local/lib/python3.10/dist-packages/px4_msgs/msg/_distance_sensor_mode_change_request.py\n'}
[9.687435] (px4_msgs) StdoutLine: {'line': b'-- Up-to-date: /home/em/ros_workspace_2025/nav_ws/install/px4_msgs/local/lib/python3.10/dist-packages/px4_msgs/msg/_mavlink_tunnel_s.c\n'}
[9.687456] (px4_msgs) StdoutLine: {'line': b'-- Up-to-date: /home/em/ros_workspace_2025/nav_ws/install/px4_msgs/local/lib/python3.10/dist-packages/px4_msgs/msg/_unregister_ext_component.py\n'}
[9.687480] (px4_msgs) StdoutLine: {'line': b'-- Up-to-date: /home/em/ros_workspace_2025/nav_ws/install/px4_msgs/local/lib/python3.10/dist-packages/px4_msgs/msg/_vehicle_trajectory_waypoint_s.c\n'}
[9.687504] (px4_msgs) StdoutLine: {'line': b'-- Up-to-date: /home/em/ros_workspace_2025/nav_ws/install/px4_msgs/local/lib/python3.10/dist-packages/px4_msgs/msg/_vehicle_thrust_setpoint_s.c\n'}
[9.687527] (px4_msgs) StdoutLine: {'line': b'-- Up-to-date: /home/em/ros_workspace_2025/nav_ws/install/px4_msgs/local/lib/python3.10/dist-packages/px4_msgs/msg/_parameter_set_value_request.py\n'}
[9.687549] (px4_msgs) StdoutLine: {'line': b'-- Up-to-date: /home/em/ros_workspace_2025/nav_ws/install/px4_msgs/local/lib/python3.10/dist-packages/px4_msgs/msg/_estimator_sensor_bias.py\n'}
[9.687572] (px4_msgs) StdoutLine: {'line': b'-- Up-to-date: /home/em/ros_workspace_2025/nav_ws/install/px4_msgs/local/lib/python3.10/dist-packages/px4_msgs/msg/_offboard_control_mode.py\n'}
[9.687594] (px4_msgs) StdoutLine: {'line': b'-- Up-to-date: /home/em/ros_workspace_2025/nav_ws/install/px4_msgs/local/lib/python3.10/dist-packages/px4_msgs/msg/_open_drone_id_system_s.c\n'}
[9.687616] (px4_msgs) StdoutLine: {'line': b'-- Up-to-date: /home/em/ros_workspace_2025/nav_ws/install/px4_msgs/local/lib/python3.10/dist-packages/px4_msgs/msg/_sensor_mag.py\n'}
[9.687638] (px4_msgs) StdoutLine: {'line': b'-- Up-to-date: /home/em/ros_workspace_2025/nav_ws/install/px4_msgs/local/lib/python3.10/dist-packages/px4_msgs/msg/_dataman_response.py\n'}
[9.687661] (px4_msgs) StdoutLine: {'line': b'-- Up-to-date: /home/em/ros_workspace_2025/nav_ws/install/px4_msgs/local/lib/python3.10/dist-packages/px4_msgs/msg/_home_position.py\n'}
[9.687683] (px4_msgs) StdoutLine: {'line': b'-- Up-to-date: /home/em/ros_workspace_2025/nav_ws/install/px4_msgs/local/lib/python3.10/dist-packages/px4_msgs/msg/_goto_setpoint.py\n'}
[9.687706] (px4_msgs) StdoutLine: {'line': b'-- Up-to-date: /home/em/ros_workspace_2025/nav_ws/install/px4_msgs/local/lib/python3.10/dist-packages/px4_msgs/msg/_gpio_config.py\n'}
[9.687728] (px4_msgs) StdoutLine: {'line': b'-- Up-to-date: /home/em/ros_workspace_2025/nav_ws/install/px4_msgs/local/lib/python3.10/dist-packages/px4_msgs/msg/_npfg_status.py\n'}
[9.687753] (px4_msgs) StdoutLine: {'line': b'-- Up-to-date: /home/em/ros_workspace_2025/nav_ws/install/px4_msgs/local/lib/python3.10/dist-packages/px4_msgs/msg/_rover_mecanum_setpoint.py\n'}
[9.687779] (px4_msgs) StdoutLine: {'line': b'-- Up-to-date: /home/em/ros_workspace_2025/nav_ws/install/px4_msgs/local/lib/python3.10/dist-packages/px4_msgs/msg/_uavcan_parameter_request_s.c\n'}
[9.687803] (px4_msgs) StdoutLine: {'line': b'-- Up-to-date: /home/em/ros_workspace_2025/nav_ws/install/px4_msgs/local/lib/python3.10/dist-packages/px4_msgs/msg/_tune_control.py\n'}
[9.687826] (px4_msgs) StdoutLine: {'line': b'-- Up-to-date: /home/em/ros_workspace_2025/nav_ws/install/px4_msgs/local/lib/python3.10/dist-packages/px4_msgs/msg/_estimator_status.py\n'}
[9.687849] (px4_msgs) StdoutLine: {'line': b'-- Up-to-date: /home/em/ros_workspace_2025/nav_ws/install/px4_msgs/local/lib/python3.10/dist-packages/px4_msgs/msg/_sensor_accel_fifo_s.c\n'}
[9.687873] (px4_msgs) StdoutLine: {'line': b'-- Up-to-date: /home/em/ros_workspace_2025/nav_ws/install/px4_msgs/local/lib/python3.10/dist-packages/px4_msgs/msg/_flight_phase_estimation_s.c\n'}
[9.687896] (px4_msgs) StdoutLine: {'line': b'-- Up-to-date: /home/em/ros_workspace_2025/nav_ws/install/px4_msgs/local/lib/python3.10/dist-packages/px4_msgs/msg/_parameter_set_used_request.py\n'}
[9.687921] (px4_msgs) StdoutLine: {'line': b'-- Up-to-date: /home/em/ros_workspace_2025/nav_ws/install/px4_msgs/local/lib/python3.10/dist-packages/px4_msgs/msg/_camera_trigger.py\n'}
[9.688043] (px4_msgs) StdoutLine: {'line': b'-- Up-to-date: /home/em/ros_workspace_2025/nav_ws/install/px4_msgs/local/lib/python3.10/dist-packages/px4_msgs/msg/_sensors_status.py\n'}
[9.688117] (px4_msgs) StdoutLine: {'line': b'-- Up-to-date: /home/em/ros_workspace_2025/nav_ws/install/px4_msgs/local/lib/python3.10/dist-packages/px4_msgs/msg/_esc_status_s.c\n'}
[9.688173] (px4_msgs) StdoutLine: {'line': b'-- Up-to-date: /home/em/ros_workspace_2025/nav_ws/install/px4_msgs/local/lib/python3.10/dist-packages/px4_msgs/msg/_action_request.py\n'}
[9.688248] (px4_msgs) StdoutLine: {'line': b'-- Up-to-date: /home/em/ros_workspace_2025/nav_ws/install/px4_msgs/local/lib/python3.10/dist-packages/px4_msgs/msg/_button_event_s.c\n'}
[9.688318] (px4_msgs) StdoutLine: {'line': b'-- Up-to-date: /home/em/ros_workspace_2025/nav_ws/install/px4_msgs/local/lib/python3.10/dist-packages/px4_msgs/msg/_control_allocator_status.py\n'}
[9.688374] (px4_msgs) StdoutLine: {'line': b'-- Up-to-date: /home/em/ros_workspace_2025/nav_ws/install/px4_msgs/local/lib/python3.10/dist-packages/px4_msgs/msg/_gps_dump.py\n'}
[9.688428] (px4_msgs) StdoutLine: {'line': b'-- Up-to-date: /home/em/ros_workspace_2025/nav_ws/install/px4_msgs/local/lib/python3.10/dist-packages/px4_msgs/msg/_gimbal_device_set_attitude_s.c\n'}
[9.688494] (px4_msgs) StdoutLine: {'line': b'-- Up-to-date: /home/em/ros_workspace_2025/nav_ws/install/px4_msgs/local/lib/python3.10/dist-packages/px4_msgs/msg/_orbit_status.py\n'}
[9.688551] (px4_msgs) StdoutLine: {'line': b'-- Up-to-date: /home/em/ros_workspace_2025/nav_ws/install/px4_msgs/local/lib/python3.10/dist-packages/px4_msgs/msg/_goto_setpoint_s.c\n'}
[9.688603] (px4_msgs) StdoutLine: {'line': b'-- Up-to-date: /home/em/ros_workspace_2025/nav_ws/install/px4_msgs/local/lib/python3.10/dist-packages/px4_msgs/msg/_actuator_outputs.py\n'}
[9.688673] (px4_msgs) StdoutLine: {'line': b'-- Up-to-date: /home/em/ros_workspace_2025/nav_ws/install/px4_msgs/local/lib/python3.10/dist-packages/px4_msgs/msg/_satellite_info_s.c\n'}
[9.688725] (px4_msgs) StdoutLine: {'line': b'-- Up-to-date: /home/em/ros_workspace_2025/nav_ws/install/px4_msgs/local/lib/python3.10/dist-packages/px4_msgs/msg/_health_report.py\n'}
[9.688789] (px4_msgs) StdoutLine: {'line': b'-- Up-to-date: /home/em/ros_workspace_2025/nav_ws/install/px4_msgs/local/lib/python3.10/dist-packages/px4_msgs/msg/_rtl_status_s.c\n'}
[9.688842] (px4_msgs) StdoutLine: {'line': b'-- Up-to-date: /home/em/ros_workspace_2025/nav_ws/install/px4_msgs/local/lib/python3.10/dist-packages/px4_msgs/msg/_vehicle_acceleration.py\n'}
[9.688894] (px4_msgs) StdoutLine: {'line': b'-- Up-to-date: /home/em/ros_workspace_2025/nav_ws/install/px4_msgs/local/lib/python3.10/dist-packages/px4_msgs/msg/_action_request_s.c\n'}
[9.688959] (px4_msgs) StdoutLine: {'line': b'-- Up-to-date: /home/em/ros_workspace_2025/nav_ws/install/px4_msgs/local/lib/python3.10/dist-packages/px4_msgs/msg/_timesync_status.py\n'}
[9.689013] (px4_msgs) StdoutLine: {'line': b'-- Up-to-date: /home/em/ros_workspace_2025/nav_ws/install/px4_msgs/local/lib/python3.10/dist-packages/px4_msgs/msg/_wheel_encoders_s.c\n'}
[9.689065] (px4_msgs) StdoutLine: {'line': b'-- Up-to-date: /home/em/ros_workspace_2025/nav_ws/install/px4_msgs/local/lib/python3.10/dist-packages/px4_msgs/msg/_vehicle_attitude.py\n'}
[9.689117] (px4_msgs) StdoutLine: {'line': b'-- Up-to-date: /home/em/ros_workspace_2025/nav_ws/install/px4_msgs/local/lib/python3.10/dist-packages/px4_msgs/msg/_satellite_info.py\n'}
[9.689170] (px4_msgs) StdoutLine: {'line': b'-- Up-to-date: /home/em/ros_workspace_2025/nav_ws/install/px4_msgs/local/lib/python3.10/dist-packages/px4_msgs/msg/_rate_ctrl_status.py\n'}
[9.689236] (px4_msgs) StdoutLine: {'line': b'-- Up-to-date: /home/em/ros_workspace_2025/nav_ws/install/px4_msgs/local/lib/python3.10/dist-packages/px4_msgs/msg/_actuator_armed.py\n'}
[9.689297] (px4_msgs) StdoutLine: {'line': b'-- Up-to-date: /home/em/ros_workspace_2025/nav_ws/install/px4_msgs/local/lib/python3.10/dist-packages/px4_msgs/msg/_magnetometer_bias_estimate_s.c\n'}
[9.689367] (px4_msgs) StdoutLine: {'line': b'-- Up-to-date: /home/em/ros_workspace_2025/nav_ws/install/px4_msgs/local/lib/python3.10/dist-packages/px4_msgs/msg/_vehicle_optical_flow_vel_s.c\n'}
[9.689421] (px4_msgs) StdoutLine: {'line': b'-- Up-to-date: /home/em/ros_workspace_2025/nav_ws/install/px4_msgs/local/lib/python3.10/dist-packages/px4_msgs/msg/_estimator_selector_status_s.c\n'}
[9.689473] (px4_msgs) StdoutLine: {'line': b'-- Up-to-date: /home/em/ros_workspace_2025/nav_ws/install/px4_msgs/local/lib/python3.10/dist-packages/px4_msgs/msg/_parameter_update_s.c\n'}
[9.689537] (px4_msgs) StdoutLine: {'line': b'-- Up-to-date: /home/em/ros_workspace_2025/nav_ws/install/px4_msgs/local/lib/python3.10/dist-packages/px4_msgs/msg/_magnetometer_bias_estimate.py\n'}
[9.689599] (px4_msgs) StdoutLine: {'line': b'-- Up-to-date: /home/em/ros_workspace_2025/nav_ws/install/px4_msgs/local/lib/python3.10/dist-packages/px4_msgs/msg/_rover_differential_setpoint.py\n'}
[9.689651] (px4_msgs) StdoutLine: {'line': b'-- Up-to-date: /home/em/ros_workspace_2025/nav_ws/install/px4_msgs/local/lib/python3.10/dist-packages/px4_msgs/msg/_open_drone_id_operator_id_s.c\n'}
[9.689715] (px4_msgs) StdoutLine: {'line': b'-- Up-to-date: /home/em/ros_workspace_2025/nav_ws/install/px4_msgs/local/lib/python3.10/dist-packages/px4_msgs/msg/_system_power_s.c\n'}
[9.689768] (px4_msgs) StdoutLine: {'line': b'-- Up-to-date: /home/em/ros_workspace_2025/nav_ws/install/px4_msgs/local/lib/python3.10/dist-packages/px4_msgs/msg/_vehicle_control_mode_s.c\n'}
[9.689820] (px4_msgs) StdoutLine: {'line': b'-- Up-to-date: /home/em/ros_workspace_2025/nav_ws/install/px4_msgs/local/lib/python3.10/dist-packages/px4_msgs/msg/_rover_differential_status_s.c\n'}
[9.689872] (px4_msgs) StdoutLine: {'line': b'-- Up-to-date: /home/em/ros_workspace_2025/nav_ws/install/px4_msgs/local/lib/python3.10/dist-packages/px4_msgs/msg/_rate_ctrl_status_s.c\n'}
[9.689924] (px4_msgs) StdoutLine: {'line': b'-- Up-to-date: /home/em/ros_workspace_2025/nav_ws/install/px4_msgs/local/lib/python3.10/dist-packages/px4_msgs/msg/_trajectory_setpoint_s.c\n'}
[9.689997] (px4_msgs) StdoutLine: {'line': b'-- Up-to-date: /home/em/ros_workspace_2025/nav_ws/install/px4_msgs/local/lib/python3.10/dist-packages/px4_msgs/msg/_rtl_time_estimate_s.c\n'}
[9.690049] (px4_msgs) StdoutLine: {'line': b'-- Up-to-date: /home/em/ros_workspace_2025/nav_ws/install/px4_msgs/local/lib/python3.10/dist-packages/px4_msgs/msg/_vehicle_rates_setpoint_s.c\n'}
[9.690114] (px4_msgs) StdoutLine: {'line': b'-- Up-to-date: /home/em/ros_workspace_2025/nav_ws/install/px4_msgs/local/lib/python3.10/dist-packages/px4_msgs/msg/_collision_report_s.c\n'}
[9.690166] (px4_msgs) StdoutLine: {'line': b'-- Up-to-date: /home/em/ros_workspace_2025/nav_ws/install/px4_msgs/local/lib/python3.10/dist-packages/px4_msgs/msg/_navigator_mission_item_s.c\n'}
[9.690219] (px4_msgs) StdoutLine: {'line': b'-- Up-to-date: /home/em/ros_workspace_2025/nav_ws/install/px4_msgs/local/lib/python3.10/dist-packages/px4_msgs/msg/_vehicle_magnetometer.py\n'}
[9.690289] (px4_msgs) StdoutLine: {'line': b'-- Up-to-date: /home/em/ros_workspace_2025/nav_ws/install/px4_msgs/local/lib/python3.10/dist-packages/px4_msgs/msg/_vehicle_local_position_s.c\n'}
[9.690401] (px4_msgs) StdoutLine: {'line': b'-- Up-to-date: /home/em/ros_workspace_2025/nav_ws/install/px4_msgs/local/lib/python3.10/dist-packages/px4_msgs/msg/_vehicle_odometry_s.c\n'}
[9.690444] (px4_msgs) StdoutLine: {'line': b'-- Up-to-date: /home/em/ros_workspace_2025/nav_ws/install/px4_msgs/local/lib/python3.10/dist-packages/px4_msgs/msg/_onboard_computer_status.py\n'}
[9.690470] (px4_msgs) StdoutLine: {'line': b'-- Up-to-date: /home/em/ros_workspace_2025/nav_ws/install/px4_msgs/local/lib/python3.10/dist-packages/px4_msgs/msg/_gimbal_device_attitude_status_s.c\n'}
[9.690493] (px4_msgs) StdoutLine: {'line': b'-- Up-to-date: /home/em/ros_workspace_2025/nav_ws/install/px4_msgs/local/lib/python3.10/dist-packages/px4_msgs/msg/_estimator_gps_status.py\n'}
[9.690516] (px4_msgs) StdoutLine: {'line': b'-- Up-to-date: /home/em/ros_workspace_2025/nav_ws/install/px4_msgs/local/lib/python3.10/dist-packages/px4_msgs/msg/_sensor_gyro_fft.py\n'}
[9.690539] (px4_msgs) StdoutLine: {'line': b'-- Up-to-date: /home/em/ros_workspace_2025/nav_ws/install/px4_msgs/local/lib/python3.10/dist-packages/px4_msgs/msg/_figure_eight_status.py\n'}
[9.690561] (px4_msgs) StdoutLine: {'line': b'-- Up-to-date: /home/em/ros_workspace_2025/nav_ws/install/px4_msgs/local/lib/python3.10/dist-packages/px4_msgs/msg/_arming_check_reply_s.c\n'}
[9.690582] (px4_msgs) StdoutLine: {'line': b'-- Up-to-date: /home/em/ros_workspace_2025/nav_ws/install/px4_msgs/local/lib/python3.10/dist-packages/px4_msgs/msg/_sensors_status_imu.py\n'}
[9.690603] (px4_msgs) StdoutLine: {'line': b'-- Up-to-date: /home/em/ros_workspace_2025/nav_ws/install/px4_msgs/local/lib/python3.10/dist-packages/px4_msgs/msg/__init__.py\n'}
[9.690625] (px4_msgs) StdoutLine: {'line': b'-- Up-to-date: /home/em/ros_workspace_2025/nav_ws/install/px4_msgs/local/lib/python3.10/dist-packages/px4_msgs/msg/_manual_control_switches_s.c\n'}
[9.690648] (px4_msgs) StdoutLine: {'line': b'-- Up-to-date: /home/em/ros_workspace_2025/nav_ws/install/px4_msgs/local/lib/python3.10/dist-packages/px4_msgs/msg/_ping.py\n'}
[9.690674] (px4_msgs) StdoutLine: {'line': b'-- Up-to-date: /home/em/ros_workspace_2025/nav_ws/install/px4_msgs/local/lib/python3.10/dist-packages/px4_msgs/msg/_sensor_accel.py\n'}
[9.690700] (px4_msgs) StdoutLine: {'line': b'-- Up-to-date: /home/em/ros_workspace_2025/nav_ws/install/px4_msgs/local/lib/python3.10/dist-packages/px4_msgs/msg/_failure_detector_status.py\n'}
[9.690725] (px4_msgs) StdoutLine: {'line': b'-- Up-to-date: /home/em/ros_workspace_2025/nav_ws/install/px4_msgs/local/lib/python3.10/dist-packages/px4_msgs/msg/_onboard_computer_status_s.c\n'}
[9.690753] (px4_msgs) StdoutLine: {'line': b'-- Up-to-date: /home/em/ros_workspace_2025/nav_ws/install/px4_msgs/local/lib/python3.10/dist-packages/px4_msgs/msg/_fuel_tank_status_s.c\n'}
[9.690786] (px4_msgs) StdoutLine: {'line': b'-- Up-to-date: /home/em/ros_workspace_2025/nav_ws/install/px4_msgs/local/lib/python3.10/dist-packages/px4_msgs/msg/_gimbal_manager_set_manual_control_s.c\n'}
[9.690825] (px4_msgs) StdoutLine: {'line': b'-- Up-to-date: /home/em/ros_workspace_2025/nav_ws/install/px4_msgs/local/lib/python3.10/dist-packages/px4_msgs/msg/_open_drone_id_self_id_s.c\n'}
[9.690953] (px4_msgs) StdoutLine: {'line': b'-- Up-to-date: /home/em/ros_workspace_2025/nav_ws/install/px4_msgs/local/lib/python3.10/dist-packages/px4_msgs/msg/_debug_array.py\n'}
[9.691023] (px4_msgs) StdoutLine: {'line': b'-- Up-to-date: /home/em/ros_workspace_2025/nav_ws/install/px4_msgs/local/lib/python3.10/dist-packages/px4_msgs/msg/_led_control_s.c\n'}
[9.691098] (px4_msgs) StdoutLine: {'line': b'-- Up-to-date: /home/em/ros_workspace_2025/nav_ws/install/px4_msgs/local/lib/python3.10/dist-packages/px4_msgs/msg/_vehicle_roi_s.c\n'}
[9.691157] (px4_msgs) StdoutLine: {'line': b'-- Up-to-date: /home/em/ros_workspace_2025/nav_ws/install/px4_msgs/local/lib/python3.10/dist-packages/px4_msgs/msg/_pwm_input.py\n'}
[9.691214] (px4_msgs) StdoutLine: {'line': b'-- Up-to-date: /home/em/ros_workspace_2025/nav_ws/install/px4_msgs/local/lib/python3.10/dist-packages/px4_msgs/msg/_vehicle_attitude_setpoint.py\n'}
[9.691290] (px4_msgs) StdoutLine: {'line': b'-- Up-to-date: /home/em/ros_workspace_2025/nav_ws/install/px4_msgs/local/lib/python3.10/dist-packages/px4_msgs/msg/_sensor_uwb.py\n'}
[9.691356] (px4_msgs) StdoutLine: {'line': b'-- Up-to-date: /home/em/ros_workspace_2025/nav_ws/install/px4_msgs/local/lib/python3.10/dist-packages/px4_msgs/msg/_estimator_event_flags_s.c\n'}
[9.691418] (px4_msgs) StdoutLine: {'line': b'-- Up-to-date: /home/em/ros_workspace_2025/nav_ws/install/px4_msgs/local/lib/python3.10/dist-packages/px4_msgs/msg/_orb_test_large.py\n'}
[9.691473] (px4_msgs) StdoutLine: {'line': b'-- Up-to-date: /home/em/ros_workspace_2025/nav_ws/install/px4_msgs/local/lib/python3.10/dist-packages/px4_msgs/msg/_vehicle_imu.py\n'}
[9.691540] (px4_msgs) StdoutLine: {'line': b'-- Up-to-date: /home/em/ros_workspace_2025/nav_ws/install/px4_msgs/local/lib/python3.10/dist-packages/px4_msgs/msg/_rpm_s.c\n'}
[9.691598] (px4_msgs) StdoutLine: {'line': b'-- Up-to-date: /home/em/ros_workspace_2025/nav_ws/install/px4_msgs/local/lib/python3.10/dist-packages/px4_msgs/msg/_estimator_bias.py\n'}
[9.691654] (px4_msgs) StdoutLine: {'line': b'-- Up-to-date: /home/em/ros_workspace_2025/nav_ws/install/px4_msgs/local/lib/python3.10/dist-packages/px4_msgs/msg/_estimator_status_flags.py\n'}
[9.691712] (px4_msgs) StdoutLine: {'line': b'-- Up-to-date: /home/em/ros_workspace_2025/nav_ws/install/px4_msgs/local/lib/python3.10/dist-packages/px4_msgs/msg/_hover_thrust_estimate_s.c\n'}
[9.691773] (px4_msgs) StdoutLine: {'line': b'-- Up-to-date: /home/em/ros_workspace_2025/nav_ws/install/px4_msgs/local/lib/python3.10/dist-packages/px4_msgs/msg/_estimator_sensor_bias_s.c\n'}
[9.691876] (px4_msgs) StdoutLine: {'line': b'-- Up-to-date: /home/em/ros_workspace_2025/nav_ws/install/px4_msgs/local/lib/python3.10/dist-packages/px4_msgs/msg/_actuator_test_s.c\n'}
[9.691947] (px4_msgs) StdoutLine: {'line': b'-- Up-to-date: /home/em/ros_workspace_2025/nav_ws/install/px4_msgs/local/lib/python3.10/dist-packages/px4_msgs/msg/_camera_capture_s.c\n'}
[9.691972] (px4_msgs) StdoutLine: {'line': b'-- Up-to-date: /home/em/ros_workspace_2025/nav_ws/install/px4_msgs/local/lib/python3.10/dist-packages/px4_msgs/msg/_vehicle_constraints_s.c\n'}
[9.691995] (px4_msgs) StdoutLine: {'line': b'-- Up-to-date: /home/em/ros_workspace_2025/nav_ws/install/px4_msgs/local/lib/python3.10/dist-packages/px4_msgs/msg/_gimbal_device_set_attitude.py\n'}
[9.692017] (px4_msgs) StdoutLine: {'line': b'-- Up-to-date: /home/em/ros_workspace_2025/nav_ws/install/px4_msgs/local/lib/python3.10/dist-packages/px4_msgs/msg/_velocity_limits_s.c\n'}
[9.692039] (px4_msgs) StdoutLine: {'line': b'-- Up-to-date: /home/em/ros_workspace_2025/nav_ws/install/px4_msgs/local/lib/python3.10/dist-packages/px4_msgs/msg/_vehicle_land_detected.py\n'}
[9.692062] (px4_msgs) StdoutLine: {'line': b'-- Up-to-date: /home/em/ros_workspace_2025/nav_ws/install/px4_msgs/local/lib/python3.10/dist-packages/px4_msgs/msg/_gimbal_device_attitude_status.py\n'}
[9.692083] (px4_msgs) StdoutLine: {'line': b'-- Up-to-date: /home/em/ros_workspace_2025/nav_ws/install/px4_msgs/local/lib/python3.10/dist-packages/px4_msgs/msg/_task_stack_info_s.c\n'}
[9.692105] (px4_msgs) StdoutLine: {'line': b'-- Up-to-date: /home/em/ros_workspace_2025/nav_ws/install/px4_msgs/local/lib/python3.10/dist-packages/px4_msgs/msg/_ping_s.c\n'}
[9.692127] (px4_msgs) StdoutLine: {'line': b'-- Up-to-date: /home/em/ros_workspace_2025/nav_ws/install/px4_msgs/local/lib/python3.10/dist-packages/px4_msgs/msg/_sensor_hygrometer.py\n'}
[9.692153] (px4_msgs) StdoutLine: {'line': b'-- Up-to-date: /home/em/ros_workspace_2025/nav_ws/install/px4_msgs/local/lib/python3.10/dist-packages/px4_msgs/msg/_sensor_airflow.py\n'}
[9.692179] (px4_msgs) StdoutLine: {'line': b'-- Up-to-date: /home/em/ros_workspace_2025/nav_ws/install/px4_msgs/local/lib/python3.10/dist-packages/px4_msgs/msg/_tune_control_s.c\n'}
[9.692203] (px4_msgs) StdoutLine: {'line': b'-- Up-to-date: /home/em/ros_workspace_2025/nav_ws/install/px4_msgs/local/lib/python3.10/dist-packages/px4_msgs/msg/_cellular_status_s.c\n'}
[9.692242] (px4_msgs) StdoutLine: {'line': b'-- Up-to-date: /home/em/ros_workspace_2025/nav_ws/install/px4_msgs/local/lib/python3.10/dist-packages/px4_msgs/msg/_failure_detector_status_s.c\n'}
[9.692263] (px4_msgs) StdoutLine: {'line': b'-- Up-to-date: /home/em/ros_workspace_2025/nav_ws/install/px4_msgs/local/lib/python3.10/dist-packages/px4_msgs/msg/_arming_check_request.py\n'}
[9.692291] (px4_msgs) StdoutLine: {'line': b'-- Up-to-date: /home/em/ros_workspace_2025/nav_ws/install/px4_msgs/local/lib/python3.10/dist-packages/px4_msgs/msg/_sensor_selection.py\n'}
[9.692314] (px4_msgs) StdoutLine: {'line': b'-- Up-to-date: /home/em/ros_workspace_2025/nav_ws/install/px4_msgs/local/lib/python3.10/dist-packages/px4_msgs/msg/_vehicle_trajectory_bezier.py\n'}
[9.692338] (px4_msgs) StdoutLine: {'line': b'-- Up-to-date: /home/em/ros_workspace_2025/nav_ws/install/px4_msgs/local/lib/python3.10/dist-packages/px4_msgs/msg/_gimbal_device_information.py\n'}
[9.692359] (px4_msgs) StdoutLine: {'line': b'-- Up-to-date: /home/em/ros_workspace_2025/nav_ws/install/px4_msgs/local/lib/python3.10/dist-packages/px4_msgs/msg/_estimator_aid_source3d.py\n'}
[9.692381] (px4_msgs) StdoutLine: {'line': b'-- Up-to-date: /home/em/ros_workspace_2025/nav_ws/install/px4_msgs/local/lib/python3.10/dist-packages/px4_msgs/msg/_open_drone_id_arm_status.py\n'}
[9.692404] (px4_msgs) StdoutLine: {'line': b'-- Up-to-date: /home/em/ros_workspace_2025/nav_ws/install/px4_msgs/local/lib/python3.10/dist-packages/px4_msgs/msg/_sensors_status_s.c\n'}
[9.692441] (px4_msgs) StdoutLine: {'line': b'-- Up-to-date: /home/em/ros_workspace_2025/nav_ws/install/px4_msgs/local/lib/python3.10/dist-packages/px4_msgs/msg/_estimator_aid_source3d_s.c\n'}
[9.692464] (px4_msgs) StdoutLine: {'line': b'-- Up-to-date: /home/em/ros_workspace_2025/nav_ws/install/px4_msgs/local/lib/python3.10/dist-packages/px4_msgs/msg/_position_controller_landing_status_s.c\n'}
[9.692485] (px4_msgs) StdoutLine: {'line': b'-- Up-to-date: /home/em/ros_workspace_2025/nav_ws/install/px4_msgs/local/lib/python3.10/dist-packages/px4_msgs/msg/_vehicle_torque_setpoint_s.c\n'}
[9.692506] (px4_msgs) StdoutLine: {'line': b'-- Up-to-date: /home/em/ros_workspace_2025/nav_ws/install/px4_msgs/local/lib/python3.10/dist-packages/px4_msgs/msg/_geofence_result_s.c\n'}
[9.692530] (px4_msgs) StdoutLine: {'line': b'-- Up-to-date: /home/em/ros_workspace_2025/nav_ws/install/px4_msgs/local/lib/python3.10/dist-packages/px4_msgs/msg/_rover_differential_setpoint_s.c\n'}
[9.692553] (px4_msgs) StdoutLine: {'line': b'-- Up-to-date: /home/em/ros_workspace_2025/nav_ws/install/px4_msgs/local/lib/python3.10/dist-packages/px4_msgs/msg/_normalized_unsigned_setpoint.py\n'}
[9.692576] (px4_msgs) StdoutLine: {'line': b'-- Up-to-date: /home/em/ros_workspace_2025/nav_ws/install/px4_msgs/local/lib/python3.10/dist-packages/px4_msgs/msg/_rover_ackermann_guidance_status.py\n'}
[9.692600] (px4_msgs) StdoutLine: {'line': b'-- Up-to-date: /home/em/ros_workspace_2025/nav_ws/install/px4_msgs/local/lib/python3.10/dist-packages/px4_msgs/msg/_position_controller_status_s.c\n'}
[9.692639] (px4_msgs) StdoutLine: {'line': b'-- Up-to-date: /home/em/ros_workspace_2025/nav_ws/install/px4_msgs/local/lib/python3.10/dist-packages/px4_msgs/msg/_sensor_gyro_s.c\n'}
[9.692660] (px4_msgs) StdoutLine: {'line': b'-- Up-to-date: /home/em/ros_workspace_2025/nav_ws/install/px4_msgs/local/lib/python3.10/dist-packages/px4_msgs/msg/_gripper.py\n'}
[9.692680] (px4_msgs) StdoutLine: {'line': b'-- Up-to-date: /home/em/ros_workspace_2025/nav_ws/install/px4_msgs/local/lib/python3.10/dist-packages/px4_msgs/msg/_takeoff_status_s.c\n'}
[9.692700] (px4_msgs) StdoutLine: {'line': b'-- Up-to-date: /home/em/ros_workspace_2025/nav_ws/install/px4_msgs/local/lib/python3.10/dist-packages/px4_msgs/msg/_vehicle_torque_setpoint.py\n'}
[9.692730] (px4_msgs) StdoutLine: {'line': b'-- Up-to-date: /home/em/ros_workspace_2025/nav_ws/install/px4_msgs/local/lib/python3.10/dist-packages/px4_msgs/msg/_actuator_servos.py\n'}
[9.692753] (px4_msgs) StdoutLine: {'line': b'-- Up-to-date: /home/em/ros_workspace_2025/nav_ws/install/px4_msgs/local/lib/python3.10/dist-packages/px4_msgs/msg/_gimbal_manager_information_s.c\n'}
[9.692773] (px4_msgs) StdoutLine: {'line': b'-- Up-to-date: /home/em/ros_workspace_2025/nav_ws/install/px4_msgs/local/lib/python3.10/dist-packages/px4_msgs/msg/_autotune_attitude_control_status.py\n'}
[9.692794] (px4_msgs) StdoutLine: {'line': b'-- Up-to-date: /home/em/ros_workspace_2025/nav_ws/install/px4_msgs/local/lib/python3.10/dist-packages/px4_msgs/msg/_power_button_state.py\n'}
[9.692814] (px4_msgs) StdoutLine: {'line': b'-- Up-to-date: /home/em/ros_workspace_2025/nav_ws/install/px4_msgs/local/lib/python3.10/dist-packages/px4_msgs/msg/_vehicle_magnetometer_s.c\n'}
[9.692835] (px4_msgs) StdoutLine: {'line': b'-- Up-to-date: /home/em/ros_workspace_2025/nav_ws/install/px4_msgs/local/lib/python3.10/dist-packages/px4_msgs/msg/_vehicle_angular_velocity.py\n'}
[9.692855] (px4_msgs) StdoutLine: {'line': b'-- Up-to-date: /home/em/ros_workspace_2025/nav_ws/install/px4_msgs/local/lib/python3.10/dist-packages/px4_msgs/msg/_airspeed.py\n'}
[9.692875] (px4_msgs) StdoutLine: {'line': b'-- Up-to-date: /home/em/ros_workspace_2025/nav_ws/install/px4_msgs/local/lib/python3.10/dist-packages/px4_msgs/msg/_rtl_status.py\n'}
[9.692895] (px4_msgs) StdoutLine: {'line': b'-- Up-to-date: /home/em/ros_workspace_2025/nav_ws/install/px4_msgs/local/lib/python3.10/dist-packages/px4_msgs/msg/_sensor_correction_s.c\n'}
[9.692917] (px4_msgs) StdoutLine: {'line': b'-- Up-to-date: /home/em/ros_workspace_2025/nav_ws/install/px4_msgs/local/lib/python3.10/dist-packages/px4_msgs/msg/_actuator_test.py\n'}
[9.692940] (px4_msgs) StdoutLine: {'line': b'-- Up-to-date: /home/em/ros_workspace_2025/nav_ws/install/px4_msgs/local/lib/python3.10/dist-packages/px4_msgs/msg/_position_setpoint_triplet.py\n'}
[9.692962] (px4_msgs) StdoutLine: {'line': b'-- Up-to-date: /home/em/ros_workspace_2025/nav_ws/install/px4_msgs/local/lib/python3.10/dist-packages/px4_msgs/msg/_register_ext_component_request.py\n'}
[9.692985] (px4_msgs) StdoutLine: {'line': b'-- Up-to-date: /home/em/ros_workspace_2025/nav_ws/install/px4_msgs/local/lib/python3.10/dist-packages/px4_msgs/msg/_rtl_time_estimate.py\n'}
[9.693008] (px4_msgs) StdoutLine: {'line': b'-- Up-to-date: /home/em/ros_workspace_2025/nav_ws/install/px4_msgs/local/lib/python3.10/dist-packages/px4_msgs/msg/_vehicle_optical_flow_vel.py\n'}
[9.693030] (px4_msgs) StdoutLine: {'line': b'-- Up-to-date: /home/em/ros_workspace_2025/nav_ws/install/px4_msgs/local/lib/python3.10/dist-packages/px4_msgs/msg/_gpio_out.py\n'}
[9.693065] (px4_msgs) StdoutLine: {'line': b'-- Up-to-date: /home/em/ros_workspace_2025/nav_ws/install/px4_msgs/local/lib/python3.10/dist-packages/px4_msgs/msg/_follow_target_s.c\n'}
[9.693096] (px4_msgs) StdoutLine: {'line': b'-- Up-to-date: /home/em/ros_workspace_2025/nav_ws/install/px4_msgs/local/lib/python3.10/dist-packages/px4_msgs/msg/_landing_gear.py\n'}
[9.693120] (px4_msgs) StdoutLine: {'line': b'-- Up-to-date: /home/em/ros_workspace_2025/nav_ws/install/px4_msgs/local/lib/python3.10/dist-packages/px4_msgs/msg/_vehicle_global_position.py\n'}
[9.693140] (px4_msgs) StdoutLine: {'line': b'-- Up-to-date: /home/em/ros_workspace_2025/nav_ws/install/px4_msgs/local/lib/python3.10/dist-packages/px4_msgs/msg/_transponder_report.py\n'}
[9.693161] (px4_msgs) StdoutLine: {'line': b'-- Up-to-date: /home/em/ros_workspace_2025/nav_ws/install/px4_msgs/local/lib/python3.10/dist-packages/px4_msgs/msg/_control_allocator_status_s.c\n'}
[9.693185] (px4_msgs) StdoutLine: {'line': b'-- Up-to-date: /home/em/ros_workspace_2025/nav_ws/install/px4_msgs/local/lib/python3.10/dist-packages/px4_msgs/msg/_sensor_gyro_fft_s.c\n'}
[9.693209] (px4_msgs) StdoutLine: {'line': b'-- Up-to-date: /home/em/ros_workspace_2025/nav_ws/install/px4_msgs/local/lib/python3.10/dist-packages/px4_msgs/msg/_camera_trigger_s.c\n'}
[9.693233] (px4_msgs) StdoutLine: {'line': b'-- Up-to-date: /home/em/ros_workspace_2025/nav_ws/install/px4_msgs/local/lib/python3.10/dist-packages/px4_msgs/msg/_airspeed_validated_s.c\n'}
[9.693256] (px4_msgs) StdoutLine: {'line': b'-- Up-to-date: /home/em/ros_workspace_2025/nav_ws/install/px4_msgs/local/lib/python3.10/dist-packages/px4_msgs/msg/_gimbal_manager_set_manual_control.py\n'}
[9.693284] (px4_msgs) StdoutLine: {'line': b'-- Up-to-date: /home/em/ros_workspace_2025/nav_ws/install/px4_msgs/local/lib/python3.10/dist-packages/px4_msgs/msg/_telemetry_status.py\n'}
[9.693312] (px4_msgs) StdoutLine: {'line': b'-- Up-to-date: /home/em/ros_workspace_2025/nav_ws/install/px4_msgs/local/lib/python3.10/dist-packages/px4_msgs/msg/_position_setpoint_triplet_s.c\n'}
[9.693335] (px4_msgs) StdoutLine: {'line': b'-- Up-to-date: /home/em/ros_workspace_2025/nav_ws/install/px4_msgs/local/lib/python3.10/dist-packages/px4_msgs/msg/_input_rc_s.c\n'}
[9.693359] (px4_msgs) StdoutLine: {'line': b'-- Up-to-date: /home/em/ros_workspace_2025/nav_ws/install/px4_msgs/local/lib/python3.10/dist-packages/px4_msgs/msg/_actuator_servos_trim.py\n'}
[9.693382] (px4_msgs) StdoutLine: {'line': b'-- Up-to-date: /home/em/ros_workspace_2025/nav_ws/install/px4_msgs/local/lib/python3.10/dist-packages/px4_msgs/msg/_follow_target_status.py\n'}
[9.693404] (px4_msgs) StdoutLine: {'line': b'-- Up-to-date: /home/em/ros_workspace_2025/nav_ws/install/px4_msgs/local/lib/python3.10/dist-packages/px4_msgs/msg/_vehicle_attitude_setpoint_s.c\n'}
[9.693426] (px4_msgs) StdoutLine: {'line': b'-- Up-to-date: /home/em/ros_workspace_2025/nav_ws/install/px4_msgs/local/lib/python3.10/dist-packages/px4_msgs/msg/_rover_differential_guidance_status_s.c\n'}
[9.693449] (px4_msgs) StdoutLine: {'line': b'-- Up-to-date: /home/em/ros_workspace_2025/nav_ws/install/px4_msgs/local/lib/python3.10/dist-packages/px4_msgs/msg/_config_overrides.py\n'}
[9.693472] (px4_msgs) StdoutLine: {'line': b'-- Up-to-date: /home/em/ros_workspace_2025/nav_ws/install/px4_msgs/local/lib/python3.10/dist-packages/px4_msgs/msg/_estimator_status_flags_s.c\n'}
[9.693494] (px4_msgs) StdoutLine: {'line': b'-- Up-to-date: /home/em/ros_workspace_2025/nav_ws/install/px4_msgs/local/lib/python3.10/dist-packages/px4_msgs/msg/_collision_constraints.py\n'}
[9.693516] (px4_msgs) StdoutLine: {'line': b'-- Up-to-date: /home/em/ros_workspace_2025/nav_ws/install/px4_msgs/local/lib/python3.10/dist-packages/px4_msgs/msg/_orb_test_medium_s.c\n'}
[9.693538] (px4_msgs) StdoutLine: {'line': b'-- Up-to-date: /home/em/ros_workspace_2025/nav_ws/install/px4_msgs/local/lib/python3.10/dist-packages/px4_msgs/msg/_sensor_optical_flow.py\n'}
[9.693560] (px4_msgs) StdoutLine: {'line': b'-- Up-to-date: /home/em/ros_workspace_2025/nav_ws/install/px4_msgs/local/lib/python3.10/dist-packages/px4_msgs/msg/_vehicle_optical_flow_s.c\n'}
[9.693583] (px4_msgs) StdoutLine: {'line': b'-- Up-to-date: /home/em/ros_workspace_2025/nav_ws/install/px4_msgs/local/lib/python3.10/dist-packages/px4_msgs/msg/_autotune_attitude_control_status_s.c\n'}
[9.693608] (px4_msgs) StdoutLine: {'line': b'-- Up-to-date: /home/em/ros_workspace_2025/nav_ws/install/px4_msgs/local/lib/python3.10/dist-packages/px4_msgs/msg/_navigator_mission_item.py\n'}
[9.693629] (px4_msgs) StdoutLine: {'line': b'-- Up-to-date: /home/em/ros_workspace_2025/nav_ws/install/px4_msgs/local/lib/python3.10/dist-packages/px4_msgs/msg/_vehicle_command.py\n'}
[9.693651] (px4_msgs) StdoutLine: {'line': b'-- Up-to-date: /home/em/ros_workspace_2025/nav_ws/install/px4_msgs/local/lib/python3.10/dist-packages/px4_msgs/msg/_mission_result.py\n'}
[9.693673] (px4_msgs) StdoutLine: {'line': b'-- Up-to-date: /home/em/ros_workspace_2025/nav_ws/install/px4_msgs/local/lib/python3.10/dist-packages/px4_msgs/msg/_actuator_servos_trim_s.c\n'}
[9.693694] (px4_msgs) StdoutLine: {'line': b'-- Up-to-date: /home/em/ros_workspace_2025/nav_ws/install/px4_msgs/local/lib/python3.10/dist-packages/px4_msgs/msg/_tiltrotor_extra_controls.py\n'}
[9.693717] (px4_msgs) StdoutLine: {'line': b'-- Up-to-date: /home/em/ros_workspace_2025/nav_ws/install/px4_msgs/local/lib/python3.10/dist-packages/px4_msgs/msg/_navigator_status_s.c\n'}
[9.693740] (px4_msgs) StdoutLine: {'line': b'-- Up-to-date: /home/em/ros_workspace_2025/nav_ws/install/px4_msgs/local/lib/python3.10/dist-packages/px4_msgs/msg/_sensor_baro.py\n'}
[9.693761] (px4_msgs) StdoutLine: {'line': b'-- Up-to-date: /home/em/ros_workspace_2025/nav_ws/install/px4_msgs/local/lib/python3.10/dist-packages/px4_msgs/msg/_vehicle_angular_velocity_s.c\n'}
[9.693784] (px4_msgs) StdoutLine: {'line': b'-- Up-to-date: /home/em/ros_workspace_2025/nav_ws/install/px4_msgs/local/lib/python3.10/dist-packages/px4_msgs/msg/_vehicle_status_s.c\n'}
[9.693806] (px4_msgs) StdoutLine: {'line': b'-- Up-to-date: /home/em/ros_workspace_2025/nav_ws/install/px4_msgs/local/lib/python3.10/dist-packages/px4_msgs/msg/_event_s.c\n'}
[9.693828] (px4_msgs) StdoutLine: {'line': b'-- Up-to-date: /home/em/ros_workspace_2025/nav_ws/install/px4_msgs/local/lib/python3.10/dist-packages/px4_msgs/msg/_trajectory_setpoint.py\n'}
[9.693850] (px4_msgs) StdoutLine: {'line': b'-- Up-to-date: /home/em/ros_workspace_2025/nav_ws/install/px4_msgs/local/lib/python3.10/dist-packages/px4_msgs/msg/_gimbal_manager_set_attitude.py\n'}
[9.693871] (px4_msgs) StdoutLine: {'line': b'-- Up-to-date: /home/em/ros_workspace_2025/nav_ws/install/px4_msgs/local/lib/python3.10/dist-packages/px4_msgs/msg/_estimator_aid_source1d_s.c\n'}
[9.693893] (px4_msgs) StdoutLine: {'line': b'-- Up-to-date: /home/em/ros_workspace_2025/nav_ws/install/px4_msgs/local/lib/python3.10/dist-packages/px4_msgs/msg/_uavcan_parameter_value_s.c\n'}
[9.693914] (px4_msgs) StdoutLine: {'line': b'-- Up-to-date: /home/em/ros_workspace_2025/nav_ws/install/px4_msgs/local/lib/python3.10/dist-packages/px4_msgs/msg/_power_monitor_s.c\n'}
[9.693936] (px4_msgs) StdoutLine: {'line': b'-- Up-to-date: /home/em/ros_workspace_2025/nav_ws/install/px4_msgs/local/lib/python3.10/dist-packages/px4_msgs/msg/_iridiumsbd_status_s.c\n'}
[9.693959] (px4_msgs) StdoutLine: {'line': b'-- Up-to-date: /home/em/ros_workspace_2025/nav_ws/install/px4_msgs/local/lib/python3.10/dist-packages/px4_msgs/msg/_rover_mecanum_guidance_status_s.c\n'}
[9.693983] (px4_msgs) StdoutLine: {'line': b'-- Up-to-date: /home/em/ros_workspace_2025/nav_ws/install/px4_msgs/local/lib/python3.10/dist-packages/px4_msgs/msg/_position_setpoint.py\n'}
[9.694004] (px4_msgs) StdoutLine: {'line': b'-- Up-to-date: /home/em/ros_workspace_2025/nav_ws/install/px4_msgs/local/lib/python3.10/dist-packages/px4_msgs/msg/_failsafe_flags_s.c\n'}
[9.694026] (px4_msgs) StdoutLine: {'line': b'-- Up-to-date: /home/em/ros_workspace_2025/nav_ws/install/px4_msgs/local/lib/python3.10/dist-packages/px4_msgs/msg/_geofence_status.py\n'}
[9.694048] (px4_msgs) StdoutLine: {'line': b'-- Up-to-date: /home/em/ros_workspace_2025/nav_ws/install/px4_msgs/local/lib/python3.10/dist-packages/px4_msgs/msg/_sensor_hygrometer_s.c\n'}
[9.694069] (px4_msgs) StdoutLine: {'line': b'-- Up-to-date: /home/em/ros_workspace_2025/nav_ws/install/px4_msgs/local/lib/python3.10/dist-packages/px4_msgs/msg/_mission_result_s.c\n'}
[9.694091] (px4_msgs) StdoutLine: {'line': b'-- Up-to-date: /home/em/ros_workspace_2025/nav_ws/install/px4_msgs/local/lib/python3.10/dist-packages/px4_msgs/msg/_trajectory_waypoint.py\n'}
[9.694113] (px4_msgs) StdoutLine: {'line': b'-- Up-to-date: /home/em/ros_workspace_2025/nav_ws/install/px4_msgs/local/lib/python3.10/dist-packages/px4_msgs/msg/_geofence_status_s.c\n'}
[9.694135] (px4_msgs) StdoutLine: {'line': b'-- Up-to-date: /home/em/ros_workspace_2025/nav_ws/install/px4_msgs/local/lib/python3.10/dist-packages/px4_msgs/msg/_debug_value.py\n'}
[9.694156] (px4_msgs) StdoutLine: {'line': b'-- Up-to-date: /home/em/ros_workspace_2025/nav_ws/install/px4_msgs/local/lib/python3.10/dist-packages/px4_msgs/msg/_qshell_req.py\n'}
[9.694178] (px4_msgs) StdoutLine: {'line': b'-- Up-to-date: /home/em/ros_workspace_2025/nav_ws/install/px4_msgs/local/lib/python3.10/dist-packages/px4_msgs/msg/_landing_target_innovations_s.c\n'}
[9.694199] (px4_msgs) StdoutLine: {'line': b'-- Up-to-date: /home/em/ros_workspace_2025/nav_ws/install/px4_msgs/local/lib/python3.10/dist-packages/px4_msgs/msg/_rc_channels.py\n'}
[9.694220] (px4_msgs) StdoutLine: {'line': b'-- Up-to-date: /home/em/ros_workspace_2025/nav_ws/install/px4_msgs/local/lib/python3.10/dist-packages/px4_msgs/msg/_logger_status_s.c\n'}
[9.694240] (px4_msgs) StdoutLine: {'line': b'-- Up-to-date: /home/em/ros_workspace_2025/nav_ws/install/px4_msgs/local/lib/python3.10/dist-packages/px4_msgs/msg/_orbit_status_s.c\n'}
[9.694262] (px4_msgs) StdoutLine: {'line': b'-- Up-to-date: /home/em/ros_workspace_2025/nav_ws/install/px4_msgs/local/lib/python3.10/dist-packages/px4_msgs/msg/_sensor_accel_s.c\n'}
[9.694287] (px4_msgs) StdoutLine: {'line': b'-- Up-to-date: /home/em/ros_workspace_2025/nav_ws/install/px4_msgs/local/lib/python3.10/dist-packages/px4_msgs/msg/_actuator_motors.py\n'}
[9.694310] (px4_msgs) StdoutLine: {'line': b'-- Up-to-date: /home/em/ros_workspace_2025/nav_ws/install/px4_msgs/local/lib/python3.10/dist-packages/px4_msgs/msg/_internal_combustion_engine_status_s.c\n'}
[9.694343] (px4_msgs) StdoutLine: {'line': b'-- Up-to-date: /home/em/ros_workspace_2025/nav_ws/install/px4_msgs/local/lib/python3.10/dist-packages/px4_msgs/msg/_rc_parameter_map_s.c\n'}
[9.694367] (px4_msgs) StdoutLine: {'line': b'-- Up-to-date: /home/em/ros_workspace_2025/nav_ws/install/px4_msgs/local/lib/python3.10/dist-packages/px4_msgs/msg/_manual_control_setpoint_s.c\n'}
[9.694390] (px4_msgs) StdoutLine: {'line': b'-- Up-to-date: /home/em/ros_workspace_2025/nav_ws/install/px4_msgs/local/lib/python3.10/dist-packages/px4_msgs/msg/_geofence_result.py\n'}
[9.694412] (px4_msgs) StdoutLine: {'line': b'-- Up-to-date: /home/em/ros_workspace_2025/nav_ws/install/px4_msgs/local/lib/python3.10/dist-packages/px4_msgs/msg/_pwm_input_s.c\n'}
[9.694435] (px4_msgs) StdoutLine: {'line': b'-- Up-to-date: /home/em/ros_workspace_2025/nav_ws/install/px4_msgs/local/lib/python3.10/dist-packages/px4_msgs/msg/_orb_test_large_s.c\n'}
[9.694459] (px4_msgs) StdoutLine: {'line': b'-- Up-to-date: /home/em/ros_workspace_2025/nav_ws/install/px4_msgs/local/lib/python3.10/dist-packages/px4_msgs/msg/_landing_target_pose.py\n'}
[9.694481] (px4_msgs) StdoutLine: {'line': b'-- Up-to-date: /home/em/ros_workspace_2025/nav_ws/install/px4_msgs/local/lib/python3.10/dist-packages/px4_msgs/msg/_register_ext_component_reply.py\n'}
[9.694504] (px4_msgs) StdoutLine: {'line': b'-- Up-to-date: /home/em/ros_workspace_2025/nav_ws/install/px4_msgs/local/lib/python3.10/dist-packages/px4_msgs/msg/_log_message.py\n'}
[9.694525] (px4_msgs) StdoutLine: {'line': b'-- Up-to-date: /home/em/ros_workspace_2025/nav_ws/install/px4_msgs/local/lib/python3.10/dist-packages/px4_msgs/msg/_mavlink_log.py\n'}
[9.694548] (px4_msgs) StdoutLine: {'line': b'-- Up-to-date: /home/em/ros_workspace_2025/nav_ws/install/px4_msgs/local/lib/python3.10/dist-packages/px4_msgs/msg/_failsafe_flags.py\n'}
[9.694571] (px4_msgs) StdoutLine: {'line': b'-- Up-to-date: /home/em/ros_workspace_2025/nav_ws/install/px4_msgs/local/lib/python3.10/dist-packages/px4_msgs/msg/_rover_ackermann_status.py\n'}
[9.694596] (px4_msgs) StdoutLine: {'line': b'-- Up-to-date: /home/em/ros_workspace_2025/nav_ws/install/px4_msgs/local/lib/python3.10/dist-packages/px4_msgs/msg/_buffer128.py\n'}
[9.694617] (px4_msgs) StdoutLine: {'line': b'-- Up-to-date: /home/em/ros_workspace_2025/nav_ws/install/px4_msgs/local/lib/python3.10/dist-packages/px4_msgs/msg/_flight_phase_estimation.py\n'}
[9.694640] (px4_msgs) StdoutLine: {'line': b'-- Up-to-date: /home/em/ros_workspace_2025/nav_ws/install/px4_msgs/local/lib/python3.10/dist-packages/px4_msgs/msg/_vehicle_acceleration_s.c\n'}
[9.694662] (px4_msgs) StdoutLine: {'line': b'-- Up-to-date: /home/em/ros_workspace_2025/nav_ws/install/px4_msgs/local/lib/python3.10/dist-packages/px4_msgs/msg/_position_controller_status.py\n'}
[9.694684] (px4_msgs) StdoutLine: {'line': b'-- Up-to-date: /home/em/ros_workspace_2025/nav_ws/install/px4_msgs/local/lib/python3.10/dist-packages/px4_msgs/msg/_sensor_gyro_fifo.py\n'}
[9.694707] (px4_msgs) StdoutLine: {'line': b'-- Up-to-date: /home/em/ros_workspace_2025/nav_ws/install/px4_msgs/local/lib/python3.10/dist-packages/px4_msgs/msg/_gimbal_device_information_s.c\n'}
[9.694728] (px4_msgs) StdoutLine: {'line': b'-- Up-to-date: /home/em/ros_workspace_2025/nav_ws/install/px4_msgs/local/lib/python3.10/dist-packages/px4_msgs/msg/_open_drone_id_system.py\n'}
[9.694751] (px4_msgs) StdoutLine: {'line': b'-- Up-to-date: /home/em/ros_workspace_2025/nav_ws/install/px4_msgs/local/lib/python3.10/dist-packages/px4_msgs/msg/_irlock_report_s.c\n'}
[9.694777] (px4_msgs) StdoutLine: {'line': b'-- Up-to-date: /home/em/ros_workspace_2025/nav_ws/install/px4_msgs/local/lib/python3.10/dist-packages/px4_msgs/msg/_dataman_request.py\n'}
[9.694810] (px4_msgs) StdoutLine: {'line': b'-- Up-to-date: /home/em/ros_workspace_2025/nav_ws/install/px4_msgs/local/lib/python3.10/dist-packages/px4_msgs/msg/_vehicle_optical_flow.py\n'}
[9.694922] (px4_msgs) StdoutLine: {'line': b'-- Up-to-date: /home/em/ros_workspace_2025/nav_ws/install/px4_msgs/local/lib/python3.10/dist-packages/px4_msgs/msg/_sensor_gps_s.c\n'}
[9.694960] (px4_msgs) StdoutLine: {'line': b'-- Up-to-date: /home/em/ros_workspace_2025/nav_ws/install/px4_msgs/local/lib/python3.10/dist-packages/px4_msgs/msg/_mission_s.c\n'}
[9.694987] (px4_msgs) StdoutLine: {'line': b'-- Up-to-date: /home/em/ros_workspace_2025/nav_ws/install/px4_msgs/local/lib/python3.10/dist-packages/px4_msgs/msg/_iridiumsbd_status.py\n'}
[9.695015] (px4_msgs) StdoutLine: {'line': b'-- Up-to-date: /home/em/ros_workspace_2025/nav_ws/install/px4_msgs/local/lib/python3.10/dist-packages/px4_msgs/msg/_led_control.py\n'}
[9.695040] (px4_msgs) StdoutLine: {'line': b'-- Up-to-date: /home/em/ros_workspace_2025/nav_ws/install/px4_msgs/local/lib/python3.10/dist-packages/px4_msgs/msg/_obstacle_distance.py\n'}
[9.695064] (px4_msgs) StdoutLine: {'line': b'-- Up-to-date: /home/em/ros_workspace_2025/nav_ws/install/px4_msgs/local/lib/python3.10/dist-packages/px4_msgs/msg/_sensor_gps.py\n'}
[9.695104] (px4_msgs) StdoutLine: {'line': b'-- Up-to-date: /home/em/ros_workspace_2025/nav_ws/install/px4_msgs/local/lib/python3.10/dist-packages/px4_msgs/msg/_power_monitor.py\n'}
[9.695128] (px4_msgs) StdoutLine: {'line': b'-- Up-to-date: /home/em/ros_workspace_2025/nav_ws/install/px4_msgs/local/lib/python3.10/dist-packages/px4_msgs/msg/_config_overrides_s.c\n'}
[9.695151] (px4_msgs) StdoutLine: {'line': b'-- Up-to-date: /home/em/ros_workspace_2025/nav_ws/install/px4_msgs/local/lib/python3.10/dist-packages/px4_msgs/msg/_distance_sensor.py\n'}
[9.695174] (px4_msgs) StdoutLine: {'line': b'-- Up-to-date: /home/em/ros_workspace_2025/nav_ws/install/px4_msgs/local/lib/python3.10/dist-packages/px4_msgs/msg/_pps_capture_s.c\n'}
[9.695200] (px4_msgs) StdoutLine: {'line': b'-- Up-to-date: /home/em/ros_workspace_2025/nav_ws/install/px4_msgs/local/lib/python3.10/dist-packages/px4_msgs/msg/_parameter_set_value_response_s.c\n'}
[9.695224] (px4_msgs) StdoutLine: {'line': b'-- Up-to-date: /home/em/ros_workspace_2025/nav_ws/install/px4_msgs/local/lib/python3.10/dist-packages/px4_msgs/msg/_power_button_state_s.c\n'}
[9.695247] (px4_msgs) StdoutLine: {'line': b'-- Up-to-date: /home/em/ros_workspace_2025/nav_ws/install/px4_msgs/local/lib/python3.10/dist-packages/px4_msgs/msg/_debug_key_value_s.c\n'}
[9.695285] (px4_msgs) StdoutLine: {'line': b'-- Up-to-date: /home/em/ros_workspace_2025/nav_ws/install/px4_msgs/local/lib/python3.10/dist-packages/px4_msgs/msg/_parameter_reset_request_s.c\n'}
[9.695312] (px4_msgs) StdoutLine: {'line': b'-- Up-to-date: /home/em/ros_workspace_2025/nav_ws/install/px4_msgs/local/lib/python3.10/dist-packages/px4_msgs/msg/_message_format_response_s.c\n'}
[9.695333] (px4_msgs) StdoutLine: {'line': b'-- Up-to-date: /home/em/ros_workspace_2025/nav_ws/install/px4_msgs/local/lib/python3.10/dist-packages/px4_msgs/msg/_tiltrotor_extra_controls_s.c\n'}
[9.695356] (px4_msgs) StdoutLine: {'line': b'-- Up-to-date: /home/em/ros_workspace_2025/nav_ws/install/px4_msgs/local/lib/python3.10/dist-packages/px4_msgs/msg/_collision_report.py\n'}
[9.695378] (px4_msgs) StdoutLine: {'line': b'-- Up-to-date: /home/em/ros_workspace_2025/nav_ws/install/px4_msgs/local/lib/python3.10/dist-packages/px4_msgs/msg/_can_interface_status.py\n'}
[9.695400] (px4_msgs) StdoutLine: {'line': b'-- Up-to-date: /home/em/ros_workspace_2025/nav_ws/install/px4_msgs/local/lib/python3.10/dist-packages/px4_msgs/msg/_gps_inject_data.py\n'}
[9.695421] (px4_msgs) StdoutLine: {'line': b'-- Up-to-date: /home/em/ros_workspace_2025/nav_ws/install/px4_msgs/local/lib/python3.10/dist-packages/px4_msgs/msg/_home_position_s.c\n'}
[9.695446] (px4_msgs) StdoutLine: {'line': b'-- Up-to-date: /home/em/ros_workspace_2025/nav_ws/install/px4_msgs/local/lib/python3.10/dist-packages/px4_msgs/msg/_actuator_armed_s.c\n'}
[9.695470] (px4_msgs) StdoutLine: {'line': b'-- Up-to-date: /home/em/ros_workspace_2025/nav_ws/install/px4_msgs/local/lib/python3.10/dist-packages/px4_msgs/msg/_takeoff_status.py\n'}
[9.695508] (px4_msgs) StdoutLine: {'line': b'-- Up-to-date: /home/em/ros_workspace_2025/nav_ws/install/px4_msgs/local/lib/python3.10/dist-packages/px4_msgs/msg/_vehicle_attitude_s.c\n'}
[9.695530] (px4_msgs) StdoutLine: {'line': b'-- Up-to-date: /home/em/ros_workspace_2025/nav_ws/install/px4_msgs/local/lib/python3.10/dist-packages/px4_msgs/msg/_radio_status_s.c\n'}
[9.695551] (px4_msgs) StdoutLine: {'line': b'-- Up-to-date: /home/em/ros_workspace_2025/nav_ws/install/px4_msgs/local/lib/python3.10/dist-packages/px4_msgs/msg/_esc_status.py\n'}
[9.695572] (px4_msgs) StdoutLine: {'line': b'-- Up-to-date: /home/em/ros_workspace_2025/nav_ws/install/px4_msgs/local/lib/python3.10/dist-packages/px4_msgs/msg/_adc_report.py\n'}
[9.695596] (px4_msgs) StdoutLine: {'line': b'-- Up-to-date: /home/em/ros_workspace_2025/nav_ws/install/px4_msgs/local/lib/python3.10/dist-packages/px4_msgs/msg/_sensor_gnss_relative_s.c\n'}
[9.695619] (px4_msgs) StdoutLine: {'line': b'-- Up-to-date: /home/em/ros_workspace_2025/nav_ws/install/px4_msgs/local/lib/python3.10/dist-packages/px4_msgs/msg/_vtol_vehicle_status_s.c\n'}
[9.695643] (px4_msgs) StdoutLine: {'line': b'-- Up-to-date: /home/em/ros_workspace_2025/nav_ws/install/px4_msgs/local/lib/python3.10/dist-packages/px4_msgs/msg/_esc_report.py\n'}
[9.695665] (px4_msgs) StdoutLine: {'line': b'-- Up-to-date: /home/em/ros_workspace_2025/nav_ws/install/px4_msgs/local/lib/python3.10/dist-packages/px4_msgs/msg/_vehicle_thrust_setpoint.py\n'}
[9.695686] (px4_msgs) StdoutLine: {'line': b'-- Up-to-date: /home/em/ros_workspace_2025/nav_ws/install/px4_msgs/local/lib/python3.10/dist-packages/px4_msgs/msg/_vehicle_command_ack.py\n'}
[9.695708] (px4_msgs) StdoutLine: {'line': b'-- Up-to-date: /home/em/ros_workspace_2025/nav_ws/install/px4_msgs/local/lib/python3.10/dist-packages/px4_msgs/msg/_gps_dump_s.c\n'}
[9.695730] (px4_msgs) StdoutLine: {'line': b'-- Up-to-date: /home/em/ros_workspace_2025/nav_ws/install/px4_msgs/local/lib/python3.10/dist-packages/px4_msgs/msg/_airspeed_wind.py\n'}
[9.695754] (px4_msgs) StdoutLine: {'line': b'-- Up-to-date: /home/em/ros_workspace_2025/nav_ws/install/px4_msgs/local/lib/python3.10/dist-packages/px4_msgs/msg/_generator_status.py\n'}
[9.695775] (px4_msgs) StdoutLine: {'line': b'-- Up-to-date: /home/em/ros_workspace_2025/nav_ws/install/px4_msgs/local/lib/python3.10/dist-packages/px4_msgs/msg/_gimbal_manager_information.py\n'}
[9.695799] (px4_msgs) StdoutLine: {'line': b'-- Up-to-date: /home/em/ros_workspace_2025/nav_ws/install/px4_msgs/local/lib/python3.10/dist-packages/px4_msgs/msg/_estimator_status_s.c\n'}
[9.695840] (px4_msgs) StdoutLine: {'line': b'-- Up-to-date: /home/em/ros_workspace_2025/nav_ws/install/px4_msgs/local/lib/python3.10/dist-packages/px4_msgs/msg/_ulog_stream_ack_s.c\n'}
[9.695860] (px4_msgs) StdoutLine: {'line': b'-- Up-to-date: /home/em/ros_workspace_2025/nav_ws/install/px4_msgs/local/lib/python3.10/dist-packages/px4_msgs/msg/_hover_thrust_estimate.py\n'}
[9.695880] (px4_msgs) StdoutLine: {'line': b'-- Up-to-date: /home/em/ros_workspace_2025/nav_ws/install/px4_msgs/local/lib/python3.10/dist-packages/px4_msgs/msg/_manual_control_switches.py\n'}
[9.695899] (px4_msgs) StdoutLine: {'line': b'-- Up-to-date: /home/em/ros_workspace_2025/nav_ws/install/px4_msgs/local/lib/python3.10/dist-packages/px4_msgs/msg/_rover_mecanum_status.py\n'}
[9.695919] (px4_msgs) StdoutLine: {'line': b'-- Up-to-date: /home/em/ros_workspace_2025/nav_ws/install/px4_msgs/local/lib/python3.10/dist-packages/px4_msgs/msg/_rover_ackermann_status_s.c\n'}
[9.695951] (px4_msgs) StdoutLine: {'line': b'-- Up-to-date: /home/em/ros_workspace_2025/nav_ws/install/px4_msgs/local/lib/python3.10/dist-packages/px4_msgs/msg/_event.py\n'}
[9.695972] (px4_msgs) StdoutLine: {'line': b'-- Up-to-date: /home/em/ros_workspace_2025/nav_ws/install/px4_msgs/local/lib/python3.10/dist-packages/px4_msgs/msg/_adc_report_s.c\n'}
[9.695992] (px4_msgs) StdoutLine: {'line': b'-- Up-to-date: /home/em/ros_workspace_2025/nav_ws/install/px4_msgs/local/lib/python3.10/dist-packages/px4_msgs/msg/_distance_sensor_mode_change_request_s.c\n'}
[9.696013] (px4_msgs) StdoutLine: {'line': b'-- Up-to-date: /home/em/ros_workspace_2025/nav_ws/install/px4_msgs/local/lib/python3.10/dist-packages/px4_msgs/msg/_airspeed_s.c\n'}
[9.696032] (px4_msgs) StdoutLine: {'line': b'-- Up-to-date: /home/em/ros_workspace_2025/nav_ws/install/px4_msgs/local/lib/python3.10/dist-packages/px4_msgs/msg/_vehicle_imu_status.py\n'}
[9.696052] (px4_msgs) StdoutLine: {'line': b'-- Up-to-date: /home/em/ros_workspace_2025/nav_ws/install/px4_msgs/local/lib/python3.10/dist-packages/px4_msgs/msg/_vehicle_constraints.py\n'}
[9.696071] (px4_msgs) StdoutLine: {'line': b'-- Up-to-date: /home/em/ros_workspace_2025/nav_ws/install/px4_msgs/local/lib/python3.10/dist-packages/px4_msgs/msg/_sensor_preflight_mag_s.c\n'}
[9.696091] (px4_msgs) StdoutLine: {'line': b'-- Up-to-date: /home/em/ros_workspace_2025/nav_ws/install/px4_msgs/local/lib/python3.10/dist-packages/px4_msgs/msg/_differential_pressure.py\n'}
[9.696111] (px4_msgs) StdoutLine: {'line': b'-- Up-to-date: /home/em/ros_workspace_2025/nav_ws/install/px4_msgs/local/lib/python3.10/dist-packages/px4_msgs/msg/_ulog_stream_s.c\n'}
[9.696131] (px4_msgs) StdoutLine: {'line': b'-- Up-to-date: /home/em/ros_workspace_2025/nav_ws/install/px4_msgs/local/lib/python3.10/dist-packages/px4_msgs/msg/_sensor_uwb_s.c\n'}
[9.696156] (px4_msgs) StdoutLine: {'line': b'-- Up-to-date: /home/em/ros_workspace_2025/nav_ws/install/px4_msgs/local/lib/python3.10/dist-packages/px4_msgs/msg/_mode_completed_s.c\n'}
[9.696194] (px4_msgs) StdoutLine: {'line': b'-- Up-to-date: /home/em/ros_workspace_2025/nav_ws/install/px4_msgs/local/lib/python3.10/dist-packages/px4_msgs/msg/_trajectory_waypoint_s.c\n'}
[9.696303] (px4_msgs) StdoutLine: {'line': b'-- Up-to-date: /home/em/ros_workspace_2025/nav_ws/install/px4_msgs/local/lib/python3.10/dist-packages/px4_msgs/msg/_rc_channels_s.c\n'}
[9.696397] (px4_msgs) StdoutLine: {'line': b'-- Up-to-date: /home/em/ros_workspace_2025/nav_ws/install/px4_msgs/local/lib/python3.10/dist-packages/px4_msgs/msg/_vehicle_status.py\n'}
[9.696455] (px4_msgs) StdoutLine: {'line': b'-- Up-to-date: /home/em/ros_workspace_2025/nav_ws/install/px4_msgs/local/lib/python3.10/dist-packages/px4_msgs/msg/_follow_target_status_s.c\n'}
[9.696522] (px4_msgs) StdoutLine: {'line': b'-- Up-to-date: /home/em/ros_workspace_2025/nav_ws/install/px4_msgs/local/lib/python3.10/dist-packages/px4_msgs/msg/_distance_sensor_s.c\n'}
[9.696587] (px4_msgs) StdoutLine: {'line': b'-- Up-to-date: /home/em/ros_workspace_2025/nav_ws/install/px4_msgs/local/lib/python3.10/dist-packages/px4_msgs/msg/_cpuload.py\n'}
[9.696640] (px4_msgs) StdoutLine: {'line': b'-- Up-to-date: /home/em/ros_workspace_2025/nav_ws/install/px4_msgs/local/lib/python3.10/dist-packages/px4_msgs/msg/_debug_array_s.c\n'}
[9.696691] (px4_msgs) StdoutLine: {'line': b'-- Up-to-date: /home/em/ros_workspace_2025/nav_ws/install/px4_msgs/local/lib/python3.10/dist-packages/px4_msgs/msg/_estimator_bias_s.c\n'}
[9.696745] (px4_msgs) StdoutLine: {'line': b'-- Up-to-date: /home/em/ros_workspace_2025/nav_ws/install/px4_msgs/local/lib/python3.10/dist-packages/px4_msgs/msg/_figure_eight_status_s.c\n'}
[9.696796] (px4_msgs) StdoutLine: {'line': b'-- Up-to-date: /home/em/ros_workspace_2025/nav_ws/install/px4_msgs/local/lib/python3.10/dist-packages/px4_msgs/msg/_vehicle_angular_acceleration_setpoint.py\n'}
[9.696861] (px4_msgs) StdoutLine: {'line': b'-- Up-to-date: /home/em/ros_workspace_2025/nav_ws/install/px4_msgs/local/lib/python3.10/dist-packages/px4_msgs/msg/_obstacle_distance_s.c\n'}
[9.696919] (px4_msgs) StdoutLine: {'line': b'-- Up-to-date: /home/em/ros_workspace_2025/nav_ws/install/px4_msgs/local/lib/python3.10/dist-packages/px4_msgs/msg/_velocity_limits.py\n'}
[9.696971] (px4_msgs) StdoutLine: {'line': b'-- Up-to-date: /home/em/ros_workspace_2025/nav_ws/install/px4_msgs/local/lib/python3.10/dist-packages/px4_msgs/msg/_wheel_encoders.py\n'}
[9.697022] (px4_msgs) StdoutLine: {'line': b'-- Up-to-date: /home/em/ros_workspace_2025/nav_ws/install/px4_msgs/local/lib/python3.10/dist-packages/px4_msgs/msg/_gpio_in_s.c\n'}
[9.697085] (px4_msgs) StdoutLine: {'line': b'-- Up-to-date: /home/em/ros_workspace_2025/nav_ws/install/px4_msgs/local/lib/python3.10/dist-packages/px4_msgs/msg/_sensor_correction.py\n'}
[9.697138] (px4_msgs) StdoutLine: {'line': b'-- Up-to-date: /home/em/ros_workspace_2025/nav_ws/install/px4_msgs/local/lib/python3.10/dist-packages/px4_msgs/msg/_register_ext_component_reply_s.c\n'}
[9.697191] (px4_msgs) StdoutLine: {'line': b'-- Up-to-date: /home/em/ros_workspace_2025/nav_ws/install/px4_msgs/local/lib/python3.10/dist-packages/px4_msgs/msg/_vehicle_rates_setpoint.py\n'}
[9.697255] (px4_msgs) StdoutLine: {'line': b'-- Up-to-date: /home/em/ros_workspace_2025/nav_ws/install/px4_msgs/local/lib/python3.10/dist-packages/px4_msgs/msg/_estimator_aid_source2d.py\n'}
[9.697315] (px4_msgs) StdoutLine: {'line': b'-- Up-to-date: /home/em/ros_workspace_2025/nav_ws/install/px4_msgs/local/lib/python3.10/dist-packages/px4_msgs/msg/_vehicle_local_position_setpoint.py\n'}
[9.697376] (px4_msgs) StdoutLine: {'line': b'-- Up-to-date: /home/em/ros_workspace_2025/nav_ws/install/px4_msgs/local/lib/python3.10/dist-packages/px4_msgs/msg/_rover_differential_status.py\n'}
[9.697436] (px4_msgs) StdoutLine: {'line': b'-- Up-to-date: /home/em/ros_workspace_2025/nav_ws/install/px4_msgs/local/lib/python3.10/dist-packages/px4_msgs/msg/_landing_target_pose_s.c\n'}
[9.697490] (px4_msgs) StdoutLine: {'line': b'-- Up-to-date: /home/em/ros_workspace_2025/nav_ws/install/px4_msgs/local/lib/python3.10/dist-packages/px4_msgs/msg/_yaw_estimator_status.py\n'}
[9.697544] (px4_msgs) StdoutLine: {'line': b'-- Up-to-date: /home/em/ros_workspace_2025/nav_ws/install/px4_msgs/local/lib/python3.10/dist-packages/px4_msgs/msg/_estimator_states.py\n'}
[9.697618] (px4_msgs) StdoutLine: {'line': b'-- Up-to-date: /home/em/ros_workspace_2025/nav_ws/install/px4_msgs/local/lib/python3.10/dist-packages/px4_msgs/msg/_parameter_reset_request.py\n'}
[9.697672] (px4_msgs) StdoutLine: {'line': b'-- Up-to-date: /home/em/ros_workspace_2025/nav_ws/install/px4_msgs/local/lib/python3.10/dist-packages/px4_msgs/msg/_button_event.py\n'}
[9.697728] (px4_msgs) StdoutLine: {'line': b'-- Up-to-date: /home/em/ros_workspace_2025/nav_ws/install/px4_msgs/local/lib/python3.10/dist-packages/px4_msgs/msg/_landing_gear_wheel.py\n'}
[9.697785] (px4_msgs) StdoutLine: {'line': b'-- Up-to-date: /home/em/ros_workspace_2025/nav_ws/install/px4_msgs/local/lib/python3.10/dist-packages/px4_msgs/msg/_npfg_status_s.c\n'}
[9.697862] (px4_msgs) StdoutLine: {'line': b'-- Up-to-date: /home/em/ros_workspace_2025/nav_ws/install/px4_msgs/local/lib/python3.10/dist-packages/px4_msgs/msg/_landing_gear_wheel_s.c\n'}
[9.697920] (px4_msgs) StdoutLine: {'line': b'-- Up-to-date: /home/em/ros_workspace_2025/nav_ws/install/px4_msgs/local/lib/python3.10/dist-packages/px4_msgs/msg/_rover_ackermann_setpoint.py\n'}
[9.697975] (px4_msgs) StdoutLine: {'line': b'-- Up-to-date: /home/em/ros_workspace_2025/nav_ws/install/px4_msgs/local/lib/python3.10/dist-packages/px4_msgs/msg/_pps_capture.py\n'}
[9.698049] (px4_msgs) StdoutLine: {'line': b'-- Up-to-date: /home/em/ros_workspace_2025/nav_ws/install/px4_msgs/local/lib/python3.10/dist-packages/px4_msgs/msg/_parameter_set_value_request_s.c\n'}
[9.698102] (px4_msgs) StdoutLine: {'line': b'-- Up-to-date: /home/em/ros_workspace_2025/nav_ws/install/px4_msgs/local/lib/python3.10/dist-packages/px4_msgs/msg/_manual_control_setpoint.py\n'}
[9.698166] (px4_msgs) StdoutLine: {'line': b'-- Up-to-date: /home/em/ros_workspace_2025/nav_ws/install/px4_msgs/local/lib/python3.10/dist-packages/px4_msgs/msg/_camera_status.py\n'}
[9.698219] (px4_msgs) StdoutLine: {'line': b'-- Up-to-date: /home/em/ros_workspace_2025/nav_ws/install/px4_msgs/local/lib/python3.10/dist-packages/px4_msgs/msg/_camera_capture.py\n'}
[9.698274] (px4_msgs) StdoutLine: {'line': b'-- Up-to-date: /home/em/ros_workspace_2025/nav_ws/install/px4_msgs/local/lib/python3.10/dist-packages/px4_msgs/msg/_gimbal_manager_status_s.c\n'}
[9.698350] (px4_msgs) StdoutLine: {'line': b'-- Up-to-date: /home/em/ros_workspace_2025/nav_ws/install/px4_msgs/local/lib/python3.10/dist-packages/px4_msgs/msg/_health_report_s.c\n'}
[9.698406] (px4_msgs) StdoutLine: {'line': b'-- Up-to-date: /home/em/ros_workspace_2025/nav_ws/install/px4_msgs/local/lib/python3.10/dist-packages/px4_msgs/msg/_navigator_status.py\n'}
[9.698465] (px4_msgs) StdoutLine: {'line': b'-- Up-to-date: /home/em/ros_workspace_2025/nav_ws/install/px4_msgs/local/lib/python3.10/dist-packages/px4_msgs/msg/_vehicle_command_s.c\n'}
[9.698563] (px4_msgs) StdoutLine: {'line': b'-- Up-to-date: /home/em/ros_workspace_2025/nav_ws/install/px4_msgs/local/lib/python3.10/dist-packages/px4_msgs/msg/_estimator_bias3d_s.c\n'}
[9.698756] (px4_msgs) StdoutLine: {'line': b'-- Up-to-date: /home/em/ros_workspace_2025/nav_ws/install/px4_msgs/local/lib/python3.10/dist-packages/px4_msgs/msg/_message_format_request_s.c\n'}
[9.698853] (px4_msgs) StdoutLine: {'line': b'-- Up-to-date: /home/em/ros_workspace_2025/nav_ws/install/px4_msgs/local/lib/python3.10/dist-packages/px4_msgs/msg/_wind_s.c\n'}
[9.698918] (px4_msgs) StdoutLine: {'line': b'-- Up-to-date: /home/em/ros_workspace_2025/nav_ws/install/px4_msgs/local/lib/python3.10/dist-packages/px4_msgs/msg/_parameter_update.py\n'}
[9.698991] (px4_msgs) StdoutLine: {'line': b'-- Up-to-date: /home/em/ros_workspace_2025/nav_ws/install/px4_msgs/local/lib/python3.10/dist-packages/px4_msgs/msg/_input_rc.py\n'}
[9.699121] (px4_msgs) StdoutLine: {'line': b'-- Up-to-date: /home/em/ros_workspace_2025/nav_ws/install/px4_msgs/local/lib/python3.10/dist-packages/px4_msgs/msg/_yaw_estimator_status_s.c\n'}
[9.699212] (px4_msgs) StdoutLine: {'line': b'-- Up-to-date: /home/em/ros_workspace_2025/nav_ws/install/px4_msgs/local/lib/python3.10/dist-packages/px4_msgs/msg/_orb_test_medium.py\n'}
[9.699298] (px4_msgs) StdoutLine: {'line': b'-- Up-to-date: /home/em/ros_workspace_2025/nav_ws/install/px4_msgs/local/lib/python3.10/dist-packages/px4_msgs/msg/_radio_status.py\n'}
[9.699370] (px4_msgs) StdoutLine: {'line': b'-- Up-to-date: /home/em/ros_workspace_2025/nav_ws/install/px4_msgs/local/lib/python3.10/dist-packages/px4_msgs/msg/_position_controller_landing_status.py\n'}
[9.699430] (px4_msgs) StdoutLine: {'line': b'-- Up-to-date: /home/em/ros_workspace_2025/nav_ws/install/px4_msgs/local/lib/python3.10/dist-packages/px4_msgs/msg/_rover_ackermann_guidance_status_s.c\n'}
[9.699488] (px4_msgs) StdoutLine: {'line': b'-- Up-to-date: /home/em/ros_workspace_2025/nav_ws/install/px4_msgs/local/lib/python3.10/dist-packages/px4_msgs/msg/_gpio_config_s.c\n'}
[9.699557] (px4_msgs) StdoutLine: {'line': b'-- Up-to-date: /home/em/ros_workspace_2025/nav_ws/install/px4_msgs/local/lib/python3.10/dist-packages/px4_msgs/msg/_vehicle_control_mode.py\n'}
[9.699613] (px4_msgs) StdoutLine: {'line': b'-- Up-to-date: /home/em/ros_workspace_2025/nav_ws/install/px4_msgs/local/lib/python3.10/dist-packages/px4_msgs/msg/_esc_report_s.c\n'}
[9.699670] (px4_msgs) StdoutLine: {'line': b'-- Up-to-date: /home/em/ros_workspace_2025/nav_ws/install/px4_msgs/local/lib/python3.10/dist-packages/px4_msgs/msg/_trajectory_bezier_s.c\n'}
[9.699808] (px4_msgs) StdoutLine: {'line': b'-- Up-to-date: /home/em/ros_workspace_2025/nav_ws/install/px4_msgs/local/lib/python3.10/dist-packages/px4_msgs/msg/_estimator_innovations_s.c\n'}
[9.699901] (px4_msgs) StdoutLine: {'line': b'-- Up-to-date: /home/em/ros_workspace_2025/nav_ws/install/px4_msgs/local/lib/python3.10/dist-packages/px4_msgs/msg/_actuator_controls_status_s.c\n'}
[9.699965] (px4_msgs) StdoutLine: {'line': b'-- Up-to-date: /home/em/ros_workspace_2025/nav_ws/install/px4_msgs/local/lib/python3.10/dist-packages/px4_msgs/msg/_gps_inject_data_s.c\n'}
[9.700025] (px4_msgs) StdoutLine: {'line': b'-- Up-to-date: /home/em/ros_workspace_2025/nav_ws/install/px4_msgs/local/lib/python3.10/dist-packages/px4_msgs/msg/_debug_value_s.c\n'}
[9.700101] (px4_msgs) StdoutLine: {'line': b'-- Up-to-date: /home/em/ros_workspace_2025/nav_ws/install/px4_msgs/local/lib/python3.10/dist-packages/px4_msgs/msg/_follow_target.py\n'}
[9.700171] (px4_msgs) StdoutLine: {'line': b'-- Up-to-date: /home/em/ros_workspace_2025/nav_ws/install/px4_msgs/local/lib/python3.10/dist-packages/px4_msgs/msg/_telemetry_status_s.c\n'}
[9.700206] (px4_msgs) StdoutLine: {'line': b'-- Up-to-date: /home/em/ros_workspace_2025/nav_ws/install/px4_msgs/local/lib/python3.10/dist-packages/px4_msgs/msg/_parameter_set_used_request_s.c\n'}
[9.700233] (px4_msgs) StdoutLine: {'line': b'-- Up-to-date: /home/em/ros_workspace_2025/nav_ws/install/px4_msgs/local/lib/python3.10/dist-packages/px4_msgs/msg/_launch_detection_status_s.c\n'}
[9.700264] (px4_msgs) StdoutLine: {'line': b'-- Up-to-date: /home/em/ros_workspace_2025/nav_ws/install/px4_msgs/local/lib/python3.10/dist-packages/px4_msgs/msg/_internal_combustion_engine_status.py\n'}
[9.700301] (px4_msgs) StdoutLine: {'line': b'-- Up-to-date: /home/em/ros_workspace_2025/nav_ws/install/px4_msgs/local/lib/python3.10/dist-packages/px4_msgs/msg/_px4io_status.py\n'}
[9.700334] (px4_msgs) StdoutLine: {'line': b'-- Up-to-date: /home/em/ros_workspace_2025/nav_ws/install/px4_msgs/local/lib/python3.10/dist-packages/px4_msgs/msg/_open_drone_id_operator_id.py\n'}
[9.700368] (px4_msgs) StdoutLine: {'line': b'-- Up-to-date: /home/em/ros_workspace_2025/nav_ws/install/px4_msgs/local/lib/python3.10/dist-packages/px4_msgs/msg/_qshell_req_s.c\n'}
[9.700399] (px4_msgs) StdoutLine: {'line': b'-- Up-to-date: /home/em/ros_workspace_2025/nav_ws/install/px4_msgs/local/lib/python3.10/dist-packages/px4_msgs/msg/_actuator_motors_s.c\n'}
[9.700471] (px4_msgs) StdoutLine: {'line': b'-- Up-to-date: /home/em/ros_workspace_2025/nav_ws/install/px4_msgs/local/lib/python3.10/dist-packages/px4_msgs/msg/_sensor_airflow_s.c\n'}
[9.700546] (px4_msgs) StdoutLine: {'line': b'-- Up-to-date: /home/em/ros_workspace_2025/nav_ws/install/px4_msgs/local/lib/python3.10/dist-packages/px4_msgs/msg/_dataman_response_s.c\n'}
[9.700605] (px4_msgs) StdoutLine: {'line': b'-- Up-to-date: /home/em/ros_workspace_2025/nav_ws/install/px4_msgs/local/lib/python3.10/dist-packages/px4_msgs/msg/_heater_status.py\n'}
[9.700659] (px4_msgs) StdoutLine: {'line': b'-- Up-to-date: /home/em/ros_workspace_2025/nav_ws/install/px4_msgs/local/lib/python3.10/dist-packages/px4_msgs/msg/_airspeed_validated.py\n'}
[9.700735] (px4_msgs) StdoutLine: {'line': b'-- Up-to-date: /home/em/ros_workspace_2025/nav_ws/install/px4_msgs/local/lib/python3.10/dist-packages/px4_msgs/msg/_buffer128_s.c\n'}
[9.700802] (px4_msgs) StdoutLine: {'line': b'-- Up-to-date: /home/em/ros_workspace_2025/nav_ws/install/px4_msgs/local/lib/python3.10/dist-packages/px4_msgs/msg/_ulog_stream.py\n'}
[9.700857] (px4_msgs) StdoutLine: {'line': b'-- Up-to-date: /home/em/ros_workspace_2025/nav_ws/install/px4_msgs/local/lib/python3.10/dist-packages/px4_msgs/msg/_dataman_request_s.c\n'}
[9.700911] (px4_msgs) StdoutLine: {'line': b'-- Up-to-date: /home/em/ros_workspace_2025/nav_ws/install/px4_msgs/local/lib/python3.10/dist-packages/px4_msgs/msg/_estimator_selector_status.py\n'}
[9.700968] (px4_msgs) StdoutLine: {'line': b'-- Up-to-date: /home/em/ros_workspace_2025/nav_ws/install/px4_msgs/local/lib/python3.10/dist-packages/px4_msgs/msg/_generator_status_s.c\n'}
[9.701025] (px4_msgs) StdoutLine: {'line': b'-- Up-to-date: /home/em/ros_workspace_2025/nav_ws/install/px4_msgs/local/lib/python3.10/dist-packages/px4_msgs/msg/_vehicle_local_position.py\n'}
[9.701085] (px4_msgs) StdoutLine: {'line': b'-- Up-to-date: /home/em/ros_workspace_2025/nav_ws/install/px4_msgs/local/lib/python3.10/dist-packages/px4_msgs/msg/_sensor_optical_flow_s.c\n'}
[9.701151] (px4_msgs) StdoutLine: {'line': b'-- Up-to-date: /home/em/ros_workspace_2025/nav_ws/install/px4_msgs/local/lib/python3.10/dist-packages/px4_msgs/msg/_uavcan_parameter_value.py\n'}
[9.701311] (px4_msgs) StdoutLine: {'line': b'-- Up-to-date: /home/em/ros_workspace_2025/nav_ws/install/px4_msgs/local/lib/python3.10/dist-packages/px4_msgs/msg/_offboard_control_mode_s.c\n'}
[9.701368] (px4_msgs) StdoutLine: {'line': b'-- Up-to-date: /home/em/ros_workspace_2025/nav_ws/install/px4_msgs/local/lib/python3.10/dist-packages/px4_msgs/msg/_qshell_retval.py\n'}
[9.701400] (px4_msgs) StdoutLine: {'line': b'-- Up-to-date: /home/em/ros_workspace_2025/nav_ws/install/px4_msgs/local/lib/python3.10/dist-packages/px4_msgs/msg/_landing_gear_s.c\n'}
[9.701432] (px4_msgs) StdoutLine: {'line': b'-- Up-to-date: /home/em/ros_workspace_2025/nav_ws/install/px4_msgs/local/lib/python3.10/dist-packages/px4_msgs/msg/_estimator_states_s.c\n'}
[9.701463] (px4_msgs) StdoutLine: {'line': b'-- Up-to-date: /home/em/ros_workspace_2025/nav_ws/install/px4_msgs/local/lib/python3.10/dist-packages/px4_msgs/msg/_sensor_selection_s.c\n'}
[9.701492] (px4_msgs) StdoutLine: {'line': b'-- Up-to-date: /home/em/ros_workspace_2025/nav_ws/install/px4_msgs/local/lib/python3.10/dist-packages/px4_msgs/msg/_arming_check_reply.py\n'}
[9.701522] (px4_msgs) StdoutLine: {'line': b'-- Up-to-date: /home/em/ros_workspace_2025/nav_ws/install/px4_msgs/local/lib/python3.10/dist-packages/px4_msgs/msg/_rover_mecanum_status_s.c\n'}
[9.701564] (px4_msgs) StdoutLine: {'line': b'-- Up-to-date: /home/em/ros_workspace_2025/nav_ws/install/px4_msgs/local/lib/python3.10/dist-packages/px4_msgs/msg/_heater_status_s.c\n'}
[9.701597] (px4_msgs) StdoutLine: {'line': b'-- Up-to-date: /home/em/ros_workspace_2025/nav_ws/install/px4_msgs/local/lib/python3.10/dist-packages/px4_msgs/msg/_open_drone_id_self_id.py\n'}
[9.701621] (px4_msgs) StdoutLine: {'line': b'-- Up-to-date: /home/em/ros_workspace_2025/nav_ws/install/px4_msgs/local/lib/python3.10/dist-packages/px4_msgs/msg/_irlock_report.py\n'}
[9.701643] (px4_msgs) StdoutLine: {'line': b'-- Up-to-date: /home/em/ros_workspace_2025/nav_ws/install/px4_msgs/local/lib/python3.10/dist-packages/px4_msgs/msg/_gpio_request_s.c\n'}
[9.701665] (px4_msgs) StdoutLine: {'line': b'-- Up-to-date: /home/em/ros_workspace_2025/nav_ws/install/px4_msgs/local/lib/python3.10/dist-packages/px4_msgs/msg/_vehicle_air_data_s.c\n'}
[9.701689] (px4_msgs) StdoutLine: {'line': b'-- Up-to-date: /home/em/ros_workspace_2025/nav_ws/install/px4_msgs/local/lib/python3.10/dist-packages/px4_msgs/msg/_system_power.py\n'}
[9.701711] (px4_msgs) StdoutLine: {'line': b'-- Up-to-date: /home/em/ros_workspace_2025/nav_ws/install/px4_msgs/local/lib/python3.10/dist-packages/px4_msgs/msg/_mag_worker_data.py\n'}
[9.701736] (px4_msgs) StdoutLine: {'line': b'-- Up-to-date: /home/em/ros_workspace_2025/nav_ws/install/px4_msgs/local/lib/python3.10/dist-packages/px4_msgs/msg/_open_drone_id_arm_status_s.c\n'}
[9.701765] (px4_msgs) StdoutLine: {'line': b'-- Up-to-date: /home/em/ros_workspace_2025/nav_ws/install/px4_msgs/local/lib/python3.10/dist-packages/px4_msgs/msg/_estimator_bias3d.py\n'}
[9.701801] (px4_msgs) StdoutLine: {'line': b'-- Up-to-date: /home/em/ros_workspace_2025/nav_ws/install/px4_msgs/local/lib/python3.10/dist-packages/px4_msgs/msg/_rover_ackermann_setpoint_s.c\n'}
[9.701825] (px4_msgs) StdoutLine: {'line': b'-- Up-to-date: /home/em/ros_workspace_2025/nav_ws/install/px4_msgs/local/lib/python3.10/dist-packages/px4_msgs/msg/_tecs_status_s.c\n'}
[9.701847] (px4_msgs) StdoutLine: {'line': b'-- Up-to-date: /home/em/ros_workspace_2025/nav_ws/install/px4_msgs/local/lib/python3.10/dist-packages/px4_msgs/msg/_vehicle_trajectory_waypoint.py\n'}
[9.701869] (px4_msgs) StdoutLine: {'line': b'-- Up-to-date: /home/em/ros_workspace_2025/nav_ws/install/px4_msgs/local/lib/python3.10/dist-packages/px4_msgs/msg/_rover_mecanum_guidance_status.py\n'}
[9.701892] (px4_msgs) StdoutLine: {'line': b'-- Up-to-date: /home/em/ros_workspace_2025/nav_ws/install/px4_msgs/local/lib/python3.10/dist-packages/px4_msgs/msg/_rover_mecanum_setpoint_s.c\n'}
[9.701923] (px4_msgs) StdoutLine: {'line': b'-- Up-to-date: /home/em/ros_workspace_2025/nav_ws/install/px4_msgs/local/lib/python3.10/dist-packages/px4_msgs/msg/_rpm.py\n'}
[9.701952] (px4_msgs) StdoutLine: {'line': b'-- Up-to-date: /home/em/ros_workspace_2025/nav_ws/install/px4_msgs/local/lib/python3.10/dist-packages/px4_msgs/msg/_gpio_out_s.c\n'}
[9.701979] (px4_msgs) StdoutLine: {'line': b'-- Up-to-date: /home/em/ros_workspace_2025/nav_ws/install/px4_msgs/local/lib/python3.10/dist-packages/px4_msgs/msg/_mission.py\n'}
[9.702007] (px4_msgs) StdoutLine: {'line': b'-- Up-to-date: /home/em/ros_workspace_2025/nav_ws/install/px4_msgs/local/lib/python3.10/dist-packages/px4_msgs/msg/_estimator_event_flags.py\n'}
[9.702034] (px4_msgs) StdoutLine: {'line': b'-- Up-to-date: /home/em/ros_workspace_2025/nav_ws/install/px4_msgs/local/lib/python3.10/dist-packages/px4_msgs/msg/_logger_status.py\n'}
[9.702061] (px4_msgs) StdoutLine: {'line': b'-- Up-to-date: /home/em/ros_workspace_2025/nav_ws/install/px4_msgs/local/lib/python3.10/dist-packages/px4_msgs/msg/_ekf2_timestamps_s.c\n'}
[9.702089] (px4_msgs) StdoutLine: {'line': b'-- Up-to-date: /home/em/ros_workspace_2025/nav_ws/install/px4_msgs/local/lib/python3.10/dist-packages/px4_msgs/msg/_differential_pressure_s.c\n'}
[9.702116] (px4_msgs) StdoutLine: {'line': b'-- Up-to-date: /home/em/ros_workspace_2025/nav_ws/install/px4_msgs/local/lib/python3.10/dist-packages/px4_msgs/msg/_vehicle_land_detected_s.c\n'}
[9.702145] (px4_msgs) StdoutLine: {'line': b'-- Up-to-date: /home/em/ros_workspace_2025/nav_ws/install/px4_msgs/local/lib/python3.10/dist-packages/px4_msgs/msg/_ekf2_timestamps.py\n'}
[9.702186] (px4_msgs) StdoutLine: {'line': b'-- Up-to-date: /home/em/ros_workspace_2025/nav_ws/install/px4_msgs/local/lib/python3.10/dist-packages/px4_msgs/msg/_sensor_baro_s.c\n'}
[9.702215] (px4_msgs) StdoutLine: {'line': b'-- Up-to-date: /home/em/ros_workspace_2025/nav_ws/install/px4_msgs/local/lib/python3.10/dist-packages/px4_msgs/msg/_rc_parameter_map.py\n'}
[9.702248] (px4_msgs) StdoutLine: {'line': b'-- Up-to-date: /home/em/ros_workspace_2025/nav_ws/install/px4_msgs/local/lib/python3.10/dist-packages/px4_msgs/msg/_sensor_accel_fifo.py\n'}
[9.702270] (px4_msgs) StdoutLine: {'line': b'-- Up-to-date: /home/em/ros_workspace_2025/nav_ws/install/px4_msgs/local/lib/python3.10/dist-packages/px4_msgs/msg/_trajectory_bezier.py\n'}
[9.702299] (px4_msgs) StdoutLine: {'line': b'-- Up-to-date: /home/em/ros_workspace_2025/nav_ws/install/px4_msgs/local/lib/python3.10/dist-packages/px4_msgs/msg/_collision_constraints_s.c\n'}
[9.702320] (px4_msgs) StdoutLine: {'line': b'-- Up-to-date: /home/em/ros_workspace_2025/nav_ws/install/px4_msgs/local/lib/python3.10/dist-packages/px4_msgs/msg/_follow_target_estimator_s.c\n'}
[9.702357] (px4_msgs) StdoutLine: {'line': b'-- Up-to-date: /home/em/ros_workspace_2025/nav_ws/install/px4_msgs/local/lib/python3.10/dist-packages/px4_msgs/msg/_vehicle_command_ack_s.c\n'}
[9.702386] (px4_msgs) StdoutLine: {'line': b'-- Up-to-date: /home/em/ros_workspace_2025/nav_ws/install/px4_msgs/local/lib/python3.10/dist-packages/px4_msgs/msg/_sensor_combined.py\n'}
[9.702414] (px4_msgs) StdoutLine: {'line': b'-- Up-to-date: /home/em/ros_workspace_2025/nav_ws/install/px4_msgs/local/lib/python3.10/dist-packages/px4_msgs/msg/_uavcan_parameter_request.py\n'}
[9.702442] (px4_msgs) StdoutLine: {'line': b'-- Up-to-date: /home/em/ros_workspace_2025/nav_ws/install/px4_msgs/local/lib/python3.10/dist-packages/px4_msgs/msg/_actuator_servos_s.c\n'}
[9.702469] (px4_msgs) StdoutLine: {'line': b'-- Up-to-date: /home/em/ros_workspace_2025/nav_ws/install/px4_msgs/local/lib/python3.10/dist-packages/px4_msgs/msg/_gripper_s.c\n'}
[9.702497] (px4_msgs) StdoutLine: {'line': b'-- Up-to-date: /home/em/ros_workspace_2025/nav_ws/install/px4_msgs/local/lib/python3.10/dist-packages/px4_msgs/msg/_rover_differential_guidance_status.py\n'}
[9.702537] (px4_msgs) StdoutLine: {'line': b'-- Up-to-date: /home/em/ros_workspace_2025/nav_ws/install/px4_msgs/local/lib/python3.10/dist-packages/px4_msgs/msg/_orb_test_s.c\n'}
[9.702562] (px4_msgs) StdoutLine: {'line': b'-- Up-to-date: /home/em/ros_workspace_2025/nav_ws/install/px4_msgs/local/lib/python3.10/dist-packages/px4_msgs/msg/_battery_status.py\n'}
[9.702584] (px4_msgs) StdoutLine: {'line': b'-- Up-to-date: /home/em/ros_workspace_2025/nav_ws/install/px4_msgs/local/lib/python3.10/dist-packages/px4_msgs/msg/_task_stack_info.py\n'}
[9.702608] (px4_msgs) StdoutLine: {'line': b'-- Up-to-date: /home/em/ros_workspace_2025/nav_ws/install/px4_msgs/local/lib/python3.10/dist-packages/px4_msgs/msg/_gimbal_controls_s.c\n'}
[9.702629] (px4_msgs) StdoutLine: {'line': b'-- Up-to-date: /home/em/ros_workspace_2025/nav_ws/install/px4_msgs/local/lib/python3.10/dist-packages/px4_msgs/msg/_cpuload_s.c\n'}
[9.702649] (px4_msgs) StdoutLine: {'line': b'-- Up-to-date: /home/em/ros_workspace_2025/nav_ws/install/px4_msgs/local/lib/python3.10/dist-packages/px4_msgs/msg/_vehicle_trajectory_bezier_s.c\n'}
[9.702668] (px4_msgs) StdoutLine: {'line': b'-- Up-to-date: /home/em/ros_workspace_2025/nav_ws/install/px4_msgs/local/lib/python3.10/dist-packages/px4_msgs/msg/_qshell_retval_s.c\n'}
[9.702694] (px4_msgs) StdoutLine: {'line': b'-- Up-to-date: /home/em/ros_workspace_2025/nav_ws/install/px4_msgs/local/lib/python3.10/dist-packages/px4_msgs/msg/_gpio_request.py\n'}
[9.702722] (px4_msgs) StdoutLine: {'line': b'-- Up-to-date: /home/em/ros_workspace_2025/nav_ws/install/px4_msgs/local/lib/python3.10/dist-packages/px4_msgs/msg/_debug_vect_s.c\n'}
[9.702749] (px4_msgs) StdoutLine: {'line': b'-- Up-to-date: /home/em/ros_workspace_2025/nav_ws/install/px4_msgs/local/lib/python3.10/dist-packages/px4_msgs/msg/_message_format_request.py\n'}
[9.702777] (px4_msgs) StdoutLine: {'line': b'-- Up-to-date: /home/em/ros_workspace_2025/nav_ws/install/px4_msgs/local/lib/python3.10/dist-packages/px4_msgs/msg/_wind.py\n'}
[9.702807] (px4_msgs) StdoutLine: {'line': b'-- Up-to-date: /home/em/ros_workspace_2025/nav_ws/install/px4_msgs/local/lib/python3.10/dist-packages/px4_msgs/msg/_fuel_tank_status.py\n'}
[9.702829] (px4_msgs) StdoutLine: {'line': b'-- Up-to-date: /home/em/ros_workspace_2025/nav_ws/install/px4_msgs/local/lib/python3.10/dist-packages/px4_msgs/msg/_ulog_stream_ack.py\n'}
[9.702858] (px4_msgs) StdoutLine: {'line': b'-- Up-to-date: /home/em/ros_workspace_2025/nav_ws/install/px4_msgs/local/lib/python3.10/dist-packages/px4_msgs/msg/_mount_orientation.py\n'}
[9.702894] (px4_msgs) StdoutLine: {'line': b'-- Up-to-date: /home/em/ros_workspace_2025/nav_ws/install/px4_msgs/local/lib/python3.10/dist-packages/px4_msgs/msg/_follow_target_estimator.py\n'}
[9.702932] (px4_msgs) StdoutLine: {'line': b'-- Up-to-date: /home/em/ros_workspace_2025/nav_ws/install/px4_msgs/local/lib/python3.10/dist-packages/px4_msgs/msg/_vehicle_imu_status_s.c\n'}
[9.702987] (px4_msgs) StdoutLine: {'line': b'-- Up-to-date: /home/em/ros_workspace_2025/nav_ws/install/px4_msgs/local/lib/python3.10/dist-packages/px4_msgs/msg/_parameter_set_value_response.py\n'}
[9.703025] (px4_msgs) StdoutLine: {'line': b'-- Up-to-date: /home/em/ros_workspace_2025/nav_ws/install/px4_msgs/local/lib/python3.10/dist-packages/px4_msgs/msg/_debug_vect.py\n'}
[9.703067] (px4_msgs) StdoutLine: {'line': b'-- Up-to-date: /home/em/ros_workspace_2025/nav_ws/install/px4_msgs/local/lib/python3.10/dist-packages/px4_msgs/msg/_airspeed_wind_s.c\n'}
[9.703095] (px4_msgs) StdoutLine: {'line': b'-- Up-to-date: /home/em/ros_workspace_2025/nav_ws/install/px4_msgs/local/lib/python3.10/dist-packages/px4_msgs/msg/_landing_target_innovations.py\n'}
[9.703120] (px4_msgs) StdoutLine: {'line': b'-- Up-to-date: /home/em/ros_workspace_2025/nav_ws/install/px4_msgs/local/lib/python3.10/dist-packages/px4_msgs/msg/_unregister_ext_component_s.c\n'}
[9.703144] (px4_msgs) StdoutLine: {'line': b'-- Up-to-date: /home/em/ros_workspace_2025/nav_ws/install/px4_msgs/local/lib/python3.10/dist-packages/px4_msgs/msg/_sensor_gyro_fifo_s.c\n'}
[9.703187] (px4_msgs) StdoutLine: {'line': b'-- Up-to-date: /home/em/ros_workspace_2025/nav_ws/install/px4_msgs/local/lib/python3.10/dist-packages/px4_msgs/msg/_log_message_s.c\n'}
[9.703212] (px4_msgs) StdoutLine: {'line': b'-- Up-to-date: /home/em/ros_workspace_2025/nav_ws/install/px4_msgs/local/lib/python3.10/dist-packages/px4_msgs/msg/_vehicle_roi.py\n'}
[9.703235] (px4_msgs) StdoutLine: {'line': b'-- Up-to-date: /home/em/ros_workspace_2025/nav_ws/install/px4_msgs/local/lib/python3.10/dist-packages/px4_msgs/msg/_gimbal_manager_status.py\n'}
[9.703258] (px4_msgs) StdoutLine: {'line': b'-- Up-to-date: /home/em/ros_workspace_2025/nav_ws/install/px4_msgs/local/lib/python3.10/dist-packages/px4_msgs/msg/_vehicle_imu_s.c\n'}
[9.703284] (px4_msgs) StdoutLine: {'line': b'-- Up-to-date: /home/em/ros_workspace_2025/nav_ws/install/px4_msgs/local/lib/python3.10/dist-packages/px4_msgs/msg/_actuator_controls_status.py\n'}
[9.703322] (px4_msgs) StdoutLine: {'line': b'-- Up-to-date: /home/em/ros_workspace_2025/nav_ws/install/px4_msgs/local/lib/python3.10/dist-packages/px4_msgs/msg/_sensor_gyro.py\n'}
[9.703343] (px4_msgs) StdoutLine: {'line': b'-- Up-to-date: /home/em/ros_workspace_2025/nav_ws/install/px4_msgs/local/lib/python3.10/dist-packages/px4_msgs/msg/_register_ext_component_request_s.c\n'}
[9.703364] (px4_msgs) StdoutLine: {'line': b'-- Up-to-date: /home/em/ros_workspace_2025/nav_ws/install/px4_msgs/local/lib/python3.10/dist-packages/px4_msgs/msg/_orb_test.py\n'}
[9.703388] (px4_msgs) StdoutLine: {'line': b'-- Up-to-date: /home/em/ros_workspace_2025/nav_ws/install/px4_msgs/local/lib/python3.10/dist-packages/px4_msgs/msg/_mavlink_log_s.c\n'}
[9.703410] (px4_msgs) StdoutLine: {'line': b'-- Up-to-date: /home/em/ros_workspace_2025/nav_ws/install/px4_msgs/local/lib/python3.10/dist-packages/px4_msgs/msg/_estimator_gps_status_s.c\n'}
[9.703433] (px4_msgs) StdoutLine: {'line': b'-- Up-to-date: /home/em/ros_workspace_2025/nav_ws/install/px4_msgs/local/lib/python3.10/dist-packages/px4_msgs/msg/_normalized_unsigned_setpoint_s.c\n'}
[9.703459] (px4_msgs) StdoutLine: {'line': b'-- Up-to-date: /home/em/ros_workspace_2025/nav_ws/install/px4_msgs/local/lib/python3.10/dist-packages/px4_msgs/msg/_sensor_combined_s.c\n'}
[9.703483] (px4_msgs) StdoutLine: {'line': b'-- Up-to-date: /home/em/ros_workspace_2025/nav_ws/install/px4_msgs/local/lib/python3.10/dist-packages/px4_msgs/msg/_transponder_report_s.c\n'}
[9.703507] (px4_msgs) StdoutLine: {'line': b'-- Up-to-date: /home/em/ros_workspace_2025/nav_ws/install/px4_msgs/local/lib/python3.10/dist-packages/px4_msgs/msg/_gimbal_controls.py\n'}
[9.703530] (px4_msgs) StdoutLine: {'line': b'-- Up-to-date: /home/em/ros_workspace_2025/nav_ws/install/px4_msgs/local/lib/python3.10/dist-packages/px4_msgs/msg/_mode_completed.py\n'}
[9.703554] (px4_msgs) StdoutLine: {'line': b'-- Up-to-date: /home/em/ros_workspace_2025/nav_ws/install/px4_msgs/local/lib/python3.10/dist-packages/px4_msgs/msg/_debug_key_value.py\n'}
[9.703587] (px4_msgs) StdoutLine: {'line': b'-- Up-to-date: /home/em/ros_workspace_2025/nav_ws/install/px4_msgs/local/lib/python3.10/dist-packages/px4_msgs/msg/_gpio_in.py\n'}
[9.703613] (px4_msgs) StdoutLine: {'line': b'-- Up-to-date: /home/em/ros_workspace_2025/nav_ws/install/px4_msgs/local/lib/python3.10/dist-packages/px4_msgs/msg/_message_format_response.py\n'}
[9.703640] (px4_msgs) StdoutLine: {'line': b'-- Up-to-date: /home/em/ros_workspace_2025/nav_ws/install/px4_msgs/local/lib/python3.10/dist-packages/px4_msgs/msg/_launch_detection_status.py\n'}
[9.703663] (px4_msgs) StdoutLine: {'line': b'-- Up-to-date: /home/em/ros_workspace_2025/nav_ws/install/px4_msgs/local/lib/python3.10/dist-packages/px4_msgs/msg/_tecs_status.py\n'}
[9.703688] (px4_msgs) StdoutLine: {'line': b'-- Up-to-date: /home/em/ros_workspace_2025/nav_ws/install/px4_msgs/local/lib/python3.10/dist-packages/px4_msgs/msg/_vehicle_local_position_setpoint_s.c\n'}
[9.703716] (px4_msgs) StdoutLine: {'line': b'-- Up-to-date: /home/em/ros_workspace_2025/nav_ws/install/px4_msgs/local/lib/python3.10/dist-packages/px4_msgs/msg/_mag_worker_data_s.c\n'}
[9.703745] (px4_msgs) StdoutLine: {'line': b'-- Up-to-date: /home/em/ros_workspace_2025/nav_ws/install/px4_msgs/local/lib/python3.10/dist-packages/px4_msgs/msg/_vehicle_global_position_s.c\n'}
[9.703772] (px4_msgs) StdoutLine: {'line': b'-- Up-to-date: /home/em/ros_workspace_2025/nav_ws/install/px4_msgs/local/lib/python3.10/dist-packages/px4_msgs/msg/_camera_status_s.c\n'}
[9.703798] (px4_msgs) StdoutLine: {'line': b'-- Up-to-date: /home/em/ros_workspace_2025/nav_ws/install/px4_msgs/local/lib/python3.10/dist-packages/px4_msgs/msg/_vehicle_air_data.py\n'}
[9.703822] (px4_msgs) StdoutLine: {'line': b'-- Up-to-date: /home/em/ros_workspace_2025/nav_ws/install/px4_msgs/local/lib/python3.10/dist-packages/px4_msgs/msg/_vtol_vehicle_status.py\n'}
[9.703845] (px4_msgs) StdoutLine: {'line': b'-- Up-to-date: /home/em/ros_workspace_2025/nav_ws/install/px4_msgs/local/lib/python3.10/dist-packages/px4_msgs/msg/_estimator_innovations.py\n'}
[9.703869] (px4_msgs) StdoutLine: {'line': b'-- Up-to-date: /home/em/ros_workspace_2025/nav_ws/install/px4_msgs/local/lib/python3.10/dist-packages/px4_msgs/msg/_vehicle_angular_acceleration_setpoint_s.c\n'}
[9.703892] (px4_msgs) StdoutLine: {'line': b'-- Up-to-date: /home/em/ros_workspace_2025/nav_ws/install/px4_msgs/local/lib/python3.10/dist-packages/px4_msgs/msg/_actuator_outputs_s.c\n'}
[9.703915] (px4_msgs) StdoutLine: {'line': b'-- Up-to-date: /home/em/ros_workspace_2025/nav_ws/install/px4_msgs/local/lib/python3.10/dist-packages/px4_msgs/msg/_px4io_status_s.c\n'}
[9.703938] (px4_msgs) StdoutLine: {'line': b'-- Up-to-date: /home/em/ros_workspace_2025/nav_ws/install/px4_msgs/local/lib/python3.10/dist-packages/px4_msgs/msg/_vehicle_odometry.py\n'}
[9.703960] (px4_msgs) StdoutLine: {'line': b'-- Up-to-date: /home/em/ros_workspace_2025/nav_ws/install/px4_msgs/local/lib/python3.10/dist-packages/px4_msgs/msg/_cellular_status.py\n'}
[9.703995] (px4_msgs) StdoutLine: {'line': b'-- Up-to-date: /home/em/ros_workspace_2025/nav_ws/install/px4_msgs/local/lib/python3.10/dist-packages/px4_msgs/msg/_gimbal_manager_set_attitude_s.c\n'}
[9.704017] (px4_msgs) StdoutLine: {'line': b'-- Up-to-date: /home/em/ros_workspace_2025/nav_ws/install/px4_msgs/local/lib/python3.10/dist-packages/px4_msgs/msg/_timesync_status_s.c\n'}
[9.704043] (px4_msgs) StdoutLine: {'line': b'-- Up-to-date: /home/em/ros_workspace_2025/nav_ws/install/px4_msgs/local/lib/python3.10/dist-packages/px4_msgs/msg/_sensor_gnss_relative.py\n'}
[9.704065] (px4_msgs) StdoutLine: {'line': b'-- Up-to-date: /home/em/ros_workspace_2025/nav_ws/install/px4_msgs/local/lib/python3.10/dist-packages/px4_msgs/msg/_arming_check_request_s.c\n'}
[9.704087] (px4_msgs) StdoutLine: {'line': b'-- Up-to-date: /home/em/ros_workspace_2025/nav_ws/install/px4_msgs/local/lib/python3.10/dist-packages/px4_msgs/msg/_position_setpoint_s.c\n'}
[9.704121] (px4_msgs) StdoutLine: {'line': b'-- Up-to-date: /home/em/ros_workspace_2025/nav_ws/install/px4_msgs/local/lib/python3.10/dist-packages/px4_msgs/msg/_mount_orientation_s.c\n'}
[9.704151] (px4_msgs) StdoutLine: {'line': b'-- Up-to-date: /home/em/ros_workspace_2025/nav_ws/install/px4_msgs/local/lib/python3.10/dist-packages/px4_msgs/msg/_battery_status_s.c\n'}
[9.704173] (px4_msgs) StdoutLine: {'line': b'-- Up-to-date: /home/em/ros_workspace_2025/nav_ws/install/px4_msgs/local/lib/python3.10/dist-packages/px4_msgs/msg/_estimator_aid_source1d.py\n'}
[9.704195] (px4_msgs) StdoutLine: {'line': b'-- Up-to-date: /home/em/ros_workspace_2025/nav_ws/install/px4_msgs/local/lib/python3.10/dist-packages/px4_msgs/msg/_mavlink_tunnel.py\n'}
[9.704216] (px4_msgs) StdoutLine: {'line': b'-- Up-to-date: /home/em/ros_workspace_2025/nav_ws/install/px4_msgs/local/lib/python3.10/dist-packages/px4_msgs/msg/_sensors_status_imu_s.c\n'}
[9.704237] (px4_msgs) StdoutLine: {'line': b'-- Up-to-date: /home/em/ros_workspace_2025/nav_ws/install/px4_msgs/local/lib/python3.10/dist-packages/px4_msgs/msg/_sensor_preflight_mag.py\n'}
[9.704260] (px4_msgs) StdoutLine: {'line': b'-- Up-to-date: /home/em/ros_workspace_2025/nav_ws/install/px4_msgs/local/lib/python3.10/dist-packages/px4_msgs/msg/_estimator_aid_source2d_s.c\n'}
[9.704295] (px4_msgs) StdoutLine: {'line': b'-- Up-to-date: /home/em/ros_workspace_2025/nav_ws/install/px4_msgs/local/lib/python3.10/dist-packages/px4_msgs/_px4_msgs_s.ep.rosidl_typesupport_introspection_c.c\n'}
[9.704320] (px4_msgs) StdoutLine: {'line': b'-- Up-to-date: /home/em/ros_workspace_2025/nav_ws/install/px4_msgs/local/lib/python3.10/dist-packages/px4_msgs/_px4_msgs_s.ep.rosidl_typesupport_fastrtps_c.c\n'}
[9.704343] (px4_msgs) StdoutLine: {'line': b"Listing '/home/em/ros_workspace_2025/nav_ws/install/px4_msgs/local/lib/python3.10/dist-packages/px4_msgs'...\n"}
[9.704366] (px4_msgs) StdoutLine: {'line': b"Listing '/home/em/ros_workspace_2025/nav_ws/install/px4_msgs/local/lib/python3.10/dist-packages/px4_msgs/msg'...\n"}
[9.704390] (px4_msgs) StdoutLine: {'line': b"Listing '/home/em/ros_workspace_2025/nav_ws/install/px4_msgs/local/lib/python3.10/dist-packages/px4_msgs/srv'...\n"}
[9.704414] (px4_msgs) StdoutLine: {'line': b'-- Up-to-date: /home/em/ros_workspace_2025/nav_ws/install/px4_msgs/local/lib/python3.10/dist-packages/px4_msgs/px4_msgs_s__rosidl_typesupport_fastrtps_c.cpython-310-x86_64-linux-gnu.so\n'}
[9.704439] (px4_msgs) StdoutLine: {'line': b'-- Up-to-date: /home/em/ros_workspace_2025/nav_ws/install/px4_msgs/local/lib/python3.10/dist-packages/px4_msgs/px4_msgs_s__rosidl_typesupport_introspection_c.cpython-310-x86_64-linux-gnu.so\n'}
[9.704462] (px4_msgs) StdoutLine: {'line': b'-- Up-to-date: /home/em/ros_workspace_2025/nav_ws/install/px4_msgs/local/lib/python3.10/dist-packages/px4_msgs/px4_msgs_s__rosidl_typesupport_c.cpython-310-x86_64-linux-gnu.so\n'}
[9.704487] (px4_msgs) StdoutLine: {'line': b'-- Up-to-date: /home/em/ros_workspace_2025/nav_ws/install/px4_msgs/lib/libpx4_msgs__rosidl_generator_py.so\n'}
[9.704511] (px4_msgs) StdoutLine: {'line': b'-- Up-to-date: /home/em/ros_workspace_2025/nav_ws/install/px4_msgs/share/px4_msgs/msg/ActionRequest.idl\n'}
[9.704556] (px4_msgs) StdoutLine: {'line': b'-- Up-to-date: /home/em/ros_workspace_2025/nav_ws/install/px4_msgs/share/px4_msgs/msg/ActuatorArmed.idl\n'}
[9.704596] (px4_msgs) StdoutLine: {'line': b'-- Up-to-date: /home/em/ros_workspace_2025/nav_ws/install/px4_msgs/share/px4_msgs/msg/ActuatorControlsStatus.idl\n'}
[9.704641] (px4_msgs) StdoutLine: {'line': b'-- Up-to-date: /home/em/ros_workspace_2025/nav_ws/install/px4_msgs/share/px4_msgs/msg/ActuatorMotors.idl\n'}
[9.704681] (px4_msgs) StdoutLine: {'line': b'-- Up-to-date: /home/em/ros_workspace_2025/nav_ws/install/px4_msgs/share/px4_msgs/msg/ActuatorOutputs.idl\n'}
[9.704715] (px4_msgs) StdoutLine: {'line': b'-- Up-to-date: /home/em/ros_workspace_2025/nav_ws/install/px4_msgs/share/px4_msgs/msg/ActuatorServos.idl\n'}
[9.704747] (px4_msgs) StdoutLine: {'line': b'-- Up-to-date: /home/em/ros_workspace_2025/nav_ws/install/px4_msgs/share/px4_msgs/msg/ActuatorServosTrim.idl\n'}
[9.704774] (px4_msgs) StdoutLine: {'line': b'-- Up-to-date: /home/em/ros_workspace_2025/nav_ws/install/px4_msgs/share/px4_msgs/msg/ActuatorTest.idl\n'}
[9.704799] (px4_msgs) StdoutLine: {'line': b'-- Up-to-date: /home/em/ros_workspace_2025/nav_ws/install/px4_msgs/share/px4_msgs/msg/AdcReport.idl\n'}
[9.704824] (px4_msgs) StdoutLine: {'line': b'-- Up-to-date: /home/em/ros_workspace_2025/nav_ws/install/px4_msgs/share/px4_msgs/msg/Airspeed.idl\n'}
[9.704849] (px4_msgs) StdoutLine: {'line': b'-- Up-to-date: /home/em/ros_workspace_2025/nav_ws/install/px4_msgs/share/px4_msgs/msg/AirspeedValidated.idl\n'}
[9.704894] (px4_msgs) StdoutLine: {'line': b'-- Up-to-date: /home/em/ros_workspace_2025/nav_ws/install/px4_msgs/share/px4_msgs/msg/AirspeedWind.idl\n'}
[9.704916] (px4_msgs) StdoutLine: {'line': b'-- Up-to-date: /home/em/ros_workspace_2025/nav_ws/install/px4_msgs/share/px4_msgs/msg/ArmingCheckReply.idl\n'}
[9.704938] (px4_msgs) StdoutLine: {'line': b'-- Up-to-date: /home/em/ros_workspace_2025/nav_ws/install/px4_msgs/share/px4_msgs/msg/ArmingCheckRequest.idl\n'}
[9.704959] (px4_msgs) StdoutLine: {'line': b'-- Up-to-date: /home/em/ros_workspace_2025/nav_ws/install/px4_msgs/share/px4_msgs/msg/AutotuneAttitudeControlStatus.idl\n'}
[9.704983] (px4_msgs) StdoutLine: {'line': b'-- Up-to-date: /home/em/ros_workspace_2025/nav_ws/install/px4_msgs/share/px4_msgs/msg/BatteryStatus.idl\n'}
[9.705004] (px4_msgs) StdoutLine: {'line': b'-- Up-to-date: /home/em/ros_workspace_2025/nav_ws/install/px4_msgs/share/px4_msgs/msg/Buffer128.idl\n'}
[9.705025] (px4_msgs) StdoutLine: {'line': b'-- Up-to-date: /home/em/ros_workspace_2025/nav_ws/install/px4_msgs/share/px4_msgs/msg/ButtonEvent.idl\n'}
[9.705050] (px4_msgs) StdoutLine: {'line': b'-- Up-to-date: /home/em/ros_workspace_2025/nav_ws/install/px4_msgs/share/px4_msgs/msg/CameraCapture.idl\n'}
[9.705072] (px4_msgs) StdoutLine: {'line': b'-- Up-to-date: /home/em/ros_workspace_2025/nav_ws/install/px4_msgs/share/px4_msgs/msg/CameraStatus.idl\n'}
[9.705094] (px4_msgs) StdoutLine: {'line': b'-- Up-to-date: /home/em/ros_workspace_2025/nav_ws/install/px4_msgs/share/px4_msgs/msg/CameraTrigger.idl\n'}
[9.705117] (px4_msgs) StdoutLine: {'line': b'-- Up-to-date: /home/em/ros_workspace_2025/nav_ws/install/px4_msgs/share/px4_msgs/msg/CanInterfaceStatus.idl\n'}
[9.705140] (px4_msgs) StdoutLine: {'line': b'-- Up-to-date: /home/em/ros_workspace_2025/nav_ws/install/px4_msgs/share/px4_msgs/msg/CellularStatus.idl\n'}
[9.705162] (px4_msgs) StdoutLine: {'line': b'-- Up-to-date: /home/em/ros_workspace_2025/nav_ws/install/px4_msgs/share/px4_msgs/msg/CollisionConstraints.idl\n'}
[9.705185] (px4_msgs) StdoutLine: {'line': b'-- Up-to-date: /home/em/ros_workspace_2025/nav_ws/install/px4_msgs/share/px4_msgs/msg/CollisionReport.idl\n'}
[9.705207] (px4_msgs) StdoutLine: {'line': b'-- Up-to-date: /home/em/ros_workspace_2025/nav_ws/install/px4_msgs/share/px4_msgs/msg/ConfigOverrides.idl\n'}
[9.705231] (px4_msgs) StdoutLine: {'line': b'-- Up-to-date: /home/em/ros_workspace_2025/nav_ws/install/px4_msgs/share/px4_msgs/msg/ControlAllocatorStatus.idl\n'}
[9.705260] (px4_msgs) StdoutLine: {'line': b'-- Up-to-date: /home/em/ros_workspace_2025/nav_ws/install/px4_msgs/share/px4_msgs/msg/Cpuload.idl\n'}
[9.705286] (px4_msgs) StdoutLine: {'line': b'-- Up-to-date: /home/em/ros_workspace_2025/nav_ws/install/px4_msgs/share/px4_msgs/msg/DatamanRequest.idl\n'}
[9.705311] (px4_msgs) StdoutLine: {'line': b'-- Up-to-date: /home/em/ros_workspace_2025/nav_ws/install/px4_msgs/share/px4_msgs/msg/DatamanResponse.idl\n'}
[9.705337] (px4_msgs) StdoutLine: {'line': b'-- Up-to-date: /home/em/ros_workspace_2025/nav_ws/install/px4_msgs/share/px4_msgs/msg/DebugArray.idl\n'}
[9.705358] (px4_msgs) StdoutLine: {'line': b'-- Up-to-date: /home/em/ros_workspace_2025/nav_ws/install/px4_msgs/share/px4_msgs/msg/DebugKeyValue.idl\n'}
[9.705381] (px4_msgs) StdoutLine: {'line': b'-- Up-to-date: /home/em/ros_workspace_2025/nav_ws/install/px4_msgs/share/px4_msgs/msg/DebugValue.idl\n'}
[9.705404] (px4_msgs) StdoutLine: {'line': b'-- Up-to-date: /home/em/ros_workspace_2025/nav_ws/install/px4_msgs/share/px4_msgs/msg/DebugVect.idl\n'}
[9.705429] (px4_msgs) StdoutLine: {'line': b'-- Up-to-date: /home/em/ros_workspace_2025/nav_ws/install/px4_msgs/share/px4_msgs/msg/DifferentialPressure.idl\n'}
[9.705454] (px4_msgs) StdoutLine: {'line': b'-- Up-to-date: /home/em/ros_workspace_2025/nav_ws/install/px4_msgs/share/px4_msgs/msg/DistanceSensor.idl\n'}
[9.705478] (px4_msgs) StdoutLine: {'line': b'-- Up-to-date: /home/em/ros_workspace_2025/nav_ws/install/px4_msgs/share/px4_msgs/msg/DistanceSensorModeChangeRequest.idl\n'}
[9.705502] (px4_msgs) StdoutLine: {'line': b'-- Up-to-date: /home/em/ros_workspace_2025/nav_ws/install/px4_msgs/share/px4_msgs/msg/Ekf2Timestamps.idl\n'}
[9.705525] (px4_msgs) StdoutLine: {'line': b'-- Up-to-date: /home/em/ros_workspace_2025/nav_ws/install/px4_msgs/share/px4_msgs/msg/EscReport.idl\n'}
[9.705548] (px4_msgs) StdoutLine: {'line': b'-- Up-to-date: /home/em/ros_workspace_2025/nav_ws/install/px4_msgs/share/px4_msgs/msg/EscStatus.idl\n'}
[9.705574] (px4_msgs) StdoutLine: {'line': b'-- Up-to-date: /home/em/ros_workspace_2025/nav_ws/install/px4_msgs/share/px4_msgs/msg/EstimatorAidSource1d.idl\n'}
[9.705598] (px4_msgs) StdoutLine: {'line': b'-- Up-to-date: /home/em/ros_workspace_2025/nav_ws/install/px4_msgs/share/px4_msgs/msg/EstimatorAidSource2d.idl\n'}
[9.705623] (px4_msgs) StdoutLine: {'line': b'-- Up-to-date: /home/em/ros_workspace_2025/nav_ws/install/px4_msgs/share/px4_msgs/msg/EstimatorAidSource3d.idl\n'}
[9.705646] (px4_msgs) StdoutLine: {'line': b'-- Up-to-date: /home/em/ros_workspace_2025/nav_ws/install/px4_msgs/share/px4_msgs/msg/EstimatorBias.idl\n'}
[9.705668] (px4_msgs) StdoutLine: {'line': b'-- Up-to-date: /home/em/ros_workspace_2025/nav_ws/install/px4_msgs/share/px4_msgs/msg/EstimatorBias3d.idl\n'}
[9.705691] (px4_msgs) StdoutLine: {'line': b'-- Up-to-date: /home/em/ros_workspace_2025/nav_ws/install/px4_msgs/share/px4_msgs/msg/EstimatorEventFlags.idl\n'}
[9.705716] (px4_msgs) StdoutLine: {'line': b'-- Up-to-date: /home/em/ros_workspace_2025/nav_ws/install/px4_msgs/share/px4_msgs/msg/EstimatorGpsStatus.idl\n'}
[9.705739] (px4_msgs) StdoutLine: {'line': b'-- Up-to-date: /home/em/ros_workspace_2025/nav_ws/install/px4_msgs/share/px4_msgs/msg/EstimatorInnovations.idl\n'}
[9.705761] (px4_msgs) StdoutLine: {'line': b'-- Up-to-date: /home/em/ros_workspace_2025/nav_ws/install/px4_msgs/share/px4_msgs/msg/EstimatorSelectorStatus.idl\n'}
[9.705784] (px4_msgs) StdoutLine: {'line': b'-- Up-to-date: /home/em/ros_workspace_2025/nav_ws/install/px4_msgs/share/px4_msgs/msg/EstimatorSensorBias.idl\n'}
[9.705821] (px4_msgs) StdoutLine: {'line': b'-- Up-to-date: /home/em/ros_workspace_2025/nav_ws/install/px4_msgs/share/px4_msgs/msg/EstimatorStates.idl\n'}
[9.705847] (px4_msgs) StdoutLine: {'line': b'-- Up-to-date: /home/em/ros_workspace_2025/nav_ws/install/px4_msgs/share/px4_msgs/msg/EstimatorStatus.idl\n'}
[9.705870] (px4_msgs) StdoutLine: {'line': b'-- Up-to-date: /home/em/ros_workspace_2025/nav_ws/install/px4_msgs/share/px4_msgs/msg/EstimatorStatusFlags.idl\n'}
[9.705893] (px4_msgs) StdoutLine: {'line': b'-- Up-to-date: /home/em/ros_workspace_2025/nav_ws/install/px4_msgs/share/px4_msgs/msg/Event.idl\n'}
[9.705917] (px4_msgs) StdoutLine: {'line': b'-- Up-to-date: /home/em/ros_workspace_2025/nav_ws/install/px4_msgs/share/px4_msgs/msg/FailsafeFlags.idl\n'}
[9.705939] (px4_msgs) StdoutLine: {'line': b'-- Up-to-date: /home/em/ros_workspace_2025/nav_ws/install/px4_msgs/share/px4_msgs/msg/FailureDetectorStatus.idl\n'}
[9.705971] (px4_msgs) StdoutLine: {'line': b'-- Up-to-date: /home/em/ros_workspace_2025/nav_ws/install/px4_msgs/share/px4_msgs/msg/FigureEightStatus.idl\n'}
[9.705994] (px4_msgs) StdoutLine: {'line': b'-- Up-to-date: /home/em/ros_workspace_2025/nav_ws/install/px4_msgs/share/px4_msgs/msg/FlightPhaseEstimation.idl\n'}
[9.706017] (px4_msgs) StdoutLine: {'line': b'-- Up-to-date: /home/em/ros_workspace_2025/nav_ws/install/px4_msgs/share/px4_msgs/msg/FollowTarget.idl\n'}
[9.706039] (px4_msgs) StdoutLine: {'line': b'-- Up-to-date: /home/em/ros_workspace_2025/nav_ws/install/px4_msgs/share/px4_msgs/msg/FollowTargetEstimator.idl\n'}
[9.706060] (px4_msgs) StdoutLine: {'line': b'-- Up-to-date: /home/em/ros_workspace_2025/nav_ws/install/px4_msgs/share/px4_msgs/msg/FollowTargetStatus.idl\n'}
[9.706082] (px4_msgs) StdoutLine: {'line': b'-- Up-to-date: /home/em/ros_workspace_2025/nav_ws/install/px4_msgs/share/px4_msgs/msg/FuelTankStatus.idl\n'}
[9.706104] (px4_msgs) StdoutLine: {'line': b'-- Up-to-date: /home/em/ros_workspace_2025/nav_ws/install/px4_msgs/share/px4_msgs/msg/GeneratorStatus.idl\n'}
[9.706125] (px4_msgs) StdoutLine: {'line': b'-- Up-to-date: /home/em/ros_workspace_2025/nav_ws/install/px4_msgs/share/px4_msgs/msg/GeofenceResult.idl\n'}
[9.706147] (px4_msgs) StdoutLine: {'line': b'-- Up-to-date: /home/em/ros_workspace_2025/nav_ws/install/px4_msgs/share/px4_msgs/msg/GeofenceStatus.idl\n'}
[9.706168] (px4_msgs) StdoutLine: {'line': b'-- Up-to-date: /home/em/ros_workspace_2025/nav_ws/install/px4_msgs/share/px4_msgs/msg/GimbalControls.idl\n'}
[9.706191] (px4_msgs) StdoutLine: {'line': b'-- Up-to-date: /home/em/ros_workspace_2025/nav_ws/install/px4_msgs/share/px4_msgs/msg/GimbalDeviceAttitudeStatus.idl\n'}
[9.706213] (px4_msgs) StdoutLine: {'line': b'-- Up-to-date: /home/em/ros_workspace_2025/nav_ws/install/px4_msgs/share/px4_msgs/msg/GimbalDeviceInformation.idl\n'}
[9.706236] (px4_msgs) StdoutLine: {'line': b'-- Up-to-date: /home/em/ros_workspace_2025/nav_ws/install/px4_msgs/share/px4_msgs/msg/GimbalDeviceSetAttitude.idl\n'}
[9.706268] (px4_msgs) StdoutLine: {'line': b'-- Up-to-date: /home/em/ros_workspace_2025/nav_ws/install/px4_msgs/share/px4_msgs/msg/GimbalManagerInformation.idl\n'}
[9.706298] (px4_msgs) StdoutLine: {'line': b'-- Up-to-date: /home/em/ros_workspace_2025/nav_ws/install/px4_msgs/share/px4_msgs/msg/GimbalManagerSetAttitude.idl\n'}
[9.706321] (px4_msgs) StdoutLine: {'line': b'-- Up-to-date: /home/em/ros_workspace_2025/nav_ws/install/px4_msgs/share/px4_msgs/msg/GimbalManagerSetManualControl.idl\n'}
[9.706343] (px4_msgs) StdoutLine: {'line': b'-- Up-to-date: /home/em/ros_workspace_2025/nav_ws/install/px4_msgs/share/px4_msgs/msg/GimbalManagerStatus.idl\n'}
[9.706365] (px4_msgs) StdoutLine: {'line': b'-- Up-to-date: /home/em/ros_workspace_2025/nav_ws/install/px4_msgs/share/px4_msgs/msg/GotoSetpoint.idl\n'}
[9.706390] (px4_msgs) StdoutLine: {'line': b'-- Up-to-date: /home/em/ros_workspace_2025/nav_ws/install/px4_msgs/share/px4_msgs/msg/GpioConfig.idl\n'}
[9.706413] (px4_msgs) StdoutLine: {'line': b'-- Up-to-date: /home/em/ros_workspace_2025/nav_ws/install/px4_msgs/share/px4_msgs/msg/GpioIn.idl\n'}
[9.706435] (px4_msgs) StdoutLine: {'line': b'-- Up-to-date: /home/em/ros_workspace_2025/nav_ws/install/px4_msgs/share/px4_msgs/msg/GpioOut.idl\n'}
[9.706457] (px4_msgs) StdoutLine: {'line': b'-- Up-to-date: /home/em/ros_workspace_2025/nav_ws/install/px4_msgs/share/px4_msgs/msg/GpioRequest.idl\n'}
[9.706486] (px4_msgs) StdoutLine: {'line': b'-- Up-to-date: /home/em/ros_workspace_2025/nav_ws/install/px4_msgs/share/px4_msgs/msg/GpsDump.idl\n'}
[9.706511] (px4_msgs) StdoutLine: {'line': b'-- Up-to-date: /home/em/ros_workspace_2025/nav_ws/install/px4_msgs/share/px4_msgs/msg/GpsInjectData.idl\n'}
[9.706544] (px4_msgs) StdoutLine: {'line': b'-- Up-to-date: /home/em/ros_workspace_2025/nav_ws/install/px4_msgs/share/px4_msgs/msg/Gripper.idl\n'}
[9.706568] (px4_msgs) StdoutLine: {'line': b'-- Up-to-date: /home/em/ros_workspace_2025/nav_ws/install/px4_msgs/share/px4_msgs/msg/HealthReport.idl\n'}
[9.706592] (px4_msgs) StdoutLine: {'line': b'-- Up-to-date: /home/em/ros_workspace_2025/nav_ws/install/px4_msgs/share/px4_msgs/msg/HeaterStatus.idl\n'}
[9.706616] (px4_msgs) StdoutLine: {'line': b'-- Up-to-date: /home/em/ros_workspace_2025/nav_ws/install/px4_msgs/share/px4_msgs/msg/HomePosition.idl\n'}
[9.706641] (px4_msgs) StdoutLine: {'line': b'-- Up-to-date: /home/em/ros_workspace_2025/nav_ws/install/px4_msgs/share/px4_msgs/msg/HoverThrustEstimate.idl\n'}
[9.706673] (px4_msgs) StdoutLine: {'line': b'-- Up-to-date: /home/em/ros_workspace_2025/nav_ws/install/px4_msgs/share/px4_msgs/msg/InputRc.idl\n'}
[9.706700] (px4_msgs) StdoutLine: {'line': b'-- Up-to-date: /home/em/ros_workspace_2025/nav_ws/install/px4_msgs/share/px4_msgs/msg/InternalCombustionEngineStatus.idl\n'}
[9.706723] (px4_msgs) StdoutLine: {'line': b'-- Up-to-date: /home/em/ros_workspace_2025/nav_ws/install/px4_msgs/share/px4_msgs/msg/IridiumsbdStatus.idl\n'}
[9.706746] (px4_msgs) StdoutLine: {'line': b'-- Up-to-date: /home/em/ros_workspace_2025/nav_ws/install/px4_msgs/share/px4_msgs/msg/IrlockReport.idl\n'}
[9.706768] (px4_msgs) StdoutLine: {'line': b'-- Up-to-date: /home/em/ros_workspace_2025/nav_ws/install/px4_msgs/share/px4_msgs/msg/LandingGear.idl\n'}
[9.706791] (px4_msgs) StdoutLine: {'line': b'-- Up-to-date: /home/em/ros_workspace_2025/nav_ws/install/px4_msgs/share/px4_msgs/msg/LandingGearWheel.idl\n'}
[9.706813] (px4_msgs) StdoutLine: {'line': b'-- Up-to-date: /home/em/ros_workspace_2025/nav_ws/install/px4_msgs/share/px4_msgs/msg/LandingTargetInnovations.idl\n'}
[9.706835] (px4_msgs) StdoutLine: {'line': b'-- Up-to-date: /home/em/ros_workspace_2025/nav_ws/install/px4_msgs/share/px4_msgs/msg/LandingTargetPose.idl\n'}
[9.706858] (px4_msgs) StdoutLine: {'line': b'-- Up-to-date: /home/em/ros_workspace_2025/nav_ws/install/px4_msgs/share/px4_msgs/msg/LaunchDetectionStatus.idl\n'}
[9.706890] (px4_msgs) StdoutLine: {'line': b'-- Up-to-date: /home/em/ros_workspace_2025/nav_ws/install/px4_msgs/share/px4_msgs/msg/LedControl.idl\n'}
[9.706910] (px4_msgs) StdoutLine: {'line': b'-- Up-to-date: /home/em/ros_workspace_2025/nav_ws/install/px4_msgs/share/px4_msgs/msg/LogMessage.idl\n'}
[9.706933] (px4_msgs) StdoutLine: {'line': b'-- Up-to-date: /home/em/ros_workspace_2025/nav_ws/install/px4_msgs/share/px4_msgs/msg/LoggerStatus.idl\n'}
[9.706955] (px4_msgs) StdoutLine: {'line': b'-- Up-to-date: /home/em/ros_workspace_2025/nav_ws/install/px4_msgs/share/px4_msgs/msg/MagWorkerData.idl\n'}
[9.706982] (px4_msgs) StdoutLine: {'line': b'-- Up-to-date: /home/em/ros_workspace_2025/nav_ws/install/px4_msgs/share/px4_msgs/msg/MagnetometerBiasEstimate.idl\n'}
[9.707024] (px4_msgs) StdoutLine: {'line': b'-- Up-to-date: /home/em/ros_workspace_2025/nav_ws/install/px4_msgs/share/px4_msgs/msg/ManualControlSetpoint.idl\n'}
[9.707071] (px4_msgs) StdoutLine: {'line': b'-- Up-to-date: /home/em/ros_workspace_2025/nav_ws/install/px4_msgs/share/px4_msgs/msg/ManualControlSwitches.idl\n'}
[9.707105] (px4_msgs) StdoutLine: {'line': b'-- Up-to-date: /home/em/ros_workspace_2025/nav_ws/install/px4_msgs/share/px4_msgs/msg/MavlinkLog.idl\n'}
[9.707147] (px4_msgs) StdoutLine: {'line': b'-- Up-to-date: /home/em/ros_workspace_2025/nav_ws/install/px4_msgs/share/px4_msgs/msg/MavlinkTunnel.idl\n'}
[9.707203] (px4_msgs) StdoutLine: {'line': b'-- Up-to-date: /home/em/ros_workspace_2025/nav_ws/install/px4_msgs/share/px4_msgs/msg/MessageFormatRequest.idl\n'}
[9.707228] (px4_msgs) StdoutLine: {'line': b'-- Up-to-date: /home/em/ros_workspace_2025/nav_ws/install/px4_msgs/share/px4_msgs/msg/MessageFormatResponse.idl\n'}
[9.707252] (px4_msgs) StdoutLine: {'line': b'-- Up-to-date: /home/em/ros_workspace_2025/nav_ws/install/px4_msgs/share/px4_msgs/msg/Mission.idl\n'}
[9.707296] (px4_msgs) StdoutLine: {'line': b'-- Up-to-date: /home/em/ros_workspace_2025/nav_ws/install/px4_msgs/share/px4_msgs/msg/MissionResult.idl\n'}
[9.707319] (px4_msgs) StdoutLine: {'line': b'-- Up-to-date: /home/em/ros_workspace_2025/nav_ws/install/px4_msgs/share/px4_msgs/msg/ModeCompleted.idl\n'}
[9.707341] (px4_msgs) StdoutLine: {'line': b'-- Up-to-date: /home/em/ros_workspace_2025/nav_ws/install/px4_msgs/share/px4_msgs/msg/MountOrientation.idl\n'}
[9.707364] (px4_msgs) StdoutLine: {'line': b'-- Up-to-date: /home/em/ros_workspace_2025/nav_ws/install/px4_msgs/share/px4_msgs/msg/NavigatorMissionItem.idl\n'}
[9.707387] (px4_msgs) StdoutLine: {'line': b'-- Up-to-date: /home/em/ros_workspace_2025/nav_ws/install/px4_msgs/share/px4_msgs/msg/NavigatorStatus.idl\n'}
[9.707410] (px4_msgs) StdoutLine: {'line': b'-- Up-to-date: /home/em/ros_workspace_2025/nav_ws/install/px4_msgs/share/px4_msgs/msg/NormalizedUnsignedSetpoint.idl\n'}
[9.707433] (px4_msgs) StdoutLine: {'line': b'-- Up-to-date: /home/em/ros_workspace_2025/nav_ws/install/px4_msgs/share/px4_msgs/msg/NpfgStatus.idl\n'}
[9.707456] (px4_msgs) StdoutLine: {'line': b'-- Up-to-date: /home/em/ros_workspace_2025/nav_ws/install/px4_msgs/share/px4_msgs/msg/ObstacleDistance.idl\n'}
[9.707479] (px4_msgs) StdoutLine: {'line': b'-- Up-to-date: /home/em/ros_workspace_2025/nav_ws/install/px4_msgs/share/px4_msgs/msg/OffboardControlMode.idl\n'}
[9.707502] (px4_msgs) StdoutLine: {'line': b'-- Up-to-date: /home/em/ros_workspace_2025/nav_ws/install/px4_msgs/share/px4_msgs/msg/OnboardComputerStatus.idl\n'}
[9.707524] (px4_msgs) StdoutLine: {'line': b'-- Up-to-date: /home/em/ros_workspace_2025/nav_ws/install/px4_msgs/share/px4_msgs/msg/OpenDroneIdArmStatus.idl\n'}
[9.707546] (px4_msgs) StdoutLine: {'line': b'-- Up-to-date: /home/em/ros_workspace_2025/nav_ws/install/px4_msgs/share/px4_msgs/msg/OpenDroneIdOperatorId.idl\n'}
[9.707567] (px4_msgs) StdoutLine: {'line': b'-- Up-to-date: /home/em/ros_workspace_2025/nav_ws/install/px4_msgs/share/px4_msgs/msg/OpenDroneIdSelfId.idl\n'}
[9.707589] (px4_msgs) StdoutLine: {'line': b'-- Up-to-date: /home/em/ros_workspace_2025/nav_ws/install/px4_msgs/share/px4_msgs/msg/OpenDroneIdSystem.idl\n'}
[9.707610] (px4_msgs) StdoutLine: {'line': b'-- Up-to-date: /home/em/ros_workspace_2025/nav_ws/install/px4_msgs/share/px4_msgs/msg/OrbTest.idl\n'}
[9.707633] (px4_msgs) StdoutLine: {'line': b'-- Up-to-date: /home/em/ros_workspace_2025/nav_ws/install/px4_msgs/share/px4_msgs/msg/OrbTestLarge.idl\n'}
[9.707655] (px4_msgs) StdoutLine: {'line': b'-- Up-to-date: /home/em/ros_workspace_2025/nav_ws/install/px4_msgs/share/px4_msgs/msg/OrbTestMedium.idl\n'}
[9.707676] (px4_msgs) StdoutLine: {'line': b'-- Up-to-date: /home/em/ros_workspace_2025/nav_ws/install/px4_msgs/share/px4_msgs/msg/OrbitStatus.idl\n'}
[9.707698] (px4_msgs) StdoutLine: {'line': b'-- Up-to-date: /home/em/ros_workspace_2025/nav_ws/install/px4_msgs/share/px4_msgs/msg/ParameterResetRequest.idl\n'}
[9.707720] (px4_msgs) StdoutLine: {'line': b'-- Up-to-date: /home/em/ros_workspace_2025/nav_ws/install/px4_msgs/share/px4_msgs/msg/ParameterSetUsedRequest.idl\n'}
[9.707742] (px4_msgs) StdoutLine: {'line': b'-- Up-to-date: /home/em/ros_workspace_2025/nav_ws/install/px4_msgs/share/px4_msgs/msg/ParameterSetValueRequest.idl\n'}
[9.707764] (px4_msgs) StdoutLine: {'line': b'-- Up-to-date: /home/em/ros_workspace_2025/nav_ws/install/px4_msgs/share/px4_msgs/msg/ParameterSetValueResponse.idl\n'}
[9.707786] (px4_msgs) StdoutLine: {'line': b'-- Up-to-date: /home/em/ros_workspace_2025/nav_ws/install/px4_msgs/share/px4_msgs/msg/ParameterUpdate.idl\n'}
[9.707807] (px4_msgs) StdoutLine: {'line': b'-- Up-to-date: /home/em/ros_workspace_2025/nav_ws/install/px4_msgs/share/px4_msgs/msg/Ping.idl\n'}
[9.707829] (px4_msgs) StdoutLine: {'line': b'-- Up-to-date: /home/em/ros_workspace_2025/nav_ws/install/px4_msgs/share/px4_msgs/msg/PositionControllerLandingStatus.idl\n'}
[9.707852] (px4_msgs) StdoutLine: {'line': b'-- Up-to-date: /home/em/ros_workspace_2025/nav_ws/install/px4_msgs/share/px4_msgs/msg/PositionControllerStatus.idl\n'}
[9.707878] (px4_msgs) StdoutLine: {'line': b'-- Up-to-date: /home/em/ros_workspace_2025/nav_ws/install/px4_msgs/share/px4_msgs/msg/PositionSetpoint.idl\n'}
[9.707901] (px4_msgs) StdoutLine: {'line': b'-- Up-to-date: /home/em/ros_workspace_2025/nav_ws/install/px4_msgs/share/px4_msgs/msg/PositionSetpointTriplet.idl\n'}
[9.707924] (px4_msgs) StdoutLine: {'line': b'-- Up-to-date: /home/em/ros_workspace_2025/nav_ws/install/px4_msgs/share/px4_msgs/msg/PowerButtonState.idl\n'}
[9.707945] (px4_msgs) StdoutLine: {'line': b'-- Up-to-date: /home/em/ros_workspace_2025/nav_ws/install/px4_msgs/share/px4_msgs/msg/PowerMonitor.idl\n'}
[9.707980] (px4_msgs) StdoutLine: {'line': b'-- Up-to-date: /home/em/ros_workspace_2025/nav_ws/install/px4_msgs/share/px4_msgs/msg/PpsCapture.idl\n'}
[9.708003] (px4_msgs) StdoutLine: {'line': b'-- Up-to-date: /home/em/ros_workspace_2025/nav_ws/install/px4_msgs/share/px4_msgs/msg/PwmInput.idl\n'}
[9.708027] (px4_msgs) StdoutLine: {'line': b'-- Up-to-date: /home/em/ros_workspace_2025/nav_ws/install/px4_msgs/share/px4_msgs/msg/Px4ioStatus.idl\n'}
[9.708050] (px4_msgs) StdoutLine: {'line': b'-- Up-to-date: /home/em/ros_workspace_2025/nav_ws/install/px4_msgs/share/px4_msgs/msg/QshellReq.idl\n'}
[9.708072] (px4_msgs) StdoutLine: {'line': b'-- Up-to-date: /home/em/ros_workspace_2025/nav_ws/install/px4_msgs/share/px4_msgs/msg/QshellRetval.idl\n'}
[9.708095] (px4_msgs) StdoutLine: {'line': b'-- Up-to-date: /home/em/ros_workspace_2025/nav_ws/install/px4_msgs/share/px4_msgs/msg/RadioStatus.idl\n'}
[9.708117] (px4_msgs) StdoutLine: {'line': b'-- Up-to-date: /home/em/ros_workspace_2025/nav_ws/install/px4_msgs/share/px4_msgs/msg/RateCtrlStatus.idl\n'}
[9.708138] (px4_msgs) StdoutLine: {'line': b'-- Up-to-date: /home/em/ros_workspace_2025/nav_ws/install/px4_msgs/share/px4_msgs/msg/RcChannels.idl\n'}
[9.708160] (px4_msgs) StdoutLine: {'line': b'-- Up-to-date: /home/em/ros_workspace_2025/nav_ws/install/px4_msgs/share/px4_msgs/msg/RcParameterMap.idl\n'}
[9.708182] (px4_msgs) StdoutLine: {'line': b'-- Up-to-date: /home/em/ros_workspace_2025/nav_ws/install/px4_msgs/share/px4_msgs/msg/RegisterExtComponentReply.idl\n'}
[9.708204] (px4_msgs) StdoutLine: {'line': b'-- Up-to-date: /home/em/ros_workspace_2025/nav_ws/install/px4_msgs/share/px4_msgs/msg/RegisterExtComponentRequest.idl\n'}
[9.708226] (px4_msgs) StdoutLine: {'line': b'-- Up-to-date: /home/em/ros_workspace_2025/nav_ws/install/px4_msgs/share/px4_msgs/msg/RoverAckermannGuidanceStatus.idl\n'}
[9.708249] (px4_msgs) StdoutLine: {'line': b'-- Up-to-date: /home/em/ros_workspace_2025/nav_ws/install/px4_msgs/share/px4_msgs/msg/RoverAckermannSetpoint.idl\n'}
[9.708272] (px4_msgs) StdoutLine: {'line': b'-- Up-to-date: /home/em/ros_workspace_2025/nav_ws/install/px4_msgs/share/px4_msgs/msg/RoverAckermannStatus.idl\n'}
[9.708300] (px4_msgs) StdoutLine: {'line': b'-- Up-to-date: /home/em/ros_workspace_2025/nav_ws/install/px4_msgs/share/px4_msgs/msg/RoverDifferentialGuidanceStatus.idl\n'}
[9.708324] (px4_msgs) StdoutLine: {'line': b'-- Up-to-date: /home/em/ros_workspace_2025/nav_ws/install/px4_msgs/share/px4_msgs/msg/RoverDifferentialSetpoint.idl\n'}
[9.708349] (px4_msgs) StdoutLine: {'line': b'-- Up-to-date: /home/em/ros_workspace_2025/nav_ws/install/px4_msgs/share/px4_msgs/msg/RoverDifferentialStatus.idl\n'}
[9.708374] (px4_msgs) StdoutLine: {'line': b'-- Up-to-date: /home/em/ros_workspace_2025/nav_ws/install/px4_msgs/share/px4_msgs/msg/RoverMecanumGuidanceStatus.idl\n'}
[9.708399] (px4_msgs) StdoutLine: {'line': b'-- Up-to-date: /home/em/ros_workspace_2025/nav_ws/install/px4_msgs/share/px4_msgs/msg/RoverMecanumSetpoint.idl\n'}
[9.708422] (px4_msgs) StdoutLine: {'line': b'-- Up-to-date: /home/em/ros_workspace_2025/nav_ws/install/px4_msgs/share/px4_msgs/msg/RoverMecanumStatus.idl\n'}
[9.708473] (px4_msgs) StdoutLine: {'line': b'-- Up-to-date: /home/em/ros_workspace_2025/nav_ws/install/px4_msgs/share/px4_msgs/msg/Rpm.idl\n'}
[9.708497] (px4_msgs) StdoutLine: {'line': b'-- Up-to-date: /home/em/ros_workspace_2025/nav_ws/install/px4_msgs/share/px4_msgs/msg/RtlStatus.idl\n'}
[9.708520] (px4_msgs) StdoutLine: {'line': b'-- Up-to-date: /home/em/ros_workspace_2025/nav_ws/install/px4_msgs/share/px4_msgs/msg/RtlTimeEstimate.idl\n'}
[9.708542] (px4_msgs) StdoutLine: {'line': b'-- Up-to-date: /home/em/ros_workspace_2025/nav_ws/install/px4_msgs/share/px4_msgs/msg/SatelliteInfo.idl\n'}
[9.708563] (px4_msgs) StdoutLine: {'line': b'-- Up-to-date: /home/em/ros_workspace_2025/nav_ws/install/px4_msgs/share/px4_msgs/msg/SensorAccel.idl\n'}
[9.708585] (px4_msgs) StdoutLine: {'line': b'-- Up-to-date: /home/em/ros_workspace_2025/nav_ws/install/px4_msgs/share/px4_msgs/msg/SensorAccelFifo.idl\n'}
[9.708615] (px4_msgs) StdoutLine: {'line': b'-- Up-to-date: /home/em/ros_workspace_2025/nav_ws/install/px4_msgs/share/px4_msgs/msg/SensorAirflow.idl\n'}
[9.708650] (px4_msgs) StdoutLine: {'line': b'-- Up-to-date: /home/em/ros_workspace_2025/nav_ws/install/px4_msgs/share/px4_msgs/msg/SensorBaro.idl\n'}
[9.708687] (px4_msgs) StdoutLine: {'line': b'-- Up-to-date: /home/em/ros_workspace_2025/nav_ws/install/px4_msgs/share/px4_msgs/msg/SensorCombined.idl\n'}
[9.708727] (px4_msgs) StdoutLine: {'line': b'-- Up-to-date: /home/em/ros_workspace_2025/nav_ws/install/px4_msgs/share/px4_msgs/msg/SensorCorrection.idl\n'}
[9.708767] (px4_msgs) StdoutLine: {'line': b'-- Up-to-date: /home/em/ros_workspace_2025/nav_ws/install/px4_msgs/share/px4_msgs/msg/SensorGnssRelative.idl\n'}
[9.708802] (px4_msgs) StdoutLine: {'line': b'-- Up-to-date: /home/em/ros_workspace_2025/nav_ws/install/px4_msgs/share/px4_msgs/msg/SensorGps.idl\n'}
[9.708827] (px4_msgs) StdoutLine: {'line': b'-- Up-to-date: /home/em/ros_workspace_2025/nav_ws/install/px4_msgs/share/px4_msgs/msg/SensorGyro.idl\n'}
[9.708851] (px4_msgs) StdoutLine: {'line': b'-- Up-to-date: /home/em/ros_workspace_2025/nav_ws/install/px4_msgs/share/px4_msgs/msg/SensorGyroFft.idl\n'}
[9.708875] (px4_msgs) StdoutLine: {'line': b'-- Up-to-date: /home/em/ros_workspace_2025/nav_ws/install/px4_msgs/share/px4_msgs/msg/SensorGyroFifo.idl\n'}
[9.708920] (px4_msgs) StdoutLine: {'line': b'-- Up-to-date: /home/em/ros_workspace_2025/nav_ws/install/px4_msgs/share/px4_msgs/msg/SensorHygrometer.idl\n'}
[9.708945] (px4_msgs) StdoutLine: {'line': b'-- Up-to-date: /home/em/ros_workspace_2025/nav_ws/install/px4_msgs/share/px4_msgs/msg/SensorMag.idl\n'}
[9.708969] (px4_msgs) StdoutLine: {'line': b'-- Up-to-date: /home/em/ros_workspace_2025/nav_ws/install/px4_msgs/share/px4_msgs/msg/SensorOpticalFlow.idl\n'}
[9.708993] (px4_msgs) StdoutLine: {'line': b'-- Up-to-date: /home/em/ros_workspace_2025/nav_ws/install/px4_msgs/share/px4_msgs/msg/SensorPreflightMag.idl\n'}
[9.709016] (px4_msgs) StdoutLine: {'line': b'-- Up-to-date: /home/em/ros_workspace_2025/nav_ws/install/px4_msgs/share/px4_msgs/msg/SensorSelection.idl\n'}
[9.709040] (px4_msgs) StdoutLine: {'line': b'-- Up-to-date: /home/em/ros_workspace_2025/nav_ws/install/px4_msgs/share/px4_msgs/msg/SensorUwb.idl\n'}
[9.709064] (px4_msgs) StdoutLine: {'line': b'-- Up-to-date: /home/em/ros_workspace_2025/nav_ws/install/px4_msgs/share/px4_msgs/msg/SensorsStatus.idl\n'}
[9.709087] (px4_msgs) StdoutLine: {'line': b'-- Up-to-date: /home/em/ros_workspace_2025/nav_ws/install/px4_msgs/share/px4_msgs/msg/SensorsStatusImu.idl\n'}
[9.709109] (px4_msgs) StdoutLine: {'line': b'-- Up-to-date: /home/em/ros_workspace_2025/nav_ws/install/px4_msgs/share/px4_msgs/msg/SystemPower.idl\n'}
[9.709132] (px4_msgs) StdoutLine: {'line': b'-- Up-to-date: /home/em/ros_workspace_2025/nav_ws/install/px4_msgs/share/px4_msgs/msg/TakeoffStatus.idl\n'}
[9.709167] (px4_msgs) StdoutLine: {'line': b'-- Up-to-date: /home/em/ros_workspace_2025/nav_ws/install/px4_msgs/share/px4_msgs/msg/TaskStackInfo.idl\n'}
[9.709190] (px4_msgs) StdoutLine: {'line': b'-- Up-to-date: /home/em/ros_workspace_2025/nav_ws/install/px4_msgs/share/px4_msgs/msg/TecsStatus.idl\n'}
[9.709211] (px4_msgs) StdoutLine: {'line': b'-- Up-to-date: /home/em/ros_workspace_2025/nav_ws/install/px4_msgs/share/px4_msgs/msg/TelemetryStatus.idl\n'}
[9.709233] (px4_msgs) StdoutLine: {'line': b'-- Up-to-date: /home/em/ros_workspace_2025/nav_ws/install/px4_msgs/share/px4_msgs/msg/TiltrotorExtraControls.idl\n'}
[9.709255] (px4_msgs) StdoutLine: {'line': b'-- Up-to-date: /home/em/ros_workspace_2025/nav_ws/install/px4_msgs/share/px4_msgs/msg/TimesyncStatus.idl\n'}
[9.709288] (px4_msgs) StdoutLine: {'line': b'-- Up-to-date: /home/em/ros_workspace_2025/nav_ws/install/px4_msgs/share/px4_msgs/msg/TrajectoryBezier.idl\n'}
[9.709312] (px4_msgs) StdoutLine: {'line': b'-- Up-to-date: /home/em/ros_workspace_2025/nav_ws/install/px4_msgs/share/px4_msgs/msg/TrajectorySetpoint.idl\n'}
[9.709334] (px4_msgs) StdoutLine: {'line': b'-- Up-to-date: /home/em/ros_workspace_2025/nav_ws/install/px4_msgs/share/px4_msgs/msg/TrajectoryWaypoint.idl\n'}
[9.709355] (px4_msgs) StdoutLine: {'line': b'-- Up-to-date: /home/em/ros_workspace_2025/nav_ws/install/px4_msgs/share/px4_msgs/msg/TransponderReport.idl\n'}
[9.709375] (px4_msgs) StdoutLine: {'line': b'-- Up-to-date: /home/em/ros_workspace_2025/nav_ws/install/px4_msgs/share/px4_msgs/msg/TuneControl.idl\n'}
[9.709396] (px4_msgs) StdoutLine: {'line': b'-- Up-to-date: /home/em/ros_workspace_2025/nav_ws/install/px4_msgs/share/px4_msgs/msg/UavcanParameterRequest.idl\n'}
[9.709418] (px4_msgs) StdoutLine: {'line': b'-- Up-to-date: /home/em/ros_workspace_2025/nav_ws/install/px4_msgs/share/px4_msgs/msg/UavcanParameterValue.idl\n'}
[9.709439] (px4_msgs) StdoutLine: {'line': b'-- Up-to-date: /home/em/ros_workspace_2025/nav_ws/install/px4_msgs/share/px4_msgs/msg/UlogStream.idl\n'}
[9.709460] (px4_msgs) StdoutLine: {'line': b'-- Up-to-date: /home/em/ros_workspace_2025/nav_ws/install/px4_msgs/share/px4_msgs/msg/UlogStreamAck.idl\n'}
[9.709481] (px4_msgs) StdoutLine: {'line': b'-- Up-to-date: /home/em/ros_workspace_2025/nav_ws/install/px4_msgs/share/px4_msgs/msg/UnregisterExtComponent.idl\n'}
[9.709501] (px4_msgs) StdoutLine: {'line': b'-- Up-to-date: /home/em/ros_workspace_2025/nav_ws/install/px4_msgs/share/px4_msgs/msg/VehicleAcceleration.idl\n'}
[9.709522] (px4_msgs) StdoutLine: {'line': b'-- Up-to-date: /home/em/ros_workspace_2025/nav_ws/install/px4_msgs/share/px4_msgs/msg/VehicleAirData.idl\n'}
[9.709550] (px4_msgs) StdoutLine: {'line': b'-- Up-to-date: /home/em/ros_workspace_2025/nav_ws/install/px4_msgs/share/px4_msgs/msg/VehicleAngularAccelerationSetpoint.idl\n'}
[9.709571] (px4_msgs) StdoutLine: {'line': b'-- Up-to-date: /home/em/ros_workspace_2025/nav_ws/install/px4_msgs/share/px4_msgs/msg/VehicleAngularVelocity.idl\n'}
[9.709593] (px4_msgs) StdoutLine: {'line': b'-- Up-to-date: /home/em/ros_workspace_2025/nav_ws/install/px4_msgs/share/px4_msgs/msg/VehicleAttitude.idl\n'}
[9.709614] (px4_msgs) StdoutLine: {'line': b'-- Up-to-date: /home/em/ros_workspace_2025/nav_ws/install/px4_msgs/share/px4_msgs/msg/VehicleAttitudeSetpoint.idl\n'}
[9.709635] (px4_msgs) StdoutLine: {'line': b'-- Up-to-date: /home/em/ros_workspace_2025/nav_ws/install/px4_msgs/share/px4_msgs/msg/VehicleCommand.idl\n'}
[9.709656] (px4_msgs) StdoutLine: {'line': b'-- Up-to-date: /home/em/ros_workspace_2025/nav_ws/install/px4_msgs/share/px4_msgs/msg/VehicleCommandAck.idl\n'}
[9.709678] (px4_msgs) StdoutLine: {'line': b'-- Up-to-date: /home/em/ros_workspace_2025/nav_ws/install/px4_msgs/share/px4_msgs/msg/VehicleConstraints.idl\n'}
[9.709698] (px4_msgs) StdoutLine: {'line': b'-- Up-to-date: /home/em/ros_workspace_2025/nav_ws/install/px4_msgs/share/px4_msgs/msg/VehicleControlMode.idl\n'}
[9.709736] (px4_msgs) StdoutLine: {'line': b'-- Up-to-date: /home/em/ros_workspace_2025/nav_ws/install/px4_msgs/share/px4_msgs/msg/VehicleGlobalPosition.idl\n'}
[9.709875] (px4_msgs) StdoutLine: {'line': b'-- Up-to-date: /home/em/ros_workspace_2025/nav_ws/install/px4_msgs/share/px4_msgs/msg/VehicleImu.idl\n'}
[9.710074] (px4_msgs) StdoutLine: {'line': b'-- Up-to-date: /home/em/ros_workspace_2025/nav_ws/install/px4_msgs/share/px4_msgs/msg/VehicleImuStatus.idl\n'}
[9.710325] (px4_msgs) StdoutLine: {'line': b'-- Up-to-date: /home/em/ros_workspace_2025/nav_ws/install/px4_msgs/share/px4_msgs/msg/VehicleLandDetected.idl\n'}
[9.710605] (px4_msgs) StdoutLine: {'line': b'-- Up-to-date: /home/em/ros_workspace_2025/nav_ws/install/px4_msgs/share/px4_msgs/msg/VehicleLocalPosition.idl\n'}
[9.710659] (px4_msgs) StdoutLine: {'line': b'-- Up-to-date: /home/em/ros_workspace_2025/nav_ws/install/px4_msgs/share/px4_msgs/msg/VehicleLocalPositionSetpoint.idl\n'}
[9.710951] (px4_msgs) StdoutLine: {'line': b'-- Up-to-date: /home/em/ros_workspace_2025/nav_ws/install/px4_msgs/share/px4_msgs/msg/VehicleMagnetometer.idl\n'}
[9.711235] (px4_msgs) StdoutLine: {'line': b'-- Up-to-date: /home/em/ros_workspace_2025/nav_ws/install/px4_msgs/share/px4_msgs/msg/VehicleOdometry.idl\n'}
[9.711384] (px4_msgs) StdoutLine: {'line': b'-- Up-to-date: /home/em/ros_workspace_2025/nav_ws/install/px4_msgs/share/px4_msgs/msg/VehicleOpticalFlow.idl\n'}
[9.711546] (px4_msgs) StdoutLine: {'line': b'-- Up-to-date: /home/em/ros_workspace_2025/nav_ws/install/px4_msgs/share/px4_msgs/msg/VehicleOpticalFlowVel.idl\n'}
[9.711729] (px4_msgs) StdoutLine: {'line': b'-- Up-to-date: /home/em/ros_workspace_2025/nav_ws/install/px4_msgs/share/px4_msgs/msg/VehicleRatesSetpoint.idl\n'}
[9.712025] (px4_msgs) StdoutLine: {'line': b'-- Up-to-date: /home/em/ros_workspace_2025/nav_ws/install/px4_msgs/share/px4_msgs/msg/VehicleRoi.idl\n'}
[9.712189] (px4_msgs) StdoutLine: {'line': b'-- Up-to-date: /home/em/ros_workspace_2025/nav_ws/install/px4_msgs/share/px4_msgs/msg/VehicleStatus.idl\n'}
[9.712402] (px4_msgs) StdoutLine: {'line': b'-- Up-to-date: /home/em/ros_workspace_2025/nav_ws/install/px4_msgs/share/px4_msgs/msg/VehicleThrustSetpoint.idl\n'}
[9.712646] (px4_msgs) StdoutLine: {'line': b'-- Up-to-date: /home/em/ros_workspace_2025/nav_ws/install/px4_msgs/share/px4_msgs/msg/VehicleTorqueSetpoint.idl\n'}
[9.713156] (px4_msgs) StdoutLine: {'line': b'-- Up-to-date: /home/em/ros_workspace_2025/nav_ws/install/px4_msgs/share/px4_msgs/msg/VehicleTrajectoryBezier.idl\n'}
[9.713439] (px4_msgs) StdoutLine: {'line': b'-- Up-to-date: /home/em/ros_workspace_2025/nav_ws/install/px4_msgs/share/px4_msgs/msg/VehicleTrajectoryWaypoint.idl\n'}
[9.713775] (px4_msgs) StdoutLine: {'line': b'-- Up-to-date: /home/em/ros_workspace_2025/nav_ws/install/px4_msgs/share/px4_msgs/msg/VelocityLimits.idl\n'}
[9.714061] (px4_msgs) StdoutLine: {'line': b'-- Up-to-date: /home/em/ros_workspace_2025/nav_ws/install/px4_msgs/share/px4_msgs/msg/VtolVehicleStatus.idl\n'}
[9.714480] (px4_msgs) StdoutLine: {'line': b'-- Up-to-date: /home/em/ros_workspace_2025/nav_ws/install/px4_msgs/share/px4_msgs/msg/WheelEncoders.idl\n'}
[9.714767] (px4_msgs) StdoutLine: {'line': b'-- Up-to-date: /home/em/ros_workspace_2025/nav_ws/install/px4_msgs/share/px4_msgs/msg/Wind.idl\n'}
[9.715010] (px4_msgs) StdoutLine: {'line': b'-- Up-to-date: /home/em/ros_workspace_2025/nav_ws/install/px4_msgs/share/px4_msgs/msg/YawEstimatorStatus.idl\n'}
[9.715351] (px4_msgs) StdoutLine: {'line': b'-- Up-to-date: /home/em/ros_workspace_2025/nav_ws/install/px4_msgs/share/px4_msgs/srv/VehicleCommand.idl\n'}
[9.715769] (px4_msgs) StdoutLine: {'line': b'-- Up-to-date: /home/em/ros_workspace_2025/nav_ws/install/px4_msgs/share/px4_msgs/msg/ActionRequest.msg\n'}
[9.716173] (px4_msgs) StdoutLine: {'line': b'-- Up-to-date: /home/em/ros_workspace_2025/nav_ws/install/px4_msgs/share/px4_msgs/msg/ActuatorArmed.msg\n'}
[9.716299] (px4_msgs) StdoutLine: {'line': b'-- Up-to-date: /home/em/ros_workspace_2025/nav_ws/install/px4_msgs/share/px4_msgs/msg/ActuatorControlsStatus.msg\n'}
[9.716764] (px4_msgs) StdoutLine: {'line': b'-- Up-to-date: /home/em/ros_workspace_2025/nav_ws/install/px4_msgs/share/px4_msgs/msg/ActuatorMotors.msg\n'}
[9.717170] (px4_msgs) StdoutLine: {'line': b'-- Up-to-date: /home/em/ros_workspace_2025/nav_ws/install/px4_msgs/share/px4_msgs/msg/ActuatorOutputs.msg\n'}
[9.717404] (px4_msgs) StdoutLine: {'line': b'-- Up-to-date: /home/em/ros_workspace_2025/nav_ws/install/px4_msgs/share/px4_msgs/msg/ActuatorServos.msg\n'}
[9.717665] (px4_msgs) StdoutLine: {'line': b'-- Up-to-date: /home/em/ros_workspace_2025/nav_ws/install/px4_msgs/share/px4_msgs/msg/ActuatorServosTrim.msg\n'}
[9.717979] (px4_msgs) StdoutLine: {'line': b'-- Up-to-date: /home/em/ros_workspace_2025/nav_ws/install/px4_msgs/share/px4_msgs/msg/ActuatorTest.msg\n'}
[9.718366] (px4_msgs) StdoutLine: {'line': b'-- Up-to-date: /home/em/ros_workspace_2025/nav_ws/install/px4_msgs/share/px4_msgs/msg/AdcReport.msg\n'}
[9.718624] (px4_msgs) StdoutLine: {'line': b'-- Up-to-date: /home/em/ros_workspace_2025/nav_ws/install/px4_msgs/share/px4_msgs/msg/Airspeed.msg\n'}
[9.718903] (px4_msgs) StdoutLine: {'line': b'-- Up-to-date: /home/em/ros_workspace_2025/nav_ws/install/px4_msgs/share/px4_msgs/msg/AirspeedValidated.msg\n'}
[9.719237] (px4_msgs) StdoutLine: {'line': b'-- Up-to-date: /home/em/ros_workspace_2025/nav_ws/install/px4_msgs/share/px4_msgs/msg/AirspeedWind.msg\n'}
[9.719649] (px4_msgs) StdoutLine: {'line': b'-- Up-to-date: /home/em/ros_workspace_2025/nav_ws/install/px4_msgs/share/px4_msgs/msg/ArmingCheckReply.msg\n'}
[9.719830] (px4_msgs) StdoutLine: {'line': b'-- Up-to-date: /home/em/ros_workspace_2025/nav_ws/install/px4_msgs/share/px4_msgs/msg/ArmingCheckRequest.msg\n'}
[9.720075] (px4_msgs) StdoutLine: {'line': b'-- Up-to-date: /home/em/ros_workspace_2025/nav_ws/install/px4_msgs/share/px4_msgs/msg/AutotuneAttitudeControlStatus.msg\n'}
[9.720390] (px4_msgs) StdoutLine: {'line': b'-- Up-to-date: /home/em/ros_workspace_2025/nav_ws/install/px4_msgs/share/px4_msgs/msg/BatteryStatus.msg\n'}
[9.720787] (px4_msgs) StdoutLine: {'line': b'-- Up-to-date: /home/em/ros_workspace_2025/nav_ws/install/px4_msgs/share/px4_msgs/msg/Buffer128.msg\n'}
[9.721013] (px4_msgs) StdoutLine: {'line': b'-- Up-to-date: /home/em/ros_workspace_2025/nav_ws/install/px4_msgs/share/px4_msgs/msg/ButtonEvent.msg\n'}
[9.721246] (px4_msgs) StdoutLine: {'line': b'-- Up-to-date: /home/em/ros_workspace_2025/nav_ws/install/px4_msgs/share/px4_msgs/msg/CameraCapture.msg\n'}
[9.721549] (px4_msgs) StdoutLine: {'line': b'-- Up-to-date: /home/em/ros_workspace_2025/nav_ws/install/px4_msgs/share/px4_msgs/msg/CameraStatus.msg\n'}
[9.721973] (px4_msgs) StdoutLine: {'line': b'-- Up-to-date: /home/em/ros_workspace_2025/nav_ws/install/px4_msgs/share/px4_msgs/msg/CameraTrigger.msg\n'}
[9.722169] (px4_msgs) StdoutLine: {'line': b'-- Up-to-date: /home/em/ros_workspace_2025/nav_ws/install/px4_msgs/share/px4_msgs/msg/CanInterfaceStatus.msg\n'}
[9.722486] (px4_msgs) StdoutLine: {'line': b'-- Up-to-date: /home/em/ros_workspace_2025/nav_ws/install/px4_msgs/share/px4_msgs/msg/CellularStatus.msg\n'}
[9.722679] (px4_msgs) StdoutLine: {'line': b'-- Up-to-date: /home/em/ros_workspace_2025/nav_ws/install/px4_msgs/share/px4_msgs/msg/CollisionConstraints.msg\n'}
[9.722944] (px4_msgs) StdoutLine: {'line': b'-- Up-to-date: /home/em/ros_workspace_2025/nav_ws/install/px4_msgs/share/px4_msgs/msg/CollisionReport.msg\n'}
[9.723249] (px4_msgs) StdoutLine: {'line': b'-- Up-to-date: /home/em/ros_workspace_2025/nav_ws/install/px4_msgs/share/px4_msgs/msg/ConfigOverrides.msg\n'}
[9.723397] (px4_msgs) StdoutLine: {'line': b'-- Up-to-date: /home/em/ros_workspace_2025/nav_ws/install/px4_msgs/share/px4_msgs/msg/ControlAllocatorStatus.msg\n'}
[9.723597] (px4_msgs) StdoutLine: {'line': b'-- Up-to-date: /home/em/ros_workspace_2025/nav_ws/install/px4_msgs/share/px4_msgs/msg/Cpuload.msg\n'}
[9.723853] (px4_msgs) StdoutLine: {'line': b'-- Up-to-date: /home/em/ros_workspace_2025/nav_ws/install/px4_msgs/share/px4_msgs/msg/DatamanRequest.msg\n'}
[9.724038] (px4_msgs) StdoutLine: {'line': b'-- Up-to-date: /home/em/ros_workspace_2025/nav_ws/install/px4_msgs/share/px4_msgs/msg/DatamanResponse.msg\n'}
[9.724185] (px4_msgs) StdoutLine: {'line': b'-- Up-to-date: /home/em/ros_workspace_2025/nav_ws/install/px4_msgs/share/px4_msgs/msg/DebugArray.msg\n'}
[9.724419] (px4_msgs) StdoutLine: {'line': b'-- Up-to-date: /home/em/ros_workspace_2025/nav_ws/install/px4_msgs/share/px4_msgs/msg/DebugKeyValue.msg\n'}
[9.724685] (px4_msgs) StdoutLine: {'line': b'-- Up-to-date: /home/em/ros_workspace_2025/nav_ws/install/px4_msgs/share/px4_msgs/msg/DebugValue.msg\n'}
[9.724844] (px4_msgs) StdoutLine: {'line': b'-- Up-to-date: /home/em/ros_workspace_2025/nav_ws/install/px4_msgs/share/px4_msgs/msg/DebugVect.msg\n'}
[9.725006] (px4_msgs) StdoutLine: {'line': b'-- Up-to-date: /home/em/ros_workspace_2025/nav_ws/install/px4_msgs/share/px4_msgs/msg/DifferentialPressure.msg\n'}
[9.725190] (px4_msgs) StdoutLine: {'line': b'-- Up-to-date: /home/em/ros_workspace_2025/nav_ws/install/px4_msgs/share/px4_msgs/msg/DistanceSensor.msg\n'}
[9.725458] (px4_msgs) StdoutLine: {'line': b'-- Up-to-date: /home/em/ros_workspace_2025/nav_ws/install/px4_msgs/share/px4_msgs/msg/DistanceSensorModeChangeRequest.msg\n'}
[9.725624] (px4_msgs) StdoutLine: {'line': b'-- Up-to-date: /home/em/ros_workspace_2025/nav_ws/install/px4_msgs/share/px4_msgs/msg/Ekf2Timestamps.msg\n'}
[9.725787] (px4_msgs) StdoutLine: {'line': b'-- Up-to-date: /home/em/ros_workspace_2025/nav_ws/install/px4_msgs/share/px4_msgs/msg/EscReport.msg\n'}
[9.725968] (px4_msgs) StdoutLine: {'line': b'-- Up-to-date: /home/em/ros_workspace_2025/nav_ws/install/px4_msgs/share/px4_msgs/msg/EscStatus.msg\n'}
[9.726238] (px4_msgs) StdoutLine: {'line': b'-- Up-to-date: /home/em/ros_workspace_2025/nav_ws/install/px4_msgs/share/px4_msgs/msg/EstimatorAidSource1d.msg\n'}
[9.726389] (px4_msgs) StdoutLine: {'line': b'-- Up-to-date: /home/em/ros_workspace_2025/nav_ws/install/px4_msgs/share/px4_msgs/msg/EstimatorAidSource2d.msg\n'}
[9.726556] (px4_msgs) StdoutLine: {'line': b'-- Up-to-date: /home/em/ros_workspace_2025/nav_ws/install/px4_msgs/share/px4_msgs/msg/EstimatorAidSource3d.msg\n'}
[9.726761] (px4_msgs) StdoutLine: {'line': b'-- Up-to-date: /home/em/ros_workspace_2025/nav_ws/install/px4_msgs/share/px4_msgs/msg/EstimatorBias.msg\n'}
[9.726995] (px4_msgs) StdoutLine: {'line': b'-- Up-to-date: /home/em/ros_workspace_2025/nav_ws/install/px4_msgs/share/px4_msgs/msg/EstimatorBias3d.msg\n'}
[9.727291] (px4_msgs) StdoutLine: {'line': b'-- Up-to-date: /home/em/ros_workspace_2025/nav_ws/install/px4_msgs/share/px4_msgs/msg/EstimatorEventFlags.msg\n'}
[9.727402] (px4_msgs) StdoutLine: {'line': b'-- Up-to-date: /home/em/ros_workspace_2025/nav_ws/install/px4_msgs/share/px4_msgs/msg/EstimatorGpsStatus.msg\n'}
[9.727762] (px4_msgs) StdoutLine: {'line': b'-- Up-to-date: /home/em/ros_workspace_2025/nav_ws/install/px4_msgs/share/px4_msgs/msg/EstimatorInnovations.msg\n'}
[9.728021] (px4_msgs) StdoutLine: {'line': b'-- Up-to-date: /home/em/ros_workspace_2025/nav_ws/install/px4_msgs/share/px4_msgs/msg/EstimatorSelectorStatus.msg\n'}
[9.728196] (px4_msgs) StdoutLine: {'line': b'-- Up-to-date: /home/em/ros_workspace_2025/nav_ws/install/px4_msgs/share/px4_msgs/msg/EstimatorSensorBias.msg\n'}
[9.728384] (px4_msgs) StdoutLine: {'line': b'-- Up-to-date: /home/em/ros_workspace_2025/nav_ws/install/px4_msgs/share/px4_msgs/msg/EstimatorStates.msg\n'}
[9.728637] (px4_msgs) StdoutLine: {'line': b'-- Up-to-date: /home/em/ros_workspace_2025/nav_ws/install/px4_msgs/share/px4_msgs/msg/EstimatorStatus.msg\n'}
[9.729213] (px4_msgs) StdoutLine: {'line': b'-- Up-to-date: /home/em/ros_workspace_2025/nav_ws/install/px4_msgs/share/px4_msgs/msg/EstimatorStatusFlags.msg\n'}
[9.729499] (px4_msgs) StdoutLine: {'line': b'-- Up-to-date: /home/em/ros_workspace_2025/nav_ws/install/px4_msgs/share/px4_msgs/msg/Event.msg\n'}
[9.729788] (px4_msgs) StdoutLine: {'line': b'-- Up-to-date: /home/em/ros_workspace_2025/nav_ws/install/px4_msgs/share/px4_msgs/msg/FailsafeFlags.msg\n'}
[9.730082] (px4_msgs) StdoutLine: {'line': b'-- Up-to-date: /home/em/ros_workspace_2025/nav_ws/install/px4_msgs/share/px4_msgs/msg/FailureDetectorStatus.msg\n'}
[9.730509] (px4_msgs) StdoutLine: {'line': b'-- Up-to-date: /home/em/ros_workspace_2025/nav_ws/install/px4_msgs/share/px4_msgs/msg/FigureEightStatus.msg\n'}
[9.730692] (px4_msgs) StdoutLine: {'line': b'-- Up-to-date: /home/em/ros_workspace_2025/nav_ws/install/px4_msgs/share/px4_msgs/msg/FlightPhaseEstimation.msg\n'}
[9.730876] (px4_msgs) StdoutLine: {'line': b'-- Up-to-date: /home/em/ros_workspace_2025/nav_ws/install/px4_msgs/share/px4_msgs/msg/FollowTarget.msg\n'}
[9.731095] (px4_msgs) StdoutLine: {'line': b'-- Up-to-date: /home/em/ros_workspace_2025/nav_ws/install/px4_msgs/share/px4_msgs/msg/FollowTargetEstimator.msg\n'}
[9.731398] (px4_msgs) StdoutLine: {'line': b'-- Up-to-date: /home/em/ros_workspace_2025/nav_ws/install/px4_msgs/share/px4_msgs/msg/FollowTargetStatus.msg\n'}
[9.731567] (px4_msgs) StdoutLine: {'line': b'-- Up-to-date: /home/em/ros_workspace_2025/nav_ws/install/px4_msgs/share/px4_msgs/msg/FuelTankStatus.msg\n'}
[9.731740] (px4_msgs) StdoutLine: {'line': b'-- Up-to-date: /home/em/ros_workspace_2025/nav_ws/install/px4_msgs/share/px4_msgs/msg/GeneratorStatus.msg\n'}
[9.731922] (px4_msgs) StdoutLine: {'line': b'-- Up-to-date: /home/em/ros_workspace_2025/nav_ws/install/px4_msgs/share/px4_msgs/msg/GeofenceResult.msg\n'}
[9.732186] (px4_msgs) StdoutLine: {'line': b'-- Up-to-date: /home/em/ros_workspace_2025/nav_ws/install/px4_msgs/share/px4_msgs/msg/GeofenceStatus.msg\n'}
[9.732361] (px4_msgs) StdoutLine: {'line': b'-- Up-to-date: /home/em/ros_workspace_2025/nav_ws/install/px4_msgs/share/px4_msgs/msg/GimbalControls.msg\n'}
[9.732581] (px4_msgs) StdoutLine: {'line': b'-- Up-to-date: /home/em/ros_workspace_2025/nav_ws/install/px4_msgs/share/px4_msgs/msg/GimbalDeviceAttitudeStatus.msg\n'}
[9.732784] (px4_msgs) StdoutLine: {'line': b'-- Up-to-date: /home/em/ros_workspace_2025/nav_ws/install/px4_msgs/share/px4_msgs/msg/GimbalDeviceInformation.msg\n'}
[9.733060] (px4_msgs) StdoutLine: {'line': b'-- Up-to-date: /home/em/ros_workspace_2025/nav_ws/install/px4_msgs/share/px4_msgs/msg/GimbalDeviceSetAttitude.msg\n'}
[9.733363] (px4_msgs) StdoutLine: {'line': b'-- Up-to-date: /home/em/ros_workspace_2025/nav_ws/install/px4_msgs/share/px4_msgs/msg/GimbalManagerInformation.msg\n'}
[9.733413] (px4_msgs) StdoutLine: {'line': b'-- Up-to-date: /home/em/ros_workspace_2025/nav_ws/install/px4_msgs/share/px4_msgs/msg/GimbalManagerSetAttitude.msg\n'}
[9.733693] (px4_msgs) StdoutLine: {'line': b'-- Up-to-date: /home/em/ros_workspace_2025/nav_ws/install/px4_msgs/share/px4_msgs/msg/GimbalManagerSetManualControl.msg\n'}
[9.733943] (px4_msgs) StdoutLine: {'line': b'-- Up-to-date: /home/em/ros_workspace_2025/nav_ws/install/px4_msgs/share/px4_msgs/msg/GimbalManagerStatus.msg\n'}
[9.734125] (px4_msgs) StdoutLine: {'line': b'-- Up-to-date: /home/em/ros_workspace_2025/nav_ws/install/px4_msgs/share/px4_msgs/msg/GotoSetpoint.msg\n'}
[9.734265] (px4_msgs) StdoutLine: {'line': b'-- Up-to-date: /home/em/ros_workspace_2025/nav_ws/install/px4_msgs/share/px4_msgs/msg/GpioConfig.msg\n'}
[9.734468] (px4_msgs) StdoutLine: {'line': b'-- Up-to-date: /home/em/ros_workspace_2025/nav_ws/install/px4_msgs/share/px4_msgs/msg/GpioIn.msg\n'}
[9.734748] (px4_msgs) StdoutLine: {'line': b'-- Up-to-date: /home/em/ros_workspace_2025/nav_ws/install/px4_msgs/share/px4_msgs/msg/GpioOut.msg\n'}
[9.734889] (px4_msgs) StdoutLine: {'line': b'-- Up-to-date: /home/em/ros_workspace_2025/nav_ws/install/px4_msgs/share/px4_msgs/msg/GpioRequest.msg\n'}
[9.735071] (px4_msgs) StdoutLine: {'line': b'-- Up-to-date: /home/em/ros_workspace_2025/nav_ws/install/px4_msgs/share/px4_msgs/msg/GpsDump.msg\n'}
[9.735235] (px4_msgs) StdoutLine: {'line': b'-- Up-to-date: /home/em/ros_workspace_2025/nav_ws/install/px4_msgs/share/px4_msgs/msg/GpsInjectData.msg\n'}
[9.735536] (px4_msgs) StdoutLine: {'line': b'-- Up-to-date: /home/em/ros_workspace_2025/nav_ws/install/px4_msgs/share/px4_msgs/msg/Gripper.msg\n'}
[9.735692] (px4_msgs) StdoutLine: {'line': b'-- Up-to-date: /home/em/ros_workspace_2025/nav_ws/install/px4_msgs/share/px4_msgs/msg/HealthReport.msg\n'}
[9.735854] (px4_msgs) StdoutLine: {'line': b'-- Up-to-date: /home/em/ros_workspace_2025/nav_ws/install/px4_msgs/share/px4_msgs/msg/HeaterStatus.msg\n'}
[9.736017] (-) TimerEvent: {}
[9.736082] (px4_msgs) StdoutLine: {'line': b'-- Up-to-date: /home/em/ros_workspace_2025/nav_ws/install/px4_msgs/share/px4_msgs/msg/HomePosition.msg\n'}
[9.736334] (px4_msgs) StdoutLine: {'line': b'-- Up-to-date: /home/em/ros_workspace_2025/nav_ws/install/px4_msgs/share/px4_msgs/msg/HoverThrustEstimate.msg\n'}
[9.736494] (px4_msgs) StdoutLine: {'line': b'-- Up-to-date: /home/em/ros_workspace_2025/nav_ws/install/px4_msgs/share/px4_msgs/msg/InputRc.msg\n'}
[9.736694] (px4_msgs) StdoutLine: {'line': b'-- Up-to-date: /home/em/ros_workspace_2025/nav_ws/install/px4_msgs/share/px4_msgs/msg/InternalCombustionEngineStatus.msg\n'}
[9.736896] (px4_msgs) StdoutLine: {'line': b'-- Up-to-date: /home/em/ros_workspace_2025/nav_ws/install/px4_msgs/share/px4_msgs/msg/IridiumsbdStatus.msg\n'}
[9.737162] (px4_msgs) StdoutLine: {'line': b'-- Up-to-date: /home/em/ros_workspace_2025/nav_ws/install/px4_msgs/share/px4_msgs/msg/IrlockReport.msg\n'}
[9.737425] (px4_msgs) StdoutLine: {'line': b'-- Up-to-date: /home/em/ros_workspace_2025/nav_ws/install/px4_msgs/share/px4_msgs/msg/LandingGear.msg\n'}
[9.737505] (px4_msgs) StdoutLine: {'line': b'-- Up-to-date: /home/em/ros_workspace_2025/nav_ws/install/px4_msgs/share/px4_msgs/msg/LandingGearWheel.msg\n'}
[9.737796] (px4_msgs) StdoutLine: {'line': b'-- Up-to-date: /home/em/ros_workspace_2025/nav_ws/install/px4_msgs/share/px4_msgs/msg/LandingTargetInnovations.msg\n'}
[9.738073] (px4_msgs) StdoutLine: {'line': b'-- Up-to-date: /home/em/ros_workspace_2025/nav_ws/install/px4_msgs/share/px4_msgs/msg/LandingTargetPose.msg\n'}
[9.738227] (px4_msgs) StdoutLine: {'line': b'-- Up-to-date: /home/em/ros_workspace_2025/nav_ws/install/px4_msgs/share/px4_msgs/msg/LaunchDetectionStatus.msg\n'}
[9.738407] (px4_msgs) StdoutLine: {'line': b'-- Up-to-date: /home/em/ros_workspace_2025/nav_ws/install/px4_msgs/share/px4_msgs/msg/LedControl.msg\n'}
[9.738603] (px4_msgs) StdoutLine: {'line': b'-- Up-to-date: /home/em/ros_workspace_2025/nav_ws/install/px4_msgs/share/px4_msgs/msg/LogMessage.msg\n'}
[9.738867] (px4_msgs) StdoutLine: {'line': b'-- Up-to-date: /home/em/ros_workspace_2025/nav_ws/install/px4_msgs/share/px4_msgs/msg/LoggerStatus.msg\n'}
[9.739030] (px4_msgs) StdoutLine: {'line': b'-- Up-to-date: /home/em/ros_workspace_2025/nav_ws/install/px4_msgs/share/px4_msgs/msg/MagWorkerData.msg\n'}
[9.739195] (px4_msgs) StdoutLine: {'line': b'-- Up-to-date: /home/em/ros_workspace_2025/nav_ws/install/px4_msgs/share/px4_msgs/msg/MagnetometerBiasEstimate.msg\n'}
[9.739431] (px4_msgs) StdoutLine: {'line': b'-- Up-to-date: /home/em/ros_workspace_2025/nav_ws/install/px4_msgs/share/px4_msgs/msg/ManualControlSetpoint.msg\n'}
[9.739687] (px4_msgs) StdoutLine: {'line': b'-- Up-to-date: /home/em/ros_workspace_2025/nav_ws/install/px4_msgs/share/px4_msgs/msg/ManualControlSwitches.msg\n'}
[9.739847] (px4_msgs) StdoutLine: {'line': b'-- Up-to-date: /home/em/ros_workspace_2025/nav_ws/install/px4_msgs/share/px4_msgs/msg/MavlinkLog.msg\n'}
[9.740013] (px4_msgs) StdoutLine: {'line': b'-- Up-to-date: /home/em/ros_workspace_2025/nav_ws/install/px4_msgs/share/px4_msgs/msg/MavlinkTunnel.msg\n'}
[9.740246] (px4_msgs) StdoutLine: {'line': b'-- Up-to-date: /home/em/ros_workspace_2025/nav_ws/install/px4_msgs/share/px4_msgs/msg/MessageFormatRequest.msg\n'}
[9.740547] (px4_msgs) StdoutLine: {'line': b'-- Up-to-date: /home/em/ros_workspace_2025/nav_ws/install/px4_msgs/share/px4_msgs/msg/MessageFormatResponse.msg\n'}
[9.740702] (px4_msgs) StdoutLine: {'line': b'-- Up-to-date: /home/em/ros_workspace_2025/nav_ws/install/px4_msgs/share/px4_msgs/msg/Mission.msg\n'}
[9.740872] (px4_msgs) StdoutLine: {'line': b'-- Up-to-date: /home/em/ros_workspace_2025/nav_ws/install/px4_msgs/share/px4_msgs/msg/MissionResult.msg\n'}
[9.741058] (px4_msgs) StdoutLine: {'line': b'-- Up-to-date: /home/em/ros_workspace_2025/nav_ws/install/px4_msgs/share/px4_msgs/msg/ModeCompleted.msg\n'}
[9.741300] (px4_msgs) StdoutLine: {'line': b'-- Up-to-date: /home/em/ros_workspace_2025/nav_ws/install/px4_msgs/share/px4_msgs/msg/MountOrientation.msg\n'}
[9.741508] (px4_msgs) StdoutLine: {'line': b'-- Up-to-date: /home/em/ros_workspace_2025/nav_ws/install/px4_msgs/share/px4_msgs/msg/NavigatorMissionItem.msg\n'}
[9.741689] (px4_msgs) StdoutLine: {'line': b'-- Up-to-date: /home/em/ros_workspace_2025/nav_ws/install/px4_msgs/share/px4_msgs/msg/NavigatorStatus.msg\n'}
[9.741873] (px4_msgs) StdoutLine: {'line': b'-- Up-to-date: /home/em/ros_workspace_2025/nav_ws/install/px4_msgs/share/px4_msgs/msg/NormalizedUnsignedSetpoint.msg\n'}
[9.742154] (px4_msgs) StdoutLine: {'line': b'-- Up-to-date: /home/em/ros_workspace_2025/nav_ws/install/px4_msgs/share/px4_msgs/msg/NpfgStatus.msg\n'}
[9.742440] (px4_msgs) StdoutLine: {'line': b'-- Up-to-date: /home/em/ros_workspace_2025/nav_ws/install/px4_msgs/share/px4_msgs/msg/ObstacleDistance.msg\n'}
[9.742524] (px4_msgs) StdoutLine: {'line': b'-- Up-to-date: /home/em/ros_workspace_2025/nav_ws/install/px4_msgs/share/px4_msgs/msg/OffboardControlMode.msg\n'}
[9.742845] (px4_msgs) StdoutLine: {'line': b'-- Up-to-date: /home/em/ros_workspace_2025/nav_ws/install/px4_msgs/share/px4_msgs/msg/OnboardComputerStatus.msg\n'}
[9.743173] (px4_msgs) StdoutLine: {'line': b'-- Up-to-date: /home/em/ros_workspace_2025/nav_ws/install/px4_msgs/share/px4_msgs/msg/OpenDroneIdArmStatus.msg\n'}
[9.743473] (px4_msgs) StdoutLine: {'line': b'-- Up-to-date: /home/em/ros_workspace_2025/nav_ws/install/px4_msgs/share/px4_msgs/msg/OpenDroneIdOperatorId.msg\n'}
[9.743714] (px4_msgs) StdoutLine: {'line': b'-- Up-to-date: /home/em/ros_workspace_2025/nav_ws/install/px4_msgs/share/px4_msgs/msg/OpenDroneIdSelfId.msg\n'}
[9.743941] (px4_msgs) StdoutLine: {'line': b'-- Up-to-date: /home/em/ros_workspace_2025/nav_ws/install/px4_msgs/share/px4_msgs/msg/OpenDroneIdSystem.msg\n'}
[9.744299] (px4_msgs) StdoutLine: {'line': b'-- Up-to-date: /home/em/ros_workspace_2025/nav_ws/install/px4_msgs/share/px4_msgs/msg/OrbTest.msg\n'}
[9.744505] (px4_msgs) StdoutLine: {'line': b'-- Up-to-date: /home/em/ros_workspace_2025/nav_ws/install/px4_msgs/share/px4_msgs/msg/OrbTestLarge.msg\n'}
[9.744712] (px4_msgs) StdoutLine: {'line': b'-- Up-to-date: /home/em/ros_workspace_2025/nav_ws/install/px4_msgs/share/px4_msgs/msg/OrbTestMedium.msg\n'}
[9.745065] (px4_msgs) StdoutLine: {'line': b'-- Up-to-date: /home/em/ros_workspace_2025/nav_ws/install/px4_msgs/share/px4_msgs/msg/OrbitStatus.msg\n'}
[9.745266] (px4_msgs) StdoutLine: {'line': b'-- Up-to-date: /home/em/ros_workspace_2025/nav_ws/install/px4_msgs/share/px4_msgs/msg/ParameterResetRequest.msg\n'}
[9.745462] (px4_msgs) StdoutLine: {'line': b'-- Up-to-date: /home/em/ros_workspace_2025/nav_ws/install/px4_msgs/share/px4_msgs/msg/ParameterSetUsedRequest.msg\n'}
[9.745675] (px4_msgs) StdoutLine: {'line': b'-- Up-to-date: /home/em/ros_workspace_2025/nav_ws/install/px4_msgs/share/px4_msgs/msg/ParameterSetValueRequest.msg\n'}
[9.745925] (px4_msgs) StdoutLine: {'line': b'-- Up-to-date: /home/em/ros_workspace_2025/nav_ws/install/px4_msgs/share/px4_msgs/msg/ParameterSetValueResponse.msg\n'}
[9.746263] (px4_msgs) StdoutLine: {'line': b'-- Up-to-date: /home/em/ros_workspace_2025/nav_ws/install/px4_msgs/share/px4_msgs/msg/ParameterUpdate.msg\n'}
[9.746956] (px4_msgs) StdoutLine: {'line': b'-- Up-to-date: /home/em/ros_workspace_2025/nav_ws/install/px4_msgs/share/px4_msgs/msg/Ping.msg\n'}
[9.747130] (px4_msgs) StdoutLine: {'line': b'-- Up-to-date: /home/em/ros_workspace_2025/nav_ws/install/px4_msgs/share/px4_msgs/msg/PositionControllerLandingStatus.msg\n'}
[9.747227] (px4_msgs) StdoutLine: {'line': b'-- Up-to-date: /home/em/ros_workspace_2025/nav_ws/install/px4_msgs/share/px4_msgs/msg/PositionControllerStatus.msg\n'}
[9.747535] (px4_msgs) StdoutLine: {'line': b'-- Up-to-date: /home/em/ros_workspace_2025/nav_ws/install/px4_msgs/share/px4_msgs/msg/PositionSetpoint.msg\n'}
[9.747755] (px4_msgs) StdoutLine: {'line': b'-- Up-to-date: /home/em/ros_workspace_2025/nav_ws/install/px4_msgs/share/px4_msgs/msg/PositionSetpointTriplet.msg\n'}
[9.748638] (px4_msgs) StdoutLine: {'line': b'-- Up-to-date: /home/em/ros_workspace_2025/nav_ws/install/px4_msgs/share/px4_msgs/msg/PowerButtonState.msg\n'}
[9.748692] (px4_msgs) StdoutLine: {'line': b'-- Up-to-date: /home/em/ros_workspace_2025/nav_ws/install/px4_msgs/share/px4_msgs/msg/PowerMonitor.msg\n'}
[9.748727] (px4_msgs) StdoutLine: {'line': b'-- Up-to-date: /home/em/ros_workspace_2025/nav_ws/install/px4_msgs/share/px4_msgs/msg/PpsCapture.msg\n'}
[9.748966] (px4_msgs) StdoutLine: {'line': b'-- Up-to-date: /home/em/ros_workspace_2025/nav_ws/install/px4_msgs/share/px4_msgs/msg/PwmInput.msg\n'}
[9.749082] (px4_msgs) StdoutLine: {'line': b'-- Up-to-date: /home/em/ros_workspace_2025/nav_ws/install/px4_msgs/share/px4_msgs/msg/Px4ioStatus.msg\n'}
[9.749531] (px4_msgs) StdoutLine: {'line': b'-- Up-to-date: /home/em/ros_workspace_2025/nav_ws/install/px4_msgs/share/px4_msgs/msg/QshellReq.msg\n'}
[9.749819] (px4_msgs) StdoutLine: {'line': b'-- Up-to-date: /home/em/ros_workspace_2025/nav_ws/install/px4_msgs/share/px4_msgs/msg/QshellRetval.msg\n'}
[9.749992] (px4_msgs) StdoutLine: {'line': b'-- Up-to-date: /home/em/ros_workspace_2025/nav_ws/install/px4_msgs/share/px4_msgs/msg/RadioStatus.msg\n'}
[9.750224] (px4_msgs) StdoutLine: {'line': b'-- Up-to-date: /home/em/ros_workspace_2025/nav_ws/install/px4_msgs/share/px4_msgs/msg/RateCtrlStatus.msg\n'}
[9.750986] (px4_msgs) StdoutLine: {'line': b'-- Up-to-date: /home/em/ros_workspace_2025/nav_ws/install/px4_msgs/share/px4_msgs/msg/RcChannels.msg\n'}
[9.751130] (px4_msgs) StdoutLine: {'line': b'-- Up-to-date: /home/em/ros_workspace_2025/nav_ws/install/px4_msgs/share/px4_msgs/msg/RcParameterMap.msg\n'}
[9.751243] (px4_msgs) StdoutLine: {'line': b'-- Up-to-date: /home/em/ros_workspace_2025/nav_ws/install/px4_msgs/share/px4_msgs/msg/RegisterExtComponentReply.msg\n'}
[9.751333] (px4_msgs) StdoutLine: {'line': b'-- Up-to-date: /home/em/ros_workspace_2025/nav_ws/install/px4_msgs/share/px4_msgs/msg/RegisterExtComponentRequest.msg\n'}
[9.751486] (px4_msgs) StdoutLine: {'line': b'-- Up-to-date: /home/em/ros_workspace_2025/nav_ws/install/px4_msgs/share/px4_msgs/msg/RoverAckermannGuidanceStatus.msg\n'}
[9.751867] (px4_msgs) StdoutLine: {'line': b'-- Up-to-date: /home/em/ros_workspace_2025/nav_ws/install/px4_msgs/share/px4_msgs/msg/RoverAckermannSetpoint.msg\n'}
[9.751990] (px4_msgs) StdoutLine: {'line': b'-- Up-to-date: /home/em/ros_workspace_2025/nav_ws/install/px4_msgs/share/px4_msgs/msg/RoverAckermannStatus.msg\n'}
[9.752194] (px4_msgs) StdoutLine: {'line': b'-- Up-to-date: /home/em/ros_workspace_2025/nav_ws/install/px4_msgs/share/px4_msgs/msg/RoverDifferentialGuidanceStatus.msg\n'}
[9.752400] (px4_msgs) StdoutLine: {'line': b'-- Up-to-date: /home/em/ros_workspace_2025/nav_ws/install/px4_msgs/share/px4_msgs/msg/RoverDifferentialSetpoint.msg\n'}
[9.752681] (px4_msgs) StdoutLine: {'line': b'-- Up-to-date: /home/em/ros_workspace_2025/nav_ws/install/px4_msgs/share/px4_msgs/msg/RoverDifferentialStatus.msg\n'}
[9.752866] (px4_msgs) StdoutLine: {'line': b'-- Up-to-date: /home/em/ros_workspace_2025/nav_ws/install/px4_msgs/share/px4_msgs/msg/RoverMecanumGuidanceStatus.msg\n'}
[9.753098] (px4_msgs) StdoutLine: {'line': b'-- Up-to-date: /home/em/ros_workspace_2025/nav_ws/install/px4_msgs/share/px4_msgs/msg/RoverMecanumSetpoint.msg\n'}
[9.753244] (px4_msgs) StdoutLine: {'line': b'-- Up-to-date: /home/em/ros_workspace_2025/nav_ws/install/px4_msgs/share/px4_msgs/msg/RoverMecanumStatus.msg\n'}
[9.753531] (px4_msgs) StdoutLine: {'line': b'-- Up-to-date: /home/em/ros_workspace_2025/nav_ws/install/px4_msgs/share/px4_msgs/msg/Rpm.msg\n'}
[9.753800] (px4_msgs) StdoutLine: {'line': b'-- Up-to-date: /home/em/ros_workspace_2025/nav_ws/install/px4_msgs/share/px4_msgs/msg/RtlStatus.msg\n'}
[9.753873] (px4_msgs) StdoutLine: {'line': b'-- Up-to-date: /home/em/ros_workspace_2025/nav_ws/install/px4_msgs/share/px4_msgs/msg/RtlTimeEstimate.msg\n'}
[9.754163] (px4_msgs) StdoutLine: {'line': b'-- Up-to-date: /home/em/ros_workspace_2025/nav_ws/install/px4_msgs/share/px4_msgs/msg/SatelliteInfo.msg\n'}
[9.754417] (px4_msgs) StdoutLine: {'line': b'-- Up-to-date: /home/em/ros_workspace_2025/nav_ws/install/px4_msgs/share/px4_msgs/msg/SensorAccel.msg\n'}
[9.754592] (px4_msgs) StdoutLine: {'line': b'-- Up-to-date: /home/em/ros_workspace_2025/nav_ws/install/px4_msgs/share/px4_msgs/msg/SensorAccelFifo.msg\n'}
[9.754763] (px4_msgs) StdoutLine: {'line': b'-- Up-to-date: /home/em/ros_workspace_2025/nav_ws/install/px4_msgs/share/px4_msgs/msg/SensorAirflow.msg\n'}
[9.754940] (px4_msgs) StdoutLine: {'line': b'-- Up-to-date: /home/em/ros_workspace_2025/nav_ws/install/px4_msgs/share/px4_msgs/msg/SensorBaro.msg\n'}
[9.755195] (px4_msgs) StdoutLine: {'line': b'-- Up-to-date: /home/em/ros_workspace_2025/nav_ws/install/px4_msgs/share/px4_msgs/msg/SensorCombined.msg\n'}
[9.755438] (px4_msgs) StdoutLine: {'line': b'-- Up-to-date: /home/em/ros_workspace_2025/nav_ws/install/px4_msgs/share/px4_msgs/msg/SensorCorrection.msg\n'}
[9.755655] (px4_msgs) StdoutLine: {'line': b'-- Up-to-date: /home/em/ros_workspace_2025/nav_ws/install/px4_msgs/share/px4_msgs/msg/SensorGnssRelative.msg\n'}
[9.755760] (px4_msgs) StdoutLine: {'line': b'-- Up-to-date: /home/em/ros_workspace_2025/nav_ws/install/px4_msgs/share/px4_msgs/msg/SensorGps.msg\n'}
[9.756038] (px4_msgs) StdoutLine: {'line': b'-- Up-to-date: /home/em/ros_workspace_2025/nav_ws/install/px4_msgs/share/px4_msgs/msg/SensorGyro.msg\n'}
[9.756205] (px4_msgs) StdoutLine: {'line': b'-- Up-to-date: /home/em/ros_workspace_2025/nav_ws/install/px4_msgs/share/px4_msgs/msg/SensorGyroFft.msg\n'}
[9.756415] (px4_msgs) StdoutLine: {'line': b'-- Up-to-date: /home/em/ros_workspace_2025/nav_ws/install/px4_msgs/share/px4_msgs/msg/SensorGyroFifo.msg\n'}
[9.756568] (px4_msgs) StdoutLine: {'line': b'-- Up-to-date: /home/em/ros_workspace_2025/nav_ws/install/px4_msgs/share/px4_msgs/msg/SensorHygrometer.msg\n'}
[9.756828] (px4_msgs) StdoutLine: {'line': b'-- Up-to-date: /home/em/ros_workspace_2025/nav_ws/install/px4_msgs/share/px4_msgs/msg/SensorMag.msg\n'}
[9.757000] (px4_msgs) StdoutLine: {'line': b'-- Up-to-date: /home/em/ros_workspace_2025/nav_ws/install/px4_msgs/share/px4_msgs/msg/SensorOpticalFlow.msg\n'}
[9.757191] (px4_msgs) StdoutLine: {'line': b'-- Up-to-date: /home/em/ros_workspace_2025/nav_ws/install/px4_msgs/share/px4_msgs/msg/SensorPreflightMag.msg\n'}
[9.757406] (px4_msgs) StdoutLine: {'line': b'-- Up-to-date: /home/em/ros_workspace_2025/nav_ws/install/px4_msgs/share/px4_msgs/msg/SensorSelection.msg\n'}
[9.757718] (px4_msgs) StdoutLine: {'line': b'-- Up-to-date: /home/em/ros_workspace_2025/nav_ws/install/px4_msgs/share/px4_msgs/msg/SensorUwb.msg\n'}
[9.757884] (px4_msgs) StdoutLine: {'line': b'-- Up-to-date: /home/em/ros_workspace_2025/nav_ws/install/px4_msgs/share/px4_msgs/msg/SensorsStatus.msg\n'}
[9.758073] (px4_msgs) StdoutLine: {'line': b'-- Up-to-date: /home/em/ros_workspace_2025/nav_ws/install/px4_msgs/share/px4_msgs/msg/SensorsStatusImu.msg\n'}
[9.758238] (px4_msgs) StdoutLine: {'line': b'-- Up-to-date: /home/em/ros_workspace_2025/nav_ws/install/px4_msgs/share/px4_msgs/msg/SystemPower.msg\n'}
[9.758531] (px4_msgs) StdoutLine: {'line': b'-- Up-to-date: /home/em/ros_workspace_2025/nav_ws/install/px4_msgs/share/px4_msgs/msg/TakeoffStatus.msg\n'}
[9.758800] (px4_msgs) StdoutLine: {'line': b'-- Up-to-date: /home/em/ros_workspace_2025/nav_ws/install/px4_msgs/share/px4_msgs/msg/TaskStackInfo.msg\n'}
[9.758887] (px4_msgs) StdoutLine: {'line': b'-- Up-to-date: /home/em/ros_workspace_2025/nav_ws/install/px4_msgs/share/px4_msgs/msg/TecsStatus.msg\n'}
[9.759144] (px4_msgs) StdoutLine: {'line': b'-- Up-to-date: /home/em/ros_workspace_2025/nav_ws/install/px4_msgs/share/px4_msgs/msg/TelemetryStatus.msg\n'}
[9.759413] (px4_msgs) StdoutLine: {'line': b'-- Up-to-date: /home/em/ros_workspace_2025/nav_ws/install/px4_msgs/share/px4_msgs/msg/TiltrotorExtraControls.msg\n'}
[9.759630] (px4_msgs) StdoutLine: {'line': b'-- Up-to-date: /home/em/ros_workspace_2025/nav_ws/install/px4_msgs/share/px4_msgs/msg/TimesyncStatus.msg\n'}
[9.759826] (px4_msgs) StdoutLine: {'line': b'-- Up-to-date: /home/em/ros_workspace_2025/nav_ws/install/px4_msgs/share/px4_msgs/msg/TrajectoryBezier.msg\n'}
[9.760011] (px4_msgs) StdoutLine: {'line': b'-- Up-to-date: /home/em/ros_workspace_2025/nav_ws/install/px4_msgs/share/px4_msgs/msg/TrajectorySetpoint.msg\n'}
[9.760221] (px4_msgs) StdoutLine: {'line': b'-- Up-to-date: /home/em/ros_workspace_2025/nav_ws/install/px4_msgs/share/px4_msgs/msg/TrajectoryWaypoint.msg\n'}
[9.760439] (px4_msgs) StdoutLine: {'line': b'-- Up-to-date: /home/em/ros_workspace_2025/nav_ws/install/px4_msgs/share/px4_msgs/msg/TransponderReport.msg\n'}
[9.760614] (px4_msgs) StdoutLine: {'line': b'-- Up-to-date: /home/em/ros_workspace_2025/nav_ws/install/px4_msgs/share/px4_msgs/msg/TuneControl.msg\n'}
[9.760817] (px4_msgs) StdoutLine: {'line': b'-- Up-to-date: /home/em/ros_workspace_2025/nav_ws/install/px4_msgs/share/px4_msgs/msg/UavcanParameterRequest.msg\n'}
[9.761081] (px4_msgs) StdoutLine: {'line': b'-- Up-to-date: /home/em/ros_workspace_2025/nav_ws/install/px4_msgs/share/px4_msgs/msg/UavcanParameterValue.msg\n'}
[9.761252] (px4_msgs) StdoutLine: {'line': b'-- Up-to-date: /home/em/ros_workspace_2025/nav_ws/install/px4_msgs/share/px4_msgs/msg/UlogStream.msg\n'}
[9.761431] (px4_msgs) StdoutLine: {'line': b'-- Up-to-date: /home/em/ros_workspace_2025/nav_ws/install/px4_msgs/share/px4_msgs/msg/UlogStreamAck.msg\n'}
[9.761622] (px4_msgs) StdoutLine: {'line': b'-- Up-to-date: /home/em/ros_workspace_2025/nav_ws/install/px4_msgs/share/px4_msgs/msg/UnregisterExtComponent.msg\n'}
[9.761907] (px4_msgs) StdoutLine: {'line': b'-- Up-to-date: /home/em/ros_workspace_2025/nav_ws/install/px4_msgs/share/px4_msgs/msg/VehicleAcceleration.msg\n'}
[9.762069] (px4_msgs) StdoutLine: {'line': b'-- Up-to-date: /home/em/ros_workspace_2025/nav_ws/install/px4_msgs/share/px4_msgs/msg/VehicleAirData.msg\n'}
[9.762243] (px4_msgs) StdoutLine: {'line': b'-- Up-to-date: /home/em/ros_workspace_2025/nav_ws/install/px4_msgs/share/px4_msgs/msg/VehicleAngularAccelerationSetpoint.msg\n'}
[9.762436] (px4_msgs) StdoutLine: {'line': b'-- Up-to-date: /home/em/ros_workspace_2025/nav_ws/install/px4_msgs/share/px4_msgs/msg/VehicleAngularVelocity.msg\n'}
[9.762713] (px4_msgs) StdoutLine: {'line': b'-- Up-to-date: /home/em/ros_workspace_2025/nav_ws/install/px4_msgs/share/px4_msgs/msg/VehicleAttitude.msg\n'}
[9.762970] (px4_msgs) StdoutLine: {'line': b'-- Up-to-date: /home/em/ros_workspace_2025/nav_ws/install/px4_msgs/share/px4_msgs/msg/VehicleAttitudeSetpoint.msg\n'}
[9.763042] (px4_msgs) StdoutLine: {'line': b'-- Up-to-date: /home/em/ros_workspace_2025/nav_ws/install/px4_msgs/share/px4_msgs/msg/VehicleCommand.msg\n'}
[9.763319] (px4_msgs) StdoutLine: {'line': b'-- Up-to-date: /home/em/ros_workspace_2025/nav_ws/install/px4_msgs/share/px4_msgs/msg/VehicleCommandAck.msg\n'}
[9.763621] (px4_msgs) StdoutLine: {'line': b'-- Up-to-date: /home/em/ros_workspace_2025/nav_ws/install/px4_msgs/share/px4_msgs/msg/VehicleConstraints.msg\n'}
[9.763787] (px4_msgs) StdoutLine: {'line': b'-- Up-to-date: /home/em/ros_workspace_2025/nav_ws/install/px4_msgs/share/px4_msgs/msg/VehicleControlMode.msg\n'}
[9.763985] (px4_msgs) StdoutLine: {'line': b'-- Up-to-date: /home/em/ros_workspace_2025/nav_ws/install/px4_msgs/share/px4_msgs/msg/VehicleGlobalPosition.msg\n'}
[9.764147] (px4_msgs) StdoutLine: {'line': b'-- Up-to-date: /home/em/ros_workspace_2025/nav_ws/install/px4_msgs/share/px4_msgs/msg/VehicleImu.msg\n'}
[9.764422] (px4_msgs) StdoutLine: {'line': b'-- Up-to-date: /home/em/ros_workspace_2025/nav_ws/install/px4_msgs/share/px4_msgs/msg/VehicleImuStatus.msg\n'}
[9.764595] (px4_msgs) StdoutLine: {'line': b'-- Up-to-date: /home/em/ros_workspace_2025/nav_ws/install/px4_msgs/share/px4_msgs/msg/VehicleLandDetected.msg\n'}
[9.764767] (px4_msgs) StdoutLine: {'line': b'-- Up-to-date: /home/em/ros_workspace_2025/nav_ws/install/px4_msgs/share/px4_msgs/msg/VehicleLocalPosition.msg\n'}
[9.765021] (px4_msgs) StdoutLine: {'line': b'-- Up-to-date: /home/em/ros_workspace_2025/nav_ws/install/px4_msgs/share/px4_msgs/msg/VehicleLocalPositionSetpoint.msg\n'}
[9.765290] (px4_msgs) StdoutLine: {'line': b'-- Up-to-date: /home/em/ros_workspace_2025/nav_ws/install/px4_msgs/share/px4_msgs/msg/VehicleMagnetometer.msg\n'}
[9.765460] (px4_msgs) StdoutLine: {'line': b'-- Up-to-date: /home/em/ros_workspace_2025/nav_ws/install/px4_msgs/share/px4_msgs/msg/VehicleOdometry.msg\n'}
[9.765632] (px4_msgs) StdoutLine: {'line': b'-- Up-to-date: /home/em/ros_workspace_2025/nav_ws/install/px4_msgs/share/px4_msgs/msg/VehicleOpticalFlow.msg\n'}
[9.765818] (px4_msgs) StdoutLine: {'line': b'-- Up-to-date: /home/em/ros_workspace_2025/nav_ws/install/px4_msgs/share/px4_msgs/msg/VehicleOpticalFlowVel.msg\n'}
[9.766104] (px4_msgs) StdoutLine: {'line': b'-- Up-to-date: /home/em/ros_workspace_2025/nav_ws/install/px4_msgs/share/px4_msgs/msg/VehicleRatesSetpoint.msg\n'}
[9.766251] (px4_msgs) StdoutLine: {'line': b'-- Up-to-date: /home/em/ros_workspace_2025/nav_ws/install/px4_msgs/share/px4_msgs/msg/VehicleRoi.msg\n'}
[9.766425] (px4_msgs) StdoutLine: {'line': b'-- Up-to-date: /home/em/ros_workspace_2025/nav_ws/install/px4_msgs/share/px4_msgs/msg/VehicleStatus.msg\n'}
[9.766614] (px4_msgs) StdoutLine: {'line': b'-- Up-to-date: /home/em/ros_workspace_2025/nav_ws/install/px4_msgs/share/px4_msgs/msg/VehicleThrustSetpoint.msg\n'}
[9.766871] (px4_msgs) StdoutLine: {'line': b'-- Up-to-date: /home/em/ros_workspace_2025/nav_ws/install/px4_msgs/share/px4_msgs/msg/VehicleTorqueSetpoint.msg\n'}
[9.767046] (px4_msgs) StdoutLine: {'line': b'-- Up-to-date: /home/em/ros_workspace_2025/nav_ws/install/px4_msgs/share/px4_msgs/msg/VehicleTrajectoryBezier.msg\n'}
[9.767214] (px4_msgs) StdoutLine: {'line': b'-- Up-to-date: /home/em/ros_workspace_2025/nav_ws/install/px4_msgs/share/px4_msgs/msg/VehicleTrajectoryWaypoint.msg\n'}
[9.767410] (px4_msgs) StdoutLine: {'line': b'-- Up-to-date: /home/em/ros_workspace_2025/nav_ws/install/px4_msgs/share/px4_msgs/msg/VelocityLimits.msg\n'}
[9.767761] (px4_msgs) StdoutLine: {'line': b'-- Up-to-date: /home/em/ros_workspace_2025/nav_ws/install/px4_msgs/share/px4_msgs/msg/VtolVehicleStatus.msg\n'}
[9.768145] (px4_msgs) StdoutLine: {'line': b'-- Up-to-date: /home/em/ros_workspace_2025/nav_ws/install/px4_msgs/share/px4_msgs/msg/WheelEncoders.msg\n'}
[9.768219] (px4_msgs) StdoutLine: {'line': b'-- Up-to-date: /home/em/ros_workspace_2025/nav_ws/install/px4_msgs/share/px4_msgs/msg/Wind.msg\n'}
[9.768554] (px4_msgs) StdoutLine: {'line': b'-- Up-to-date: /home/em/ros_workspace_2025/nav_ws/install/px4_msgs/share/px4_msgs/msg/YawEstimatorStatus.msg\n'}
[9.768816] (px4_msgs) StdoutLine: {'line': b'-- Up-to-date: /home/em/ros_workspace_2025/nav_ws/install/px4_msgs/share/px4_msgs/srv/VehicleCommand.srv\n'}
[9.768986] (px4_msgs) StdoutLine: {'line': b'-- Up-to-date: /home/em/ros_workspace_2025/nav_ws/install/px4_msgs/share/px4_msgs/srv/VehicleCommand_Request.msg\n'}
[9.769159] (px4_msgs) StdoutLine: {'line': b'-- Up-to-date: /home/em/ros_workspace_2025/nav_ws/install/px4_msgs/share/px4_msgs/srv/VehicleCommand_Response.msg\n'}
[9.769379] (px4_msgs) StdoutLine: {'line': b'-- Up-to-date: /home/em/ros_workspace_2025/nav_ws/install/px4_msgs/share/ament_index/resource_index/package_run_dependencies/px4_msgs\n'}
[9.769779] (px4_msgs) StdoutLine: {'line': b'-- Up-to-date: /home/em/ros_workspace_2025/nav_ws/install/px4_msgs/share/ament_index/resource_index/parent_prefix_path/px4_msgs\n'}
[9.770071] (px4_msgs) StdoutLine: {'line': b'-- Up-to-date: /home/em/ros_workspace_2025/nav_ws/install/px4_msgs/share/px4_msgs/environment/ament_prefix_path.sh\n'}
[9.770358] (px4_msgs) StdoutLine: {'line': b'-- Up-to-date: /home/em/ros_workspace_2025/nav_ws/install/px4_msgs/share/px4_msgs/environment/ament_prefix_path.dsv\n'}
[9.770751] (px4_msgs) StdoutLine: {'line': b'-- Up-to-date: /home/em/ros_workspace_2025/nav_ws/install/px4_msgs/share/px4_msgs/environment/path.sh\n'}
[9.771134] (px4_msgs) StdoutLine: {'line': b'-- Up-to-date: /home/em/ros_workspace_2025/nav_ws/install/px4_msgs/share/px4_msgs/environment/path.dsv\n'}
[9.771385] (px4_msgs) StdoutLine: {'line': b'-- Up-to-date: /home/em/ros_workspace_2025/nav_ws/install/px4_msgs/share/px4_msgs/local_setup.bash\n'}
[9.771678] (px4_msgs) StdoutLine: {'line': b'-- Up-to-date: /home/em/ros_workspace_2025/nav_ws/install/px4_msgs/share/px4_msgs/local_setup.sh\n'}
[9.771970] (px4_msgs) StdoutLine: {'line': b'-- Up-to-date: /home/em/ros_workspace_2025/nav_ws/install/px4_msgs/share/px4_msgs/local_setup.zsh\n'}
[9.772392] (px4_msgs) StdoutLine: {'line': b'-- Up-to-date: /home/em/ros_workspace_2025/nav_ws/install/px4_msgs/share/px4_msgs/local_setup.dsv\n'}
[9.772667] (px4_msgs) StdoutLine: {'line': b'-- Installing: /home/em/ros_workspace_2025/nav_ws/install/px4_msgs/share/px4_msgs/package.dsv\n'}
[9.773113] (px4_msgs) StdoutLine: {'line': b'-- Up-to-date: /home/em/ros_workspace_2025/nav_ws/install/px4_msgs/share/ament_index/resource_index/packages/px4_msgs\n'}
[9.773501] (px4_msgs) StdoutLine: {'line': b'-- Up-to-date: /home/em/ros_workspace_2025/nav_ws/install/px4_msgs/share/px4_msgs/cmake/export_px4_msgs__rosidl_generator_cExport.cmake\n'}
[9.773865] (px4_msgs) StdoutLine: {'line': b'-- Up-to-date: /home/em/ros_workspace_2025/nav_ws/install/px4_msgs/share/px4_msgs/cmake/export_px4_msgs__rosidl_generator_cExport-noconfig.cmake\n'}
[9.774290] (px4_msgs) StdoutLine: {'line': b'-- Up-to-date: /home/em/ros_workspace_2025/nav_ws/install/px4_msgs/share/px4_msgs/cmake/export_px4_msgs__rosidl_typesupport_fastrtps_cExport.cmake\n'}
[9.774373] (px4_msgs) StdoutLine: {'line': b'-- Up-to-date: /home/em/ros_workspace_2025/nav_ws/install/px4_msgs/share/px4_msgs/cmake/export_px4_msgs__rosidl_typesupport_fastrtps_cExport-noconfig.cmake\n'}
[9.774699] (px4_msgs) StdoutLine: {'line': b'-- Up-to-date: /home/em/ros_workspace_2025/nav_ws/install/px4_msgs/share/px4_msgs/cmake/export_px4_msgs__rosidl_generator_cppExport.cmake\n'}
[9.774970] (px4_msgs) StdoutLine: {'line': b'-- Up-to-date: /home/em/ros_workspace_2025/nav_ws/install/px4_msgs/share/px4_msgs/cmake/export_px4_msgs__rosidl_typesupport_fastrtps_cppExport.cmake\n'}
[9.775157] (px4_msgs) StdoutLine: {'line': b'-- Up-to-date: /home/em/ros_workspace_2025/nav_ws/install/px4_msgs/share/px4_msgs/cmake/export_px4_msgs__rosidl_typesupport_fastrtps_cppExport-noconfig.cmake\n'}
[9.775345] (px4_msgs) StdoutLine: {'line': b'-- Up-to-date: /home/em/ros_workspace_2025/nav_ws/install/px4_msgs/share/px4_msgs/cmake/px4_msgs__rosidl_typesupport_introspection_cExport.cmake\n'}
[9.775539] (px4_msgs) StdoutLine: {'line': b'-- Up-to-date: /home/em/ros_workspace_2025/nav_ws/install/px4_msgs/share/px4_msgs/cmake/px4_msgs__rosidl_typesupport_introspection_cExport-noconfig.cmake\n'}
[9.775945] (px4_msgs) StdoutLine: {'line': b'-- Up-to-date: /home/em/ros_workspace_2025/nav_ws/install/px4_msgs/share/px4_msgs/cmake/px4_msgs__rosidl_typesupport_cExport.cmake\n'}
[9.776146] (px4_msgs) StdoutLine: {'line': b'-- Up-to-date: /home/em/ros_workspace_2025/nav_ws/install/px4_msgs/share/px4_msgs/cmake/px4_msgs__rosidl_typesupport_cExport-noconfig.cmake\n'}
[9.776381] (px4_msgs) StdoutLine: {'line': b'-- Up-to-date: /home/em/ros_workspace_2025/nav_ws/install/px4_msgs/share/px4_msgs/cmake/px4_msgs__rosidl_typesupport_introspection_cppExport.cmake\n'}
[9.776651] (px4_msgs) StdoutLine: {'line': b'-- Up-to-date: /home/em/ros_workspace_2025/nav_ws/install/px4_msgs/share/px4_msgs/cmake/px4_msgs__rosidl_typesupport_introspection_cppExport-noconfig.cmake\n'}
[9.777088] (px4_msgs) StdoutLine: {'line': b'-- Up-to-date: /home/em/ros_workspace_2025/nav_ws/install/px4_msgs/share/px4_msgs/cmake/px4_msgs__rosidl_typesupport_cppExport.cmake\n'}
[9.777273] (px4_msgs) StdoutLine: {'line': b'-- Up-to-date: /home/em/ros_workspace_2025/nav_ws/install/px4_msgs/share/px4_msgs/cmake/px4_msgs__rosidl_typesupport_cppExport-noconfig.cmake\n'}
[9.777488] (px4_msgs) StdoutLine: {'line': b'-- Up-to-date: /home/em/ros_workspace_2025/nav_ws/install/px4_msgs/share/px4_msgs/cmake/export_px4_msgs__rosidl_generator_pyExport.cmake\n'}
[9.777722] (px4_msgs) StdoutLine: {'line': b'-- Up-to-date: /home/em/ros_workspace_2025/nav_ws/install/px4_msgs/share/px4_msgs/cmake/export_px4_msgs__rosidl_generator_pyExport-noconfig.cmake\n'}
[9.777988] (px4_msgs) StdoutLine: {'line': b'-- Up-to-date: /home/em/ros_workspace_2025/nav_ws/install/px4_msgs/share/px4_msgs/cmake/rosidl_cmake-extras.cmake\n'}
[9.778286] (px4_msgs) StdoutLine: {'line': b'-- Up-to-date: /home/em/ros_workspace_2025/nav_ws/install/px4_msgs/share/px4_msgs/cmake/ament_cmake_export_dependencies-extras.cmake\n'}
[9.778352] (px4_msgs) StdoutLine: {'line': b'-- Up-to-date: /home/em/ros_workspace_2025/nav_ws/install/px4_msgs/share/px4_msgs/cmake/ament_cmake_export_include_directories-extras.cmake\n'}
[9.778649] (px4_msgs) StdoutLine: {'line': b'-- Up-to-date: /home/em/ros_workspace_2025/nav_ws/install/px4_msgs/share/px4_msgs/cmake/ament_cmake_export_libraries-extras.cmake\n'}
[9.778909] (px4_msgs) StdoutLine: {'line': b'-- Up-to-date: /home/em/ros_workspace_2025/nav_ws/install/px4_msgs/share/px4_msgs/cmake/ament_cmake_export_targets-extras.cmake\n'}
[9.779096] (px4_msgs) StdoutLine: {'line': b'-- Up-to-date: /home/em/ros_workspace_2025/nav_ws/install/px4_msgs/share/px4_msgs/cmake/rosidl_cmake_export_typesupport_targets-extras.cmake\n'}
[9.779246] (px4_msgs) StdoutLine: {'line': b'-- Up-to-date: /home/em/ros_workspace_2025/nav_ws/install/px4_msgs/share/px4_msgs/cmake/rosidl_cmake_export_typesupport_libraries-extras.cmake\n'}
[9.779464] (px4_msgs) StdoutLine: {'line': b'-- Up-to-date: /home/em/ros_workspace_2025/nav_ws/install/px4_msgs/share/px4_msgs/cmake/px4_msgsConfig.cmake\n'}
[9.779572] (px4_msgs) StdoutLine: {'line': b'-- Up-to-date: /home/em/ros_workspace_2025/nav_ws/install/px4_msgs/share/px4_msgs/cmake/px4_msgsConfig-version.cmake\n'}
[9.779888] (px4_msgs) StdoutLine: {'line': b'-- Up-to-date: /home/em/ros_workspace_2025/nav_ws/install/px4_msgs/share/px4_msgs/package.xml\n'}
[9.782991] (px4_msgs) CommandEnded: {'returncode': 0}
[9.836164] (-) TimerEvent: {}
[9.936424] (-) TimerEvent: {}
[10.036690] (-) TimerEvent: {}
[10.136932] (-) TimerEvent: {}
[10.237169] (-) TimerEvent: {}
[10.337476] (-) TimerEvent: {}
[10.437926] (-) TimerEvent: {}
[10.538316] (-) TimerEvent: {}
[10.638799] (-) TimerEvent: {}
[10.739117] (-) TimerEvent: {}
[10.839420] (-) TimerEvent: {}
[10.939718] (-) TimerEvent: {}
[11.040119] (-) TimerEvent: {}
[11.141333] (-) TimerEvent: {}
[11.241671] (-) TimerEvent: {}
[11.341985] (-) TimerEvent: {}
[11.442307] (-) TimerEvent: {}
[11.542813] (-) TimerEvent: {}
[11.643153] (-) TimerEvent: {}
[11.743761] (-) TimerEvent: {}
[11.844178] (-) TimerEvent: {}
[11.944581] (-) TimerEvent: {}
[12.045018] (-) TimerEvent: {}
[12.145619] (-) TimerEvent: {}
[12.246094] (-) TimerEvent: {}
[12.346585] (-) TimerEvent: {}
[12.447042] (-) TimerEvent: {}
[12.547445] (-) TimerEvent: {}
[12.647930] (-) TimerEvent: {}
[12.748462] (-) TimerEvent: {}
[12.848936] (-) TimerEvent: {}
[12.949505] (-) TimerEvent: {}
[13.049966] (-) TimerEvent: {}
[13.150378] (-) TimerEvent: {}
[13.250574] (-) TimerEvent: {}
[13.350831] (-) TimerEvent: {}
[13.451277] (-) TimerEvent: {}
[13.551709] (-) TimerEvent: {}
[13.652091] (-) TimerEvent: {}
[13.752432] (-) TimerEvent: {}
[13.852832] (-) TimerEvent: {}
[13.953386] (-) TimerEvent: {}
[14.053922] (-) TimerEvent: {}
[14.154486] (-) TimerEvent: {}
[14.254801] (-) TimerEvent: {}
[14.355211] (-) TimerEvent: {}
[14.455598] (-) TimerEvent: {}
[14.555961] (-) TimerEvent: {}
[14.656257] (-) TimerEvent: {}
[14.756564] (-) TimerEvent: {}
[14.856957] (-) TimerEvent: {}
[14.957375] (-) TimerEvent: {}
[15.058126] (-) TimerEvent: {}
[15.158499] (-) TimerEvent: {}
[15.258791] (-) TimerEvent: {}
[15.359213] (-) TimerEvent: {}
[15.459606] (-) TimerEvent: {}
[15.559947] (-) TimerEvent: {}
[15.660367] (-) TimerEvent: {}
[15.760737] (-) TimerEvent: {}
[15.861130] (-) TimerEvent: {}
[15.961688] (-) TimerEvent: {}
[16.062092] (-) TimerEvent: {}
[16.162508] (-) TimerEvent: {}
[16.262917] (-) TimerEvent: {}
[16.363198] (-) TimerEvent: {}
[16.463659] (-) TimerEvent: {}
[16.564047] (-) TimerEvent: {}
[16.664643] (-) TimerEvent: {}
[16.765118] (-) TimerEvent: {}
[16.865672] (-) TimerEvent: {}
[16.966186] (-) TimerEvent: {}
[17.066844] (-) TimerEvent: {}
[17.167335] (-) TimerEvent: {}
[17.267713] (-) TimerEvent: {}
[17.368013] (-) TimerEvent: {}
[17.468448] (-) TimerEvent: {}
[17.568773] (-) TimerEvent: {}
[17.669168] (-) TimerEvent: {}
[17.769604] (-) TimerEvent: {}
[17.875156] (-) TimerEvent: {}
[17.890982] (px4_msgs) JobEnded: {'identifier': 'px4_msgs', 'rc': 0}
[17.892651] (-) EventReactorShutdown: {}
